// Generated by firmware/tools/fontconvert.py - do not edit.
#pragma once
#include "epd_driver.h"

const uint8_t FontLargeBitmaps[48309] = {
    0x32, 0x33, 0x01, 0xFD, 0xFF, 0x09, 0xFC, 0xFF, 0x08, 0xFC, 0xFF, 0x07, 0xFB, 0xFF, 0x07, 0xFB,
    0xFF, 0x06, 0xFA, 0xFF, 0x05, 0xF9, 0xFF, 0x05, 0xF9, 0xFF, 0x04, 0xF8, 0xFF, 0x04, 0xF7, 0xFF,
    0x03, 0xF7, 0xFF, 0x02, 0xF6, 0xFF, 0x02, 0xF5, 0xFF, 0x01, 0xF5, 0xFF, 0x00, 0xF4, 0xFF, 0x00,
    0xF4, 0xFF, 0x00, 0xF3, 0xEF, 0x00, 0xF2, 0xEF, 0x00, 0xD2, 0xBD, 0x00, 0x00, 0x00, 0x00, 0x00,
    0x00, 0x00, 0xD7, 0xDD, 0x03, 0xF9, 0xFF, 0x04, 0xF9, 0xFF, 0x04, 0xF9, 0xFF, 0x04, 0x32, 0x23,
    0x00, 0x33, 0x03, 0xFA, 0xDF, 0x30, 0xFF, 0x3F, 0xF8, 0xBF, 0x20, 0xFF, 0x2F, 0xF7, 0xAF, 0x10,
    0xFF, 0x1F, 0xF6, 0x9F, 0x00, 0xFF, 0x0F, 0xF4, 0x7F, 0x00, 0xFE, 0x0E, 0xF3, 0x6F, 0x00, 0xFD,
    0x0D, 0xF2, 0x5F, 0x00, 0xFB, 0x0B, 0x50, 0x15, 0x00, 0x53, 0x03, 0x00, 0x00, 0x00, 0x00, 0x00,
    0x20, 0x33, 0x00, 0x00, 0x30, 0x23, 0x00, 0x00, 0x00, 0x00, 0x00, 0x00, 0xF1, 0xDF, 0x00, 0x00,
    0xF5, 0x8F, 0x00, 0x00, 0x00, 0x00, 0x00, 0x00, 0xF7, 0x7F, 0x00, 0x00, 0xFC, 0x2F, 0x00, 0x00,
    0x00, 0x00, 0x00, 0x00, 0xFD, 0x1F, 0x00, 0x20, 0xFF, 0x0C, 0x00, 0x00, 0x00, 0x00, 0x00, 0x30,
    0xFF, 0x0B, 0x00, 0x80, 0xFF, 0x05, 0x00, 0x00, 0x00, 0x00, 0x00, 0x90, 0xFF, 0x04, 0x00, 0xE0,
    0xFF, 0x00, 0x00, 0x00, 0x00, 0x00, 0x00, 0xF0, 0xEF, 0x00, 0x00, 0xF5, 0x9F, 0x00, 0x00, 0x00,
    0x00, 0x44, 0x44, 0xF7, 0xAF, 0x44, 0x44, 0xFB, 0x7F, 0x44, 0x04, 0x00, 0x50, 0xFF, 0xFF, 0xFF,
    0xFF, 0xFF, 0xFF, 0xFF, 0xFF, 0xFF, 0x0E, 0x00, 0xB0, 0xFF, 0xFF, 0xFF, 0xFF, 0xFF, 0xFF, 0xFF,
    0xFF, 0xFF, 0x09, 0x00, 0xC0, 0xDD, 0xED, 0xFF, 0xDD, 0xDD, 0xFD, 0xFF, 0xDD, 0xDD, 0x03, 0x00,
    0x00, 0x00, 0xD0, 0xFF, 0x01, 0x00, 0xF3, 0xBF, 0x00, 0x00, 0x00, 0x00, 0x00, 0x00, 0xF4, 0xAF,
    0x00, 0x00, 0xF9, 0x5F, 0x00, 0x00, 0x00, 0x00, 0x00, 0x00, 0xFA, 0x4F, 0x00, 0x00, 0xFF, 0x0E,
    0x00, 0x00, 0x00, 0x00, 0x00, 0x10, 0xFF, 0x0D, 0x00, 0x60, 0xFF, 0x09, 0x00, 0x00, 0x00, 0x90,
    0xFF, 0xFF, 0xFF, 0xFF, 0xFF, 0xFF, 0xFF, 0xFF, 0xFF, 0x0B, 0x00, 0xF1, 0xFF, 0xFF, 0xFF, 0xFF,
    0xFF, 0xFF, 0xFF, 0xFF, 0xFF, 0x04, 0x00, 0xF7, 0xFF, 0xFF, 0xFF, 0xFF, 0xFF, 0xFF, 0xFF, 0xFF,
    0xCF, 0x00, 0x00, 0x32, 0x33, 0xFB, 0x6F, 0x33, 0x33, 0xFF, 0x3F, 0x33, 0x13, 0x00, 0x00, 0x00,
    0x00, 0xFF, 0x0E, 0x00, 0x40, 0xFF, 0x09, 0x00, 0x00, 0x00, 0x00, 0x00, 0x50, 0xFF, 0x08, 0x00,
    0xA0, 0xFF, 0x03, 0x00, 0x00, 0x00, 0x00, 0x00, 0xB0, 0xFF, 0x02, 0x00, 0xF1, 0xDF, 0x00, 0x00,
    0x00, 0x00, 0x00, 0x00, 0xF1, 0xCF, 0x00, 0x00, 0xF6, 0x7F, 0x00, 0x00, 0x00, 0x00, 0x00, 0x00,
    0xF8, 0x6F, 0x00, 0x00, 0xFD, 0x1F, 0x00, 0x00, 0x00, 0x00, 0x00, 0x00, 0xFD, 0x0F, 0x00, 0x30,
    0xFF, 0x0B, 0x00, 0x00, 0x00, 0x00, 0x00, 0x40, 0xFF, 0x0A, 0x00, 0x90, 0xFF, 0x05, 0x00, 0x00,
    0x00, 0x00, 0x00, 0x30, 0x66, 0x02, 0x00, 0x50, 0x66, 0x00, 0x00, 0x00, 0x00, 0x00, 0x00, 0x00,
    0x00, 0x00, 0x00, 0x61, 0x36, 0x00, 0x00, 0x00, 0x00, 0x00, 0x00, 0x00, 0x00, 0xF3, 0x8F, 0x00,
    0x00, 0x00, 0x00, 0x00, 0x00, 0x00, 0x00, 0xF2, 0x7F, 0x00, 0x00, 0x00, 0x00, 0x00, 0x00, 0x00,
    0x00, 0xF1, 0x6F, 0x00, 0x00, 0x00, 0x00, 0x00, 0x00, 0x00, 0x00, 0xF0, 0x5F, 0x00, 0x00, 0x00,
    0x00, 0x00, 0x00, 0x00, 0x84, 0xFA, 0xBF, 0x68, 0x02, 0x00, 0x00, 0x00, 0x00, 0xF8, 0xFF, 0xFF,
    0xFF, 0xFF, 0xEF, 0x29, 0x00, 0x00, 0xD2, 0xFF, 0xFF, 0xFF, 0xFF, 0xFF, 0xFF, 0xEF, 0x00, 0x00,
    0xFD, 0xFF, 0xBF, 0x67, 0x76, 0xDA, 0xFF, 0xDF, 0x00, 0x70, 0xFF, 0xBF, 0x01, 0x00, 0x00, 0x00,
    0x92, 0xBF, 0x00, 0xD0, 0xFF, 0x1F, 0x00, 0x00, 0x00, 0x00, 0x00, 0x51, 0x00, 0xF0, 0xFF, 0x0C,
    0x00, 0x00, 0x00, 0x00, 0x00, 0x00, 0x00, 0xF0, 0xFF, 0x0C, 0x00, 0x00, 0x00, 0x00, 0x00, 0x00,
    0x00, 0xE0, 0xFF, 0x1F, 0x00, 0x00, 0x00, 0x00, 0x00, 0x00, 0x00, 0xA0, 0xFF, 0xCF, 0x01, 0x00,
    0x00, 0x00, 0x00, 0x00, 0x00, 0x30, 0xFF, 0xFF, 0x9F, 0x02, 0x00, 0x00, 0x00, 0x00, 0x00, 0x00,
    0xF6, 0xFF, 0xFF, 0xDF, 0x28, 0x00, 0x00, 0x00, 0x00, 0x00, 0x40, 0xFE, 0xFF, 0xFF, 0xFF, 0x6D,
    0x00, 0x00, 0x00, 0x00, 0x00, 0x60, 0xFD, 0xFF, 0xFF, 0xFF, 0x6E, 0x00, 0x00, 0x00, 0x00, 0x00,
    0x20, 0xD8, 0xFF, 0xFF, 0xFF, 0x0B, 0x00, 0x00, 0x00, 0x00, 0x00, 0x00, 0x82, 0xFE, 0xFF, 0xAF,
    0x00, 0x00, 0x00, 0x00, 0x00, 0x00, 0x00, 0x90, 0xFF, 0xFF, 0x04, 0x00, 0x00, 0x00, 0x00, 0x00,
    0x00, 0x00, 0xF8, 0xFF, 0x0A, 0x00, 0x00, 0x00, 0x00, 0x00, 0x00, 0x00, 0xF0, 0xFF, 0x0D, 0x00,
    0x00, 0x00, 0x00, 0x00, 0x00, 0x00, 0xD0, 0xFF, 0x0E, 0x00, 0x00, 0x00, 0x00, 0x00, 0x00, 0x00,
    0xE0, 0xFF, 0x0D, 0x70, 0x03, 0x00, 0x00, 0x00, 0x00, 0x00, 0xF4, 0xFF, 0x09, 0xD0, 0xDF, 0x38,
    0x00, 0x00, 0x00, 0x60, 0xFF, 0xFF, 0x03, 0xF0, 0xFF, 0xFF, 0xCF, 0x9A, 0xBA, 0xFF, 0xFF, 0x9F,
    0x00, 0xF1, 0xFF, 0xFF, 0xFF, 0xFF, 0xFF, 0xFF, 0xFF, 0x09, 0x00, 0x20, 0xC8, 0xFF, 0xFF, 0xFF,
    0xFF, 0xFF, 0x3A, 0x00, 0x00, 0x00, 0x00, 0x30, 0x65, 0xF7, 0x8F, 0x03, 0x00, 0x00, 0x00, 0x00,
    0x00, 0x00, 0x00, 0xF0, 0x5F, 0x00, 0x00, 0x00, 0x00, 0x00, 0x00, 0x00, 0x00, 0xF1, 0x6F, 0x00,
    0x00, 0x00, 0x00, 0x00, 0x00, 0x00, 0x00, 0xF2, 0x7F, 0x00, 0x00, 0x00, 0x00, 0x00, 0x00, 0x00,
    0x00, 0xF3, 0x8F, 0x00, 0x00, 0x00, 0x00, 0x00, 0x00, 0x00, 0x00, 0x30, 0x13, 0x00, 0x00, 0x00,
    0x00, 0x00, 0x20, 0xD9, 0xCE, 0x18, 0x00, 0x00, 0x00, 0x00, 0x00, 0x30, 0x33, 0x00, 0x00, 0x00,
    0x00, 0xF5, 0xFF, 0xFF, 0xEF, 0x04, 0x00, 0x00, 0x00, 0x00, 0xF7, 0x9F, 0x00, 0x00, 0x00, 0x40,
    0xFF, 0xEF, 0xEB, 0xFF, 0x2F, 0x00, 0x00, 0x00, 0x10, 0xFF, 0x1E, 0x00, 0x00, 0x00, 0xD0, 0xFF,
    0x09, 0x00, 0xFA, 0xAF, 0x00, 0x00, 0x00, 0x90, 0xFF, 0x06, 0x00, 0x00, 0x00, 0xF3, 0xDF, 0x00,
    0x00, 0xF1, 0xFF, 0x00, 0x00, 0x00, 0xF3, 0xDF, 0x00, 0x00, 0x00, 0x00, 0xF6, 0x8F, 0x00, 0x00,
    0xB0, 0xFF, 0x04, 0x00, 0x00, 0xFC, 0x4F, 0x00, 0x00, 0x00, 0x00, 0xF8, 0x6F, 0x00, 0x00, 0x90,
    0xFF, 0x05, 0x00, 0x50, 0xFF, 0x0B, 0x00, 0x00, 0x00, 0x00, 0xF8, 0x6F, 0x00, 0x00, 0x90, 0xFF,
    0x06, 0x00, 0xD0, 0xFF, 0x02, 0x00, 0x00, 0x00, 0x00, 0xF7, 0x7F, 0x00, 0x00, 0xA0, 0xFF, 0x04,
    0x00, 0xF7, 0x8F, 0x00, 0x00, 0x00, 0x00, 0x00, 0xF4, 0xAF, 0x00, 0x00, 0xD0, 0xFF, 0x02, 0x10,
    0xFF, 0x1E, 0x00, 0x00, 0x00, 0x00, 0x00, 0xF0, 0xFF, 0x01, 0x00, 0xF4, 0xDF, 0x00, 0xA0, 0xFF,
    0x06, 0x00, 0x00, 0x00, 0x00, 0x00, 0x90, 0xFF, 0x4D, 0x51, 0xFE, 0x6F, 0x00, 0xF3, 0xDF, 0x00,
    0x00, 0x00, 0x00, 0x00, 0x00, 0x00, 0xFD, 0xFF, 0xFF, 0xFF, 0x0B, 0x00, 0xFC, 0x4F, 0x00, 0x50,
    0xDB, 0xBD, 0x05, 0x00, 0x00, 0xB1, 0xFF, 0xFF, 0xAF, 0x00, 0x50, 0xFF, 0x0A, 0x00, 0xFC, 0xFF,
    0xFF, 0xBF, 0x00, 0x00, 0x00, 0x62, 0x67, 0x02, 0x00, 0xE0, 0xFF, 0x02, 0xB0, 0xFF, 0xCF, 0xFC,
    0xFF, 0x09, 0x00, 0x00, 0x00, 0x00, 0x00, 0x00, 0xF8, 0x8F, 0x00, 0xF4, 0xEF, 0x03, 0x30, 0xFF,
    0x3F, 0x00, 0x00, 0x00, 0x00, 0x00, 0x10, 0xFF, 0x0E, 0x00, 0xFA, 0x6F, 0x00, 0x00, 0xF7, 0x9F,
    0x00, 0x00, 0x00, 0x00, 0x00, 0xA0, 0xFF, 0x06, 0x00, 0xFE, 0x1F, 0x00, 0x00, 0xF3, 0xCF, 0x00,
    0x00, 0x00, 0x00, 0x00, 0xF3, 0xCF, 0x00, 0x00, 0xFF, 0x0F, 0x00, 0x00, 0xF1, 0xEF, 0x00, 0x00,
    0x00, 0x00, 0x00, 0xFC, 0x3F, 0x00, 0x00, 0xFF, 0x0E, 0x00, 0x00, 0xF0, 0xEF, 0x00, 0x00, 0x00,
    0x00, 0x60, 0xFF, 0x0A, 0x00, 0x00, 0xFF, 0x0F, 0x00, 0x00, 0xF1, 0xDF, 0x00, 0x00, 0x00, 0x00,
    0xE0, 0xFF, 0x01, 0x00, 0x00, 0xFC, 0x3F, 0x00, 0x00, 0xF5, 0xAF, 0x00, 0x00, 0x00, 0x00, 0xF8,
    0x8F, 0x00, 0x00, 0x00, 0xF7, 0x9F, 0x00, 0x00, 0xFB, 0x6F, 0x00, 0x00, 0x00, 0x20, 0xFF, 0x0E,
    0x00, 0x00, 0x00, 0xF1, 0xFF, 0x28, 0x92, 0xFF, 0x0E, 0x00, 0x00, 0x00, 0xA0, 0xFF, 0x05, 0x00,
    0x00, 0x00, 0x50, 0xFF, 0xFF, 0xFF, 0xFF, 0x04, 0x00, 0x00, 0x00, 0xF4, 0xCF, 0x00, 0x00, 0x00,
    0x00, 0x00, 0xE5, 0xFF, 0xFF, 0x4E, 0x00, 0x00, 0x00, 0x00, 0x00, 0x00, 0x00, 0x00, 0x00, 0x00,
    0x00, 0x00, 0x75, 0x47, 0x00, 0x00, 0x00, 0x00, 0x00, 0x30, 0x44, 0x02, 0x00, 0x00, 0x00, 0x00,
    0x00, 0x00, 0x00, 0xA2, 0xFF, 0xFF, 0xDF, 0x05, 0x00, 0x00, 0x00, 0x00, 0x00, 0x30, 0xFF, 0xFF,
    0xFF, 0xFF, 0x6F, 0x00, 0x00, 0x00, 0x00, 0x00, 0xE1, 0xFF, 0x5C, 0x43, 0xFB, 0xFF, 0x01, 0x00,
    0x00, 0x00, 0x00, 0xF7, 0xBF, 0x00, 0x00, 0xC0, 0xFF, 0x05, 0x00, 0x00, 0x00, 0x00, 0xFC, 0x3F,
    0x00, 0x00, 0x70, 0xFF, 0x07, 0x00, 0x00, 0x00, 0x00, 0xFD, 0x1F, 0x00, 0x00, 0x80, 0xFF, 0x06,
    0x00, 0x00, 0x00, 0x00, 0xFC, 0x1F, 0x00, 0x00, 0xC0, 0xFF, 0x02, 0x00, 0x00, 0x00, 0x00, 0xF9,
    0x6F, 0x00, 0x00, 0xF7, 0x9F, 0x00, 0x00, 0x00, 0x00, 0x00, 0xF4, 0xCF, 0x00, 0x70, 0xFF, 0x0C,
    0x00, 0x00, 0x00, 0x00, 0x00, 0xC0, 0xFF, 0x16, 0xFA, 0xCF, 0x01, 0x00, 0x00, 0x00, 0x00, 0x00,
    0x20, 0xFF, 0xEF, 0xFF, 0x0A, 0x00, 0x00, 0x00, 0x00, 0x00, 0x00, 0x00, 0xF7, 0xFF, 0x6F, 0x00,
    0x00, 0x00, 0x00, 0x00, 0x00, 0x00, 0x20, 0xFD, 0xFF, 0x0B, 0x00, 0x00, 0x00, 0xA3, 0x5A, 0x00,
    0x00, 0xF3, 0xFF, 0xFE, 0xAF, 0x00, 0x00, 0x00, 0xF6, 0x7F, 0x00, 0x20, 0xFE, 0x7F, 0xD1, 0xFF,
    0x0A, 0x00, 0x00, 0xF8, 0x6F, 0x00, 0xB0, 0xFF, 0x09, 0x10, 0xFD, 0x9F, 0x00, 0x00, 0xFA, 0x4F,
    0x00, 0xF3, 0xEF, 0x00, 0x00, 0xD1, 0xFF, 0x09, 0x00, 0xFC, 0x1F, 0x00, 0xF8, 0x9F, 0x00, 0x00,
    0x10, 0xFD, 0x9F, 0x00, 0xFF, 0x0D, 0x00, 0xFA, 0x7F, 0x00, 0x00, 0x00, 0xD1, 0xFF, 0x58, 0xFF,
    0x09, 0x00, 0xFA, 0x7F, 0x00, 0x00, 0x00, 0x10, 0xFD, 0xFF, 0xFF, 0x03, 0x00, 0xF8, 0xBF, 0x00,
    0x00, 0x00, 0x00, 0xD1, 0xFF, 0xBF, 0x00, 0x00, 0xF3, 0xFF, 0x03, 0x00, 0x00, 0x00, 0x80, 0xFF,
    0x6F, 0x00, 0x00, 0xB0, 0xFF, 0x4E, 0x00, 0x00, 0x20, 0xFB, 0xFF, 0xFF, 0x03, 0x00, 0x10, 0xFD,
    0xFF, 0xAD, 0xBA, 0xFD, 0xFF, 0x9F, 0xFF, 0x2E, 0x00, 0x00, 0xA1, 0xFF, 0xFF, 0xFF, 0xFF, 0xAF,
    0x01, 0xF7, 0xDF, 0x01, 0x00, 0x00, 0x72, 0xCA, 0xCD, 0x7A, 0x02, 0x00, 0x00, 0x00, 0x00, 0x32,
    0x23, 0xFA, 0xDF, 0xF8, 0xBF, 0xF7, 0xAF, 0xF6, 0x9F, 0xF4, 0x7F, 0xF3, 0x6F, 0xF2, 0x5F, 0x50,
    0x15, 0x00, 0x00, 0xE1, 0xEF, 0x00, 0x00, 0x00, 0xF9, 0x5F, 0x00, 0x00, 0x30, 0xFF, 0x0D, 0x00,
    0x00, 0xB0, 0xFF, 0x06, 0x00, 0x00, 0xF3, 0xFF, 0x00, 0x00, 0x00, 0xF9, 0x9F, 0x00, 0x00, 0x00,
    0xFF, 0x3F, 0x00, 0x00, 0x50, 0xFF, 0x0E, 0x00, 0x00, 0x90, 0xFF, 0x09, 0x00, 0x00, 0xD0, 0xFF,
    0x06, 0x00, 0x00, 0xF0, 0xFF, 0x03, 0x00, 0x00, 0xF3, 0xFF, 0x00, 0x00, 0x00, 0xF4, 0xEF, 0x00,
    0x00, 0x00, 0xF6, 0xDF, 0x00, 0x00, 0x00, 0xF7, 0xCF, 0x00, 0x00, 0x00, 0xF7, 0xCF, 0x00, 0x00,
    0x00, 0xF7, 0xCF, 0x00, 0x00, 0x00, 0xF7, 0xCF, 0x00, 0x00, 0x00, 0xF6, 0xDF, 0x00, 0x00, 0x00,
    0xF4, 0xFF, 0x00, 0x00, 0x00, 0xF2, 0xFF, 0x01, 0x00, 0x00, 0xF0, 0xFF, 0x03, 0x00, 0x00, 0xC0,
    0xFF, 0x06, 0x00, 0x00, 0x90, 0xFF, 0x0A, 0x00, 0x00, 0x40, 0xFF, 0x0E, 0x00, 0x00, 0x00, 0xFE,
    0x4F, 0x00, 0x00, 0x00, 0xF9, 0xAF, 0x00, 0x00, 0x00, 0xF2, 0xFF, 0x01, 0x00, 0x00, 0xA0, 0xFF,
    0x07, 0x00, 0x00, 0x20, 0xFF, 0x0E, 0x00, 0x00, 0x00, 0xF8, 0x6F, 0x00, 0x00, 0x00, 0xC0, 0xCE,
    0x00, 0xFA, 0x4F, 0x00, 0x00, 0xF1, 0xDF, 0x00, 0x00, 0x90, 0xFF, 0x07, 0x00, 0x20, 0xFF, 0x0E,
    0x00, 0x00, 0xFB, 0x7F, 0x00, 0x00, 0xF5, 0xDF, 0x00, 0x00, 0xE0, 0xFF, 0x04, 0x00, 0x90, 0xFF,
    0x09, 0x00, 0x50, 0xFF, 0x0D, 0x00, 0x10, 0xFF, 0x1F, 0x00, 0x00, 0xFE, 0x4F, 0x00, 0x00, 0xFC,
    0x7F, 0x00, 0x00, 0xFA, 0x9F, 0x00, 0x00, 0xF9, 0xAF, 0x00, 0x00, 0xF8, 0xBF, 0x00, 0x00, 0xF7,
    0xBF, 0x00, 0x00, 0xF7, 0xBF, 0x00, 0x00, 0xF8, 0xBF, 0x00, 0x00, 0xF9, 0xAF, 0x00, 0x00, 0xFA,
    0x9F, 0x00, 0x00, 0xFC, 0x7F, 0x00, 0x00, 0xFE, 0x4F, 0x00, 0x20, 0xFF, 0x1F, 0x00, 0x50, 0xFF,
    0x0D, 0x00, 0xA0, 0xFF, 0x08, 0x00, 0xF0, 0xFF, 0x03, 0x00, 0xF5, 0xDF, 0x00, 0x00, 0xFC, 0x6F,
    0x00, 0x20, 0xFF, 0x0E, 0x00, 0xA0, 0xFF, 0x06, 0x00, 0xF2, 0xCF, 0x00, 0x00, 0xE9, 0x3E, 0x00,
    0x00, 0x00, 0x00, 0x40, 0xAF, 0x00, 0x00, 0x00, 0x00, 0x00, 0x40, 0xAF, 0x00, 0x00, 0x00, 0x80,
    0x00, 0x30, 0x9F, 0x00, 0x40, 0x04, 0xF8, 0x3D, 0x30, 0x9F, 0x00, 0xF9, 0x0D, 0xB2, 0xFF, 0x28,
    0x8F, 0xE4, 0xEF, 0x05, 0x00, 0xD4, 0xDF, 0xEF, 0xFF, 0x08, 0x00, 0x00, 0x00, 0xF7, 0xFF, 0x2B,
    0x00, 0x00, 0x00, 0x20, 0xFB, 0xFF, 0x5E, 0x00, 0x00, 0x00, 0xF8, 0xBF, 0xCF, 0xFF, 0x2B, 0x00,
    0xE4, 0xEF, 0x24, 0x8F, 0xB1, 0xFF, 0x08, 0xF6, 0x1A, 0x30, 0x9F, 0x00, 0xF6, 0x0C, 0x40, 0x00,
    0x30, 0x9F, 0x00, 0x20, 0x02, 0x00, 0x00, 0x40, 0xAF, 0x00, 0x00, 0x00, 0x00, 0x00, 0x30, 0x8C,
    0x00, 0x00, 0x00, 0x00, 0x00, 0x20, 0x44, 0x01, 0x00, 0x00, 0x00, 0x00, 0x70, 0xFF, 0x06, 0x00,
    0x00, 0x00, 0x00, 0x70, 0xFF, 0x06, 0x00, 0x00, 0x00, 0x00, 0x70, 0xFF, 0x06, 0x00, 0x00, 0x00,
    0x00, 0x70, 0xFF, 0x06, 0x00, 0x00, 0x72, 0x77, 0xB7, 0xFF, 0x7B, 0x77, 0x17, 0xF5, 0xFF, 0xFF,
    0xFF, 0xFF, 0xFF, 0x4F, 0xF5, 0xFF, 0xFF, 0xFF, 0xFF, 0xFF, 0x4F, 0x41, 0x44, 0x94, 0xFF, 0x48,
    0x44, 0x14, 0x00, 0x00, 0x70, 0xFF, 0x06, 0x00, 0x00, 0x00, 0x00, 0x70, 0xFF, 0x06, 0x00, 0x00,
    0x00, 0x00, 0x70, 0xFF, 0x06, 0x00, 0x00, 0x00, 0x00, 0x70, 0xFF, 0x06, 0x00, 0x00, 0x00, 0x00,
    0x00, 0x00, 0x00, 0x00, 0x00, 0xDB, 0xCD, 0xFE, 0xFF, 0xFE, 0xFF, 0xFE, 0xFF, 0xD0, 0x9F, 0xF2,
    0x2F, 0xF7, 0x0B, 0xDB, 0x04, 0xCB, 0xCC, 0xCC, 0xCC, 0xCC, 0x2C, 0xFF, 0xFF, 0xFF, 0xFF, 0xFF,
    0x3F, 0xFF, 0xFF, 0xFF, 0xFF, 0xFF, 0x3F, 0x55, 0x55, 0x55, 0x55, 0x55, 0x15, 0xD2, 0xDD, 0x08,
    0xF3, 0xFF, 0x0B, 0xF3, 0xFF, 0x0B, 0xF3, 0xFF, 0x0B, 0x00, 0x00, 0x00, 0x00, 0x00, 0x32, 0x23,
    0x00, 0x00, 0x00, 0x00, 0x00, 0xFE, 0x7F, 0x00, 0x00, 0x00, 0x00, 0x40, 0xFF, 0x2F, 0x00, 0x00,
    0x00, 0x00, 0xA0, 0xFF, 0x0C, 0x00, 0x00, 0x00, 0x00, 0xF0, 0xFF, 0x07, 0x00, 0x00, 0x00, 0x00,
    0xF5, 0xFF, 0x01, 0x00, 0x00, 0x00, 0x00, 0xFA, 0xCF, 0x00, 0x00, 0x00, 0x00, 0x00, 0xFF, 0x6F,
    0x00, 0x00, 0x00, 0x00, 0x50, 0xFF, 0x1F, 0x00, 0x00, 0x00, 0x00, 0xB0, 0xFF, 0x0B, 0x00, 0x00,
    0x00, 0x00, 0xF0, 0xFF, 0x06, 0x00, 0x00, 0x00, 0x00, 0xF5, 0xFF, 0x01, 0x00, 0x00, 0x00, 0x00,
    0xFB, 0xBF, 0x00, 0x00, 0x00, 0x00, 0x10, 0xFF, 0x5F, 0x00, 0x00, 0x00, 0x00, 0x60, 0xFF, 0x0F,
    0x00, 0x00, 0x00, 0x00, 0xB0, 0xFF, 0x0B, 0x00, 0x00, 0x00, 0x00, 0xF1, 0xFF, 0x05, 0x00, 0x00,
    0x00, 0x00, 0xF6, 0xFF, 0x00, 0x00, 0x00, 0x00, 0x00, 0xFC, 0xAF, 0x00, 0x00, 0x00, 0x00, 0x10,
    0xFF, 0x5F, 0x00, 0x00, 0x00, 0x00, 0x70, 0xFF, 0x0F, 0x00, 0x00, 0x00, 0x00, 0xC0, 0xFF, 0x0A,
    0x00, 0x00, 0x00, 0x00, 0xF2, 0xFF, 0x04, 0x00, 0x00, 0x00, 0x00, 0xF7, 0xEF, 0x00, 0x00, 0x00,
    0x00, 0x00, 0xFC, 0x9F, 0x00, 0x00, 0x00, 0x00, 0x20, 0xFF, 0x4F, 0x00, 0x00, 0x00, 0x00, 0x70,
    0xFF, 0x0E, 0x00, 0x00, 0x00, 0x00, 0xD0, 0xFF, 0x09, 0x00, 0x00, 0x00, 0x00, 0xF2, 0xFF, 0x04,
    0x00, 0x00, 0x00, 0x00, 0x10, 0x11, 0x00, 0x00, 0x00, 0x00, 0x00, 0x00, 0x00, 0x00, 0x00, 0x84,
    0xBA, 0x8A, 0x04, 0x00, 0x00, 0x00, 0x00, 0x00, 0x00, 0x00, 0xE6, 0xFF, 0xFF, 0xFF, 0xEF, 0x07,
    0x00, 0x00, 0x00, 0x00, 0x00, 0xB0, 0xFF, 0xFF, 0xFF, 0xFF, 0xFF, 0xDF, 0x01, 0x00, 0x00, 0x00,
    0x00, 0xFC, 0xFF, 0xBF, 0x67, 0xA7, 0xFF, 0xFF, 0x1E, 0x00, 0x00, 0x00, 0x90, 0xFF, 0xDF, 0x03,
    0x00, 0x00, 0xA1, 0xFF, 0xCF, 0x00, 0x00, 0x00, 0xF3, 0xFF, 0x0C, 0x00, 0x00, 0x00, 0x00, 0xFA,
    0xFF, 0x06, 0x00, 0x00, 0xFC, 0xFF, 0x02, 0x00, 0x00, 0x00, 0x00, 0xE0, 0xFF, 0x0E, 0x00, 0x20,
    0xFF, 0x9F, 0x00, 0x00, 0x00, 0x00, 0x00, 0x60, 0xFF, 0x4F, 0x00, 0x70, 0xFF, 0x3F, 0x00, 0x00,
    0x00, 0x00, 0x00, 0x10, 0xFF, 0x9F, 0x00, 0xB0, 0xFF, 0x0E, 0x00, 0x00, 0x00, 0x00, 0x00, 0x00,
    0xFC, 0xDF, 0x00, 0xE0, 0xFF, 0x0C, 0x00, 0x00, 0x00, 0x00, 0x00, 0x00, 0xFA, 0xFF, 0x00, 0xF0,
    0xFF, 0x0A, 0x00, 0x00, 0x00, 0x00, 0x00, 0x00, 0xF8, 0xFF, 0x01, 0xF0, 0xFF, 0x09, 0x00, 0x00,
    0x00, 0x00, 0x00, 0x00, 0xF7, 0xFF, 0x02, 0xF0, 0xFF, 0x09, 0x00, 0x00, 0x00, 0x00, 0x00, 0x00,
    0xF7, 0xFF, 0x02, 0xF0, 0xFF, 0x09, 0x00, 0x00, 0x00, 0x00, 0x00, 0x00, 0xF8, 0xFF, 0x02, 0xF0,
    0xFF, 0x0B, 0x00, 0x00, 0x00, 0x00, 0x00, 0x00, 0xF9, 0xFF, 0x01, 0xC0, 0xFF, 0x0D, 0x00, 0x00,
    0x00, 0x00, 0x00, 0x00, 0xFB, 0xEF, 0x00, 0x90, 0xFF, 0x0F, 0x00, 0x00, 0x00, 0x00, 0x00, 0x00,
    0xFE, 0xBF, 0x00, 0x50, 0xFF, 0x5F, 0x00, 0x00, 0x00, 0x00, 0x00, 0x30, 0xFF, 0x7F, 0x00, 0x00,
    0xFF, 0xBF, 0x00, 0x00, 0x00, 0x00, 0x00, 0x90, 0xFF, 0x2F, 0x00, 0x00, 0xF9, 0xFF, 0x03, 0x00,
    0x00, 0x00, 0x00, 0xF2, 0xFF, 0x0B, 0x00, 0x00, 0xF1, 0xFF, 0x1E, 0x00, 0x00, 0x00, 0x10, 0xFD,
    0xFF, 0x03, 0x00, 0x00, 0x60, 0xFF, 0xEF, 0x05, 0x00, 0x00, 0xD4, 0xFF, 0x9F, 0x00, 0x00, 0x00,
    0x00, 0xF9, 0xFF, 0xEF, 0x9A, 0xDA, 0xFF, 0xFF, 0x0B, 0x00, 0x00, 0x00, 0x00, 0x80, 0xFF, 0xFF,
    0xFF, 0xFF, 0xFF, 0x9F, 0x00, 0x00, 0x00, 0x00, 0x00, 0x00, 0xB3, 0xFF, 0xFF, 0xFF, 0xCF, 0x04,
    0x00, 0x00, 0x00, 0x00, 0x00, 0x00, 0x00, 0x41, 0x77, 0x57, 0x01, 0x00, 0x00, 0x00, 0x00, 0x00,
    0x00, 0x10, 0x23, 0x00, 0x00, 0xE1, 0xDF, 0x00, 0x20, 0xFD, 0xDF, 0x00, 0xF6, 0xFF, 0xDF, 0xC5,
    0xFF, 0xFF, 0xDF, 0xFA, 0xFF, 0xFF, 0xDF, 0xF7, 0x8F, 0xF7, 0xDF, 0xA4, 0x02, 0xF7, 0xDF, 0x00,
    0x00, 0xF7, 0xDF, 0x00, 0x00, 0xF7, 0xDF, 0x00, 0x00, 0xF7, 0xDF, 0x00, 0x00, 0xF7, 0xDF, 0x00,
    0x00, 0xF7, 0xDF, 0x00, 0x00, 0xF7, 0xDF, 0x00, 0x00, 0xF7, 0xDF, 0x00, 0x00, 0xF7, 0xDF, 0x00,
    0x00, 0xF7, 0xDF, 0x00, 0x00, 0xF7, 0xDF, 0x00, 0x00, 0xF7, 0xDF, 0x00, 0x00, 0xF7, 0xDF, 0x00,
    0x00, 0xF7, 0xDF, 0x00, 0x00, 0xF7, 0xDF, 0x00, 0x00, 0xF7, 0xDF, 0x00, 0x00, 0xF7, 0xDF, 0x00,
    0x00, 0xF7, 0xDF, 0x00, 0x00, 0xF7, 0xDF, 0x00, 0x20, 0xA7, 0xBB, 0x69, 0x00, 0x00, 0x00, 0x40,
    0xFC, 0xFF, 0xFF, 0xFF, 0x5E, 0x00, 0x00, 0xF9, 0xFF, 0xFF, 0xFF, 0xFF, 0xFF, 0x06, 0x00, 0xFD,
    0xFF, 0x9C, 0x87, 0xFD, 0xFF, 0x1F, 0x00, 0xFB, 0x2B, 0x00, 0x00, 0x90, 0xFF, 0x8F, 0x00, 0x69,
    0x00, 0x00, 0x00, 0x00, 0xFD, 0xDF, 0x00, 0x00, 0x00, 0x00, 0x00, 0x00, 0xF9, 0xFF, 0x00, 0x00,
    0x00, 0x00, 0x00, 0x00, 0xF7, 0xFF, 0x00, 0x00, 0x00, 0x00, 0x00, 0x00, 0xF8, 0xEF, 0x00, 0x00,
    0x00, 0x00, 0x00, 0x00, 0xFC, 0xBF, 0x00, 0x00, 0x00, 0x00, 0x00, 0x20, 0xFF, 0x7F, 0x00, 0x00,
    0x00, 0x00, 0x00, 0xA0, 0xFF, 0x2F, 0x00, 0x00, 0x00, 0x00, 0x00, 0xF3, 0xFF, 0x0A, 0x00, 0x00,
    0x00, 0x00, 0x00, 0xFC, 0xFF, 0x02, 0x00, 0x00, 0x00, 0x00, 0x60, 0xFF, 0x9F, 0x00, 0x00, 0x00,
    0x00, 0x00, 0xF1, 0xFF, 0x1E, 0x00, 0x00, 0x00, 0x00, 0x00, 0xFB, 0xFF, 0x05, 0x00, 0x00, 0x00,
    0x00, 0x60, 0xFF, 0xBF, 0x00, 0x00, 0x00, 0x00, 0x00, 0xF1, 0xFF, 0x1F, 0x00, 0x00, 0x00, 0x00,
    0x00, 0xFB, 0xFF, 0x06, 0x00, 0x00, 0x00, 0x00, 0x50, 0xFF, 0xBF, 0x00, 0x00, 0x00, 0x00, 0x00,
    0xE1, 0xFF, 0x1F, 0x00, 0x00, 0x00, 0x00, 0x00, 0xFA, 0xFF, 0x28, 0x22, 0x22, 0x22, 0x01, 0x50,
    0xFF, 0xFF, 0xFF, 0xFF, 0xFF, 0xFF, 0x0F, 0xE1, 0xFF, 0xFF, 0xFF, 0xFF, 0xFF, 0xFF, 0x0F, 0xF9,
    0xFF, 0xFF, 0xFF, 0xFF, 0xFF, 0xFF, 0x0E, 0x00, 0x00, 0x73, 0xA9, 0x9B, 0x27, 0x00, 0x00, 0x00,
    0x00, 0xE7, 0xFF, 0xFF, 0xFF, 0xFF, 0x1A, 0x00, 0x00, 0x30, 0xFF, 0xFF, 0xFF, 0xFF, 0xFF, 0xDF,
    0x01, 0x00, 0x00, 0xFF, 0xCF, 0x68, 0xA7, 0xFF, 0xFF, 0x0A, 0x00, 0x00, 0xBE, 0x02, 0x00, 0x00,
    0xF3, 0xFF, 0x1F, 0x00, 0x00, 0x02, 0x00, 0x00, 0x00, 0x80, 0xFF, 0x6F, 0x00, 0x00, 0x00, 0x00,
    0x00, 0x00, 0x40, 0xFF, 0x8F, 0x00, 0x00, 0x00, 0x00, 0x00, 0x00, 0x30, 0xFF, 0x8F, 0x00, 0x00,
    0x00, 0x00, 0x00, 0x00, 0x50, 0xFF, 0x5F, 0x00, 0x00, 0x00, 0x00, 0x00, 0x00, 0xC0, 0xFF, 0x1F,
    0x00, 0x00, 0x00, 0x00, 0x00, 0x10, 0xFA, 0xFF, 0x08, 0x00, 0x00, 0x00, 0x60, 0x88, 0xFB, 0xFF,
    0xAF, 0x00, 0x00, 0x00, 0x00, 0xD0, 0xFF, 0xFF, 0xFF, 0x06, 0x00, 0x00, 0x00, 0x00, 0xD0, 0xFF,
    0xFF, 0xFF, 0x4D, 0x00, 0x00, 0x00, 0x00, 0x80, 0xA9, 0xEB, 0xFF, 0xFF, 0x08, 0x00, 0x00, 0x00,
    0x00, 0x00, 0x00, 0xE5, 0xFF, 0x6F, 0x00, 0x00, 0x00, 0x00, 0x00, 0x00, 0x30, 0xFF, 0xDF, 0x00,
    0x00, 0x00, 0x00, 0x00, 0x00, 0x00, 0xF9, 0xFF, 0x02, 0x00, 0x00, 0x00, 0x00, 0x00, 0x00, 0xF5,
    0xFF, 0x04, 0x00, 0x00, 0x00, 0x00, 0x00, 0x00, 0xF5, 0xFF, 0x04, 0x00, 0x00, 0x00, 0x00, 0x00,
    0x00, 0xF8, 0xFF, 0x03, 0x50, 0x00, 0x00, 0x00, 0x00, 0x10, 0xFE, 0xEF, 0x00, 0xF0, 0x7E, 0x01,
    0x00, 0x00, 0xD3, 0xFF, 0x8F, 0x00, 0xF4, 0xFF, 0xDF, 0x9A, 0xDA, 0xFF, 0xFF, 0x0C, 0x00, 0xF5,
    0xFF, 0xFF, 0xFF, 0xFF, 0xFF, 0xBF, 0x01, 0x00, 0x20, 0xD8, 0xFF, 0xFF, 0xFF, 0xDF, 0x06, 0x00,
    0x00, 0x00, 0x00, 0x52, 0x77, 0x57, 0x02, 0x00, 0x00, 0x00, 0x00, 0x00, 0x00, 0x00, 0x00, 0x00,
    0x00, 0x33, 0x01, 0x00, 0x00, 0x00, 0x00, 0x00, 0x00, 0x00, 0x60, 0xFF, 0x09, 0x00, 0x00, 0x00,
    0x00, 0x00, 0x00, 0x00, 0xF2, 0xFF, 0x09, 0x00, 0x00, 0x00, 0x00, 0x00, 0x00, 0x00, 0xFC, 0xFF,
    0x09, 0x00, 0x00, 0x00, 0x00, 0x00, 0x00, 0x80, 0xFF, 0xFF, 0x09, 0x00, 0x00, 0x00, 0x00, 0x00,
    0x00, 0xF4, 0xFF, 0xFF, 0x09, 0x00, 0x00, 0x00, 0x00, 0x00, 0x10, 0xFE, 0xFF, 0xFF, 0x09, 0x00,
    0x00, 0x00, 0x00, 0x00, 0xB0, 0xFF, 0xED, 0xFF, 0x09, 0x00, 0x00, 0x00, 0x00, 0x00, 0xF6, 0xFF,
    0xD3, 0xFF, 0x09, 0x00, 0x00, 0x00, 0x00, 0x20, 0xFF, 0x7F, 0xD0, 0xFF, 0x09, 0x00, 0x00, 0x00,
    0x00, 0xD0, 0xFF, 0x0C, 0xD0, 0xFF, 0x09, 0x00, 0x00, 0x00, 0x00, 0xF9, 0xFF, 0x02, 0xD0, 0xFF,
    0x09, 0x00, 0x00, 0x00, 0x40, 0xFF, 0x5F, 0x00, 0xD0, 0xFF, 0x09, 0x00, 0x00, 0x00, 0xE1, 0xFF,
    0x0A, 0x00, 0xD0, 0xFF, 0x09, 0x00, 0x00, 0x00, 0xFB, 0xEF, 0x00, 0x00, 0xD0, 0xFF, 0x09, 0x00,
    0x00, 0x60, 0xFF, 0x3F, 0x00, 0x00, 0xD0, 0xFF, 0x09, 0x00, 0x00, 0xF2, 0xFF, 0x7C, 0x77, 0x77,
    0xE7, 0xFF, 0x7C, 0x57, 0x00, 0xFD, 0xFF, 0xFF, 0xFF, 0xFF, 0xFF, 0xFF, 0xFF, 0xDF, 0x90, 0xFF,
    0xFF, 0xFF, 0xFF, 0xFF, 0xFF, 0xFF, 0xFF, 0xDF, 0x70, 0x77, 0x77, 0x77, 0x77, 0x77, 0xE7, 0xFF,
    0x7C, 0x67, 0x00, 0x00, 0x00, 0x00, 0x00, 0x00, 0xD0, 0xFF, 0x09, 0x00, 0x00, 0x00, 0x00, 0x00,
    0x00, 0x00, 0xD0, 0xFF, 0x09, 0x00, 0x00, 0x00, 0x00, 0x00, 0x00, 0x00, 0xD0, 0xFF, 0x09, 0x00,
    0x00, 0x00, 0x00, 0x00, 0x00, 0x00, 0xD0, 0xFF, 0x09, 0x00, 0x00, 0x00, 0x00, 0x00, 0x00, 0x00,
    0xD0, 0xFF, 0x09, 0x00, 0x00, 0x00, 0x00, 0x00, 0x00, 0x00, 0xD0, 0xFF, 0x09, 0x00, 0x00, 0x00,
    0x33, 0x33, 0x33, 0x33, 0x33, 0x13, 0x00, 0x00, 0x50, 0xFF, 0xFF, 0xFF, 0xFF, 0xFF, 0x9F, 0x00,
    0x00, 0x70, 0xFF, 0xFF, 0xFF, 0xFF, 0xFF, 0x8F, 0x00, 0x00, 0x90, 0xFF, 0xFF, 0xFF, 0xFF, 0xFF,
    0x7F, 0x00, 0x00, 0xB0, 0xFF, 0x08, 0x00, 0x00, 0x00, 0x00, 0x00, 0x00, 0xD0, 0xFF, 0x05, 0x00,
    0x00, 0x00, 0x00, 0x00, 0x00, 0xF0, 0xFF, 0x03, 0x00, 0x00, 0x00, 0x00, 0x00, 0x00, 0xF1, 0xFF,
    0x02, 0x00, 0x00, 0x00, 0x00, 0x00, 0x00, 0xF3, 0xFF, 0x00, 0x00, 0x00, 0x00, 0x00, 0x00, 0x00,
    0xF5, 0xEF, 0x00, 0x00, 0x00, 0x00, 0x00, 0x00, 0x00, 0xF7, 0xFF, 0xEC, 0xDE, 0x7B, 0x01, 0x00,
    0x00, 0x00, 0xF9, 0xFF, 0xFF, 0xFF, 0xFF, 0x7F, 0x00, 0x00, 0x00, 0xFB, 0xFF, 0xEE, 0xFF, 0xFF,
    0xFF, 0x0A, 0x00, 0x00, 0x56, 0x02, 0x00, 0x30, 0xFA, 0xFF, 0x7F, 0x00, 0x00, 0x00, 0x00, 0x00,
    0x00, 0x50, 0xFF, 0xFF, 0x01, 0x00, 0x00, 0x00, 0x00, 0x00, 0x00, 0xF8, 0xFF, 0x06, 0x00, 0x00,
    0x00, 0x00, 0x00, 0x00, 0xF2, 0xFF, 0x0A, 0x00, 0x00, 0x00, 0x00, 0x00, 0x00, 0xF0, 0xFF, 0x0C,
    0x00, 0x00, 0x00, 0x00, 0x00, 0x00, 0xF0, 0xFF, 0x0C, 0x00, 0x00, 0x00, 0x00, 0x00, 0x00, 0xF1,
    0xFF, 0x0B, 0x00, 0x00, 0x00, 0x00, 0x00, 0x00, 0xF6, 0xFF, 0x08, 0x30, 0x02, 0x00, 0x00, 0x00,
    0x20, 0xFF, 0xFF, 0x03, 0xA0, 0xBF, 0x05, 0x00, 0x10, 0xF7, 0xFF, 0xBF, 0x00, 0xE0, 0xFF, 0xFF,
    0xDE, 0xFD, 0xFF, 0xFF, 0x1D, 0x00, 0xE0, 0xFF, 0xFF, 0xFF, 0xFF, 0xFF, 0xCF, 0x01, 0x00, 0x00,
    0xC7, 0xFF, 0xFF, 0xFF, 0xEF, 0x06, 0x00, 0x00, 0x00, 0x00, 0x41, 0x76, 0x67, 0x03, 0x00, 0x00,
    0x00, 0x00, 0x00, 0x00, 0x00, 0x00, 0x73, 0x00, 0x00, 0x00, 0x00, 0x00, 0x00, 0x00, 0x90, 0xFF,
    0x0A, 0x00, 0x00, 0x00, 0x00, 0x00, 0x20, 0xFD, 0xFF, 0x5F, 0x00, 0x00, 0x00, 0x00, 0x00, 0xE3,
    0xFF, 0xCF, 0x02, 0x00, 0x00, 0x00, 0x00, 0x40, 0xFF, 0xFF, 0x07, 0x00, 0x00, 0x00, 0x00, 0x00,
    0xF3, 0xFF, 0x4F, 0x00, 0x00, 0x00, 0x00, 0x00, 0x10, 0xFE, 0xFF, 0x04, 0x00, 0x00, 0x00, 0x00,
    0x00, 0xA0, 0xFF, 0x4F, 0x00, 0x00, 0x00, 0x00, 0x00, 0x00, 0xF5, 0xFF, 0x07, 0x00, 0x00, 0x00,
    0x00, 0x00, 0x00, 0xFD, 0xCF, 0x00, 0x00, 0x00, 0x00, 0x00, 0x00, 0x50, 0xFF, 0x3F, 0x00, 0x11,
    0x00, 0x00, 0x00, 0x00, 0xC0, 0xFF, 0x3C, 0xEA, 0xFF, 0xDF, 0x18, 0x00, 0x00, 0xF1, 0xFF, 0xFE,
    0xFF, 0xFF, 0xFF, 0xEF, 0x03, 0x00, 0xF5, 0xFF, 0xFF, 0xFF, 0xED, 0xFF, 0xFF, 0x3F, 0x00, 0xF8,
    0xFF, 0xDF, 0x04, 0x00, 0xB2, 0xFF, 0xDF, 0x00, 0xFA, 0xFF, 0x1D, 0x00, 0x00, 0x00, 0xFA, 0xFF,
    0x05, 0xFB, 0xFF, 0x04, 0x00, 0x00, 0x00, 0xF1, 0xFF, 0x0A, 0xFC, 0xFF, 0x00, 0x00, 0x00, 0x00,
    0xB0, 0xFF, 0x0D, 0xFB, 0xDF, 0x00, 0x00, 0x00, 0x00, 0xA0, 0xFF, 0x0E, 0xF8, 0xEF, 0x00, 0x00,
    0x00, 0x00, 0xB0, 0xFF, 0x0D, 0xF5, 0xFF, 0x02, 0x00, 0x00, 0x00, 0xE0, 0xFF, 0x0B, 0xF0, 0xFF,
    0x0A, 0x00, 0x00, 0x00, 0xF7, 0xFF, 0x06, 0x80, 0xFF, 0x8F, 0x00, 0x00, 0x50, 0xFF, 0xEF, 0x00,
    0x00, 0xFD, 0xFF, 0x9D, 0x87, 0xFC, 0xFF, 0x4F, 0x00, 0x00, 0xD1, 0xFF, 0xFF, 0xFF, 0xFF, 0xFF,
    0x05, 0x00, 0x00, 0x00, 0xF8, 0xFF, 0xFF, 0xFF, 0x2B, 0x00, 0x00, 0x00, 0x00, 0x00, 0x64, 0x77,
    0x15, 0x00, 0x00, 0x00, 0x31, 0x33, 0x33, 0x33, 0x33, 0x33, 0x33, 0x33, 0x02, 0xF9, 0xFF, 0xFF,
    0xFF, 0xFF, 0xFF, 0xFF, 0xFF, 0x07, 0xF9, 0xFF, 0xFF, 0xFF, 0xFF, 0xFF, 0xFF, 0xFF, 0x00, 0xF9,
    0xFF, 0xFF, 0xFF, 0xFF, 0xFF, 0xFF, 0x9F, 0x00, 0x00, 0x00, 0x00, 0x00, 0x00, 0x80, 0xFF, 0x2F,
    0x00, 0x00, 0x00, 0x00, 0x00, 0x00, 0xE0, 0xFF, 0x0B, 0x00, 0x00, 0x00, 0x00, 0x00, 0x00, 0xF5,
    0xFF, 0x04, 0x00, 0x00, 0x00, 0x00, 0x00, 0x00, 0xFC, 0xDF, 0x00, 0x00, 0x00, 0x00, 0x00, 0x00,
    0x30, 0xFF, 0x6F, 0x00, 0x00, 0x00, 0x00, 0x00, 0x00, 0xA0, 0xFF, 0x0F, 0x00, 0x00, 0x00, 0x00,
    0x00, 0x00, 0xF1, 0xFF, 0x08, 0x00, 0x00, 0x00, 0x00, 0x00, 0x00, 0xF8, 0xFF, 0x02, 0x00, 0x00,
    0x00, 0x00, 0x00, 0x00, 0xFE, 0xBF, 0x00, 0x00, 0x00, 0x00, 0x00, 0x00, 0x50, 0xFF, 0x4F, 0x00,
    0x00, 0x00, 0x00, 0x00, 0x00, 0xC0, 0xFF, 0x0D, 0x00, 0x00, 0x00, 0x00, 0x00, 0x00, 0xF3, 0xFF,
    0x06, 0x00, 0x00, 0x00, 0x00, 0x00, 0x00, 0xFA, 0xEF, 0x00, 0x00, 0x00, 0x00, 0x00, 0x00, 0x10,
    0xFF, 0x8F, 0x00, 0x00, 0x00, 0x00, 0x00, 0x00, 0x80, 0xFF, 0x1F, 0x00, 0x00, 0x00, 0x00, 0x00,
    0x00, 0xE0, 0xFF, 0x0A, 0x00, 0x00, 0x00, 0x00, 0x00, 0x00, 0xF6, 0xFF, 0x03, 0x00, 0x00, 0x00,
    0x00, 0x00, 0x00, 0xFD, 0xCF, 0x00, 0x00, 0x00, 0x00, 0x00, 0x00, 0x40, 0xFF, 0x5F, 0x00, 0x00,
    0x00, 0x00, 0x00, 0x00, 0xB0, 0xFF, 0x0E, 0x00, 0x00, 0x00, 0x00, 0x00, 0x00, 0xF2, 0xFF, 0x07,
    0x00, 0x00, 0x00, 0x00, 0x00, 0x00, 0xF8, 0xFF, 0x01, 0x00, 0x00, 0x00, 0x00, 0x00, 0x00, 0x00,
    0x20, 0x97, 0xAB, 0x69, 0x01, 0x00, 0x00, 0x00, 0x10, 0xFA, 0xFF, 0xFF, 0xFF, 0x8F, 0x00, 0x00,
    0x00, 0xD1, 0xFF, 0xFF, 0xFF, 0xFF, 0xFF, 0x0A, 0x00, 0x00, 0xFB, 0xFF, 0x8E, 0x66, 0xF9, 0xFF,
    0x6F, 0x00, 0x20, 0xFF, 0xBF, 0x00, 0x00, 0x20, 0xFE, 0xDF, 0x00, 0x70, 0xFF, 0x1F, 0x00, 0x00,
    0x00, 0xF6, 0xFF, 0x02, 0xA0, 0xFF, 0x0C, 0x00, 0x00, 0x00, 0xF1, 0xFF, 0x05, 0xA0, 0xFF, 0x0C,
    0x00, 0x00, 0x00, 0xF1, 0xFF, 0x05, 0x80, 0xFF, 0x0F, 0x00, 0x00, 0x00, 0xF5, 0xFF, 0x03, 0x30,
    0xFF, 0xAF, 0x00, 0x00, 0x00, 0xFD, 0xEF, 0x00, 0x00, 0xFA, 0xFF, 0x5C, 0x32, 0xD6, 0xFF, 0x6F,
    0x00, 0x00, 0xB0, 0xFF, 0xFF, 0xFF, 0xFF, 0xFF, 0x0A, 0x00, 0x00, 0x80, 0xFF, 0xFF, 0xFF, 0xFF,
    0xFF, 0x06, 0x00, 0x00, 0xFB, 0xFF, 0xFF, 0xDD, 0xFF, 0xFF, 0x9F, 0x00, 0x90, 0xFF, 0xDF, 0x04,
    0x00, 0x50, 0xFE, 0xFF, 0x06, 0xF2, 0xFF, 0x0C, 0x00, 0x00, 0x00, 0xE1, 0xFF, 0x0E, 0xF8, 0xFF,
    0x03, 0x00, 0x00, 0x00, 0x60, 0xFF, 0x5F, 0xFB, 0xDF, 0x00, 0x00, 0x00, 0x00, 0x00, 0xFF, 0x8F,
    0xFD, 0xBF, 0x00, 0x00, 0x00, 0x00, 0x00, 0xFE, 0xAF, 0xFC, 0xBF, 0x00, 0x00, 0x00, 0x00, 0x00,
    0xFE, 0x9F, 0xFA, 0xFF, 0x00, 0x00, 0x00, 0x00, 0x20, 0xFF, 0x7F, 0xF6, 0xFF, 0x08, 0x00, 0x00,
    0x00, 0xB0, 0xFF, 0x3F, 0xE0, 0xFF, 0x8F, 0x00, 0x00, 0x10, 0xFA, 0xFF, 0x0C, 0x40, 0xFF, 0xFF,
    0xBF, 0x99, 0xFC, 0xFF, 0xEF, 0x02, 0x00, 0xF5, 0xFF, 0xFF, 0xFF, 0xFF, 0xFF, 0x3E, 0x00, 0x00,
    0x20, 0xFA, 0xFF, 0xFF, 0xFF, 0x8E, 0x00, 0x00, 0x00, 0x00, 0x00, 0x64, 0x77, 0x36, 0x00, 0x00,
    0x00, 0x00, 0x00, 0x20, 0x96, 0xAB, 0x59, 0x00, 0x00, 0x00, 0x00, 0x10, 0xFA, 0xFF, 0xFF, 0xFF,
    0x6E, 0x00, 0x00, 0x00, 0xE2, 0xFF, 0xFF, 0xFF, 0xFF, 0xFF, 0x09, 0x00, 0x10, 0xFE, 0xFF, 0x6C,
    0x44, 0xE8, 0xFF, 0x7F, 0x00, 0x90, 0xFF, 0x9F, 0x00, 0x00, 0x10, 0xFC, 0xFF, 0x01, 0xF0, 0xFF,
    0x0C, 0x00, 0x00, 0x00, 0xF1, 0xFF, 0x08, 0xF4, 0xFF, 0x05, 0x00, 0x00, 0x00, 0xA0, 0xFF, 0x0D,
    0xF6, 0xFF, 0x02, 0x00, 0x00, 0x00, 0x60, 0xFF, 0x0F, 0xF7, 0xFF, 0x01, 0x00, 0x00, 0x00, 0x60,
    0xFF, 0x2F, 0xF5, 0xFF, 0x03, 0x00, 0x00, 0x00, 0x90, 0xFF, 0x3F, 0xF2, 0xFF, 0x09, 0x00, 0x00,
    0x00, 0xE0, 0xFF, 0x2F, 0xD0, 0xFF, 0x5F, 0x00, 0x00, 0x00, 0xFA, 0xFF, 0x1F, 0x40, 0xFF, 0xFF,
    0x39, 0x10, 0xC4, 0xFF, 0xFF, 0x0F, 0x00, 0xF8, 0xFF, 0xFF, 0xFF, 0xFF, 0xFF, 0xFF, 0x0B, 0x00,
    0x70, 0xFF, 0xFF, 0xFF, 0xFF, 0xFD, 0xFF, 0x07, 0x00, 0x00, 0x81, 0xEC, 0xCE, 0x49, 0xF7, 0xFF,
    0x01, 0x00, 0x00, 0x00, 0x00, 0x00, 0x10, 0xFE, 0xAF, 0x00, 0x00, 0x00, 0x00, 0x00, 0x00, 0xA0,
    0xFF, 0x2F, 0x00, 0x00, 0x00, 0x00, 0x00, 0x00, 0xF5, 0xFF, 0x08, 0x00, 0x00, 0x00, 0x00, 0x00,
    0x40, 0xFF, 0xDF, 0x00, 0x00, 0x00, 0x00, 0x00, 0x00, 0xF4, 0xFF, 0x2F, 0x00, 0x00, 0x00, 0x00,
    0x00, 0x60, 0xFF, 0xFF, 0x03, 0x00, 0x00, 0x00, 0x00, 0x10, 0xFA, 0xFF, 0x4F, 0x00, 0x00, 0x00,
    0x00, 0x00, 0xE6, 0xFF, 0xEF, 0x03, 0x00, 0x00, 0x00, 0x00, 0x00, 0xF3, 0xFF, 0x1B, 0x00, 0x00,
    0x00, 0x00, 0x00, 0x00, 0x30, 0x6D, 0x00, 0x00, 0x00, 0x00, 0x00, 0xD2, 0xDD, 0x08, 0xF3, 0xFF,
    0x0B, 0xF3, 0xFF, 0x0B, 0xF3, 0xFF, 0x0B, 0x00, 0x00, 0x00, 0x00, 0x00, 0x00, 0x00, 0x00, 0x00,
    0x00, 0x00, 0x00, 0x00, 0x00, 0x00, 0x00, 0x00, 0x00, 0x00, 0x00, 0x00, 0x00, 0x00, 0x00, 0x00,
    0x00, 0x00, 0x00, 0x00, 0x00, 0xD2, 0xDD, 0x08, 0xF3, 0xFF, 0x0B, 0xF3, 0xFF, 0x0B, 0xF3, 0xFF,
    0x0B, 0xDC, 0xCD, 0xFE, 0xFF, 0xFE, 0xFF, 0xFE, 0xFF, 0x00, 0x00, 0x00, 0x00, 0x00, 0x00, 0x00,
    0x00, 0x00, 0x00, 0x00, 0x00, 0x00, 0x00, 0x00, 0x00, 0x00, 0x00, 0x00, 0x00, 0xDB, 0xCD, 0xFE,
    0xFF, 0xFE, 0xFF, 0xFE, 0xFF, 0xD0, 0x9F, 0xF2, 0x2F, 0xF7, 0x0B, 0xDB, 0x04, 0x00, 0x00, 0x00,
    0x00, 0x00, 0x00, 0x04, 0x00, 0x00, 0x00, 0x00, 0x00, 0xC5, 0x1F, 0x00, 0x00, 0x00, 0x00, 0xD6,
    0xFF, 0x1F, 0x00, 0x00, 0x10, 0xE8, 0xFF, 0xFF, 0x0C, 0x00, 0x20, 0xF9, 0xFF, 0xFF, 0x3A, 0x00,
    0x30, 0xFA, 0xFF, 0xEF, 0x18, 0x00, 0x00, 0xF9, 0xFF, 0xDF, 0x06, 0x00, 0x00, 0x00, 0xFB, 0xBF,
    0x04, 0x00, 0x00, 0x00, 0x00, 0xFB, 0xEF, 0x17, 0x00, 0x00, 0x00, 0x00, 0xF6, 0xFF, 0xFF, 0x39,
    0x00, 0x00, 0x00, 0x00, 0xE7, 0xFF, 0xFF, 0x5C, 0x00, 0x00, 0x00, 0x00, 0xD5, 0xFF, 0xFF, 0x7E,
    0x01, 0x00, 0x00, 0x00, 0xB4, 0xFF, 0xFF, 0x1F, 0x00, 0x00, 0x00, 0x00, 0xA3, 0xFF, 0x1F, 0x00,
    0x00, 0x00, 0x00, 0x00, 0x92, 0x1F, 0x00, 0x00, 0x00, 0x00, 0x00, 0x00, 0x01, 0x31, 0x33, 0x33,
    0x33, 0x33, 0x33, 0x03, 0xF5, 0xFF, 0xFF, 0xFF, 0xFF, 0xFF, 0x4F, 0xF5, 0xFF, 0xFF, 0xFF, 0xFF,
    0xFF, 0x4F, 0x83, 0x88, 0x88, 0x88, 0x88, 0x88, 0x28, 0x00, 0x00, 0x00, 0x00, 0x00, 0x00, 0x00,
    0x00, 0x00, 0x00, 0x00, 0x00, 0x00, 0x00, 0x82, 0x88, 0x88, 0x88, 0x88, 0x88, 0x28, 0xF5, 0xFF,
    0xFF, 0xFF, 0xFF, 0xFF, 0x4F, 0xF5, 0xFF, 0xFF, 0xFF, 0xFF, 0xFF, 0x4F, 0x31, 0x33, 0x33, 0x33,
    0x33, 0x33, 0x03, 0x40, 0x00, 0x00, 0x00, 0x00, 0x00, 0x00, 0xF1, 0x5D, 0x00, 0x00, 0x00, 0x00,
    0x00, 0xF1, 0xFF, 0x6E, 0x00, 0x00, 0x00, 0x00, 0xC0, 0xFF, 0xFF, 0x8E, 0x01, 0x00, 0x00, 0x00,
    0xA3, 0xFF, 0xFF, 0x9F, 0x02, 0x00, 0x00, 0x00, 0x81, 0xFE, 0xFF, 0xAF, 0x03, 0x00, 0x00, 0x00,
    0x60, 0xFD, 0xFF, 0x9F, 0x00, 0x00, 0x00, 0x00, 0x40, 0xFB, 0xBF, 0x00, 0x00, 0x00, 0x00, 0x71,
    0xFE, 0xBF, 0x00, 0x00, 0x00, 0x93, 0xFF, 0xFF, 0x6F, 0x00, 0x00, 0xC5, 0xFF, 0xFF, 0x7E, 0x00,
    0x10, 0xE7, 0xFF, 0xFF, 0x5D, 0x00, 0x00, 0xF0, 0xFF, 0xFF, 0x4B, 0x00, 0x00, 0x00, 0xF1, 0xFF,
    0x3A, 0x00, 0x00, 0x00, 0x00, 0xF1, 0x29, 0x00, 0x00, 0x00, 0x00, 0x00, 0x10, 0x00, 0x00, 0x00,
    0x00, 0x00, 0x00, 0x00, 0x73, 0xB9, 0x9A, 0x05, 0x00, 0x00, 0xD5, 0xFF, 0xFF, 0xFF, 0xEF, 0x04,
    0x00, 0xFC, 0xFF, 0xFF, 0xFF, 0xFF, 0x5F, 0x00, 0xFA, 0x8D, 0x66, 0xF9, 0xFF, 0xFF, 0x01, 0x45,
    0x00, 0x00, 0x10, 0xFD, 0xFF, 0x07, 0x00, 0x00, 0x00, 0x00, 0xF3, 0xFF, 0x0B, 0x00, 0x00, 0x00,
    0x00, 0xF0, 0xFF, 0x0D, 0x00, 0x00, 0x00, 0x00, 0xE0, 0xFF, 0x0C, 0x00, 0x00, 0x00, 0x00, 0xF1,
    0xFF, 0x09, 0x00, 0x00, 0x00, 0x00, 0xF8, 0xFF, 0x03, 0x00, 0x00, 0x00, 0x20, 0xFF, 0xAF, 0x00,
    0x00, 0x00, 0x00, 0xD0, 0xFF, 0x1E, 0x00, 0x00, 0x00, 0x00, 0xFA, 0xFF, 0x03, 0x00, 0x00, 0x00,
    0x70, 0xFF, 0x6F, 0x00, 0x00, 0x00, 0x00, 0xF2, 0xFF, 0x09, 0x00, 0x00, 0x00, 0x00, 0xFB, 0xEF,
    0x00, 0x00, 0x00, 0x00, 0x10, 0xFF, 0x6F, 0x00, 0x00, 0x00, 0x00, 0x50, 0xFF, 0x1F, 0x00, 0x00,
    0x00, 0x00, 0x60, 0xFF, 0x0F, 0x00, 0x00, 0x00, 0x00, 0x50, 0xDD, 0x0C, 0x00, 0x00, 0x00, 0x00,
    0x00, 0x00, 0x00, 0x00, 0x00, 0x00, 0x00, 0x00, 0x00, 0x00, 0x00, 0x00, 0x00, 0x00, 0x80, 0xDD,
    0x2D, 0x00, 0x00, 0x00, 0x00, 0xA0, 0xFF, 0x3F, 0x00, 0x00, 0x00, 0x00, 0xA0, 0xFF, 0x3F, 0x00,
    0x00, 0x00, 0x00, 0xA0, 0xFF, 0x3F, 0x00, 0x00, 0x00, 0x00, 0x00, 0x00, 0x00, 0x00, 0x95, 0xDC,
    0xDE, 0x7B, 0x02, 0x00, 0x00, 0x00, 0x00, 0x00, 0x00, 0xE8, 0xFF, 0xFF, 0xFF, 0xFF, 0x9F, 0x00,
    0x00, 0x00, 0x00, 0x00, 0xE5, 0xFF, 0xFF, 0xFF, 0xFF, 0xFF, 0xFF, 0x1D, 0x00, 0x00, 0x00, 0x80,
    0xFF, 0xFF, 0xFF, 0xFF, 0xFF, 0xFF, 0xFF, 0xBF, 0x00, 0x00, 0x00, 0xF9, 0xFF, 0xFF, 0xFF, 0x8B,
    0x97, 0xFD, 0xFF, 0xFF, 0x05, 0x00, 0x60, 0xFF, 0xFF, 0xFF, 0x19, 0x00, 0x00, 0x60, 0xFF, 0xFF,
    0x0B, 0x00, 0xF2, 0xFF, 0xFF, 0x4F, 0x00, 0x20, 0x35, 0x00, 0xF7, 0xFF, 0x0F, 0x00, 0xFA, 0xFF,
    0xFF, 0x03, 0x30, 0xFC, 0xFF, 0x02, 0xFA, 0xFF, 0x3F, 0x20, 0xFF, 0xFF, 0x5F, 0x00, 0xF6, 0xFF,
    0xFF, 0x00, 0xFE, 0xFF, 0x4F, 0x80, 0xFF, 0xFF, 0x0A, 0x50, 0xFF, 0xFF, 0xAF, 0x20, 0xFF, 0xFF,
    0x5F, 0xD0, 0xFF, 0xFF, 0x01, 0xF1, 0xFF, 0xFF, 0x3F, 0x70, 0xFF, 0xFF, 0x4F, 0xF0, 0xFF, 0xAF,
    0x00, 0xF8, 0xFF, 0xFF, 0x0A, 0xC0, 0xFF, 0xFF, 0x1F, 0xF2, 0xFF, 0x5F, 0x00, 0xFD, 0xFF, 0xFF,
    0x01, 0xF0, 0xFF, 0xFF, 0x0E, 0xF3, 0xFF, 0x3F, 0x00, 0xFF, 0xFF, 0x5F, 0x00, 0xF3, 0xFF, 0xFF,
    0x08, 0xF2, 0xFF, 0x2F, 0x00, 0xFE, 0xFF, 0x07, 0x01, 0xF5, 0xFF, 0xEF, 0x01, 0xF1, 0xFF, 0x3F,
    0x00, 0xF9, 0x6F, 0x00, 0x09, 0xF4, 0xFF, 0x3F, 0x00, 0xF0, 0xFF, 0x7F, 0x00, 0x20, 0x00, 0xC1,
    0x0D, 0x70, 0x79, 0x12, 0x00, 0xA0, 0xFF, 0xEF, 0x01, 0x00, 0x50, 0xFE, 0x3F, 0x00, 0x50, 0x09,
    0x00, 0x40, 0xFF, 0xFF, 0x8E, 0x97, 0xFD, 0xFF, 0xEF, 0x99, 0xDE, 0x00, 0x00, 0x00, 0xFB, 0xFF,
    0xFF, 0xFF, 0xFF, 0xFF, 0xFF, 0xFF, 0x1C, 0x00, 0x00, 0x00, 0xD1, 0xFF, 0xFF, 0xFF, 0xFF, 0xFF,
    0xFF, 0xAF, 0x00, 0x00, 0x00, 0x00, 0x10, 0xFB, 0xFF, 0xFF, 0xFF, 0xFF, 0xCF, 0x04, 0x00, 0x00,
    0x00, 0x00, 0x00, 0x40, 0xEA, 0xFF, 0xFF, 0x9D, 0x03, 0x00, 0x00, 0x00, 0x00, 0x00, 0x00, 0x00,
    0x00, 0x10, 0x01, 0x00, 0x00, 0x00, 0x00, 0x00, 0x00, 0x00, 0x00, 0x00, 0x00, 0x20, 0x33, 0x03,
    0x00, 0x00, 0x00, 0x00, 0x00, 0x00, 0x00, 0x00, 0xF0, 0xFF, 0x2F, 0x00, 0x00, 0x00, 0x00, 0x00,
    0x00, 0x00, 0x00, 0xF5, 0xFF, 0x8F, 0x00, 0x00, 0x00, 0x00, 0x00, 0x00, 0x00, 0x00, 0xFB, 0xFF,
    0xDF, 0x00, 0x00, 0x00, 0x00, 0x00, 0x00, 0x00, 0x10, 0xFF, 0xFF, 0xFF, 0x03, 0x00, 0x00, 0x00,
    0x00, 0x00, 0x00, 0x60, 0xFF, 0xFF, 0xFF, 0x09, 0x00, 0x00, 0x00, 0x00, 0x00, 0x00, 0xC0, 0xFF,
    0x9C, 0xFF, 0x0E, 0x00, 0x00, 0x00, 0x00, 0x00, 0x00, 0xF2, 0xFF, 0x36, 0xFF, 0x4F, 0x00, 0x00,
    0x00, 0x00, 0x00, 0x00, 0xF7, 0xFF, 0x01, 0xFE, 0xAF, 0x00, 0x00, 0x00, 0x00, 0x00, 0x00, 0xFD,
    0xBF, 0x00, 0xF8, 0xFF, 0x00, 0x00, 0x00, 0x00, 0x00, 0x30, 0xFF, 0x5F, 0x00, 0xF2, 0xFF, 0x05,
    0x00, 0x00, 0x00, 0x00, 0x80, 0xFF, 0x0F, 0x00, 0xD0, 0xFF, 0x0B, 0x00, 0x00, 0x00, 0x00, 0xE0,
    0xFF, 0x0A, 0x00, 0x70, 0xFF, 0x1F, 0x00, 0x00, 0x00, 0x00, 0xF4, 0xFF, 0x04, 0x00, 0x10, 0xFF,
    0x7F, 0x00, 0x00, 0x00, 0x00, 0xFA, 0xEF, 0x00, 0x00, 0x00, 0xFB, 0xCF, 0x00, 0x00, 0x00, 0x00,
    0xFF, 0x9F, 0x00, 0x00, 0x00, 0xF6, 0xFF, 0x02, 0x00, 0x00, 0x50, 0xFF, 0xFF, 0xEE, 0xEE, 0xEE,
    0xFE, 0xFF, 0x08, 0x00, 0x00, 0xB0, 0xFF, 0xFF, 0xFF, 0xFF, 0xFF, 0xFF, 0xFF, 0x0D, 0x00, 0x00,
    0xF1, 0xFF, 0xFF, 0xFF, 0xFF, 0xFF, 0xFF, 0xFF, 0x3F, 0x00, 0x00, 0xF6, 0xFF, 0x35, 0x33, 0x33,
    0x33, 0x33, 0xFF, 0x9F, 0x00, 0x00, 0xFC, 0xCF, 0x00, 0x00, 0x00, 0x00, 0x00, 0xF9, 0xEF, 0x00,
    0x20, 0xFF, 0x7F, 0x00, 0x00, 0x00, 0x00, 0x00, 0xF4, 0xFF, 0x04, 0x70, 0xFF, 0x1F, 0x00, 0x00,
    0x00, 0x00, 0x00, 0xE0, 0xFF, 0x0A, 0xD0, 0xFF, 0x0B, 0x00, 0x00, 0x00, 0x00, 0x00, 0x80, 0xFF,
    0x0F, 0xF3, 0xFF, 0x06, 0x00, 0x00, 0x00, 0x00, 0x00, 0x30, 0xFF, 0x6F, 0xF9, 0xFF, 0x01, 0x00,
    0x00, 0x00, 0x00, 0x00, 0x00, 0xFD, 0xBF, 0x30, 0x33, 0x33, 0x33, 0x23, 0x01, 0x00, 0x00, 0x00,
    0x00, 0xF2, 0xFF, 0xFF, 0xFF, 0xFF, 0xEF, 0x29, 0x00, 0x00, 0x00, 0xF2, 0xFF, 0xFF, 0xFF, 0xFF,
    0xFF, 0xFF, 0x05, 0x00, 0x00, 0xF2, 0xFF, 0xDE, 0xDD, 0xFD, 0xFF, 0xFF, 0x3F, 0x00, 0x00, 0xF2,
    0xFF, 0x04, 0x00, 0x00, 0xB3, 0xFF, 0xAF, 0x00, 0x00, 0xF2, 0xFF, 0x04, 0x00, 0x00, 0x00, 0xFD,
    0xFF, 0x00, 0x00, 0xF2, 0xFF, 0x04, 0x00, 0x00, 0x00, 0xF8, 0xFF, 0x00, 0x00, 0xF2, 0xFF, 0x04,
    0x00, 0x00, 0x00, 0xF7, 0xFF, 0x00, 0x00, 0xF2, 0xFF, 0x04, 0x00, 0x00, 0x00, 0xF8, 0xEF, 0x00,
    0x00, 0xF2, 0xFF, 0x04, 0x00, 0x00, 0x00, 0xFC, 0xAF, 0x00, 0x00, 0xF2, 0xFF, 0x04, 0x00, 0x00,
    0x91, 0xFF, 0x3F, 0x00, 0x00, 0xF2, 0xFF, 0xBC, 0xBB, 0xCB, 0xFF, 0xFF, 0x08, 0x00, 0x00, 0xF2,
    0xFF, 0xFF, 0xFF, 0xFF, 0xFF, 0xEF, 0x06, 0x00, 0x00, 0xF2, 0xFF, 0xFF, 0xFF, 0xFF, 0xFF, 0xFF,
    0xEF, 0x03, 0x00, 0xF2, 0xFF, 0x69, 0x66, 0x66, 0x86, 0xFD, 0xFF, 0x2F, 0x00, 0xF2, 0xFF, 0x04,
    0x00, 0x00, 0x00, 0x70, 0xFF, 0xBF, 0x00, 0xF2, 0xFF, 0x04, 0x00, 0x00, 0x00, 0x00, 0xFB, 0xFF,
    0x01, 0xF2, 0xFF, 0x04, 0x00, 0x00, 0x00, 0x00, 0xF7, 0xFF, 0x05, 0xF2, 0xFF, 0x04, 0x00, 0x00,
    0x00, 0x00, 0xF5, 0xFF, 0x06, 0xF2, 0xFF, 0x04, 0x00, 0x00, 0x00, 0x00, 0xF6, 0xFF, 0x05, 0xF2,
    0xFF, 0x04, 0x00, 0x00, 0x00, 0x00, 0xFA, 0xFF, 0x03, 0xF2, 0xFF, 0x04, 0x00, 0x00, 0x00, 0x40,
    0xFF, 0xFF, 0x00, 0xF2, 0xFF, 0x15, 0x11, 0x11, 0x31, 0xF9, 0xFF, 0x8F, 0x00, 0xF2, 0xFF, 0xFF,
    0xFF, 0xFF, 0xFF, 0xFF, 0xFF, 0x0C, 0x00, 0xF2, 0xFF, 0xFF, 0xFF, 0xFF, 0xFF, 0xFF, 0xAF, 0x00,
    0x00, 0xF2, 0xFF, 0xFF, 0xFF, 0xFF, 0xFF, 0x9D, 0x03, 0x00, 0x00, 0x00, 0x00, 0x00, 0x00, 0x30,
    0x97, 0xBA, 0x8A, 0x26, 0x00, 0x00, 0x00, 0x00, 0x81, 0xFE, 0xFF, 0xFF, 0xFF, 0xFF, 0x7D, 0x00,
    0x00, 0x50, 0xFE, 0xFF, 0xFF, 0xFF, 0xFF, 0xFF, 0xEF, 0x00, 0x00, 0xF9, 0xFF, 0xFF, 0x8B, 0x66,
    0x97, 0xFD, 0xCF, 0x00, 0x80, 0xFF, 0xFF, 0x19, 0x00, 0x00, 0x00, 0x10, 0x87, 0x00, 0xF5, 0xFF,
    0x5F, 0x00, 0x00, 0x00, 0x00, 0x00, 0x00, 0x00, 0xFE, 0xFF, 0x05, 0x00, 0x00, 0x00, 0x00, 0x00,
    0x00, 0x70, 0xFF, 0xAF, 0x00, 0x00, 0x00, 0x00, 0x00, 0x00, 0x00, 0xD0, 0xFF, 0x2F, 0x00, 0x00,
    0x00, 0x00, 0x00, 0x00, 0x00, 0xF2, 0xFF, 0x0B, 0x00, 0x00, 0x00, 0x00, 0x00, 0x00, 0x00, 0xF5,
    0xFF, 0x07, 0x00, 0x00, 0x00, 0x00, 0x00, 0x00, 0x00, 0xF7, 0xFF, 0x04, 0x00, 0x00, 0x00, 0x00,
    0x00, 0x00, 0x00, 0xF9, 0xFF, 0x02, 0x00, 0x00, 0x00, 0x00, 0x00, 0x00, 0x00, 0xF9, 0xFF, 0x02,
    0x00, 0x00, 0x00, 0x00, 0x00, 0x00, 0x00, 0xF8, 0xFF, 0x02, 0x00, 0x00, 0x00, 0x00, 0x00, 0x00,
    0x00, 0xF7, 0xFF, 0x04, 0x00, 0x00, 0x00, 0x00, 0x00, 0x00, 0x00, 0xF4, 0xFF, 0x08, 0x00, 0x00,
    0x00, 0x00, 0x00, 0x00, 0x00, 0xF1, 0xFF, 0x0C, 0x00, 0x00, 0x00, 0x00, 0x00, 0x00, 0x00, 0xC0,
    0xFF, 0x3F, 0x00, 0x00, 0x00, 0x00, 0x00, 0x00, 0x00, 0x50, 0xFF, 0xBF, 0x00, 0x00, 0x00, 0x00,
    0x00, 0x00, 0x00, 0x00, 0xFD, 0xFF, 0x07, 0x00, 0x00, 0x00, 0x00, 0x00, 0x00, 0x00, 0xF3, 0xFF,
    0x7F, 0x00, 0x00, 0x00, 0x00, 0x00, 0x00, 0x00, 0x60, 0xFF, 0xFF, 0x4C, 0x00, 0x00, 0x00, 0x40,
    0xA9, 0x00, 0x00, 0xF6, 0xFF, 0xFF, 0xBE, 0x99, 0xCA, 0xFF, 0xCF, 0x00, 0x00, 0x30, 0xFD, 0xFF,
    0xFF, 0xFF, 0xFF, 0xFF, 0xEF, 0x00, 0x00, 0x00, 0x50, 0xFC, 0xFF, 0xFF, 0xFF, 0xEF, 0x4A, 0x00,
    0x00, 0x00, 0x00, 0x10, 0x64, 0x77, 0x57, 0x02, 0x00, 0x30, 0x33, 0x33, 0x33, 0x33, 0x23, 0x00,
    0x00, 0x00, 0x00, 0x00, 0x00, 0xF2, 0xFF, 0xFF, 0xFF, 0xFF, 0xFF, 0xDF, 0x39, 0x00, 0x00, 0x00,
    0x00, 0xF2, 0xFF, 0xFF, 0xFF, 0xFF, 0xFF, 0xFF, 0xFF, 0x3C, 0x00, 0x00, 0x00, 0xF2, 0xFF, 0xEE,
    0xEE, 0xEE, 0xFE, 0xFF, 0xFF, 0xFF, 0x08, 0x00, 0x00, 0xF2, 0xFF, 0x04, 0x00, 0x00, 0x00, 0x61,
    0xFC, 0xFF, 0x9F, 0x00, 0x00, 0xF2, 0xFF, 0x04, 0x00, 0x00, 0x00, 0x00, 0x60, 0xFF, 0xFF, 0x06,
    0x00, 0xF2, 0xFF, 0x04, 0x00, 0x00, 0x00, 0x00, 0x00, 0xF5, 0xFF, 0x1F, 0x00, 0xF2, 0xFF, 0x04,
    0x00, 0x00, 0x00, 0x00, 0x00, 0x80, 0xFF, 0x9F, 0x00, 0xF2, 0xFF, 0x04, 0x00, 0x00, 0x00, 0x00,
    0x00, 0x00, 0xFF, 0xFF, 0x00, 0xF2, 0xFF, 0x04, 0x00, 0x00, 0x00, 0x00, 0x00, 0x00, 0xF9, 0xFF,
    0x04, 0xF2, 0xFF, 0x04, 0x00, 0x00, 0x00, 0x00, 0x00, 0x00, 0xF5, 0xFF, 0x07, 0xF2, 0xFF, 0x04,
    0x00, 0x00, 0x00, 0x00, 0x00, 0x00, 0xF2, 0xFF, 0x0A, 0xF2, 0xFF, 0x04, 0x00, 0x00, 0x00, 0x00,
    0x00, 0x00, 0xF0, 0xFF, 0x0B, 0xF2, 0xFF, 0x04, 0x00, 0x00, 0x00, 0x00, 0x00, 0x00, 0xF0, 0xFF,
    0x0B, 0xF2, 0xFF, 0x04, 0x00, 0x00, 0x00, 0x00, 0x00, 0x00, 0xF1, 0xFF, 0x0B, 0xF2, 0xFF, 0x04,
    0x00, 0x00, 0x00, 0x00, 0x00, 0x00, 0xF2, 0xFF, 0x09, 0xF2, 0xFF, 0x04, 0x00, 0x00, 0x00, 0x00,
    0x00, 0x00, 0xF6, 0xFF, 0x07, 0xF2, 0xFF, 0x04, 0x00, 0x00, 0x00, 0x00, 0x00, 0x00, 0xFA, 0xFF,
    0x03, 0xF2, 0xFF, 0x04, 0x00, 0x00, 0x00, 0x00, 0x00, 0x10, 0xFF, 0xEF, 0x00, 0xF2, 0xFF, 0x04,
    0x00, 0x00, 0x00, 0x00, 0x00, 0xA0, 0xFF, 0x7F, 0x00, 0xF2, 0xFF, 0x04, 0x00, 0x00, 0x00, 0x00,
    0x00, 0xF7, 0xFF, 0x0E, 0x00, 0xF2, 0xFF, 0x04, 0x00, 0x00, 0x00, 0x00, 0xA1, 0xFF, 0xFF, 0x04,
    0x00, 0xF2, 0xFF, 0x15, 0x11, 0x11, 0x21, 0x95, 0xFF, 0xFF, 0x6F, 0x00, 0x00, 0xF2, 0xFF, 0xFF,
    0xFF, 0xFF, 0xFF, 0xFF, 0xFF, 0xEF, 0x04, 0x00, 0x00, 0xF2, 0xFF, 0xFF, 0xFF, 0xFF, 0xFF, 0xFF,
    0xFF, 0x19, 0x00, 0x00, 0x00, 0xF2, 0xFF, 0xFF, 0xFF, 0xFF, 0xFF, 0xAD, 0x16, 0x00, 0x00, 0x00,
    0x00, 0x30, 0x33, 0x33, 0x33, 0x33, 0x33, 0x33, 0x33, 0x00, 0xF2, 0xFF, 0xFF, 0xFF, 0xFF, 0xFF,
    0xFF, 0xFF, 0x04, 0xF2, 0xFF, 0xFF, 0xFF, 0xFF, 0xFF, 0xFF, 0xFF, 0x04, 0xF2, 0xFF, 0xEE, 0xEE,
    0xEE, 0xEE, 0xEE, 0xEE, 0x03, 0xF2, 0xFF, 0x04, 0x00, 0x00, 0x00, 0x00, 0x00, 0x00, 0xF2, 0xFF,
    0x04, 0x00, 0x00, 0x00, 0x00, 0x00, 0x00, 0xF2, 0xFF, 0x04, 0x00, 0x00, 0x00, 0x00, 0x00, 0x00,
    0xF2, 0xFF, 0x04, 0x00, 0x00, 0x00, 0x00, 0x00, 0x00, 0xF2, 0xFF, 0x04, 0x00, 0x00, 0x00, 0x00,
    0x00, 0x00, 0xF2, 0xFF, 0x04, 0x00, 0x00, 0x00, 0x00, 0x00, 0x00, 0xF2, 0xFF, 0x04, 0x00, 0x00,
    0x00, 0x00, 0x00, 0x00, 0xF2, 0xFF, 0xBC, 0xBB, 0xBB, 0xBB, 0x9B, 0x00, 0x00, 0xF2, 0xFF, 0xFF,
    0xFF, 0xFF, 0xFF, 0xCF, 0x00, 0x00, 0xF2, 0xFF, 0xFF, 0xFF, 0xFF, 0xFF, 0xCF, 0x00, 0x00, 0xF2,
    0xFF, 0x69, 0x66, 0x66, 0x66, 0x46, 0x00, 0x00, 0xF2, 0xFF, 0x04, 0x00, 0x00, 0x00, 0x00, 0x00,
    0x00, 0xF2, 0xFF, 0x04, 0x00, 0x00, 0x00, 0x00, 0x00, 0x00, 0xF2, 0xFF, 0x04, 0x00, 0x00, 0x00,
    0x00, 0x00, 0x00, 0xF2, 0xFF, 0x04, 0x00, 0x00, 0x00, 0x00, 0x00, 0x00, 0xF2, 0xFF, 0x04, 0x00,
    0x00, 0x00, 0x00, 0x00, 0x00, 0xF2, 0xFF, 0x04, 0x00, 0x00, 0x00, 0x00, 0x00, 0x00, 0xF2, 0xFF,
    0x04, 0x00, 0x00, 0x00, 0x00, 0x00, 0x00, 0xF2, 0xFF, 0x15, 0x11, 0x11, 0x11, 0x11, 0x11, 0x00,
    0xF2, 0xFF, 0xFF, 0xFF, 0xFF, 0xFF, 0xFF, 0xFF, 0x09, 0xF2, 0xFF, 0xFF, 0xFF, 0xFF, 0xFF, 0xFF,
    0xFF, 0x09, 0xF2, 0xFF, 0xFF, 0xFF, 0xFF, 0xFF, 0xFF, 0xFF, 0x09, 0x30, 0x33, 0x33, 0x33, 0x33,
    0x33, 0x33, 0x33, 0x00, 0xF2, 0xFF, 0xFF, 0xFF, 0xFF, 0xFF, 0xFF, 0xFF, 0x04, 0xF2, 0xFF, 0xFF,
    0xFF, 0xFF, 0xFF, 0xFF, 0xFF, 0x04, 0xF2, 0xFF, 0xEE, 0xEE, 0xEE, 0xEE, 0xEE, 0xEE, 0x03, 0xF2,
    0xFF, 0x04, 0x00, 0x00, 0x00, 0x00, 0x00, 0x00, 0xF2, 0xFF, 0x04, 0x00, 0x00, 0x00, 0x00, 0x00,
    0x00, 0xF2, 0xFF, 0x04, 0x00, 0x00, 0x00, 0x00, 0x00, 0x00, 0xF2, 0xFF, 0x04, 0x00, 0x00, 0x00,
    0x00, 0x00, 0x00, 0xF2, 0xFF, 0x04, 0x00, 0x00, 0x00, 0x00, 0x00, 0x00, 0xF2, 0xFF, 0x04, 0x00,
    0x00, 0x00, 0x00, 0x00, 0x00, 0xF2, 0xFF, 0x04, 0x00, 0x00, 0x00, 0x00, 0x00, 0x00, 0xF2, 0xFF,
    0xBC, 0xBB, 0xBB, 0xBB, 0x5B, 0x00, 0x00, 0xF2, 0xFF, 0xFF, 0xFF, 0xFF, 0xFF, 0x8F, 0x00, 0x00,
    0xF2, 0xFF, 0xFF, 0xFF, 0xFF, 0xFF, 0x8F, 0x00, 0x00, 0xF2, 0xFF, 0x69, 0x66, 0x66, 0x66, 0x36,
    0x00, 0x00, 0xF2, 0xFF, 0x04, 0x00, 0x00, 0x00, 0x00, 0x00, 0x00, 0xF2, 0xFF, 0x04, 0x00, 0x00,
    0x00, 0x00, 0x00, 0x00, 0xF2, 0xFF, 0x04, 0x00, 0x00, 0x00, 0x00, 0x00, 0x00, 0xF2, 0xFF, 0x04,
    0x00, 0x00, 0x00, 0x00, 0x00, 0x00, 0xF2, 0xFF, 0x04, 0x00, 0x00, 0x00, 0x00, 0x00, 0x00, 0xF2,
    0xFF, 0x04, 0x00, 0x00, 0x00, 0x00, 0x00, 0x00, 0xF2, 0xFF, 0x04, 0x00, 0x00, 0x00, 0x00, 0x00,
    0x00, 0xF2, 0xFF, 0x04, 0x00, 0x00, 0x00, 0x00, 0x00, 0x00, 0xF2, 0xFF, 0x04, 0x00, 0x00, 0x00,
    0x00, 0x00, 0x00, 0xF2, 0xFF, 0x04, 0x00, 0x00, 0x00, 0x00, 0x00, 0x00, 0xF2, 0xFF, 0x04, 0x00,
    0x00, 0x00, 0x00, 0x00, 0x00, 0x00, 0x00, 0x00, 0x00, 0x30, 0x96, 0xBA, 0x9A, 0x37, 0x00, 0x00,
    0x00, 0x00, 0x00, 0x70, 0xFE, 0xFF, 0xFF, 0xFF, 0xFF, 0xAF, 0x03, 0x00, 0x00, 0x50, 0xFE, 0xFF,
    0xFF, 0xFF, 0xFF, 0xFF, 0xFF, 0x07, 0x00, 0x00, 0xF8, 0xFF, 0xFF, 0x8C, 0x66, 0x86, 0xEA, 0xFF,
    0x05, 0x00, 0x80, 0xFF, 0xFF, 0x19, 0x00, 0x00, 0x00, 0x00, 0x72, 0x02, 0x00, 0xF4, 0xFF, 0x4F,
    0x00, 0x00, 0x00, 0x00, 0x00, 0x00, 0x00, 0x00, 0xFE, 0xFF, 0x04, 0x00, 0x00, 0x00, 0x00, 0x00,
    0x00, 0x00, 0x70, 0xFF, 0x9F, 0x00, 0x00, 0x00, 0x00, 0x00, 0x00, 0x00, 0x00, 0xD0, 0xFF, 0x1F,
    0x00, 0x00, 0x00, 0x00, 0x00, 0x00, 0x00, 0x00, 0xF2, 0xFF, 0x0B, 0x00, 0x00, 0x00, 0x00, 0x00,
    0x00, 0x00, 0x00, 0xF5, 0xFF, 0x07, 0x00, 0x00, 0x00, 0x00, 0x00, 0x00, 0x00, 0x00, 0xF7, 0xFF,
    0x04, 0x00, 0x00, 0x00, 0x00, 0x00, 0x00, 0x00, 0x00, 0xF9, 0xFF, 0x02, 0x00, 0x00, 0x00, 0x00,
    0x00, 0x00, 0x00, 0x00, 0xF9, 0xFF, 0x02, 0x00, 0x00, 0x00, 0x00, 0xAA, 0xAA, 0xAA, 0x3A, 0xF8,
    0xFF, 0x02, 0x00, 0x00, 0x00, 0x00, 0xFF, 0xFF, 0xFF, 0x5F, 0xF7, 0xFF, 0x04, 0x00, 0x00, 0x00,
    0x00, 0xFF, 0xFF, 0xFF, 0x5F, 0xF4, 0xFF, 0x07, 0x00, 0x00, 0x00, 0x00, 0x77, 0x77, 0xFF, 0x5F,
    0xF1, 0xFF, 0x0C, 0x00, 0x00, 0x00, 0x00, 0x00, 0x10, 0xFF, 0x5F, 0xC0, 0xFF, 0x2F, 0x00, 0x00,
    0x00, 0x00, 0x00, 0x10, 0xFF, 0x5F, 0x60, 0xFF, 0xBF, 0x00, 0x00, 0x00, 0x00, 0x00, 0x10, 0xFF,
    0x5F, 0x00, 0xFD, 0xFF, 0x07, 0x00, 0x00, 0x00, 0x00, 0x10, 0xFF, 0x5F, 0x00, 0xF3, 0xFF, 0x7F,
    0x00, 0x00, 0x00, 0x00, 0x10, 0xFF, 0x5F, 0x00, 0x70, 0xFF, 0xFF, 0x5C, 0x00, 0x00, 0x00, 0x20,
    0xFF, 0x5F, 0x00, 0x00, 0xF7, 0xFF, 0xFF, 0xCF, 0x9A, 0xBA, 0xFD, 0xFF, 0x5F, 0x00, 0x00, 0x40,
    0xFE, 0xFF, 0xFF, 0xFF, 0xFF, 0xFF, 0xFF, 0x3F, 0x00, 0x00, 0x00, 0x60, 0xFC, 0xFF, 0xFF, 0xFF,
    0xFF, 0x6B, 0x00, 0x00, 0x00, 0x00, 0x00, 0x10, 0x75, 0x77, 0x56, 0x03, 0x00, 0x00, 0x30, 0x33,
    0x00, 0x00, 0x00, 0x00, 0x00, 0x00, 0x20, 0x33, 0x01, 0xF2, 0xFF, 0x04, 0x00, 0x00, 0x00, 0x00,
    0x00, 0xE0, 0xFF, 0x08, 0xF2, 0xFF, 0x04, 0x00, 0x00, 0x00, 0x00, 0x00, 0xE0, 0xFF, 0x08, 0xF2,
    0xFF, 0x04, 0x00, 0x00, 0x00, 0x00, 0x00, 0xE0, 0xFF, 0x08, 0xF2, 0xFF, 0x04, 0x00, 0x00, 0x00,
    0x00, 0x00, 0xE0, 0xFF, 0x08, 0xF2, 0xFF, 0x04, 0x00, 0x00, 0x00, 0x00, 0x00, 0xE0, 0xFF, 0x08,
    0xF2, 0xFF, 0x04, 0x00, 0x00, 0x00, 0x00, 0x00, 0xE0, 0xFF, 0x08, 0xF2, 0xFF, 0x04, 0x00, 0x00,
    0x00, 0x00, 0x00, 0xE0, 0xFF, 0x08, 0xF2, 0xFF, 0x04, 0x00, 0x00, 0x00, 0x00, 0x00, 0xE0, 0xFF,
    0x08, 0xF2, 0xFF, 0x04, 0x00, 0x00, 0x00, 0x00, 0x00, 0xE0, 0xFF, 0x08, 0xF2, 0xFF, 0x04, 0x00,
    0x00, 0x00, 0x00, 0x00, 0xE0, 0xFF, 0x08, 0xF2, 0xFF, 0xCD, 0xCC, 0xCC, 0xCC, 0xCC, 0xCC, 0xFC,
    0xFF, 0x08, 0xF2, 0xFF, 0xFF, 0xFF, 0xFF, 0xFF, 0xFF, 0xFF, 0xFF, 0xFF, 0x08, 0xF2, 0xFF, 0xFF,
    0xFF, 0xFF, 0xFF, 0xFF, 0xFF, 0xFF, 0xFF, 0x08, 0xF2, 0xFF, 0x79, 0x77, 0x77, 0x77, 0x77, 0x77,
    0xF7, 0xFF, 0x08, 0xF2, 0xFF, 0x04, 0x00, 0x00, 0x00, 0x00, 0x00, 0xE0, 0xFF, 0x08, 0xF2, 0xFF,
    0x04, 0x00, 0x00, 0x00, 0x00, 0x00, 0xE0, 0xFF, 0x08, 0xF2, 0xFF, 0x04, 0x00, 0x00, 0x00, 0x00,
    0x00, 0xE0, 0xFF, 0x08, 0xF2, 0xFF, 0x04, 0x00, 0x00, 0x00, 0x00, 0x00, 0xE0, 0xFF, 0x08, 0xF2,
    0xFF, 0x04, 0x00, 0x00, 0x00, 0x00, 0x00, 0xE0, 0xFF, 0x08, 0xF2, 0xFF, 0x04, 0x00, 0x00, 0x00,
    0x00, 0x00, 0xE0, 0xFF, 0x08, 0xF2, 0xFF, 0x04, 0x00, 0x00, 0x00, 0x00, 0x00, 0xE0, 0xFF, 0x08,
    0xF2, 0xFF, 0x04, 0x00, 0x00, 0x00, 0x00, 0x00, 0xE0, 0xFF, 0x08, 0xF2, 0xFF, 0x04, 0x00, 0x00,
    0x00, 0x00, 0x00, 0xE0, 0xFF, 0x08, 0xF2, 0xFF, 0x04, 0x00, 0x00, 0x00, 0x00, 0x00, 0xE0, 0xFF,
    0x08, 0xF2, 0xFF, 0x04, 0x00, 0x00, 0x00, 0x00, 0x00, 0xE0, 0xFF, 0x08, 0x30, 0x33, 0x00, 0xF2,
    0xFF, 0x04, 0xF2, 0xFF, 0x04, 0xF2, 0xFF, 0x04, 0xF2, 0xFF, 0x04, 0xF2, 0xFF, 0x04, 0xF2, 0xFF,
    0x04, 0xF2, 0xFF, 0x04, 0xF2, 0xFF, 0x04, 0xF2, 0xFF, 0x04, 0xF2, 0xFF, 0x04, 0xF2, 0xFF, 0x04,
    0xF2, 0xFF, 0x04, 0xF2, 0xFF, 0x04, 0xF2, 0xFF, 0x04, 0xF2, 0xFF, 0x04, 0xF2, 0xFF, 0x04, 0xF2,
    0xFF, 0x04, 0xF2, 0xFF, 0x04, 0xF2, 0xFF, 0x04, 0xF2, 0xFF, 0x04, 0xF2, 0xFF, 0x04, 0xF2, 0xFF,
    0x04, 0xF2, 0xFF, 0x04, 0xF2, 0xFF, 0x04, 0xF2, 0xFF, 0x04, 0x00, 0x00, 0x33, 0x03, 0x00, 0x20,
    0xFF, 0x4F, 0x00, 0x20, 0xFF, 0x4F, 0x00, 0x20, 0xFF, 0x4F, 0x00, 0x20, 0xFF, 0x4F, 0x00, 0x20,
    0xFF, 0x4F, 0x00, 0x20, 0xFF, 0x4F, 0x00, 0x20, 0xFF, 0x4F, 0x00, 0x20, 0xFF, 0x4F, 0x00, 0x20,
    0xFF, 0x4F, 0x00, 0x20, 0xFF, 0x4F, 0x00, 0x20, 0xFF, 0x4F, 0x00, 0x20, 0xFF, 0x4F, 0x00, 0x20,
    0xFF, 0x4F, 0x00, 0x20, 0xFF, 0x4F, 0x00, 0x20, 0xFF, 0x4F, 0x00, 0x20, 0xFF, 0x4F, 0x00, 0x20,
    0xFF, 0x4F, 0x00, 0x20, 0xFF, 0x4F, 0x00, 0x20, 0xFF, 0x4F, 0x00, 0x20, 0xFF, 0x4F, 0x00, 0x20,
    0xFF, 0x4F, 0x00, 0x20, 0xFF, 0x4F, 0x00, 0x20, 0xFF, 0x4F, 0x00, 0x20, 0xFF, 0x4F, 0x00, 0x20,
    0xFF, 0x4F, 0x00, 0x30, 0xFF, 0x4F, 0x00, 0x60, 0xFF, 0x3F, 0x00, 0xE3, 0xFF, 0x1F, 0xE8, 0xFF,
    0xFF, 0x0C, 0xF8, 0xFF, 0xFF, 0x03, 0xF5, 0xFF, 0x3B, 0x00, 0x30, 0x02, 0x00, 0x00, 0x30, 0x33,
    0x00, 0x00, 0x00, 0x00, 0x00, 0x33, 0x33, 0x00, 0xF2, 0xFF, 0x04, 0x00, 0x00, 0x00, 0x90, 0xFF,
    0x8F, 0x00, 0xF2, 0xFF, 0x04, 0x00, 0x00, 0x00, 0xF5, 0xFF, 0x0B, 0x00, 0xF2, 0xFF, 0x04, 0x00,
    0x00, 0x20, 0xFF, 0xDF, 0x01, 0x00, 0xF2, 0xFF, 0x04, 0x00, 0x00, 0xD1, 0xFF, 0x2F, 0x00, 0x00,
    0xF2, 0xFF, 0x04, 0x00, 0x00, 0xFB, 0xFF, 0x04, 0x00, 0x00, 0xF2, 0xFF, 0x04, 0x00, 0x80, 0xFF,
    0x7F, 0x00, 0x00, 0x00, 0xF2, 0xFF, 0x04, 0x00, 0xF4, 0xFF, 0x0A, 0x00, 0x00, 0x00, 0xF2, 0xFF,
    0x04, 0x20, 0xFF, 0xDF, 0x00, 0x00, 0x00, 0x00, 0xF2, 0xFF, 0x04, 0xD0, 0xFF, 0x2E, 0x00, 0x00,
    0x00, 0x00, 0xF2, 0xFF, 0x04, 0xFA, 0xFF, 0x04, 0x00, 0x00, 0x00, 0x00, 0xF2, 0xFF, 0x74, 0xFF,
    0x6F, 0x00, 0x00, 0x00, 0x00, 0x00, 0xF2, 0xFF, 0xF7, 0xFF, 0x0C, 0x00, 0x00, 0x00, 0x00, 0x00,
    0xF2, 0xFF, 0xB4, 0xFF, 0x3F, 0x00, 0x00, 0x00, 0x00, 0x00, 0xF2, 0xFF, 0x14, 0xFE, 0xDF, 0x00,
    0x00, 0x00, 0x00, 0x00, 0xF2, 0xFF, 0x04, 0xF5, 0xFF, 0x0A, 0x00, 0x00, 0x00, 0x00, 0xF2, 0xFF,
    0x04, 0xA0, 0xFF, 0x6F, 0x00, 0x00, 0x00, 0x00, 0xF2, 0xFF, 0x04, 0x10, 0xFE, 0xFF, 0x02, 0x00,
    0x00, 0x00, 0xF2, 0xFF, 0x04, 0x00, 0xF4, 0xFF, 0x0C, 0x00, 0x00, 0x00, 0xF2, 0xFF, 0x04, 0x00,
    0x80, 0xFF, 0x8F, 0x00, 0x00, 0x00, 0xF2, 0xFF, 0x04, 0x00, 0x00, 0xFD, 0xFF, 0x04, 0x00, 0x00,
    0xF2, 0xFF, 0x04, 0x00, 0x00, 0xF2, 0xFF, 0x1E, 0x00, 0x00, 0xF2, 0xFF, 0x04, 0x00, 0x00, 0x70,
    0xFF, 0xBF, 0x00, 0x00, 0xF2, 0xFF, 0x04, 0x00, 0x00, 0x00, 0xFC, 0xFF, 0x06, 0x00, 0xF2, 0xFF,
    0x04, 0x00, 0x00, 0x00, 0xF2, 0xFF, 0x2F, 0x00, 0xF2, 0xFF, 0x04, 0x00, 0x00, 0x00, 0x50, 0xFF,
    0xDF, 0x00, 0x30, 0x33, 0x00, 0x00, 0x00, 0x00, 0x00, 0x00, 0xF2, 0xFF, 0x04, 0x00, 0x00, 0x00,
    0x00, 0x00, 0xF2, 0xFF, 0x04, 0x00, 0x00, 0x00, 0x00, 0x00, 0xF2, 0xFF, 0x04, 0x00, 0x00, 0x00,
    0x00, 0x00, 0xF2, 0xFF, 0x04, 0x00, 0x00, 0x00, 0x00, 0x00, 0xF2, 0xFF, 0x04, 0x00, 0x00, 0x00,
    0x00, 0x00, 0xF2, 0xFF, 0x04, 0x00, 0x00, 0x00, 0x00, 0x00, 0xF2, 0xFF, 0x04, 0x00, 0x00, 0x00,
    0x00, 0x00, 0xF2, 0xFF, 0x04, 0x00, 0x00, 0x00, 0x00, 0x00, 0xF2, 0xFF, 0x04, 0x00, 0x00, 0x00,
    0x00, 0x00, 0xF2, 0xFF, 0x04, 0x00, 0x00, 0x00, 0x00, 0x00, 0xF2, 0xFF, 0x04, 0x00, 0x00, 0x00,
    0x00, 0x00, 0xF2, 0xFF, 0x04, 0x00, 0x00, 0x00, 0x00, 0x00, 0xF2, 0xFF, 0x04, 0x00, 0x00, 0x00,
    0x00, 0x00, 0xF2, 0xFF, 0x04, 0x00, 0x00, 0x00, 0x00, 0x00, 0xF2, 0xFF, 0x04, 0x00, 0x00, 0x00,
    0x00, 0x00, 0xF2, 0xFF, 0x04, 0x00, 0x00, 0x00, 0x00, 0x00, 0xF2, 0xFF, 0x04, 0x00, 0x00, 0x00,
    0x00, 0x00, 0xF2, 0xFF, 0x04, 0x00, 0x00, 0x00, 0x00, 0x00, 0xF2, 0xFF, 0x04, 0x00, 0x00, 0x00,
    0x00, 0x00, 0xF2, 0xFF, 0x04, 0x00, 0x00, 0x00, 0x00, 0x00, 0xF2, 0xFF, 0x04, 0x00, 0x00, 0x00,
    0x00, 0x00, 0xF2, 0xFF, 0x15, 0x11, 0x11, 0x11, 0x11, 0x11, 0xF2, 0xFF, 0xFF, 0xFF, 0xFF, 0xFF,
    0xFF, 0xDF, 0xF2, 0xFF, 0xFF, 0xFF, 0xFF, 0xFF, 0xFF, 0xDF, 0xF2, 0xFF, 0xFF, 0xFF, 0xFF, 0xFF,
    0xFF, 0xDF, 0x00, 0x00, 0x32, 0x03, 0x00, 0x00, 0x00, 0x00, 0x00, 0x00, 0x32, 0x03, 0x00, 0x00,
    0x00, 0x00, 0xFF, 0x6F, 0x00, 0x00, 0x00, 0x00, 0x00, 0x20, 0xFF, 0x4F, 0x00, 0x00, 0x00, 0x10,
    0xFF, 0xEF, 0x00, 0x00, 0x00, 0x00, 0x00, 0xB0, 0xFF, 0x6F, 0x00, 0x00, 0x00, 0x40, 0xFF, 0xFF,
    0x07, 0x00, 0x00, 0x00, 0x00, 0xF3, 0xFF, 0x8F, 0x00, 0x00, 0x00, 0x60, 0xFF, 0xFF, 0x1E, 0x00,
    0x00, 0x00, 0x00, 0xFB, 0xFF, 0xAF, 0x00, 0x00, 0x00, 0x80, 0xFF, 0xFF, 0x8F, 0x00, 0x00, 0x00,
    0x40, 0xFF, 0xFF, 0xCF, 0x00, 0x00, 0x00, 0xA0, 0xFF, 0xFF, 0xFF, 0x01, 0x00, 0x00, 0xC0, 0xFF,
    0xFF, 0xEF, 0x00, 0x00, 0x00, 0xC0, 0xFF, 0xEB, 0xFF, 0x09, 0x00, 0x00, 0xF4, 0xFF, 0xFA, 0xFF,
    0x00, 0x00, 0x00, 0xE0, 0xFF, 0x78, 0xFF, 0x2F, 0x00, 0x00, 0xFD, 0xBF, 0xF4, 0xFF, 0x02, 0x00,
    0x00, 0xF1, 0xFF, 0x06, 0xFE, 0xAF, 0x00, 0x50, 0xFF, 0x3F, 0xF2, 0xFF, 0x05, 0x00, 0x00, 0xF3,
    0xFF, 0x04, 0xF6, 0xFF, 0x02, 0xD0, 0xFF, 0x0A, 0xF0, 0xFF, 0x07, 0x00, 0x00, 0xF5, 0xFF, 0x02,
    0xD0, 0xFF, 0x0B, 0xF6, 0xFF, 0x02, 0xE0, 0xFF, 0x09, 0x00, 0x00, 0xF7, 0xFF, 0x00, 0x50, 0xFF,
    0x4F, 0xFE, 0xAF, 0x00, 0xC0, 0xFF, 0x0B, 0x00, 0x00, 0xF9, 0xEF, 0x00, 0x00, 0xFC, 0xFF, 0xFF,
    0x2F, 0x00, 0xA0, 0xFF, 0x0D, 0x00, 0x00, 0xFB, 0xCF, 0x00, 0x00, 0xF4, 0xFF, 0xFF, 0x09, 0x00,
    0x80, 0xFF, 0x0F, 0x00, 0x00, 0xFD, 0xAF, 0x00, 0x00, 0xB0, 0xFF, 0xFF, 0x01, 0x00, 0x60, 0xFF,
    0x1F, 0x00, 0x00, 0xFF, 0x8F, 0x00, 0x00, 0x30, 0xFF, 0x8F, 0x00, 0x00, 0x40, 0xFF, 0x3F, 0x00,
    0x20, 0xFF, 0x6F, 0x00, 0x00, 0x00, 0xFA, 0x1F, 0x00, 0x00, 0x20, 0xFF, 0x6F, 0x00, 0x40, 0xFF,
    0x4F, 0x00, 0x00, 0x00, 0xF2, 0x07, 0x00, 0x00, 0x00, 0xFF, 0x8F, 0x00, 0x60, 0xFF, 0x2F, 0x00,
    0x00, 0x00, 0x80, 0x00, 0x00, 0x00, 0x00, 0xFE, 0xAF, 0x00, 0x80, 0xFF, 0x0F, 0x00, 0x00, 0x00,
    0x00, 0x00, 0x00, 0x00, 0x00, 0xFC, 0xCF, 0x00, 0xA0, 0xFF, 0x0E, 0x00, 0x00, 0x00, 0x00, 0x00,
    0x00, 0x00, 0x00, 0xFA, 0xEF, 0x00, 0xC0, 0xFF, 0x0C, 0x00, 0x00, 0x00, 0x00, 0x00, 0x00, 0x00,
    0x00, 0xF8, 0xFF, 0x00, 0xE0, 0xFF, 0x0A, 0x00, 0x00, 0x00, 0x00, 0x00, 0x00, 0x00, 0x00, 0xF6,
    0xFF, 0x02, 0xF1, 0xFF, 0x08, 0x00, 0x00, 0x00, 0x00, 0x00, 0x00, 0x00, 0x00, 0xF4, 0xFF, 0x04,
    0xF3, 0xFF, 0x06, 0x00, 0x00, 0x00, 0x00, 0x00, 0x00, 0x00, 0x00, 0xF2, 0xFF, 0x07, 0x30, 0x33,
    0x02, 0x00, 0x00, 0x00, 0x00, 0x00, 0x30, 0x33, 0x01, 0xF2, 0xFF, 0x1F, 0x00, 0x00, 0x00, 0x00,
    0x00, 0xF0, 0xFF, 0x07, 0xF2, 0xFF, 0xBF, 0x00, 0x00, 0x00, 0x00, 0x00, 0xF0, 0xFF, 0x07, 0xF2,
    0xFF, 0xFF, 0x06, 0x00, 0x00, 0x00, 0x00, 0xF0, 0xFF, 0x07, 0xF2, 0xFF, 0xFF, 0x1F, 0x00, 0x00,
    0x00, 0x00, 0xF0, 0xFF, 0x07, 0xF2, 0xFF, 0xFF, 0xBF, 0x00, 0x00, 0x00, 0x00, 0xF0, 0xFF, 0x07,
    0xF2, 0xFF, 0xFB, 0xFF, 0x05, 0x00, 0x00, 0x00, 0xF0, 0xFF, 0x07, 0xF2, 0xFF, 0xC4, 0xFF, 0x1E,
    0x00, 0x00, 0x00, 0xF0, 0xFF, 0x07, 0xF2, 0xFF, 0x24, 0xFF, 0xAF, 0x00, 0x00, 0x00, 0xF0, 0xFF,
    0x07, 0xF2, 0xFF, 0x04, 0xF7, 0xFF, 0x05, 0x00, 0x00, 0xF0, 0xFF, 0x07, 0xF2, 0xFF, 0x04, 0xC0,
    0xFF, 0x1E, 0x00, 0x00, 0xF0, 0xFF, 0x07, 0xF2, 0xFF, 0x04, 0x20, 0xFF, 0xAF, 0x00, 0x00, 0xF0,
    0xFF, 0x07, 0xF2, 0xFF, 0x04, 0x00, 0xF7, 0xFF, 0x04, 0x00, 0xF0, 0xFF, 0x07, 0xF2, 0xFF, 0x04,
    0x00, 0xC0, 0xFF, 0x1E, 0x00, 0xF0, 0xFF, 0x07, 0xF2, 0xFF, 0x04, 0x00, 0x20, 0xFF, 0x9F, 0x00,
    0xF0, 0xFF, 0x07, 0xF2, 0xFF, 0x04, 0x00, 0x00, 0xF7, 0xFF, 0x04, 0xF0, 0xFF, 0x07, 0xF2, 0xFF,
    0x04, 0x00, 0x00, 0xC0, 0xFF, 0x0E, 0xF0, 0xFF, 0x07, 0xF2, 0xFF, 0x04, 0x00, 0x00, 0x20, 0xFF,
    0x9F, 0xF0, 0xFF, 0x07, 0xF2, 0xFF, 0x04, 0x00, 0x00, 0x00, 0xF7, 0xFF, 0xF4, 0xFF, 0x07, 0xF2,
    0xFF, 0x04, 0x00, 0x00, 0x00, 0xC0, 0xFF, 0xFD, 0xFF, 0x07, 0xF2, 0xFF, 0x04, 0x00, 0x00, 0x00,
    0x20, 0xFF, 0xFF, 0xFF, 0x07, 0xF2, 0xFF, 0x04, 0x00, 0x00, 0x00, 0x00, 0xF7, 0xFF, 0xFF, 0x07,
    0xF2, 0xFF, 0x04, 0x00, 0x00, 0x00, 0x00, 0xC0, 0xFF, 0xFF, 0x07, 0xF2, 0xFF, 0x04, 0x00, 0x00,
    0x00, 0x00, 0x20, 0xFF, 0xFF, 0x07, 0xF2, 0xFF, 0x04, 0x00, 0x00, 0x00, 0x00, 0x00, 0xF7, 0xFF,
    0x07, 0xF2, 0xFF, 0x04, 0x00, 0x00, 0x00, 0x00, 0x00, 0xC0, 0xFF, 0x07, 0x00, 0x00, 0x00, 0x00,
    0x40, 0xA8, 0xAB, 0x79, 0x03, 0x00, 0x00, 0x00, 0x00, 0x00, 0x00, 0x00, 0x92, 0xFF, 0xFF, 0xFF,
    0xFF, 0xEF, 0x07, 0x00, 0x00, 0x00, 0x00, 0x00, 0x70, 0xFF, 0xFF, 0xFF, 0xFF, 0xFF, 0xFF, 0xEF,
    0x04, 0x00, 0x00, 0x00, 0x00, 0xFA, 0xFF, 0xFF, 0xBD, 0xA9, 0xEB, 0xFF, 0xFF, 0x6F, 0x00, 0x00,
    0x00, 0xA0, 0xFF, 0xFF, 0x2A, 0x00, 0x00, 0x00, 0xC4, 0xFF, 0xFF, 0x05, 0x00, 0x00, 0xF6, 0xFF,
    0x5F, 0x00, 0x00, 0x00, 0x00, 0x00, 0xF8, 0xFF, 0x2F, 0x00, 0x00, 0xFE, 0xFF, 0x04, 0x00, 0x00,
    0x00, 0x00, 0x00, 0x90, 0xFF, 0xBF, 0x00, 0x70, 0xFF, 0x9F, 0x00, 0x00, 0x00, 0x00, 0x00, 0x00,
    0x00, 0xFD, 0xFF, 0x02, 0xD0, 0xFF, 0x1F, 0x00, 0x00, 0x00, 0x00, 0x00, 0x00, 0x00, 0xF5, 0xFF,
    0x08, 0xF1, 0xFF, 0x0B, 0x00, 0x00, 0x00, 0x00, 0x00, 0x00, 0x00, 0xF0, 0xFF, 0x0D, 0xF5, 0xFF,
    0x07, 0x00, 0x00, 0x00, 0x00, 0x00, 0x00, 0x00, 0xB0, 0xFF, 0x0F, 0xF7, 0xFF, 0x04, 0x00, 0x00,
    0x00, 0x00, 0x00, 0x00, 0x00, 0x80, 0xFF, 0x2F, 0xF8, 0xFF, 0x02, 0x00, 0x00, 0x00, 0x00, 0x00,
    0x00, 0x00, 0x60, 0xFF, 0x4F, 0xF8, 0xFF, 0x01, 0x00, 0x00, 0x00, 0x00, 0x00, 0x00, 0x00, 0x60,
    0xFF, 0x4F, 0xF8, 0xFF, 0x02, 0x00, 0x00, 0x00, 0x00, 0x00, 0x00, 0x00, 0x70, 0xFF, 0x3F, 0xF7,
    0xFF, 0x04, 0x00, 0x00, 0x00, 0x00, 0x00, 0x00, 0x00, 0x90, 0xFF, 0x2F, 0xF4, 0xFF, 0x07, 0x00,
    0x00, 0x00, 0x00, 0x00, 0x00, 0x00, 0xC0, 0xFF, 0x0F, 0xF1, 0xFF, 0x0C, 0x00, 0x00, 0x00, 0x00,
    0x00, 0x00, 0x00, 0xF1, 0xFF, 0x0C, 0xC0, 0xFF, 0x2F, 0x00, 0x00, 0x00, 0x00, 0x00, 0x00, 0x00,
    0xF7, 0xFF, 0x07, 0x50, 0xFF, 0xBF, 0x00, 0x00, 0x00, 0x00, 0x00, 0x00, 0x10, 0xFE, 0xFF, 0x01,
    0x00, 0xFD, 0xFF, 0x07, 0x00, 0x00, 0x00, 0x00, 0x00, 0xB0, 0xFF, 0x9F, 0x00, 0x00, 0xF3, 0xFF,
    0x8F, 0x00, 0x00, 0x00, 0x00, 0x10, 0xFB, 0xFF, 0x1E, 0x00, 0x00, 0x70, 0xFF, 0xFF, 0x6D, 0x01,
    0x00, 0x20, 0xE7, 0xFF, 0xFF, 0x03, 0x00, 0x00, 0x00, 0xF7, 0xFF, 0xFF, 0xEF, 0xDD, 0xFE, 0xFF,
    0xFF, 0x3E, 0x00, 0x00, 0x00, 0x00, 0x40, 0xFE, 0xFF, 0xFF, 0xFF, 0xFF, 0xFF, 0xBF, 0x02, 0x00,
    0x00, 0x00, 0x00, 0x00, 0x60, 0xFC, 0xFF, 0xFF, 0xFF, 0xBF, 0x04, 0x00, 0x00, 0x00, 0x00, 0x00,
    0x00, 0x00, 0x10, 0x74, 0x77, 0x46, 0x00, 0x00, 0x00, 0x00, 0x00, 0x30, 0x33, 0x33, 0x33, 0x33,
    0x02, 0x00, 0x00, 0x00, 0xF2, 0xFF, 0xFF, 0xFF, 0xFF, 0xFF, 0x7C, 0x00, 0x00, 0xF2, 0xFF, 0xFF,
    0xFF, 0xFF, 0xFF, 0xFF, 0x3E, 0x00, 0xF2, 0xFF, 0xDE, 0xDD, 0xED, 0xFF, 0xFF, 0xFF, 0x02, 0xF2,
    0xFF, 0x07, 0x00, 0x00, 0x40, 0xFC, 0xFF, 0x0C, 0xF2, 0xFF, 0x07, 0x00, 0x00, 0x00, 0xC0, 0xFF,
    0x3F, 0xF2, 0xFF, 0x07, 0x00, 0x00, 0x00, 0x30, 0xFF, 0x8F, 0xF2, 0xFF, 0x07, 0x00, 0x00, 0x00,
    0x00, 0xFE, 0xAF, 0xF2, 0xFF, 0x07, 0x00, 0x00, 0x00, 0x00, 0xFD, 0xBF, 0xF2, 0xFF, 0x07, 0x00,
    0x00, 0x00, 0x00, 0xFD, 0xBF, 0xF2, 0xFF, 0x07, 0x00, 0x00, 0x00, 0x00, 0xFE, 0xAF, 0xF2, 0xFF,
    0x07, 0x00, 0x00, 0x00, 0x30, 0xFF, 0x7F, 0xF2, 0xFF, 0x07, 0x00, 0x00, 0x00, 0xC0, 0xFF, 0x3F,
    0xF2, 0xFF, 0x07, 0x00, 0x00, 0x50, 0xFD, 0xFF, 0x0B, 0xF2, 0xFF, 0xEF, 0xEE, 0xEE, 0xFF, 0xFF,
    0xEF, 0x02, 0xF2, 0xFF, 0xFF, 0xFF, 0xFF, 0xFF, 0xFF, 0x2D, 0x00, 0xF2, 0xFF, 0xFF, 0xFF, 0xFF,
    0xFF, 0x6B, 0x00, 0x00, 0xF2, 0xFF, 0x39, 0x33, 0x23, 0x01, 0x00, 0x00, 0x00, 0xF2, 0xFF, 0x07,
    0x00, 0x00, 0x00, 0x00, 0x00, 0x00, 0xF2, 0xFF, 0x07, 0x00, 0x00, 0x00, 0x00, 0x00, 0x00, 0xF2,
    0xFF, 0x07, 0x00, 0x00, 0x00, 0x00, 0x00, 0x00, 0xF2, 0xFF, 0x07, 0x00, 0x00, 0x00, 0x00, 0x00,
    0x00, 0xF2, 0xFF, 0x07, 0x00, 0x00, 0x00, 0x00, 0x00, 0x00, 0xF2, 0xFF, 0x07, 0x00, 0x00, 0x00,
    0x00, 0x00, 0x00, 0xF2, 0xFF, 0x07, 0x00, 0x00, 0x00, 0x00, 0x00, 0x00, 0xF2, 0xFF, 0x07, 0x00,
    0x00, 0x00, 0x00, 0x00, 0x00, 0x00, 0x00, 0x00, 0x00, 0x40, 0xA8, 0xAB, 0x79, 0x03, 0x00, 0x00,
    0x00, 0x00, 0x00, 0x00, 0x00, 0x92, 0xFF, 0xFF, 0xFF, 0xFF, 0xEF, 0x07, 0x00, 0x00, 0x00, 0x00,
    0x00, 0x70, 0xFF, 0xFF, 0xFF, 0xFF, 0xFF, 0xFF, 0xEF, 0x04, 0x00, 0x00, 0x00, 0x00, 0xFA, 0xFF,
    0xFF, 0xBD, 0xA9, 0xEB, 0xFF, 0xFF, 0x6F, 0x00, 0x00, 0x00, 0xA0, 0xFF, 0xFF, 0x2A, 0x00, 0x00,
    0x00, 0xC4, 0xFF, 0xFF, 0x05, 0x00, 0x00, 0xF6, 0xFF, 0x5F, 0x00, 0x00, 0x00, 0x00, 0x00, 0xF8,
    0xFF, 0x2F, 0x00, 0x00, 0xFE, 0xFF, 0x04, 0x00, 0x00, 0x00, 0x00, 0x00, 0x90, 0xFF, 0xBF, 0x00,
    0x70, 0xFF, 0x9F, 0x00, 0x00, 0x00, 0x00, 0x00, 0x00, 0x00, 0xFD, 0xFF, 0x02, 0xD0, 0xFF, 0x1F,
    0x00, 0x00, 0x00, 0x00, 0x00, 0x00, 0x00, 0xF5, 0xFF, 0x08, 0xF1, 0xFF, 0x0B, 0x00, 0x00, 0x00,
    0x00, 0x00, 0x00, 0x00, 0xF0, 0xFF, 0x0D, 0xF5, 0xFF, 0x07, 0x00, 0x00, 0x00, 0x00, 0x00, 0x00,
    0x00, 0xB0, 0xFF, 0x0F, 0xF7, 0xFF, 0x04, 0x00, 0x00, 0x00, 0x00, 0x00, 0x00, 0x00, 0x80, 0xFF,
    0x2F, 0xF8, 0xFF, 0x02, 0x00, 0x00, 0x00, 0x00, 0x00, 0x00, 0x00, 0x60, 0xFF, 0x4F, 0xF8, 0xFF,
    0x01, 0x00, 0x00, 0x00, 0x00, 0x00, 0x00, 0x00, 0x60, 0xFF, 0x4F, 0xF8, 0xFF, 0x02, 0x00, 0x00,
    0x00, 0x00, 0x00, 0x00, 0x00, 0x70, 0xFF, 0x3F, 0xF7, 0xFF, 0x04, 0x00, 0x00, 0x00, 0x00, 0x00,
    0x00, 0x00, 0x90, 0xFF, 0x2F, 0xF4, 0xFF, 0x07, 0x00, 0x00, 0x00, 0x00, 0x00, 0x00, 0x00, 0xC0,
    0xFF, 0x0F, 0xF1, 0xFF, 0x0C, 0x00, 0x00, 0x00, 0x00, 0x10, 0x9D, 0x00, 0xF1, 0xFF, 0x0C, 0xC0,
    0xFF, 0x2F, 0x00, 0x00, 0x00, 0x00, 0xD0, 0xFF, 0x09, 0xF7, 0xFF, 0x07, 0x50, 0xFF, 0xBF, 0x00,
    0x00, 0x00, 0x00, 0x50, 0xFF, 0xAF, 0xFE, 0xFF, 0x01, 0x00, 0xFD, 0xFF, 0x07, 0x00, 0x00, 0x00,
    0x00, 0xF5, 0xFF, 0xFF, 0x9F, 0x00, 0x00, 0xF3, 0xFF, 0x8F, 0x00, 0x00, 0x00, 0x00, 0x60, 0xFF,
    0xFF, 0x1E, 0x00, 0x00, 0x70, 0xFF, 0xFF, 0x6D, 0x01, 0x00, 0x20, 0xE7, 0xFF, 0xFF, 0x0B, 0x00,
    0x00, 0x00, 0xF7, 0xFF, 0xFF, 0xEF, 0xDD, 0xFE, 0xFF, 0xFF, 0xFF, 0xAF, 0x00, 0x00, 0x00, 0x40,
    0xFE, 0xFF, 0xFF, 0xFF, 0xFF, 0xFF, 0xBF, 0xF6, 0xFF, 0x07, 0x00, 0x00, 0x00, 0x60, 0xFC, 0xFF,
    0xFF, 0xFF, 0xBF, 0x04, 0x40, 0xBF, 0x00, 0x00, 0x00, 0x00, 0x00, 0x10, 0x74, 0x77, 0x46, 0x00,
    0x00, 0x00, 0x03, 0x00, 0x30, 0x33, 0x33, 0x33, 0x33, 0x01, 0x00, 0x00, 0x00, 0x00, 0xF2, 0xFF,
    0xFF, 0xFF, 0xFF, 0xFF, 0x6C, 0x00, 0x00, 0x00, 0xF2, 0xFF, 0xFF, 0xFF, 0xFF, 0xFF, 0xFF, 0x4E,
    0x00, 0x00, 0xF2, 0xFF, 0xDE, 0xDD, 0xED, 0xFF, 0xFF, 0xFF, 0x03, 0x00, 0xF2, 0xFF, 0x07, 0x00,
    0x00, 0x40, 0xFC, 0xFF, 0x0E, 0x00, 0xF2, 0xFF, 0x07, 0x00, 0x00, 0x00, 0xB0, 0xFF, 0x5F, 0x00,
    0xF2, 0xFF, 0x07, 0x00, 0x00, 0x00, 0x20, 0xFF, 0x9F, 0x00, 0xF2, 0xFF, 0x07, 0x00, 0x00, 0x00,
    0x00, 0xFE, 0xBF, 0x00, 0xF2, 0xFF, 0x07, 0x00, 0x00, 0x00, 0x00, 0xFC, 0xCF, 0x00, 0xF2, 0xFF,
    0x07, 0x00, 0x00, 0x00, 0x00, 0xFE, 0xBF, 0x00, 0xF2, 0xFF, 0x07, 0x00, 0x00, 0x00, 0x20, 0xFF,
    0x8F, 0x00, 0xF2, 0xFF, 0x07, 0x00, 0x00, 0x00, 0xC0, 0xFF, 0x4F, 0x00, 0xF2, 0xFF, 0x07, 0x00,
    0x00, 0x40, 0xFC, 0xFF, 0x0C, 0x00, 0xF2, 0xFF, 0xEF, 0xEE, 0xEE, 0xFF, 0xFF, 0xFF, 0x02, 0x00,
    0xF2, 0xFF, 0xFF, 0xFF, 0xFF, 0xFF, 0xFF, 0x3E, 0x00, 0x00, 0xF2, 0xFF, 0xFF, 0xFF, 0xFF, 0xFF,
    0xAF, 0x00, 0x00, 0x00, 0xF2, 0xFF, 0x29, 0x22, 0x32, 0xFF, 0xDF, 0x00, 0x00, 0x00, 0xF2, 0xFF,
    0x07, 0x00, 0x00, 0xF9, 0xFF, 0x06, 0x00, 0x00, 0xF2, 0xFF, 0x07, 0x00, 0x00, 0xF1, 0xFF, 0x0E,
    0x00, 0x00, 0xF2, 0xFF, 0x07, 0x00, 0x00, 0x80, 0xFF, 0x8F, 0x00, 0x00, 0xF2, 0xFF, 0x07, 0x00,
    0x00, 0x10, 0xFF, 0xFF, 0x01, 0x00, 0xF2, 0xFF, 0x07, 0x00, 0x00, 0x00, 0xF7, 0xFF, 0x09, 0x00,
    0xF2, 0xFF, 0x07, 0x00, 0x00, 0x00, 0xE0, 0xFF, 0x2F, 0x00, 0xF2, 0xFF, 0x07, 0x00, 0x00, 0x00,
    0x70, 0xFF, 0xAF, 0x00, 0xF2, 0xFF, 0x07, 0x00, 0x00, 0x00, 0x00, 0xFE, 0xFF, 0x03, 0xF2, 0xFF,
    0x07, 0x00, 0x00, 0x00, 0x00, 0xF6, 0xFF, 0x0C, 0x00, 0x00, 0x00, 0x84, 0xAA, 0xAB, 0x68, 0x02,
    0x00, 0x00, 0x00, 0x00, 0xF8, 0xFF, 0xFF, 0xFF, 0xFF, 0xEF, 0x29, 0x00, 0x00, 0xD2, 0xFF, 0xFF,
    0xFF, 0xFF, 0xFF, 0xFF, 0xEF, 0x00, 0x00, 0xFD, 0xFF, 0xBF, 0x67, 0x76, 0xDA, 0xFF, 0xDF, 0x00,
    0x70, 0xFF, 0xBF, 0x01, 0x00, 0x00, 0x00, 0x92, 0xBF, 0x00, 0xD0, 0xFF, 0x1F, 0x00, 0x00, 0x00,
    0x00, 0x00, 0x51, 0x00, 0xF0, 0xFF, 0x0C, 0x00, 0x00, 0x00, 0x00, 0x00, 0x00, 0x00, 0xF0, 0xFF,
    0x0C, 0x00, 0x00, 0x00, 0x00, 0x00, 0x00, 0x00, 0xE0, 0xFF, 0x1F, 0x00, 0x00, 0x00, 0x00, 0x00,
    0x00, 0x00, 0xA0, 0xFF, 0xCF, 0x01, 0x00, 0x00, 0x00, 0x00, 0x00, 0x00, 0x30, 0xFF, 0xFF, 0x9F,
    0x02, 0x00, 0x00, 0x00, 0x00, 0x00, 0x00, 0xF6, 0xFF, 0xFF, 0xDF, 0x28, 0x00, 0x00, 0x00, 0x00,
    0x00, 0x40, 0xFE, 0xFF, 0xFF, 0xFF, 0x6D, 0x00, 0x00, 0x00, 0x00, 0x00, 0x60, 0xFD, 0xFF, 0xFF,
    0xFF, 0x6E, 0x00, 0x00, 0x00, 0x00, 0x00, 0x20, 0xD8, 0xFF, 0xFF, 0xFF, 0x0B, 0x00, 0x00, 0x00,
    0x00, 0x00, 0x00, 0x82, 0xFE, 0xFF, 0xAF, 0x00, 0x00, 0x00, 0x00, 0x00, 0x00, 0x00, 0x90, 0xFF,
    0xFF, 0x04, 0x00, 0x00, 0x00, 0x00, 0x00, 0x00, 0x00, 0xF8, 0xFF, 0x0A, 0x00, 0x00, 0x00, 0x00,
    0x00, 0x00, 0x00, 0xF0, 0xFF, 0x0D, 0x00, 0x00, 0x00, 0x00, 0x00, 0x00, 0x00, 0xD0, 0xFF, 0x0E,
    0x00, 0x00, 0x00, 0x00, 0x00, 0x00, 0x00, 0xE0, 0xFF, 0x0D, 0x70, 0x03, 0x00, 0x00, 0x00, 0x00,
    0x00, 0xF4, 0xFF, 0x09, 0xD0, 0xDF, 0x38, 0x00, 0x00, 0x00, 0x60, 0xFF, 0xFF, 0x03, 0xF0, 0xFF,
    0xFF, 0xCF, 0x9A, 0xBA, 0xFF, 0xFF, 0x9F, 0x00, 0xF1, 0xFF, 0xFF, 0xFF, 0xFF, 0xFF, 0xFF, 0xFF,
    0x09, 0x00, 0x20, 0xC8, 0xFF, 0xFF, 0xFF, 0xFF, 0xFF, 0x3A, 0x00, 0x00, 0x00, 0x00, 0x30, 0x65,
    0x77, 0x57, 0x03, 0x00, 0x00, 0x00, 0x31, 0x33, 0x33, 0x33, 0x33, 0x33, 0x33, 0x33, 0x33, 0x02,
    0xF7, 0xFF, 0xFF, 0xFF, 0xFF, 0xFF, 0xFF, 0xFF, 0xFF, 0x0A, 0xF7, 0xFF, 0xFF, 0xFF, 0xFF, 0xFF,
    0xFF, 0xFF, 0xFF, 0x0A, 0xE6, 0xEE, 0xEE, 0xEE, 0xFF, 0xEF, 0xEE, 0xEE, 0xEE, 0x09, 0x00, 0x00,
    0x00, 0x10, 0xFF, 0x4F, 0x00, 0x00, 0x00, 0x00, 0x00, 0x00, 0x00, 0x10, 0xFF, 0x4F, 0x00, 0x00,
    0x00, 0x00, 0x00, 0x00, 0x00, 0x10, 0xFF, 0x4F, 0x00, 0x00, 0x00, 0x00, 0x00, 0x00, 0x00, 0x10,
    0xFF, 0x4F, 0x00, 0x00, 0x00, 0x00, 0x00, 0x00, 0x00, 0x10, 0xFF, 0x4F, 0x00, 0x00, 0x00, 0x00,
    0x00, 0x00, 0x00, 0x10, 0xFF, 0x4F, 0x00, 0x00, 0x00, 0x00, 0x00, 0x00, 0x00, 0x10, 0xFF, 0x4F,
    0x00, 0x00, 0x00, 0x00, 0x00, 0x00, 0x00, 0x10, 0xFF, 0x4F, 0x00, 0x00, 0x00, 0x00, 0x00, 0x00,
    0x00, 0x10, 0xFF, 0x4F, 0x00, 0x00, 0x00, 0x00, 0x00, 0x00, 0x00, 0x10, 0xFF, 0x4F, 0x00, 0x00,
    0x00, 0x00, 0x00, 0x00, 0x00, 0x10, 0xFF, 0x4F, 0x00, 0x00, 0x00, 0x00, 0x00, 0x00, 0x00, 0x10,
    0xFF, 0x4F, 0x00, 0x00, 0x00, 0x00, 0x00, 0x00, 0x00, 0x10, 0xFF, 0x4F, 0x00, 0x00, 0x00, 0x00,
    0x00, 0x00, 0x00, 0x10, 0xFF, 0x4F, 0x00, 0x00, 0x00, 0x00, 0x00, 0x00, 0x00, 0x10, 0xFF, 0x4F,
    0x00, 0x00, 0x00, 0x00, 0x00, 0x00, 0x00, 0x10, 0xFF, 0x4F, 0x00, 0x00, 0x00, 0x00, 0x00, 0x00,
    0x00, 0x10, 0xFF, 0x4F, 0x00, 0x00, 0x00, 0x00, 0x00, 0x00, 0x00, 0x10, 0xFF, 0x4F, 0x00, 0x00,
    0x00, 0x00, 0x00, 0x00, 0x00, 0x10, 0xFF, 0x4F, 0x00, 0x00, 0x00, 0x00, 0x00, 0x00, 0x00, 0x10,
    0xFF, 0x4F, 0x00, 0x00, 0x00, 0x00, 0x00, 0x00, 0x00, 0x10, 0xFF, 0x4F, 0x00, 0x00, 0x00, 0x00,
    0x00, 0x00, 0x00, 0x10, 0xFF, 0x4F, 0x00, 0x00, 0x00, 0x00, 0x31, 0x33, 0x00, 0x00, 0x00, 0x00,
    0x00, 0x00, 0x00, 0x33, 0x13, 0xF6, 0xFF, 0x00, 0x00, 0x00, 0x00, 0x00, 0x00, 0x00, 0xFF, 0x7F,
    0xF6, 0xFF, 0x00, 0x00, 0x00, 0x00, 0x00, 0x00, 0x00, 0xFF, 0x7F, 0xF6, 0xFF, 0x00, 0x00, 0x00,
    0x00, 0x00, 0x00, 0x00, 0xFF, 0x7F, 0xF6, 0xFF, 0x00, 0x00, 0x00, 0x00, 0x00, 0x00, 0x00, 0xFF,
    0x7F, 0xF6, 0xFF, 0x00, 0x00, 0x00, 0x00, 0x00, 0x00, 0x00, 0xFF, 0x7F, 0xF6, 0xFF, 0x00, 0x00,
    0x00, 0x00, 0x00, 0x00, 0x00, 0xFF, 0x7F, 0xF6, 0xFF, 0x00, 0x00, 0x00, 0x00, 0x00, 0x00, 0x00,
    0xFF, 0x7F, 0xF6, 0xFF, 0x00, 0x00, 0x00, 0x00, 0x00, 0x00, 0x00, 0xFF, 0x7F, 0xF6, 0xFF, 0x00,
    0x00, 0x00, 0x00, 0x00, 0x00, 0x00, 0xFF, 0x7F, 0xF6, 0xFF, 0x00, 0x00, 0x00, 0x00, 0x00, 0x00,
    0x00, 0xFF, 0x7F, 0xF6, 0xFF, 0x00, 0x00, 0x00, 0x00, 0x00, 0x00, 0x00, 0xFF, 0x7F, 0xF6, 0xFF,
    0x00, 0x00, 0x00, 0x00, 0x00, 0x00, 0x00, 0xFF, 0x7F, 0xF6, 0xFF, 0x00, 0x00, 0x00, 0x00, 0x00,
    0x00, 0x00, 0xFF, 0x7F, 0xF6, 0xFF, 0x00, 0x00, 0x00, 0x00, 0x00, 0x00, 0x00, 0xFF, 0x7F, 0xF6,
    0xFF, 0x00, 0x00, 0x00, 0x00, 0x00, 0x00, 0x00, 0xFF, 0x7F, 0xF5, 0xFF, 0x02, 0x00, 0x00, 0x00,
    0x00, 0x00, 0x10, 0xFF, 0x6F, 0xF4, 0xFF, 0x04, 0x00, 0x00, 0x00, 0x00, 0x00, 0x30, 0xFF, 0x5F,
    0xF2, 0xFF, 0x07, 0x00, 0x00, 0x00, 0x00, 0x00, 0x60, 0xFF, 0x2F, 0xE0, 0xFF, 0x0C, 0x00, 0x00,
    0x00, 0x00, 0x00, 0xB0, 0xFF, 0x0F, 0x90, 0xFF, 0x3F, 0x00, 0x00, 0x00, 0x00, 0x00, 0xF2, 0xFF,
    0x0A, 0x20, 0xFF, 0xDF, 0x01, 0x00, 0x00, 0x00, 0x10, 0xFD, 0xFF, 0x03, 0x00, 0xF9, 0xFF, 0x5E,
    0x00, 0x00, 0x00, 0xD4, 0xFF, 0xAF, 0x00, 0x00, 0xC0, 0xFF, 0xFF, 0xBE, 0x99, 0xEB, 0xFF, 0xFF,
    0x1D, 0x00, 0x00, 0x00, 0xFB, 0xFF, 0xFF, 0xFF, 0xFF, 0xFF, 0xBF, 0x01, 0x00, 0x00, 0x00, 0x50,
    0xFC, 0xFF, 0xFF, 0xFF, 0xCF, 0x05, 0x00, 0x00, 0x00, 0x00, 0x00, 0x10, 0x64, 0x77, 0x46, 0x01,
    0x00, 0x00, 0x00, 0x32, 0x23, 0x00, 0x00, 0x00, 0x00, 0x00, 0x00, 0x00, 0x32, 0x23, 0xF9, 0xFF,
    0x00, 0x00, 0x00, 0x00, 0x00, 0x00, 0x10, 0xFF, 0x8F, 0xF4, 0xFF, 0x05, 0x00, 0x00, 0x00, 0x00,
    0x00, 0x60, 0xFF, 0x3F, 0xE0, 0xFF, 0x0B, 0x00, 0x00, 0x00, 0x00, 0x00, 0xB0, 0xFF, 0x0D, 0x80,
    0xFF, 0x1F, 0x00, 0x00, 0x00, 0x00, 0x00, 0xF1, 0xFF, 0x07, 0x20, 0xFF, 0x6F, 0x00, 0x00, 0x00,
    0x00, 0x00, 0xF7, 0xFF, 0x02, 0x00, 0xFD, 0xCF, 0x00, 0x00, 0x00, 0x00, 0x00, 0xFC, 0xCF, 0x00,
    0x00, 0xF7, 0xFF, 0x02, 0x00, 0x00, 0x00, 0x20, 0xFF, 0x6F, 0x00, 0x00, 0xF1, 0xFF, 0x07, 0x00,
    0x00, 0x00, 0x80, 0xFF, 0x1F, 0x00, 0x00, 0xB0, 0xFF, 0x0D, 0x00, 0x00, 0x00, 0xD0, 0xFF, 0x0B,
    0x00, 0x00, 0x60, 0xFF, 0x2F, 0x00, 0x00, 0x00, 0xF3, 0xFF, 0x05, 0x00, 0x00, 0x00, 0xFF, 0x8F,
    0x00, 0x00, 0x00, 0xF9, 0xFF, 0x00, 0x00, 0x00, 0x00, 0xFA, 0xEF, 0x00, 0x00, 0x00, 0xFE, 0x9F,
    0x00, 0x00, 0x00, 0x00, 0xF4, 0xFF, 0x03, 0x00, 0x40, 0xFF, 0x4F, 0x00, 0x00, 0x00, 0x00, 0xE0,
    0xFF, 0x09, 0x00, 0xA0, 0xFF, 0x0E, 0x00, 0x00, 0x00, 0x00, 0x90, 0xFF, 0x0E, 0x00, 0xF0, 0xFF,
    0x08, 0x00, 0x00, 0x00, 0x00, 0x30, 0xFF, 0x4F, 0x00, 0xF5, 0xFF, 0x02, 0x00, 0x00, 0x00, 0x00,
    0x00, 0xFD, 0xAF, 0x00, 0xFB, 0xDF, 0x00, 0x00, 0x00, 0x00, 0x00, 0x00, 0xF8, 0xFF, 0x10, 0xFF,
    0x7F, 0x00, 0x00, 0x00, 0x00, 0x00, 0x00, 0xF2, 0xFF, 0x65, 0xFF, 0x1F, 0x00, 0x00, 0x00, 0x00,
    0x00, 0x00, 0xC0, 0xFF, 0xCB, 0xFF, 0x0C, 0x00, 0x00, 0x00, 0x00, 0x00, 0x00, 0x60, 0xFF, 0xFF,
    0xFF, 0x06, 0x00, 0x00, 0x00, 0x00, 0x00, 0x00, 0x10, 0xFF, 0xFF, 0xFF, 0x01, 0x00, 0x00, 0x00,
    0x00, 0x00, 0x00, 0x00, 0xFB, 0xFF, 0xAF, 0x00, 0x00, 0x00, 0x00, 0x00, 0x00, 0x00, 0x00, 0xF5,
    0xFF, 0x5F, 0x00, 0x00, 0x00, 0x00, 0x00, 0x00, 0x00, 0x00, 0xF0, 0xFF, 0x0E, 0x00, 0x00, 0x00,
    0x00, 0x32, 0x23, 0x00, 0x00, 0x00, 0x00, 0x00, 0x00, 0x00, 0x00, 0x00, 0x00, 0x00, 0x00, 0x00,
    0x32, 0x23, 0xFA, 0xEF, 0x00, 0x00, 0x00, 0x00, 0x00, 0x90, 0xBB, 0x0A, 0x00, 0x00, 0x00, 0x00,
    0x00, 0xFD, 0xBF, 0xF6, 0xFF, 0x03, 0x00, 0x00, 0x00, 0x00, 0xF2, 0xFF, 0x3F, 0x00, 0x00, 0x00,
    0x00, 0x20, 0xFF, 0x6F, 0xF1, 0xFF, 0x07, 0x00, 0x00, 0x00, 0x00, 0xF6, 0xFF, 0x7F, 0x00, 0x00,
    0x00, 0x00, 0x60, 0xFF, 0x2F, 0xD0, 0xFF, 0x0B, 0x00, 0x00, 0x00, 0x00, 0xFB, 0xFF, 0xCF, 0x00,
    0x00, 0x00, 0x00, 0xA0, 0xFF, 0x0D, 0x80, 0xFF, 0x0F, 0x00, 0x00, 0x00, 0x10, 0xFF, 0xFF, 0xFF,
    0x01, 0x00, 0x00, 0x00, 0xE0, 0xFF, 0x09, 0x40, 0xFF, 0x3F, 0x00, 0x00, 0x00, 0x50, 0xFF, 0xBC,
    0xFF, 0x06, 0x00, 0x00, 0x00, 0xF2, 0xFF, 0x04, 0x00, 0xFF, 0x7F, 0x00, 0x00, 0x00, 0xA0, 0xFF,
    0x77, 0xFF, 0x0B, 0x00, 0x00, 0x00, 0xF6, 0xFF, 0x00, 0x00, 0xFA, 0xBF, 0x00, 0x00, 0x00, 0xF0,
    0xFF, 0x23, 0xFF, 0x0F, 0x00, 0x00, 0x00, 0xFA, 0xBF, 0x00, 0x00, 0xF6, 0xFF, 0x00, 0x00, 0x00,
    0xF4, 0xEF, 0x00, 0xFD, 0x5F, 0x00, 0x00, 0x00, 0xFE, 0x7F, 0x00, 0x00, 0xF1, 0xFF, 0x03, 0x00,
    0x00, 0xF8, 0x9F, 0x00, 0xF8, 0x9F, 0x00, 0x00, 0x20, 0xFF, 0x2F, 0x00, 0x00, 0xD0, 0xFF, 0x07,
    0x00, 0x00, 0xFD, 0x4F, 0x00, 0xF3, 0xEF, 0x00, 0x00, 0x70, 0xFF, 0x0E, 0x00, 0x00, 0x80, 0xFF,
    0x0C, 0x00, 0x20, 0xFF, 0x0F, 0x00, 0xE0, 0xFF, 0x03, 0x00, 0xB0, 0xFF, 0x09, 0x00, 0x00, 0x40,
    0xFF, 0x0F, 0x00, 0x70, 0xFF, 0x0A, 0x00, 0xA0, 0xFF, 0x08, 0x00, 0xE0, 0xFF, 0x05, 0x00, 0x00,
    0x00, 0xFF, 0x4F, 0x00, 0xC0, 0xFF, 0x06, 0x00, 0x50, 0xFF, 0x0D, 0x00, 0xF3, 0xFF, 0x00, 0x00,
    0x00, 0x00, 0xFB, 0x8F, 0x00, 0xF1, 0xFF, 0x01, 0x00, 0x00, 0xFF, 0x2F, 0x00, 0xF7, 0xCF, 0x00,
    0x00, 0x00, 0x00, 0xF6, 0xCF, 0x00, 0xF6, 0xCF, 0x00, 0x00, 0x00, 0xFB, 0x7F, 0x00, 0xFB, 0x7F,
    0x00, 0x00, 0x00, 0x00, 0xF2, 0xFF, 0x00, 0xFA, 0x7F, 0x00, 0x00, 0x00, 0xF6, 0xBF, 0x00, 0xFF,
    0x3F, 0x00, 0x00, 0x00, 0x00, 0xD0, 0xFF, 0x04, 0xFF, 0x2F, 0x00, 0x00, 0x00, 0xF1, 0xFF, 0x31,
    0xFF, 0x0E, 0x00, 0x00, 0x00, 0x00, 0x90, 0xFF, 0x48, 0xFF, 0x0D, 0x00, 0x00, 0x00, 0xD0, 0xFF,
    0x75, 0xFF, 0x09, 0x00, 0x00, 0x00, 0x00, 0x40, 0xFF, 0x9C, 0xFF, 0x09, 0x00, 0x00, 0x00, 0x80,
    0xFF, 0xBA, 0xFF, 0x05, 0x00, 0x00, 0x00, 0x00, 0x00, 0xFF, 0xEF, 0xFF, 0x04, 0x00, 0x00, 0x00,
    0x30, 0xFF, 0xFF, 0xFF, 0x01, 0x00, 0x00, 0x00, 0x00, 0x00, 0xFB, 0xFF, 0xFF, 0x00, 0x00, 0x00,
    0x00, 0x00, 0xFE, 0xFF, 0xCF, 0x00, 0x00, 0x00, 0x00, 0x00, 0x00, 0xF7, 0xFF, 0xAF, 0x00, 0x00,
    0x00, 0x00, 0x00, 0xF9, 0xFF, 0x7F, 0x00, 0x00, 0x00, 0x00, 0x00, 0x00, 0xF2, 0xFF, 0x5F, 0x00,
    0x00, 0x00, 0x00, 0x00, 0xF5, 0xFF, 0x3F, 0x00, 0x00, 0x00, 0x00, 0x00, 0x00, 0xE0, 0xFF, 0x1F,
    0x00, 0x00, 0x00, 0x00, 0x00, 0xF0, 0xFF, 0x0E, 0x00, 0x00, 0x00, 0x32, 0x33, 0x01, 0x00, 0x00,
    0x00, 0x00, 0x00, 0x30, 0x33, 0x03, 0xF4, 0xFF, 0x0B, 0x00, 0x00, 0x00, 0x00, 0x00, 0xF6, 0xFF,
    0x09, 0x90, 0xFF, 0x6F, 0x00, 0x00, 0x00, 0x00, 0x10, 0xFF, 0xDF, 0x00, 0x00, 0xFD, 0xFF, 0x02,
    0x00, 0x00, 0x00, 0xB0, 0xFF, 0x4F, 0x00, 0x00, 0xF3, 0xFF, 0x0B, 0x00, 0x00, 0x00, 0xF6, 0xFF,
    0x09, 0x00, 0x00, 0x80, 0xFF, 0x6F, 0x00, 0x00, 0x10, 0xFF, 0xDF, 0x00, 0x00, 0x00, 0x00, 0xFD,
    0xFF, 0x02, 0x00, 0xB0, 0xFF, 0x3F, 0x00, 0x00, 0x00, 0x00, 0xF3, 0xFF, 0x0C, 0x00, 0xF6, 0xFF,
    0x09, 0x00, 0x00, 0x00, 0x00, 0x80, 0xFF, 0x7F, 0x20, 0xFF, 0xDF, 0x00, 0x00, 0x00, 0x00, 0x00,
    0x00, 0xFD, 0xFF, 0xB2, 0xFF, 0x3F, 0x00, 0x00, 0x00, 0x00, 0x00, 0x00, 0xF3, 0xFF, 0xFE, 0xFF,
    0x08, 0x00, 0x00, 0x00, 0x00, 0x00, 0x00, 0x70, 0xFF, 0xFF, 0xDF, 0x00, 0x00, 0x00, 0x00, 0x00,
    0x00, 0x00, 0x00, 0xFC, 0xFF, 0x3F, 0x00, 0x00, 0x00, 0x00, 0x00, 0x00, 0x00, 0x00, 0xF7, 0xFF,
    0x0D, 0x00, 0x00, 0x00, 0x00, 0x00, 0x00, 0x00, 0x20, 0xFF, 0xFF, 0x7F, 0x00, 0x00, 0x00, 0x00,
    0x00, 0x00, 0x00, 0xC0, 0xFF, 0xFF, 0xFF, 0x02, 0x00, 0x00, 0x00, 0x00, 0x00, 0x00, 0xF7, 0xFF,
    0xFA, 0xFF, 0x0C, 0x00, 0x00, 0x00, 0x00, 0x00, 0x20, 0xFF, 0xDF, 0x70, 0xFF, 0x7F, 0x00, 0x00,
    0x00, 0x00, 0x00, 0xC0, 0xFF, 0x3F, 0x00, 0xFC, 0xFF, 0x03, 0x00, 0x00, 0x00, 0x00, 0xF7, 0xFF,
    0x07, 0x00, 0xF2, 0xFF, 0x0D, 0x00, 0x00, 0x00, 0x20, 0xFF, 0xCF, 0x00, 0x00, 0x70, 0xFF, 0x8F,
    0x00, 0x00, 0x00, 0xC0, 0xFF, 0x2F, 0x00, 0x00, 0x00, 0xFC, 0xFF, 0x03, 0x00, 0x00, 0xF7, 0xFF,
    0x07, 0x00, 0x00, 0x00, 0xF2, 0xFF, 0x0D, 0x00, 0x30, 0xFF, 0xCF, 0x00, 0x00, 0x00, 0x00, 0x60,
    0xFF, 0x8F, 0x00, 0xD0, 0xFF, 0x2F, 0x00, 0x00, 0x00, 0x00, 0x00, 0xFC, 0xFF, 0x03, 0xF8, 0xFF,
    0x07, 0x00, 0x00, 0x00, 0x00, 0x00, 0xF2, 0xFF, 0x0D, 0x31, 0x33, 0x01, 0x00, 0x00, 0x00, 0x00,
    0x00, 0x00, 0x33, 0x23, 0xE0, 0xFF, 0x0E, 0x00, 0x00, 0x00, 0x00, 0x00, 0x80, 0xFF, 0x5F, 0x50,
    0xFF, 0x8F, 0x00, 0x00, 0x00, 0x00, 0x00, 0xF2, 0xFF, 0x0B, 0x00, 0xFB, 0xFF, 0x02, 0x00, 0x00,
    0x00, 0x00, 0xFC, 0xFF, 0x02, 0x00, 0xF2, 0xFF, 0x0B, 0x00, 0x00, 0x00, 0x60, 0xFF, 0x7F, 0x00,
    0x00, 0x70, 0xFF, 0x5F, 0x00, 0x00, 0x00, 0xE1, 0xFF, 0x0D, 0x00, 0x00, 0x00, 0xFD, 0xEF, 0x01,
    0x00, 0x00, 0xF9, 0xFF, 0x03, 0x00, 0x00, 0x00, 0xF3, 0xFF, 0x09, 0x00, 0x30, 0xFF, 0x9F, 0x00,
    0x00, 0x00, 0x00, 0x90, 0xFF, 0x3F, 0x00, 0xD0, 0xFF, 0x1E, 0x00, 0x00, 0x00, 0x00, 0x10, 0xFE,
    0xCF, 0x00, 0xF7, 0xFF, 0x06, 0x00, 0x00, 0x00, 0x00, 0x00, 0xF5, 0xFF, 0x16, 0xFF, 0xCF, 0x00,
    0x00, 0x00, 0x00, 0x00, 0x00, 0xB0, 0xFF, 0xBF, 0xFF, 0x2F, 0x00, 0x00, 0x00, 0x00, 0x00, 0x00,
    0x20, 0xFF, 0xFF, 0xFF, 0x08, 0x00, 0x00, 0x00, 0x00, 0x00, 0x00, 0x00, 0xF7, 0xFF, 0xDF, 0x00,
    0x00, 0x00, 0x00, 0x00, 0x00, 0x00, 0x00, 0xD0, 0xFF, 0x4F, 0x00, 0x00, 0x00, 0x00, 0x00, 0x00,
    0x00, 0x00, 0x80, 0xFF, 0x0E, 0x00, 0x00, 0x00, 0x00, 0x00, 0x00, 0x00, 0x00, 0x80, 0xFF, 0x0E,
    0x00, 0x00, 0x00, 0x00, 0x00, 0x00, 0x00, 0x00, 0x80, 0xFF, 0x0E, 0x00, 0x00, 0x00, 0x00, 0x00,
    0x00, 0x00, 0x00, 0x80, 0xFF, 0x0E, 0x00, 0x00, 0x00, 0x00, 0x00, 0x00, 0x00, 0x00, 0x80, 0xFF,
    0x0E, 0x00, 0x00, 0x00, 0x00, 0x00, 0x00, 0x00, 0x00, 0x80, 0xFF, 0x0E, 0x00, 0x00, 0x00, 0x00,
    0x00, 0x00, 0x00, 0x00, 0x80, 0xFF, 0x0E, 0x00, 0x00, 0x00, 0x00, 0x00, 0x00, 0x00, 0x00, 0x80,
    0xFF, 0x0E, 0x00, 0x00, 0x00, 0x00, 0x00, 0x00, 0x00, 0x00, 0x80, 0xFF, 0x0E, 0x00, 0x00, 0x00,
    0x00, 0x00, 0x00, 0x00, 0x00, 0x80, 0xFF, 0x0E, 0x00, 0x00, 0x00, 0x00, 0x00, 0x00, 0x00, 0x00,
    0x80, 0xFF, 0x0E, 0x00, 0x00, 0x00, 0x00, 0x00, 0x33, 0x33, 0x33, 0x33, 0x33, 0x33, 0x33, 0x33,
    0x13, 0x10, 0xFF, 0xFF, 0xFF, 0xFF, 0xFF, 0xFF, 0xFF, 0xFF, 0x1F, 0x10, 0xFF, 0xFF, 0xFF, 0xFF,
    0xFF, 0xFF, 0xFF, 0xFF, 0x07, 0x00, 0xEE, 0xEE, 0xEE, 0xEE, 0xEE, 0xEE, 0xFF, 0xDF, 0x00, 0x00,
    0x00, 0x00, 0x00, 0x00, 0x00, 0x60, 0xFF, 0x3F, 0x00, 0x00, 0x00, 0x00, 0x00, 0x00, 0x00, 0xF1,
    0xFF, 0x09, 0x00, 0x00, 0x00, 0x00, 0x00, 0x00, 0x00, 0xFA, 0xEF, 0x01, 0x00, 0x00, 0x00, 0x00,
    0x00, 0x00, 0x40, 0xFF, 0x5F, 0x00, 0x00, 0x00, 0x00, 0x00, 0x00, 0x00, 0xD0, 0xFF, 0x0B, 0x00,
    0x00, 0x00, 0x00, 0x00, 0x00, 0x00, 0xF8, 0xFF, 0x02, 0x00, 0x00, 0x00, 0x00, 0x00, 0x00, 0x20,
    0xFF, 0x8F, 0x00, 0x00, 0x00, 0x00, 0x00, 0x00, 0x00, 0xB0, 0xFF, 0x0D, 0x00, 0x00, 0x00, 0x00,
    0x00, 0x00, 0x00, 0xF5, 0xFF, 0x04, 0x00, 0x00, 0x00, 0x00, 0x00, 0x00, 0x00, 0xFE, 0xAF, 0x00,
    0x00, 0x00, 0x00, 0x00, 0x00, 0x00, 0x90, 0xFF, 0x1E, 0x00, 0x00, 0x00, 0x00, 0x00, 0x00, 0x00,
    0xF3, 0xFF, 0x06, 0x00, 0x00, 0x00, 0x00, 0x00, 0x00, 0x00, 0xFC, 0xCF, 0x00, 0x00, 0x00, 0x00,
    0x00, 0x00, 0x00, 0x60, 0xFF, 0x2F, 0x00, 0x00, 0x00, 0x00, 0x00, 0x00, 0x00, 0xF1, 0xFF, 0x08,
    0x00, 0x00, 0x00, 0x00, 0x00, 0x00, 0x00, 0xFA, 0xEF, 0x00, 0x00, 0x00, 0x00, 0x00, 0x00, 0x00,
    0x40, 0xFF, 0x4F, 0x00, 0x00, 0x00, 0x00, 0x00, 0x00, 0x00, 0xD0, 0xFF, 0x0A, 0x00, 0x00, 0x00,
    0x00, 0x00, 0x00, 0x00, 0xF8, 0xFF, 0x13, 0x11, 0x11, 0x11, 0x11, 0x11, 0x01, 0x20, 0xFF, 0xFF,
    0xFF, 0xFF, 0xFF, 0xFF, 0xFF, 0xFF, 0x5F, 0xB0, 0xFF, 0xFF, 0xFF, 0xFF, 0xFF, 0xFF, 0xFF, 0xFF,
    0x5F, 0xF5, 0xFF, 0xFF, 0xFF, 0xFF, 0xFF, 0xFF, 0xFF, 0xFF, 0x5F, 0xF7, 0xFF, 0xFF, 0xFF, 0xCF,
    0xF7, 0xFF, 0xFF, 0xFF, 0xCF, 0xF7, 0xBF, 0x77, 0x77, 0x57, 0xF7, 0x8F, 0x00, 0x00, 0x00, 0xF7,
    0x8F, 0x00, 0x00, 0x00, 0xF7, 0x8F, 0x00, 0x00, 0x00, 0xF7, 0x8F, 0x00, 0x00, 0x00, 0xF7, 0x8F,
    0x00, 0x00, 0x00, 0xF7, 0x8F, 0x00, 0x00, 0x00, 0xF7, 0x8F, 0x00, 0x00, 0x00, 0xF7, 0x8F, 0x00,
    0x00, 0x00, 0xF7, 0x8F, 0x00, 0x00, 0x00, 0xF7, 0x8F, 0x00, 0x00, 0x00, 0xF7, 0x8F, 0x00, 0x00,
    0x00, 0xF7, 0x8F, 0x00, 0x00, 0x00, 0xF7, 0x8F, 0x00, 0x00, 0x00, 0xF7, 0x8F, 0x00, 0x00, 0x00,
    0xF7, 0x8F, 0x00, 0x00, 0x00, 0xF7, 0x8F, 0x00, 0x00, 0x00, 0xF7, 0x8F, 0x00, 0x00, 0x00, 0xF7,
    0x8F, 0x00, 0x00, 0x00, 0xF7, 0x8F, 0x00, 0x00, 0x00, 0xF7, 0x8F, 0x00, 0x00, 0x00, 0xF7, 0x8F,
    0x00, 0x00, 0x00, 0xF7, 0x8F, 0x00, 0x00, 0x00, 0xF7, 0x8F, 0x00, 0x00, 0x00, 0xF7, 0x8F, 0x00,
    0x00, 0x00, 0xF7, 0x8F, 0x00, 0x00, 0x00, 0xF7, 0x8F, 0x00, 0x00, 0x00, 0xF7, 0xCF, 0x99, 0x99,
    0x79, 0xF7, 0xFF, 0xFF, 0xFF, 0xCF, 0xD6, 0xDD, 0xDD, 0xDD, 0xAD, 0x31, 0x33, 0x00, 0x00, 0x00,
    0x00, 0x00, 0xF2, 0xFF, 0x04, 0x00, 0x00, 0x00, 0x00, 0xD0, 0xFF, 0x09, 0x00, 0x00, 0x00, 0x00,
    0x80, 0xFF, 0x0E, 0x00, 0x00, 0x00, 0x00, 0x30, 0xFF, 0x3F, 0x00, 0x00, 0x00, 0x00, 0x00, 0xFE,
    0x8F, 0x00, 0x00, 0x00, 0x00, 0x00, 0xF8, 0xDF, 0x00, 0x00, 0x00, 0x00, 0x00, 0xF3, 0xFF, 0x02,
    0x00, 0x00, 0x00, 0x00, 0xE0, 0xFF, 0x07, 0x00, 0x00, 0x00, 0x00, 0x90, 0xFF, 0x0C, 0x00, 0x00,
    0x00, 0x00, 0x40, 0xFF, 0x2F, 0x00, 0x00, 0x00, 0x00, 0x00, 0xFF, 0x7F, 0x00, 0x00, 0x00, 0x00,
    0x00, 0xFA, 0xCF, 0x00, 0x00, 0x00, 0x00, 0x00, 0xF5, 0xFF, 0x01, 0x00, 0x00, 0x00, 0x00, 0xF0,
    0xFF, 0x06, 0x00, 0x00, 0x00, 0x00, 0xB0, 0xFF, 0x0B, 0x00, 0x00, 0x00, 0x00, 0x60, 0xFF, 0x0F,
    0x00, 0x00, 0x00, 0x00, 0x10, 0xFF, 0x5F, 0x00, 0x00, 0x00, 0x00, 0x00, 0xFC, 0xAF, 0x00, 0x00,
    0x00, 0x00, 0x00, 0xF7, 0xFF, 0x00, 0x00, 0x00, 0x00, 0x00, 0xF2, 0xFF, 0x04, 0x00, 0x00, 0x00,
    0x00, 0xD0, 0xFF, 0x09, 0x00, 0x00, 0x00, 0x00, 0x80, 0xFF, 0x0E, 0x00, 0x00, 0x00, 0x00, 0x30,
    0xFF, 0x3F, 0x00, 0x00, 0x00, 0x00, 0x00, 0xFE, 0x8F, 0x00, 0x00, 0x00, 0x00, 0x00, 0xF9, 0xDF,
    0x00, 0x00, 0x00, 0x00, 0x00, 0xF3, 0xFF, 0x02, 0x00, 0x00, 0x00, 0x00, 0xE0, 0xFF, 0x07, 0x00,
    0x00, 0x00, 0x00, 0x90, 0xFF, 0x0C, 0x00, 0x00, 0x00, 0x00, 0x00, 0x11, 0x01, 0xFF, 0xFF, 0xFF,
    0xFF, 0x4F, 0xFF, 0xFF, 0xFF, 0xFF, 0x4F, 0x77, 0x77, 0x77, 0xFD, 0x4F, 0x00, 0x00, 0x00, 0xFB,
    0x4F, 0x00, 0x00, 0x00, 0xFB, 0x4F, 0x00, 0x00, 0x00, 0xFB, 0x4F, 0x00, 0x00, 0x00, 0xFB, 0x4F,
    0x00, 0x00, 0x00, 0xFB, 0x4F, 0x00, 0x00, 0x00, 0xFB, 0x4F, 0x00, 0x00, 0x00, 0xFB, 0x4F, 0x00,
    0x00, 0x00, 0xFB, 0x4F, 0x00, 0x00, 0x00, 0xFB, 0x4F, 0x00, 0x00, 0x00, 0xFB, 0x4F, 0x00, 0x00,
    0x00, 0xFB, 0x4F, 0x00, 0x00, 0x00, 0xFB, 0x4F, 0x00, 0x00, 0x00, 0xFB, 0x4F, 0x00, 0x00, 0x00,
    0xFB, 0x4F, 0x00, 0x00, 0x00, 0xFB, 0x4F, 0x00, 0x00, 0x00, 0xFB, 0x4F, 0x00, 0x00, 0x00, 0xFB,
    0x4F, 0x00, 0x00, 0x00, 0xFB, 0x4F, 0x00, 0x00, 0x00, 0xFB, 0x4F, 0x00, 0x00, 0x00, 0xFB, 0x4F,
    0x00, 0x00, 0x00, 0xFB, 0x4F, 0x00, 0x00, 0x00, 0xFB, 0x4F, 0x00, 0x00, 0x00, 0xFB, 0x4F, 0x00,
    0x00, 0x00, 0xFB, 0x4F, 0x00, 0x00, 0x00, 0xFB, 0x4F, 0x00, 0x00, 0x00, 0xFB, 0x4F, 0x99, 0x99,
    0x99, 0xFE, 0x4F, 0xFF, 0xFF, 0xFF, 0xFF, 0x4F, 0xDD, 0xDD, 0xDD, 0xDD, 0x3D, 0x00, 0x00, 0x00,
    0x00, 0x01, 0x00, 0x00, 0x00, 0x00, 0x00, 0x00, 0x90, 0x1E, 0x00, 0x00, 0x00, 0x00, 0x00, 0x00,
    0xF8, 0xDF, 0x01, 0x00, 0x00, 0x00, 0x00, 0x70, 0xFF, 0xFF, 0x1D, 0x00, 0x00, 0x00, 0x00, 0xF6,
    0xFF, 0xFF, 0xCF, 0x00, 0x00, 0x00, 0x60, 0xFF, 0xBF, 0xF5, 0xFF, 0x0C, 0x00, 0x00, 0xF5, 0xFF,
    0x0A, 0x40, 0xFF, 0xBF, 0x00, 0x40, 0xFF, 0x9F, 0x00, 0x00, 0xF4, 0xFF, 0x0B, 0xF2, 0xFF, 0x09,
    0x00, 0x00, 0x30, 0xFE, 0x8F, 0xF3, 0x8F, 0x00, 0x00, 0x00, 0x00, 0xE2, 0xAF, 0xF3, 0x07, 0x00,
    0x00, 0x00, 0x00, 0x20, 0xAE, 0x63, 0x00, 0x00, 0x00, 0x00, 0x00, 0x00, 0x72, 0x00, 0x00, 0x00,
    0x00, 0x00, 0x00, 0x00, 0x00, 0xBA, 0xBB, 0xBB, 0xBB, 0xBB, 0xBB, 0xBB, 0xBB, 0xBB, 0xBB, 0x03,
    0xFE, 0xFF, 0xFF, 0xFF, 0xFF, 0xFF, 0xFF, 0xFF, 0xFF, 0xFF, 0x04, 0xFE, 0xFF, 0xFF, 0xFF, 0xFF,
    0xFF, 0xFF, 0xFF, 0xFF, 0xFF, 0x04, 0x65, 0x66, 0x66, 0x66, 0x66, 0x66, 0x66, 0x66, 0x66, 0x66,
    0x01, 0x19, 0x00, 0x00, 0x00, 0xFF, 0x07, 0x00, 0x00, 0xFF, 0xDF, 0x04, 0x00, 0xFC, 0xFF, 0xAF,
    0x02, 0x30, 0xF9, 0xFF, 0x0C, 0x00, 0x00, 0xC6, 0x0C, 0x00, 0x00, 0x00, 0x01, 0x00, 0x00, 0x94,
    0xFD, 0xEF, 0x7C, 0x00, 0x00, 0x00, 0x00, 0xC2, 0xFF, 0xFF, 0xFF, 0xFF, 0x1D, 0x00, 0x00, 0x00,
    0xF6, 0xFF, 0xEF, 0xFF, 0xFF, 0x9F, 0x00, 0x00, 0x00, 0xF4, 0x28, 0x00, 0x20, 0xFB, 0xFF, 0x01,
    0x00, 0x00, 0x20, 0x00, 0x00, 0x00, 0xF0, 0xFF, 0x04, 0x00, 0x00, 0x00, 0x00, 0x00, 0x00, 0xB0,
    0xFF, 0x07, 0x00, 0x00, 0x00, 0x00, 0x00, 0x00, 0xA0, 0xFF, 0x09, 0x00, 0x00, 0x00, 0x20, 0xA6,
    0xED, 0xFF, 0xFF, 0x0A, 0x00, 0x00, 0x30, 0xFC, 0xFF, 0xFF, 0xFF, 0xFF, 0x0A, 0x00, 0x00, 0xF7,
    0xFF, 0xAE, 0x56, 0xA3, 0xFF, 0x0A, 0x00, 0x50, 0xFF, 0x7F, 0x00, 0x00, 0x90, 0xFF, 0x0A, 0x00,
    0xD0, 0xFF, 0x08, 0x00, 0x00, 0x90, 0xFF, 0x0A, 0x00, 0xF1, 0xFF, 0x03, 0x00, 0x00, 0x90, 0xFF,
    0x0A, 0x00, 0xF2, 0xFF, 0x03, 0x00, 0x00, 0xB0, 0xFF, 0x0B, 0x00, 0xF0, 0xFF, 0x07, 0x00, 0x00,
    0xFA, 0xFF, 0x0D, 0x00, 0xA0, 0xFF, 0x8F, 0x44, 0xE8, 0xFF, 0xFF, 0x9F, 0x03, 0x10, 0xFE, 0xFF,
    0xFF, 0xFF, 0x2D, 0xFE, 0xFF, 0x0D, 0x00, 0xB1, 0xFF, 0xFF, 0x8F, 0x00, 0xE3, 0xFF, 0x0A, 0x00,
    0x00, 0x41, 0x45, 0x00, 0x00, 0x00, 0x53, 0x03, 0xFD, 0x6F, 0x00, 0x00, 0x00, 0x00, 0x00, 0x00,
    0x00, 0xFD, 0x6F, 0x00, 0x00, 0x00, 0x00, 0x00, 0x00, 0x00, 0xFD, 0x6F, 0x00, 0x00, 0x00, 0x00,
    0x00, 0x00, 0x00, 0xFD, 0x6F, 0x00, 0x00, 0x00, 0x00, 0x00, 0x00, 0x00, 0xFD, 0x6F, 0x00, 0x00,
    0x00, 0x00, 0x00, 0x00, 0x00, 0xFD, 0x6F, 0x00, 0x00, 0x00, 0x00, 0x00, 0x00, 0x00, 0xFD, 0x6F,
    0x00, 0x00, 0x00, 0x00, 0x00, 0x00, 0x00, 0xFD, 0x6F, 0x00, 0x00, 0x00, 0x00, 0x00, 0x00, 0x00,
    0xFD, 0x6F, 0x00, 0x00, 0x00, 0x00, 0x00, 0x00, 0x00, 0xFD, 0x6F, 0x20, 0xD9, 0xFF, 0x8D, 0x02,
    0x00, 0x00, 0xFD, 0x6F, 0xF8, 0xFF, 0xFF, 0xFF, 0x6F, 0x00, 0x00, 0xFD, 0xEF, 0xFF, 0xFF, 0xFE,
    0xFF, 0xFF, 0x07, 0x00, 0xFD, 0xFF, 0xDF, 0x04, 0x00, 0xE5, 0xFF, 0x3F, 0x00, 0xFD, 0xFF, 0x0C,
    0x00, 0x00, 0x10, 0xFE, 0xCF, 0x00, 0xFD, 0xFF, 0x01, 0x00, 0x00, 0x00, 0xF5, 0xFF, 0x03, 0xFD,
    0xAF, 0x00, 0x00, 0x00, 0x00, 0xE0, 0xFF, 0x07, 0xFD, 0x5F, 0x00, 0x00, 0x00, 0x00, 0xA0, 0xFF,
    0x0B, 0xFD, 0x4F, 0x00, 0x00, 0x00, 0x00, 0x80, 0xFF, 0x0C, 0xFD, 0x3F, 0x00, 0x00, 0x00, 0x00,
    0x80, 0xFF, 0x0D, 0xFD, 0x4F, 0x00, 0x00, 0x00, 0x00, 0x90, 0xFF, 0x0B, 0xFD, 0x7F, 0x00, 0x00,
    0x00, 0x00, 0xC0, 0xFF, 0x09, 0xFD, 0xDF, 0x00, 0x00, 0x00, 0x00, 0xF2, 0xFF, 0x05, 0xFD, 0xFF,
    0x06, 0x00, 0x00, 0x00, 0xFC, 0xEF, 0x00, 0xFD, 0xFF, 0x7F, 0x00, 0x00, 0xA0, 0xFF, 0x5F, 0x00,
    0xFD, 0xFF, 0xFF, 0x9E, 0xA8, 0xFE, 0xFF, 0x0A, 0x00, 0xFD, 0x6F, 0xFE, 0xFF, 0xFF, 0xFF, 0xAF,
    0x00, 0x00, 0xFD, 0x2F, 0x81, 0xFF, 0xFF, 0xDF, 0x06, 0x00, 0x00, 0x00, 0x00, 0x00, 0x30, 0x55,
    0x02, 0x00, 0x00, 0x00, 0x00, 0x00, 0x50, 0xDA, 0xFF, 0xDF, 0x5A, 0x00, 0x00, 0x40, 0xFE, 0xFF,
    0xFF, 0xFF, 0xFF, 0x04, 0x00, 0xF6, 0xFF, 0xFF, 0xEF, 0xFF, 0xFF, 0x01, 0x30, 0xFF, 0xFF, 0x17,
    0x00, 0x10, 0xB5, 0x00, 0xC0, 0xFF, 0x2E, 0x00, 0x00, 0x00, 0x00, 0x00, 0xF2, 0xFF, 0x05, 0x00,
    0x00, 0x00, 0x00, 0x00, 0xF7, 0xEF, 0x00, 0x00, 0x00, 0x00, 0x00, 0x00, 0xFA, 0xAF, 0x00, 0x00,
    0x00, 0x00, 0x00, 0x00, 0xFC, 0x8F, 0x00, 0x00, 0x00, 0x00, 0x00, 0x00, 0xFC, 0x8F, 0x00, 0x00,
    0x00, 0x00, 0x00, 0x00, 0xFB, 0x9F, 0x00, 0x00, 0x00, 0x00, 0x00, 0x00, 0xF9, 0xCF, 0x00, 0x00,
    0x00, 0x00, 0x00, 0x00, 0xF5, 0xFF, 0x02, 0x00, 0x00, 0x00, 0x00, 0x00, 0xE0, 0xFF, 0x0C, 0x00,
    0x00, 0x00, 0x00, 0x00, 0x60, 0xFF, 0xBF, 0x01, 0x00, 0x00, 0x50, 0x00, 0x00, 0xFA, 0xFF, 0xBF,
    0x78, 0xB8, 0xFF, 0x01, 0x00, 0x90, 0xFF, 0xFF, 0xFF, 0xFF, 0xFF, 0x03, 0x00, 0x00, 0xB4, 0xFF,
    0xFF, 0xFF, 0x7D, 0x00, 0x00, 0x00, 0x00, 0x30, 0x55, 0x14, 0x00, 0x00, 0x00, 0x00, 0x00, 0x00,
    0x00, 0x00, 0x60, 0xFF, 0x0D, 0x00, 0x00, 0x00, 0x00, 0x00, 0x00, 0x60, 0xFF, 0x0D, 0x00, 0x00,
    0x00, 0x00, 0x00, 0x00, 0x60, 0xFF, 0x0D, 0x00, 0x00, 0x00, 0x00, 0x00, 0x00, 0x60, 0xFF, 0x0D,
    0x00, 0x00, 0x00, 0x00, 0x00, 0x00, 0x60, 0xFF, 0x0D, 0x00, 0x00, 0x00, 0x00, 0x00, 0x00, 0x60,
    0xFF, 0x0D, 0x00, 0x00, 0x00, 0x00, 0x00, 0x00, 0x60, 0xFF, 0x0D, 0x00, 0x00, 0x00, 0x00, 0x00,
    0x00, 0x60, 0xFF, 0x0D, 0x00, 0x00, 0x00, 0x00, 0x00, 0x00, 0x60, 0xFF, 0x0D, 0x00, 0x00, 0x81,
    0xFD, 0xEF, 0x4A, 0x60, 0xFF, 0x0D, 0x00, 0x50, 0xFF, 0xFF, 0xFF, 0xFF, 0x7A, 0xFF, 0x0D, 0x00,
    0xF6, 0xFF, 0xFF, 0xFE, 0xFF, 0xFF, 0xFF, 0x0D, 0x30, 0xFF, 0xEF, 0x06, 0x00, 0xC4, 0xFF, 0xFF,
    0x0D, 0xC0, 0xFF, 0x2E, 0x00, 0x00, 0x00, 0xFB, 0xFF, 0x0D, 0xF3, 0xFF, 0x05, 0x00, 0x00, 0x00,
    0xE1, 0xFF, 0x0D, 0xF7, 0xEF, 0x00, 0x00, 0x00, 0x00, 0x80, 0xFF, 0x0D, 0xFB, 0xAF, 0x00, 0x00,
    0x00, 0x00, 0x30, 0xFF, 0x0D, 0xFC, 0x8F, 0x00, 0x00, 0x00, 0x00, 0x10, 0xFF, 0x0D, 0xFD, 0x7F,
    0x00, 0x00, 0x00, 0x00, 0x10, 0xFF, 0x0D, 0xFC, 0x9F, 0x00, 0x00, 0x00, 0x00, 0x20, 0xFF, 0x0D,
    0xF9, 0xCF, 0x00, 0x00, 0x00, 0x00, 0x50, 0xFF, 0x0D, 0xF5, 0xFF, 0x02, 0x00, 0x00, 0x00, 0xB0,
    0xFF, 0x0D, 0xE0, 0xFF, 0x0C, 0x00, 0x00, 0x00, 0xF4, 0xFF, 0x0D, 0x60, 0xFF, 0xBF, 0x01, 0x00,
    0x50, 0xFF, 0xFF, 0x0D, 0x00, 0xFA, 0xFF, 0xAF, 0x98, 0xFD, 0xFF, 0xFF, 0x0D, 0x00, 0xA0, 0xFF,
    0xFF, 0xFF, 0xFF, 0x6D, 0xFF, 0x0D, 0x00, 0x00, 0xD5, 0xFF, 0xFF, 0x9F, 0x21, 0xFF, 0x0D, 0x00,
    0x00, 0x00, 0x52, 0x35, 0x00, 0x00, 0x00, 0x00, 0x00, 0x00, 0x71, 0xEC, 0xFF, 0x9D, 0x03, 0x00,
    0x00, 0x00, 0x50, 0xFE, 0xFF, 0xFF, 0xFF, 0x9F, 0x00, 0x00, 0x00, 0xF6, 0xFF, 0xFF, 0xEE, 0xFF,
    0xFF, 0x0B, 0x00, 0x40, 0xFF, 0xCF, 0x04, 0x00, 0xA2, 0xFF, 0x6F, 0x00, 0xD0, 0xFF, 0x0D, 0x00,
    0x00, 0x00, 0xFA, 0xDF, 0x00, 0xF4, 0xFF, 0x04, 0x00, 0x00, 0x00, 0xF3, 0xFF, 0x02, 0xF9, 0xDF,
    0x00, 0x00, 0x00, 0x00, 0xF1, 0xFF, 0x04, 0xFC, 0xFF, 0xFF, 0xFF, 0xFF, 0xFF, 0xFF, 0xFF, 0x05,
    0xFE, 0xFF, 0xFF, 0xFF, 0xFF, 0xFF, 0xFF, 0xFF, 0x04, 0xFE, 0x9F, 0x33, 0x33, 0x33, 0x33, 0x33,
    0x33, 0x00, 0xFC, 0x9F, 0x00, 0x00, 0x00, 0x00, 0x00, 0x00, 0x00, 0xF9, 0xEF, 0x00, 0x00, 0x00,
    0x00, 0x00, 0x00, 0x00, 0xF4, 0xFF, 0x05, 0x00, 0x00, 0x00, 0x00, 0x00, 0x00, 0xD0, 0xFF, 0x1E,
    0x00, 0x00, 0x00, 0x00, 0x00, 0x00, 0x40, 0xFF, 0xEF, 0x04, 0x00, 0x00, 0x00, 0x15, 0x00, 0x00,
    0xF8, 0xFF, 0xEF, 0x8A, 0x98, 0xFC, 0x4F, 0x00, 0x00, 0x60, 0xFF, 0xFF, 0xFF, 0xFF, 0xFF, 0x7F,
    0x00, 0x00, 0x00, 0x92, 0xFF, 0xFF, 0xFF, 0xCF, 0x06, 0x00, 0x00, 0x00, 0x00, 0x20, 0x54, 0x35,
    0x00, 0x00, 0x00, 0x00, 0x00, 0x40, 0xFB, 0xEF, 0x1B, 0x00, 0x00, 0xF5, 0xFF, 0xFF, 0x0F, 0x00,
    0x10, 0xFF, 0xFF, 0xEE, 0x0D, 0x00, 0x60, 0xFF, 0x4F, 0x00, 0x01, 0x00, 0x80, 0xFF, 0x0C, 0x00,
    0x00, 0x00, 0x90, 0xFF, 0x0A, 0x00, 0x00, 0x00, 0x90, 0xFF, 0x0A, 0x00, 0x00, 0x00, 0x90, 0xFF,
    0x0A, 0x00, 0x00, 0x00, 0x90, 0xFF, 0x0A, 0x00, 0x00, 0xA2, 0xDA, 0xFF, 0xAE, 0xAA, 0x4A, 0xF6,
    0xFF, 0xFF, 0xFF, 0xFF, 0x6F, 0xE7, 0xFE, 0xFF, 0xEF, 0xEE, 0x5E, 0x00, 0x90, 0xFF, 0x0A, 0x00,
    0x00, 0x00, 0x90, 0xFF, 0x0A, 0x00, 0x00, 0x00, 0x90, 0xFF, 0x0A, 0x00, 0x00, 0x00, 0x90, 0xFF,
    0x0A, 0x00, 0x00, 0x00, 0x90, 0xFF, 0x0A, 0x00, 0x00, 0x00, 0x90, 0xFF, 0x0A, 0x00, 0x00, 0x00,
    0x90, 0xFF, 0x0A, 0x00, 0x00, 0x00, 0x90, 0xFF, 0x0A, 0x00, 0x00, 0x00, 0x90, 0xFF, 0x0A, 0x00,
    0x00, 0x00, 0x90, 0xFF, 0x0A, 0x00, 0x00, 0x00, 0x90, 0xFF, 0x0A, 0x00, 0x00, 0x00, 0x90, 0xFF,
    0x0A, 0x00, 0x00, 0x00, 0x90, 0xFF, 0x0A, 0x00, 0x00, 0x00, 0x90, 0xFF, 0x0A, 0x00, 0x00, 0x00,
    0x90, 0xFF, 0x0A, 0x00, 0x00, 0x00, 0x00, 0x71, 0xEC, 0xFF, 0x6B, 0x00, 0x84, 0x5A, 0x00, 0x00,
    0x40, 0xFE, 0xFF, 0xFF, 0xFF, 0xED, 0xFF, 0x5F, 0x00, 0x00, 0xF3, 0xFF, 0xBF, 0xA9, 0xFE, 0xFF,
    0x8C, 0x17, 0x00, 0x00, 0xFD, 0xBF, 0x01, 0x00, 0x90, 0xFF, 0x0D, 0x00, 0x00, 0x50, 0xFF, 0x1E,
    0x00, 0x00, 0x00, 0xFC, 0x6F, 0x00, 0x00, 0x90, 0xFF, 0x09, 0x00, 0x00, 0x00, 0xF6, 0xBF, 0x00,
    0x00, 0xA0, 0xFF, 0x06, 0x00, 0x00, 0x00, 0xF3, 0xDF, 0x00, 0x00, 0xA0, 0xFF, 0x06, 0x00, 0x00,
    0x00, 0xF4, 0xDF, 0x00, 0x00, 0x80, 0xFF, 0x09, 0x00, 0x00, 0x00, 0xF7, 0xBF, 0x00, 0x00, 0x40,
    0xFF, 0x1F, 0x00, 0x00, 0x00, 0xFD, 0x6F, 0x00, 0x00, 0x00, 0xFC, 0xCF, 0x01, 0x00, 0xB1, 0xFF,
    0x0E, 0x00, 0x00, 0x00, 0xF2, 0xFF, 0xCF, 0xBA, 0xFF, 0xFF, 0x04, 0x00, 0x00, 0x00, 0x30, 0xFE,
    0xFF, 0xFF, 0xFF, 0x4E, 0x00, 0x00, 0x00, 0x00, 0xB0, 0xEF, 0xDB, 0xEE, 0x7B, 0x01, 0x00, 0x00,
    0x00, 0x00, 0xF8, 0x6F, 0x00, 0x00, 0x00, 0x00, 0x00, 0x00, 0x00, 0x00, 0xFB, 0xEF, 0x48, 0x01,
    0x00, 0x00, 0x00, 0x00, 0x00, 0x00, 0xF5, 0xFF, 0xFF, 0xFF, 0xAC, 0x37, 0x00, 0x00, 0x00, 0x00,
    0x70, 0xFF, 0xFF, 0xFF, 0xFF, 0xFF, 0x7E, 0x00, 0x00, 0x00, 0xF7, 0xEF, 0x87, 0xEB, 0xFF, 0xFF,
    0xFF, 0x1D, 0x00, 0x60, 0xFF, 0x1C, 0x00, 0x00, 0x30, 0xD7, 0xFF, 0x9F, 0x00, 0xD0, 0xFF, 0x02,
    0x00, 0x00, 0x00, 0x00, 0xFA, 0xEF, 0x00, 0xF0, 0xFF, 0x01, 0x00, 0x00, 0x00, 0x00, 0xF4, 0xFF,
    0x00, 0xF0, 0xFF, 0x06, 0x00, 0x00, 0x00, 0x00, 0xF7, 0xFF, 0x00, 0xB0, 0xFF, 0x9F, 0x03, 0x00,
    0x00, 0x93, 0xFF, 0xAF, 0x00, 0x20, 0xFE, 0xFF, 0xFF, 0xEE, 0xFE, 0xFF, 0xFF, 0x1E, 0x00, 0x00,
    0xC2, 0xFF, 0xFF, 0xFF, 0xFF, 0xFF, 0xBF, 0x01, 0x00, 0x00, 0x00, 0x83, 0xEC, 0xFF, 0xEF, 0x8B,
    0x03, 0x00, 0x00, 0xFD, 0x7F, 0x00, 0x00, 0x00, 0x00, 0x00, 0x00, 0xFD, 0x7F, 0x00, 0x00, 0x00,
    0x00, 0x00, 0x00, 0xFD, 0x7F, 0x00, 0x00, 0x00, 0x00, 0x00, 0x00, 0xFD, 0x7F, 0x00, 0x00, 0x00,
    0x00, 0x00, 0x00, 0xFD, 0x7F, 0x00, 0x00, 0x00, 0x00, 0x00, 0x00, 0xFD, 0x7F, 0x00, 0x00, 0x00,
    0x00, 0x00, 0x00, 0xFD, 0x7F, 0x00, 0x00, 0x00, 0x00, 0x00, 0x00, 0xFD, 0x7F, 0x00, 0x00, 0x00,
    0x00, 0x00, 0x00, 0xFD, 0x7F, 0x00, 0x00, 0x00, 0x00, 0x00, 0x00, 0xFD, 0x7F, 0x60, 0xEB, 0xFF,
    0x7C, 0x00, 0x00, 0xFD, 0x8F, 0xFC, 0xFF, 0xFF, 0xFF, 0x2D, 0x00, 0xFD, 0xFF, 0xFF, 0xEF, 0xFE,
    0xFF, 0xEF, 0x01, 0xFD, 0xFF, 0x7F, 0x01, 0x10, 0xFA, 0xFF, 0x08, 0xFD, 0xEF, 0x03, 0x00, 0x00,
    0xA0, 0xFF, 0x0E, 0xFD, 0x7F, 0x00, 0x00, 0x00, 0x30, 0xFF, 0x3F, 0xFD, 0x7F, 0x00, 0x00, 0x00,
    0x00, 0xFE, 0x6F, 0xFD, 0x7F, 0x00, 0x00, 0x00, 0x00, 0xFC, 0x7F, 0xFD, 0x7F, 0x00, 0x00, 0x00,
    0x00, 0xFC, 0x8F, 0xFD, 0x7F, 0x00, 0x00, 0x00, 0x00, 0xFC, 0x8F, 0xFD, 0x7F, 0x00, 0x00, 0x00,
    0x00, 0xFC, 0x8F, 0xFD, 0x7F, 0x00, 0x00, 0x00, 0x00, 0xFC, 0x8F, 0xFD, 0x7F, 0x00, 0x00, 0x00,
    0x00, 0xFC, 0x8F, 0xFD, 0x7F, 0x00, 0x00, 0x00, 0x00, 0xFC, 0x8F, 0xFD, 0x7F, 0x00, 0x00, 0x00,
    0x00, 0xFC, 0x8F, 0xFD, 0x7F, 0x00, 0x00, 0x00, 0x00, 0xFC, 0x8F, 0xFD, 0x7F, 0x00, 0x00, 0x00,
    0x00, 0xFC, 0x8F, 0xFD, 0x7F, 0x00, 0x00, 0x00, 0x00, 0xFC, 0x8F, 0x32, 0x13, 0xFC, 0x7F, 0xFC,
    0x7F, 0xFC, 0x7F, 0x65, 0x26, 0x00, 0x00, 0x00, 0x00, 0x00, 0x00, 0xA8, 0x4A, 0xFC, 0x7F, 0xFC,
    0x7F, 0xFC, 0x7F, 0xFC, 0x7F, 0xFC, 0x7F, 0xFC, 0x7F, 0xFC, 0x7F, 0xFC, 0x7F, 0xFC, 0x7F, 0xFC,
    0x7F, 0xFC, 0x7F, 0xFC, 0x7F, 0xFC, 0x7F, 0xFC, 0x7F, 0xFC, 0x7F, 0xFC, 0x7F, 0xFC, 0x7F, 0x00,
    0x20, 0x33, 0x01, 0x00, 0xC0, 0xFF, 0x07, 0x00, 0xC0, 0xFF, 0x07, 0x00, 0xC0, 0xFF, 0x07, 0x00,
    0x50, 0x66, 0x02, 0x00, 0x00, 0x00, 0x00, 0x00, 0x00, 0x00, 0x00, 0x00, 0x00, 0x00, 0x00, 0x00,
    0x80, 0xAA, 0x04, 0x00, 0xC0, 0xFF, 0x07, 0x00, 0xC0, 0xFF, 0x07, 0x00, 0xC0, 0xFF, 0x07, 0x00,
    0xC0, 0xFF, 0x07, 0x00, 0xC0, 0xFF, 0x07, 0x00, 0xC0, 0xFF, 0x07, 0x00, 0xC0, 0xFF, 0x07, 0x00,
    0xC0, 0xFF, 0x07, 0x00, 0xC0, 0xFF, 0x07, 0x00, 0xC0, 0xFF, 0x07, 0x00, 0xC0, 0xFF, 0x07, 0x00,
    0xC0, 0xFF, 0x07, 0x00, 0xC0, 0xFF, 0x07, 0x00, 0xC0, 0xFF, 0x07, 0x00, 0xC0, 0xFF, 0x07, 0x00,
    0xC0, 0xFF, 0x07, 0x00, 0xC0, 0xFF, 0x07, 0x00, 0xC0, 0xFF, 0x07, 0x00, 0xC0, 0xFF, 0x07, 0x00,
    0xC0, 0xFF, 0x07, 0x00, 0xD0, 0xFF, 0x07, 0x00, 0xF0, 0xFF, 0x06, 0x00, 0xF7, 0xFF, 0x03, 0xE4,
    0xFF, 0xBF, 0x00, 0xF4, 0xFF, 0x0A, 0x00, 0x91, 0x26, 0x00, 0x00, 0xFD, 0x6F, 0x00, 0x00, 0x00,
    0x00, 0x00, 0x00, 0xFD, 0x6F, 0x00, 0x00, 0x00, 0x00, 0x00, 0x00, 0xFD, 0x6F, 0x00, 0x00, 0x00,
    0x00, 0x00, 0x00, 0xFD, 0x6F, 0x00, 0x00, 0x00, 0x00, 0x00, 0x00, 0xFD, 0x6F, 0x00, 0x00, 0x00,
    0x00, 0x00, 0x00, 0xFD, 0x6F, 0x00, 0x00, 0x00, 0x00, 0x00, 0x00, 0xFD, 0x6F, 0x00, 0x00, 0x00,
    0x00, 0x00, 0x00, 0xFD, 0x6F, 0x00, 0x00, 0x00, 0x00, 0x00, 0x00, 0xFD, 0x6F, 0x00, 0x00, 0x00,
    0x00, 0x00, 0x00, 0xFD, 0x6F, 0x00, 0x00, 0x30, 0xAA, 0x5A, 0x00, 0xFD, 0x6F, 0x00, 0x00, 0xE2,
    0xFF, 0x0D, 0x00, 0xFD, 0x6F, 0x00, 0x00, 0xFD, 0xEF, 0x01, 0x00, 0xFD, 0x6F, 0x00, 0xA0, 0xFF,
    0x3F, 0x00, 0x00, 0xFD, 0x6F, 0x00, 0xF7, 0xFF, 0x04, 0x00, 0x00, 0xFD, 0x6F, 0x50, 0xFF, 0x6F,
    0x00, 0x00, 0x00, 0xFD, 0x6F, 0xF2, 0xFF, 0x09, 0x00, 0x00, 0x00, 0xFD, 0x7F, 0xFD, 0xBF, 0x00,
    0x00, 0x00, 0x00, 0xFD, 0xFF, 0xFF, 0x1F, 0x00, 0x00, 0x00, 0x00, 0xFD, 0xAF, 0xFF, 0x8F, 0x00,
    0x00, 0x00, 0x00, 0xFD, 0x6F, 0xF8, 0xFF, 0x04, 0x00, 0x00, 0x00, 0xFD, 0x6F, 0xC0, 0xFF, 0x2E,
    0x00, 0x00, 0x00, 0xFD, 0x6F, 0x10, 0xFE, 0xCF, 0x00, 0x00, 0x00, 0xFD, 0x6F, 0x00, 0xF4, 0xFF,
    0x09, 0x00, 0x00, 0xFD, 0x6F, 0x00, 0x80, 0xFF, 0x5F, 0x00, 0x00, 0xFD, 0x6F, 0x00, 0x00, 0xFC,
    0xFF, 0x02, 0x00, 0xFD, 0x6F, 0x00, 0x00, 0xE1, 0xFF, 0x0D, 0x00, 0xFD, 0x6F, 0x00, 0x00, 0x50,
    0xFF, 0xAF, 0x00, 0xFD, 0x6F, 0x00, 0x00, 0xFD, 0x6F, 0x00, 0x00, 0xFD, 0x6F, 0x00, 0x00, 0xFD,
    0x6F, 0x00, 0x00, 0xFD, 0x6F, 0x00, 0x00, 0xFD, 0x6F, 0x00, 0x00, 0xFD, 0x6F, 0x00, 0x00, 0xFD,
    0x6F, 0x00, 0x00, 0xFD, 0x6F, 0x00, 0x00, 0xFD, 0x6F, 0x00, 0x00, 0xFD, 0x6F, 0x00, 0x00, 0xFD,
    0x6F, 0x00, 0x00, 0xFD, 0x6F, 0x00, 0x00, 0xFD, 0x6F, 0x00, 0x00, 0xFD, 0x6F, 0x00, 0x00, 0xFD,
    0x6F, 0x00, 0x00, 0xFD, 0x6F, 0x00, 0x00, 0xFD, 0x6F, 0x00, 0x00, 0xFD, 0x6F, 0x00, 0x00, 0xFD,
    0x6F, 0x00, 0x00, 0xFD, 0x6F, 0x00, 0x00, 0xFD, 0x6F, 0x00, 0x00, 0xFD, 0x7F, 0x00, 0x00, 0xFD,
    0xAF, 0x00, 0x00, 0xFA, 0xFF, 0x47, 0x00, 0xF3, 0xFF, 0xFF, 0x01, 0x50, 0xFE, 0xEF, 0x00, 0x00,
    0x40, 0x45, 0x00, 0xA8, 0x07, 0x50, 0xEB, 0xFF, 0x6C, 0x00, 0x00, 0x60, 0xEB, 0xFF, 0x9D, 0x02,
    0x00, 0xFC, 0x2E, 0xFD, 0xFF, 0xFF, 0xFF, 0x1C, 0x20, 0xFD, 0xFF, 0xFF, 0xFF, 0x7F, 0x00, 0xFC,
    0xFF, 0xFF, 0xEF, 0xFE, 0xFF, 0xBF, 0xE1, 0xFF, 0xEF, 0xFE, 0xFF, 0xFF, 0x05, 0xFC, 0xFF, 0x6E,
    0x01, 0x10, 0xF7, 0xFF, 0xFD, 0x7F, 0x01, 0x00, 0xF5, 0xFF, 0x0D, 0xFC, 0xDF, 0x01, 0x00, 0x00,
    0x80, 0xFF, 0xFF, 0x05, 0x00, 0x00, 0x50, 0xFF, 0x3F, 0xFC, 0x7F, 0x00, 0x00, 0x00, 0x10, 0xFF,
    0xDF, 0x00, 0x00, 0x00, 0x00, 0xFE, 0x6F, 0xFC, 0x7F, 0x00, 0x00, 0x00, 0x00, 0xFE, 0x9F, 0x00,
    0x00, 0x00, 0x00, 0xFC, 0x8F, 0xFC, 0x7F, 0x00, 0x00, 0x00, 0x00, 0xFC, 0x8F, 0x00, 0x00, 0x00,
    0x00, 0xFB, 0x8F, 0xFC, 0x7F, 0x00, 0x00, 0x00, 0x00, 0xFC, 0x8F, 0x00, 0x00, 0x00, 0x00, 0xFB,
    0x9F, 0xFC, 0x7F, 0x00, 0x00, 0x00, 0x00, 0xFC, 0x8F, 0x00, 0x00, 0x00, 0x00, 0xFB, 0x9F, 0xFC,
    0x7F, 0x00, 0x00, 0x00, 0x00, 0xFC, 0x8F, 0x00, 0x00, 0x00, 0x00, 0xFB, 0x9F, 0xFC, 0x7F, 0x00,
    0x00, 0x00, 0x00, 0xFC, 0x8F, 0x00, 0x00, 0x00, 0x00, 0xFB, 0x9F, 0xFC, 0x7F, 0x00, 0x00, 0x00,
    0x00, 0xFC, 0x8F, 0x00, 0x00, 0x00, 0x00, 0xFB, 0x9F, 0xFC, 0x7F, 0x00, 0x00, 0x00, 0x00, 0xFC,
    0x8F, 0x00, 0x00, 0x00, 0x00, 0xFB, 0x9F, 0xFC, 0x7F, 0x00, 0x00, 0x00, 0x00, 0xFC, 0x8F, 0x00,
    0x00, 0x00, 0x00, 0xFB, 0x9F, 0xFC, 0x7F, 0x00, 0x00, 0x00, 0x00, 0xFC, 0x8F, 0x00, 0x00, 0x00,
    0x00, 0xFB, 0x9F, 0xFC, 0x7F, 0x00, 0x00, 0x00, 0x00, 0xFC, 0x8F, 0x00, 0x00, 0x00, 0x00, 0xFB,
    0x9F, 0xFC, 0x7F, 0x00, 0x00, 0x00, 0x00, 0xFC, 0x8F, 0x00, 0x00, 0x00, 0x00, 0xFB, 0x9F, 0xA8,
    0x07, 0x50, 0xEA, 0xFF, 0xAE, 0x04, 0x00, 0x00, 0xFC, 0x2E, 0xFD, 0xFF, 0xFF, 0xFF, 0xBF, 0x00,
    0x00, 0xFC, 0xFF, 0xFF, 0xEF, 0xFE, 0xFF, 0xFF, 0x09, 0x00, 0xFC, 0xFF, 0x7E, 0x01, 0x00, 0xC4,
    0xFF, 0x2F, 0x00, 0xFC, 0xDF, 0x01, 0x00, 0x00, 0x10, 0xFE, 0x9F, 0x00, 0xFC, 0x7F, 0x00, 0x00,
    0x00, 0x00, 0xF8, 0xDF, 0x00, 0xFC, 0x7F, 0x00, 0x00, 0x00, 0x00, 0xF4, 0xFF, 0x00, 0xFC, 0x7F,
    0x00, 0x00, 0x00, 0x00, 0xF2, 0xFF, 0x01, 0xFC, 0x7F, 0x00, 0x00, 0x00, 0x00, 0xF2, 0xFF, 0x01,
    0xFC, 0x7F, 0x00, 0x00, 0x00, 0x00, 0xF2, 0xFF, 0x01, 0xFC, 0x7F, 0x00, 0x00, 0x00, 0x00, 0xF2,
    0xFF, 0x01, 0xFC, 0x7F, 0x00, 0x00, 0x00, 0x00, 0xF2, 0xFF, 0x01, 0xFC, 0x7F, 0x00, 0x00, 0x00,
    0x00, 0xF2, 0xFF, 0x01, 0xFC, 0x7F, 0x00, 0x00, 0x00, 0x00, 0xF2, 0xFF, 0x01, 0xFC, 0x7F, 0x00,
    0x00, 0x00, 0x00, 0xF2, 0xFF, 0x01, 0xFC, 0x7F, 0x00, 0x00, 0x00, 0x00, 0xF2, 0xFF, 0x01, 0xFC,
    0x7F, 0x00, 0x00, 0x00, 0x00, 0xF2, 0xFF, 0x01, 0xFC, 0x7F, 0x00, 0x00, 0x00, 0x00, 0xF2, 0xFF,
    0x01, 0x00, 0x00, 0x60, 0xEB, 0xFF, 0xAE, 0x05, 0x00, 0x00, 0x00, 0x40, 0xFE, 0xFF, 0xFF, 0xFF,
    0xDF, 0x02, 0x00, 0x00, 0xF5, 0xFF, 0xFF, 0xEE, 0xFF, 0xFF, 0x3F, 0x00, 0x30, 0xFF, 0xEF, 0x05,
    0x00, 0x71, 0xFF, 0xEF, 0x01, 0xC0, 0xFF, 0x1D, 0x00, 0x00, 0x00, 0xF2, 0xFF, 0x09, 0xF3, 0xFF,
    0x04, 0x00, 0x00, 0x00, 0x70, 0xFF, 0x0F, 0xF8, 0xDF, 0x00, 0x00, 0x00, 0x00, 0x10, 0xFF, 0x5F,
    0xFB, 0x9F, 0x00, 0x00, 0x00, 0x00, 0x00, 0xFC, 0x8F, 0xFD, 0x7F, 0x00, 0x00, 0x00, 0x00, 0x00,
    0xFB, 0x9F, 0xFD, 0x7F, 0x00, 0x00, 0x00, 0x00, 0x00, 0xFA, 0xAF, 0xFC, 0x8F, 0x00, 0x00, 0x00,
    0x00, 0x00, 0xFC, 0x8F, 0xF9, 0xBF, 0x00, 0x00, 0x00, 0x00, 0x00, 0xFE, 0x6F, 0xF5, 0xFF, 0x01,
    0x00, 0x00, 0x00, 0x40, 0xFF, 0x2F, 0xE0, 0xFF, 0x0A, 0x00, 0x00, 0x00, 0xD0, 0xFF, 0x0B, 0x60,
    0xFF, 0x9F, 0x00, 0x00, 0x10, 0xFB, 0xFF, 0x03, 0x00, 0xFA, 0xFF, 0xAF, 0x88, 0xFB, 0xFF, 0x7F,
    0x00, 0x00, 0xA0, 0xFF, 0xFF, 0xFF, 0xFF, 0xFF, 0x07, 0x00, 0x00, 0x00, 0xC4, 0xFF, 0xFF, 0xFF,
    0x3B, 0x00, 0x00, 0x00, 0x00, 0x00, 0x41, 0x55, 0x03, 0x00, 0x00, 0x00, 0xA8, 0x07, 0x20, 0xD9,
    0xFF, 0xAE, 0x03, 0x00, 0x00, 0xFC, 0x0E, 0xF8, 0xFF, 0xFF, 0xFF, 0x9F, 0x00, 0x00, 0xFC, 0xAF,
    0xFF, 0xFF, 0xFE, 0xFF, 0xFF, 0x0A, 0x00, 0xFC, 0xFF, 0xDF, 0x04, 0x00, 0xC3, 0xFF, 0x6F, 0x00,
    0xFC, 0xFF, 0x0C, 0x00, 0x00, 0x00, 0xFC, 0xEF, 0x00, 0xFC, 0xFF, 0x01, 0x00, 0x00, 0x00, 0xF3,
    0xFF, 0x04, 0xFC, 0xAF, 0x00, 0x00, 0x00, 0x00, 0xC0, 0xFF, 0x09, 0xFC, 0x6F, 0x00, 0x00, 0x00,
    0x00, 0x90, 0xFF, 0x0B, 0xFC, 0x4F, 0x00, 0x00, 0x00, 0x00, 0x70, 0xFF, 0x0D, 0xFC, 0x4F, 0x00,
    0x00, 0x00, 0x00, 0x70, 0xFF, 0x0D, 0xFC, 0x5F, 0x00, 0x00, 0x00, 0x00, 0x80, 0xFF, 0x0C, 0xFC,
    0x8F, 0x00, 0x00, 0x00, 0x00, 0xB0, 0xFF, 0x0A, 0xFC, 0xDF, 0x00, 0x00, 0x00, 0x00, 0xF1, 0xFF,
    0x06, 0xFC, 0xFF, 0x07, 0x00, 0x00, 0x00, 0xF8, 0xFF, 0x01, 0xFC, 0xFF, 0x7F, 0x00, 0x00, 0x70,
    0xFF, 0xAF, 0x00, 0xFC, 0xFF, 0xFF, 0x9E, 0x98, 0xFD, 0xFF, 0x1E, 0x00, 0xFC, 0x8F, 0xFD, 0xFF,
    0xFF, 0xFF, 0xEF, 0x03, 0x00, 0xFC, 0x7F, 0x80, 0xFE, 0xFF, 0xFF, 0x2A, 0x00, 0x00, 0xFC, 0x7F,
    0x00, 0x30, 0x55, 0x04, 0x00, 0x00, 0x00, 0xFC, 0x7F, 0x00, 0x00, 0x00, 0x00, 0x00, 0x00, 0x00,
    0xFC, 0x7F, 0x00, 0x00, 0x00, 0x00, 0x00, 0x00, 0x00, 0xFC, 0x7F, 0x00, 0x00, 0x00, 0x00, 0x00,
    0x00, 0x00, 0xFC, 0x7F, 0x00, 0x00, 0x00, 0x00, 0x00, 0x00, 0x00, 0xFC, 0x7F, 0x00, 0x00, 0x00,
    0x00, 0x00, 0x00, 0x00, 0xFC, 0x7F, 0x00, 0x00, 0x00, 0x00, 0x00, 0x00, 0x00, 0xFC, 0x7F, 0x00,
    0x00, 0x00, 0x00, 0x00, 0x00, 0x00, 0xB9, 0x5B, 0x00, 0x00, 0x00, 0x00, 0x00, 0x00, 0x00, 0x00,
    0x00, 0x92, 0xFD, 0xEF, 0x4A, 0x00, 0xA7, 0x08, 0x00, 0x70, 0xFF, 0xFF, 0xFF, 0xFF, 0x0A, 0xFD,
    0x0D, 0x00, 0xF7, 0xFF, 0xFF, 0xFE, 0xFF, 0xBF, 0xFF, 0x0D, 0x30, 0xFF, 0xDF, 0x04, 0x00, 0xC4,
    0xFF, 0xFF, 0x0D, 0xC0, 0xFF, 0x0D, 0x00, 0x00, 0x00, 0xFB, 0xFF, 0x0D, 0xF3, 0xFF, 0x03, 0x00,
    0x00, 0x00, 0xE1, 0xFF, 0x0D, 0xF7, 0xDF, 0x00, 0x00, 0x00, 0x00, 0x90, 0xFF, 0x0D, 0xFA, 0xAF,
    0x00, 0x00, 0x00, 0x00, 0x50, 0xFF, 0x0D, 0xFC, 0x8F, 0x00, 0x00, 0x00, 0x00, 0x30, 0xFF, 0x0D,
    0xFC, 0x8F, 0x00, 0x00, 0x00, 0x00, 0x30, 0xFF, 0x0D, 0xFB, 0x9F, 0x00, 0x00, 0x00, 0x00, 0x40,
    0xFF, 0x0D, 0xF9, 0xCF, 0x00, 0x00, 0x00, 0x00, 0x70, 0xFF, 0x0D, 0xF6, 0xFF, 0x01, 0x00, 0x00,
    0x00, 0xC0, 0xFF, 0x0D, 0xF1, 0xFF, 0x09, 0x00, 0x00, 0x00, 0xF6, 0xFF, 0x0D, 0x90, 0xFF, 0x8F,
    0x00, 0x00, 0x60, 0xFF, 0xFF, 0x0D, 0x10, 0xFE, 0xFF, 0x9E, 0x98, 0xFE, 0xFF, 0xFF, 0x0D, 0x00,
    0xE2, 0xFF, 0xFF, 0xFF, 0xFF, 0x8E, 0xFF, 0x0D, 0x00, 0x10, 0xF9, 0xFF, 0xFF, 0x9F, 0x61, 0xFF,
    0x0D, 0x00, 0x00, 0x00, 0x53, 0x35, 0x00, 0x60, 0xFF, 0x0D, 0x00, 0x00, 0x00, 0x00, 0x00, 0x00,
    0x60, 0xFF, 0x0D, 0x00, 0x00, 0x00, 0x00, 0x00, 0x00, 0x60, 0xFF, 0x0D, 0x00, 0x00, 0x00, 0x00,
    0x00, 0x00, 0x60, 0xFF, 0x0D, 0x00, 0x00, 0x00, 0x00, 0x00, 0x00, 0x60, 0xFF, 0x0D, 0x00, 0x00,
    0x00, 0x00, 0x00, 0x00, 0x60, 0xFF, 0x0D, 0x00, 0x00, 0x00, 0x00, 0x00, 0x00, 0x60, 0xFF, 0x0D,
    0x00, 0x00, 0x00, 0x00, 0x00, 0x00, 0x60, 0xFF, 0x0D, 0x00, 0x00, 0x00, 0x00, 0x00, 0x00, 0x40,
    0xBB, 0x09, 0xA8, 0x09, 0x10, 0xE8, 0x3F, 0xFC, 0x0F, 0xE2, 0xFF, 0x2F, 0xFC, 0x4F, 0xFE, 0xFF,
    0x1F, 0xFC, 0xFF, 0xFF, 0x9C, 0x09, 0xFC, 0xFF, 0x2B, 0x00, 0x00, 0xFC, 0xCF, 0x00, 0x00, 0x00,
    0xFC, 0xAF, 0x00, 0x00, 0x00, 0xFC, 0xAF, 0x00, 0x00, 0x00, 0xFC, 0xAF, 0x00, 0x00, 0x00, 0xFC,
    0xAF, 0x00, 0x00, 0x00, 0xFC, 0xAF, 0x00, 0x00, 0x00, 0xFC, 0xAF, 0x00, 0x00, 0x00, 0xFC, 0xAF,
    0x00, 0x00, 0x00, 0xFC, 0xAF, 0x00, 0x00, 0x00, 0xFC, 0xAF, 0x00, 0x00, 0x00, 0xFC, 0xAF, 0x00,
    0x00, 0x00, 0xFC, 0xAF, 0x00, 0x00, 0x00, 0xFC, 0xAF, 0x00, 0x00, 0x00, 0x00, 0x50, 0xEB, 0xFF,
    0xCE, 0x17, 0x00, 0x00, 0xFB, 0xFF, 0xFF, 0xFF, 0xDF, 0x00, 0xA0, 0xFF, 0xDF, 0x99, 0xEA, 0xBF,
    0x00, 0xF2, 0xFF, 0x05, 0x00, 0x00, 0x86, 0x00, 0xF6, 0xDF, 0x00, 0x00, 0x00, 0x00, 0x00, 0xF7,
    0xDF, 0x00, 0x00, 0x00, 0x00, 0x00, 0xF5, 0xFF, 0x08, 0x00, 0x00, 0x00, 0x00, 0xE0, 0xFF, 0xFF,
    0x49, 0x00, 0x00, 0x00, 0x30, 0xFE, 0xFF, 0xFF, 0x9E, 0x01, 0x00, 0x00, 0x81, 0xFE, 0xFF, 0xFF,
    0x5F, 0x00, 0x00, 0x00, 0x30, 0xD8, 0xFF, 0xFF, 0x03, 0x00, 0x00, 0x00, 0x00, 0xF6, 0xFF, 0x0B,
    0x00, 0x00, 0x00, 0x00, 0x90, 0xFF, 0x0E, 0x01, 0x00, 0x00, 0x00, 0x70, 0xFF, 0x0E, 0xB9, 0x03,
    0x00, 0x00, 0xD1, 0xFF, 0x0B, 0xFB, 0xDF, 0x8A, 0xA8, 0xFF, 0xFF, 0x05, 0xFC, 0xFF, 0xFF, 0xFF,
    0xFF, 0xAF, 0x00, 0x71, 0xFD, 0xFF, 0xFF, 0xEF, 0x06, 0x00, 0x00, 0x10, 0x54, 0x45, 0x02, 0x00,
    0x00, 0x00, 0x00, 0x21, 0x03, 0x00, 0x00, 0x00, 0x50, 0xFF, 0x0E, 0x00, 0x00, 0x00, 0x50, 0xFF,
    0x0E, 0x00, 0x00, 0x00, 0x50, 0xFF, 0x0E, 0x00, 0x00, 0x00, 0x50, 0xFF, 0x0E, 0x00, 0x00, 0xA1,
    0xCA, 0xFF, 0xAF, 0xAA, 0x5A, 0xF3, 0xFF, 0xFF, 0xFF, 0xFF, 0x9F, 0xE4, 0xEE, 0xFF, 0xEF, 0xEE,
    0x7E, 0x00, 0x50, 0xFF, 0x0E, 0x00, 0x00, 0x00, 0x50, 0xFF, 0x0E, 0x00, 0x00, 0x00, 0x50, 0xFF,
    0x0E, 0x00, 0x00, 0x00, 0x50, 0xFF, 0x0E, 0x00, 0x00, 0x00, 0x50, 0xFF, 0x0E, 0x00, 0x00, 0x00,
    0x50, 0xFF, 0x0E, 0x00, 0x00, 0x00, 0x50, 0xFF, 0x0E, 0x00, 0x00, 0x00, 0x50, 0xFF, 0x0E, 0x00,
    0x00, 0x00, 0x50, 0xFF, 0x0E, 0x00, 0x00, 0x00, 0x50, 0xFF, 0x0E, 0x00, 0x00, 0x00, 0x50, 0xFF,
    0x0F, 0x00, 0x00, 0x00, 0x40, 0xFF, 0x1F, 0x00, 0x00, 0x00, 0x10, 0xFF, 0xCF, 0x45, 0x13, 0x00,
    0x00, 0xFA, 0xFF, 0xFF, 0x6F, 0x00, 0x00, 0xA0, 0xFF, 0xFF, 0x4F, 0x00, 0x00, 0x00, 0x41, 0x55,
    0x15, 0xAA, 0x2A, 0x00, 0x00, 0x00, 0x50, 0xAA, 0x06, 0xFF, 0x4F, 0x00, 0x00, 0x00, 0x90, 0xFF,
    0x0A, 0xFF, 0x4F, 0x00, 0x00, 0x00, 0x90, 0xFF, 0x0A, 0xFF, 0x4F, 0x00, 0x00, 0x00, 0x90, 0xFF,
    0x0A, 0xFF, 0x4F, 0x00, 0x00, 0x00, 0x90, 0xFF, 0x0A, 0xFF, 0x4F, 0x00, 0x00, 0x00, 0x90, 0xFF,
    0x0A, 0xFF, 0x4F, 0x00, 0x00, 0x00, 0x90, 0xFF, 0x0A, 0xFF, 0x4F, 0x00, 0x00, 0x00, 0x90, 0xFF,
    0x0A, 0xFF, 0x4F, 0x00, 0x00, 0x00, 0x90, 0xFF, 0x0A, 0xFF, 0x4F, 0x00, 0x00, 0x00, 0x90, 0xFF,
    0x0A, 0xFF, 0x4F, 0x00, 0x00, 0x00, 0x90, 0xFF, 0x0A, 0xFF, 0x6F, 0x00, 0x00, 0x00, 0x90, 0xFF,
    0x0A, 0xFD, 0x9F, 0x00, 0x00, 0x00, 0x90, 0xFF, 0x0A, 0xFA, 0xEF, 0x00, 0x00, 0x00, 0xB0, 0xFF,
    0x0A, 0xF6, 0xFF, 0x0A, 0x00, 0x00, 0xF8, 0xFF, 0x0A, 0xE0, 0xFF, 0xEF, 0x89, 0xEA, 0xFF, 0xFF,
    0x0A, 0x40, 0xFF, 0xFF, 0xFF, 0xFF, 0xAE, 0xFF, 0x0A, 0x00, 0xC3, 0xFF, 0xFF, 0xBF, 0x42, 0xFF,
    0x0A, 0x00, 0x00, 0x41, 0x45, 0x01, 0x00, 0x00, 0x00, 0xA5, 0xAA, 0x00, 0x00, 0x00, 0x00, 0x30,
    0xAA, 0x2A, 0xF3, 0xFF, 0x05, 0x00, 0x00, 0x00, 0xA0, 0xFF, 0x0E, 0xD0, 0xFF, 0x0A, 0x00, 0x00,
    0x00, 0xF0, 0xFF, 0x09, 0x70, 0xFF, 0x0F, 0x00, 0x00, 0x00, 0xF5, 0xFF, 0x03, 0x10, 0xFF, 0x5F,
    0x00, 0x00, 0x00, 0xFB, 0xDF, 0x00, 0x00, 0xFB, 0xBF, 0x00, 0x00, 0x10, 0xFF, 0x7F, 0x00, 0x00,
    0xF5, 0xFF, 0x01, 0x00, 0x60, 0xFF, 0x1F, 0x00, 0x00, 0xE0, 0xFF, 0x06, 0x00, 0xB0, 0xFF, 0x0A,
    0x00, 0x00, 0x90, 0xFF, 0x0C, 0x00, 0xF1, 0xFF, 0x04, 0x00, 0x00, 0x20, 0xFF, 0x2F, 0x00, 0xF6,
    0xEF, 0x00, 0x00, 0x00, 0x00, 0xFC, 0x7F, 0x00, 0xFC, 0x8F, 0x00, 0x00, 0x00, 0x00, 0xF6, 0xDF,
    0x20, 0xFF, 0x2F, 0x00, 0x00, 0x00, 0x00, 0xF1, 0xFF, 0x72, 0xFF, 0x0C, 0x00, 0x00, 0x00, 0x00,
    0xA0, 0xFF, 0xD8, 0xFF, 0x06, 0x00, 0x00, 0x00, 0x00, 0x40, 0xFF, 0xFE, 0xFF, 0x00, 0x00, 0x00,
    0x00, 0x00, 0x00, 0xFE, 0xFF, 0xAF, 0x00, 0x00, 0x00, 0x00, 0x00, 0x00, 0xF8, 0xFF, 0x4F, 0x00,
    0x00, 0x00, 0x00, 0x00, 0x00, 0xF2, 0xFF, 0x0D, 0x00, 0x00, 0x00, 0xA4, 0xAA, 0x03, 0x00, 0x00,
    0x00, 0x11, 0x01, 0x00, 0x00, 0x10, 0xAA, 0x6A, 0xF3, 0xFF, 0x08, 0x00, 0x00, 0xC0, 0xFF, 0x0E,
    0x00, 0x00, 0x60, 0xFF, 0x5F, 0xE0, 0xFF, 0x0C, 0x00, 0x00, 0xF1, 0xFF, 0x2F, 0x00, 0x00, 0xA0,
    0xFF, 0x1F, 0x90, 0xFF, 0x0F, 0x00, 0x00, 0xF5, 0xFF, 0x7F, 0x00, 0x00, 0xD0, 0xFF, 0x0C, 0x50,
    0xFF, 0x3F, 0x00, 0x00, 0xF9, 0xFF, 0xBF, 0x00, 0x00, 0xF1, 0xFF, 0x07, 0x00, 0xFF, 0x7F, 0x00,
    0x00, 0xFE, 0xCE, 0xFF, 0x00, 0x00, 0xF5, 0xFF, 0x02, 0x00, 0xFB, 0xBF, 0x00, 0x20, 0xFF, 0x8A,
    0xFF, 0x04, 0x00, 0xF9, 0xDF, 0x00, 0x00, 0xF6, 0xFF, 0x00, 0x70, 0xFF, 0x35, 0xFF, 0x09, 0x00,
    0xFD, 0x8F, 0x00, 0x00, 0xF2, 0xFF, 0x03, 0xB0, 0xFF, 0x01, 0xFE, 0x0D, 0x10, 0xFF, 0x3F, 0x00,
    0x00, 0xD0, 0xFF, 0x07, 0xF0, 0xCF, 0x00, 0xFA, 0x1F, 0x50, 0xFF, 0x0E, 0x00, 0x00, 0x80, 0xFF,
    0x0A, 0xF4, 0x7F, 0x00, 0xF6, 0x6F, 0x80, 0xFF, 0x0A, 0x00, 0x00, 0x30, 0xFF, 0x0E, 0xF9, 0x3F,
    0x00, 0xF1, 0xAF, 0xC0, 0xFF, 0x05, 0x00, 0x00, 0x00, 0xFE, 0x2F, 0xFD, 0x0E, 0x00, 0xD0, 0xFF,
    0xF1, 0xFF, 0x01, 0x00, 0x00, 0x00, 0xFA, 0x8F, 0xFF, 0x0A, 0x00, 0x80, 0xFF, 0xF8, 0xBF, 0x00,
    0x00, 0x00, 0x00, 0xF5, 0xFF, 0xFF, 0x05, 0x00, 0x40, 0xFF, 0xFF, 0x6F, 0x00, 0x00, 0x00, 0x00,
    0xF0, 0xFF, 0xFF, 0x01, 0x00, 0x00, 0xFF, 0xFF, 0x2F, 0x00, 0x00, 0x00, 0x00, 0xB0, 0xFF, 0xCF,
    0x00, 0x00, 0x00, 0xFB, 0xFF, 0x0D, 0x00, 0x00, 0x00, 0x00, 0x60, 0xFF, 0x8F, 0x00, 0x00, 0x00,
    0xF6, 0xFF, 0x08, 0x00, 0x00, 0xA2, 0xAA, 0x03, 0x00, 0x00, 0x00, 0xA5, 0xAA, 0x02, 0xA0, 0xFF,
    0x0D, 0x00, 0x00, 0x10, 0xFE, 0xAF, 0x00, 0x10, 0xFE, 0x8F, 0x00, 0x00, 0x90, 0xFF, 0x1E, 0x00,
    0x00, 0xF5, 0xFF, 0x03, 0x00, 0xF2, 0xFF, 0x05, 0x00, 0x00, 0xA0, 0xFF, 0x0C, 0x00, 0xFB, 0xAF,
    0x00, 0x00, 0x00, 0x10, 0xFE, 0x7F, 0x50, 0xFF, 0x1E, 0x00, 0x00, 0x00, 0x00, 0xF4, 0xFF, 0xD2,
    0xFF, 0x04, 0x00, 0x00, 0x00, 0x00, 0x90, 0xFF, 0xFE, 0x9F, 0x00, 0x00, 0x00, 0x00, 0x00, 0x00,
    0xFE, 0xFF, 0x0E, 0x00, 0x00, 0x00, 0x00, 0x00, 0x00, 0xFA, 0xFF, 0x1F, 0x00, 0x00, 0x00, 0x00,
    0x00, 0x50, 0xFF, 0xFF, 0xBF, 0x00, 0x00, 0x00, 0x00, 0x00, 0xF1, 0xFF, 0xF7, 0xFF, 0x05, 0x00,
    0x00, 0x00, 0x00, 0xFB, 0x9F, 0x80, 0xFF, 0x1E, 0x00, 0x00, 0x00, 0x70, 0xFF, 0x1E, 0x00, 0xFD,
    0xBF, 0x00, 0x00, 0x00, 0xF2, 0xFF, 0x05, 0x00, 0xF3, 0xFF, 0x05, 0x00, 0x00, 0xFD, 0xAF, 0x00,
    0x00, 0x90, 0xFF, 0x1E, 0x00, 0x80, 0xFF, 0x1E, 0x00, 0x00, 0x00, 0xFE, 0xAF, 0x00, 0xF4, 0xFF,
    0x05, 0x00, 0x00, 0x00, 0xF4, 0xFF, 0x05, 0xA6, 0x9A, 0x00, 0x00, 0x00, 0x00, 0x00, 0xA8, 0x8A,
    0xF4, 0xFF, 0x05, 0x00, 0x00, 0x00, 0x10, 0xFF, 0x7F, 0xD0, 0xFF, 0x0C, 0x00, 0x00, 0x00, 0x70,
    0xFF, 0x1F, 0x60, 0xFF, 0x2F, 0x00, 0x00, 0x00, 0xD0, 0xFF, 0x0A, 0x00, 0xFE, 0x9F, 0x00, 0x00,
    0x00, 0xF3, 0xFF, 0x03, 0x00, 0xF8, 0xFF, 0x00, 0x00, 0x00, 0xF9, 0xDF, 0x00, 0x00, 0xF1, 0xFF,
    0x07, 0x00, 0x00, 0xFF, 0x6F, 0x00, 0x00, 0xA0, 0xFF, 0x0D, 0x00, 0x60, 0xFF, 0x0F, 0x00, 0x00,
    0x30, 0xFF, 0x4F, 0x00, 0xC0, 0xFF, 0x09, 0x00, 0x00, 0x00, 0xFC, 0xBF, 0x00, 0xF2, 0xFF, 0x02,
    0x00, 0x00, 0x00, 0xF5, 0xFF, 0x02, 0xF8, 0xCF, 0x00, 0x00, 0x00, 0x00, 0xE0, 0xFF, 0x08, 0xFE,
    0x5F, 0x00, 0x00, 0x00, 0x00, 0x70, 0xFF, 0x4E, 0xFF, 0x0E, 0x00, 0x00, 0x00, 0x00, 0x10, 0xFF,
    0xEF, 0xFF, 0x08, 0x00, 0x00, 0x00, 0x00, 0x00, 0xF9, 0xFF, 0xFF, 0x02, 0x00, 0x00, 0x00, 0x00,
    0x00, 0xF2, 0xFF, 0xBF, 0x00, 0x00, 0x00, 0x00, 0x00, 0x00, 0xB0, 0xFF, 0x4F, 0x00, 0x00, 0x00,
    0x00, 0x00, 0x00, 0x80, 0xFF, 0x0E, 0x00, 0x00, 0x00, 0x00, 0x00, 0x00, 0xE0, 0xFF, 0x07, 0x00,
    0x00, 0x00, 0x00, 0x00, 0x00, 0xF6, 0xFF, 0x01, 0x00, 0x00, 0x00, 0x00, 0x00, 0x00, 0xFD, 0xAF,
    0x00, 0x00, 0x00, 0x00, 0x00, 0x00, 0x30, 0xFF, 0x4F, 0x00, 0x00, 0x00, 0x00, 0x00, 0x00, 0xA0,
    0xFF, 0x0D, 0x00, 0x00, 0x00, 0x00, 0x00, 0x00, 0xF1, 0xFF, 0x07, 0x00, 0x00, 0x00, 0x00, 0x00,
    0x00, 0xF8, 0xFF, 0x01, 0x00, 0x00, 0x00, 0x00, 0x00, 0x00, 0xFE, 0xAF, 0x00, 0x00, 0x00, 0x00,
    0x00, 0x00, 0x30, 0xBB, 0x3B, 0x00, 0x00, 0x00, 0x00, 0x00, 0x60, 0xAA, 0xAA, 0xAA, 0xAA, 0xAA,
    0xAA, 0x8A, 0x00, 0xA0, 0xFF, 0xFF, 0xFF, 0xFF, 0xFF, 0xFF, 0x5F, 0x00, 0xA0, 0xFF, 0xFF, 0xFF,
    0xFF, 0xFF, 0xFF, 0x0A, 0x00, 0x20, 0x33, 0x33, 0x33, 0x33, 0xFB, 0xEF, 0x01, 0x00, 0x00, 0x00,
    0x00, 0x00, 0x30, 0xFF, 0x5F, 0x00, 0x00, 0x00, 0x00, 0x00, 0x00, 0xD0, 0xFF, 0x0A, 0x00, 0x00,
    0x00, 0x00, 0x00, 0x00, 0xF9, 0xEF, 0x01, 0x00, 0x00, 0x00, 0x00, 0x00, 0x30, 0xFF, 0x5F, 0x00,
    0x00, 0x00, 0x00, 0x00, 0x00, 0xD0, 0xFF, 0x0A, 0x00, 0x00, 0x00, 0x00, 0x00, 0x00, 0xF9, 0xEF,
    0x01, 0x00, 0x00, 0x00, 0x00, 0x00, 0x30, 0xFF, 0x5F, 0x00, 0x00, 0x00, 0x00, 0x00, 0x00, 0xD0,
    0xFF, 0x0A, 0x00, 0x00, 0x00, 0x00, 0x00, 0x00, 0xF8, 0xEF, 0x01, 0x00, 0x00, 0x00, 0x00, 0x00,
    0x30, 0xFF, 0x5F, 0x00, 0x00, 0x00, 0x00, 0x00, 0x00, 0xD0, 0xFF, 0x0A, 0x00, 0x00, 0x00, 0x00,
    0x00, 0x00, 0xF8, 0xFF, 0xDE, 0xDD, 0xDD, 0xDD, 0xBD, 0x00, 0x30, 0xFF, 0xFF, 0xFF, 0xFF, 0xFF,
    0xFF, 0xEF, 0x00, 0xD0, 0xFF, 0xFF, 0xFF, 0xFF, 0xFF, 0xFF, 0xEF, 0x00, 0x00, 0x00, 0x10, 0xC8,
    0xFF, 0x0F, 0x00, 0x00, 0xE3, 0xFF, 0xFF, 0x0F, 0x00, 0x00, 0xFE, 0xFF, 0x8A, 0x07, 0x00, 0x60,
    0xFF, 0x1D, 0x00, 0x00, 0x00, 0x90, 0xFF, 0x04, 0x00, 0x00, 0x00, 0xA0, 0xFF, 0x00, 0x00, 0x00,
    0x00, 0xA0, 0xFF, 0x00, 0x00, 0x00, 0x00, 0x90, 0xFF, 0x00, 0x00, 0x00, 0x00, 0x80, 0xFF, 0x00,
    0x00, 0x00, 0x00, 0x70, 0xFF, 0x01, 0x00, 0x00, 0x00, 0x60, 0xFF, 0x02, 0x00, 0x00, 0x00, 0x60,
    0xFF, 0x03, 0x00, 0x00, 0x00, 0x80, 0xFF, 0x03, 0x00, 0x00, 0x00, 0xD0, 0xFF, 0x00, 0x00, 0x00,
    0x30, 0xF9, 0x8F, 0x00, 0x00, 0x00, 0xF4, 0xEF, 0x06, 0x00, 0x00, 0x00, 0xF4, 0xFF, 0x08, 0x00,
    0x00, 0x00, 0x10, 0xF8, 0xAF, 0x00, 0x00, 0x00, 0x00, 0xC0, 0xFF, 0x01, 0x00, 0x00, 0x00, 0x80,
    0xFF, 0x03, 0x00, 0x00, 0x00, 0x60, 0xFF, 0x03, 0x00, 0x00, 0x00, 0x60, 0xFF, 0x02, 0x00, 0x00,
    0x00, 0x70, 0xFF, 0x01, 0x00, 0x00, 0x00, 0x80, 0xFF, 0x00, 0x00, 0x00, 0x00, 0x90, 0xFF, 0x00,
    0x00, 0x00, 0x00, 0xA0, 0xFF, 0x00, 0x00, 0x00, 0x00, 0xA0, 0xFF, 0x00, 0x00, 0x00, 0x00, 0x90,
    0xFF, 0x04, 0x00, 0x00, 0x00, 0x50, 0xFF, 0x2E, 0x00, 0x00, 0x00, 0x00, 0xFD, 0xFF, 0xAC, 0x09,
    0x00, 0x00, 0xD2, 0xFF, 0xFF, 0x0F, 0x00, 0x00, 0x00, 0xB6, 0xED, 0x0E, 0xF7, 0xBF, 0xF7, 0xBF,
    0xF7, 0xBF, 0xF7, 0xBF, 0xF7, 0xBF, 0xF7, 0xBF, 0xF7, 0xBF, 0xF7, 0xBF, 0xF7, 0xBF, 0xF7, 0xBF,
    0xF7, 0xBF, 0xF7, 0xBF, 0xF7, 0xBF, 0xF7, 0xBF, 0xF7, 0xBF, 0xF7, 0xBF, 0xF7, 0xBF, 0xF7, 0xBF,
    0xF7, 0xBF, 0xF7, 0xBF, 0xF7, 0xBF, 0xF7, 0xBF, 0xF7, 0xBF, 0xF7, 0xBF, 0xF7, 0xBF, 0xF7, 0xBF,
    0xF7, 0xBF, 0xF7, 0xBF, 0xF7, 0xBF, 0xF7, 0xBF, 0xF7, 0xBF, 0xF7, 0xBF, 0xF7, 0xBF, 0xF7, 0xBF,
    0x84, 0x68, 0xFE, 0xDF, 0x28, 0x00, 0x00, 0x00, 0xFE, 0xFF, 0xFF, 0x04, 0x00, 0x00, 0x87, 0xFA,
    0xFF, 0x1F, 0x00, 0x00, 0x00, 0x10, 0xFC, 0x7F, 0x00, 0x00, 0x00, 0x00, 0xF2, 0xBF, 0x00, 0x00,
    0x00, 0x00, 0xE0, 0xCF, 0x00, 0x00, 0x00, 0x00, 0xD0, 0xCF, 0x00, 0x00, 0x00, 0x00, 0xE0, 0xBF,
    0x00, 0x00, 0x00, 0x00, 0xF0, 0x9F, 0x00, 0x00, 0x00, 0x00, 0xF0, 0x8F, 0x00, 0x00, 0x00, 0x00,
    0xF1, 0x8F, 0x00, 0x00, 0x00, 0x00, 0xF2, 0x8F, 0x00, 0x00, 0x00, 0x00, 0xF1, 0x9F, 0x00, 0x00,
    0x00, 0x00, 0xF0, 0xEF, 0x00, 0x00, 0x00, 0x00, 0x70, 0xFF, 0x3B, 0x00, 0x00, 0x00, 0x00, 0xD5,
    0xFF, 0x06, 0x00, 0x00, 0x00, 0xF7, 0xFF, 0x06, 0x00, 0x00, 0x80, 0xFF, 0x29, 0x00, 0x00, 0x00,
    0xF0, 0xDF, 0x00, 0x00, 0x00, 0x00, 0xF1, 0x9F, 0x00, 0x00, 0x00, 0x00, 0xF2, 0x8F, 0x00, 0x00,
    0x00, 0x00, 0xF1, 0x8F, 0x00, 0x00, 0x00, 0x00, 0xF0, 0x8F, 0x00, 0x00, 0x00, 0x00, 0xE0, 0x9F,
    0x00, 0x00, 0x00, 0x00, 0xE0, 0xBF, 0x00, 0x00, 0x00, 0x00, 0xD0, 0xCF, 0x00, 0x00, 0x00, 0x00,
    0xF0, 0xCF, 0x00, 0x00, 0x00, 0x00, 0xF3, 0xBF, 0x00, 0x00, 0x00, 0x20, 0xFD, 0x7F, 0x00, 0x00,
    0x98, 0xFC, 0xFF, 0x1E, 0x00, 0x00, 0xFE, 0xFF, 0xEF, 0x03, 0x00, 0x00, 0xED, 0xBD, 0x17, 0x00,
    0x00, 0x00, 0x00, 0x20, 0x13, 0x00, 0x00, 0x00, 0x11, 0x10, 0xFC, 0xFF, 0x4C, 0x00, 0xD0, 0xEF,
    0xA0, 0xFF, 0xFF, 0xFF, 0x9D, 0xFA, 0xCF, 0xF1, 0xFF, 0xCC, 0xFF, 0xFF, 0xFF, 0x6F, 0xF4, 0x8F,
    0x00, 0xA2, 0xFF, 0xFF, 0x0B, 0x41, 0x14, 0x00, 0x00, 0x51, 0x36, 0x00, 0xF9, 0xFF, 0x04, 0xF9,
    0xFF, 0x04, 0xF9, 0xFF, 0x04, 0xD7, 0xDD, 0x03, 0x00, 0x00, 0x00, 0x00, 0x00, 0x00, 0xD2, 0xBD,
    0x00, 0xF2, 0xEF, 0x00, 0xF3, 0xEF, 0x00, 0xF4, 0xFF, 0x00, 0xF4, 0xFF, 0x00, 0xF5, 0xFF, 0x00,
    0xF5, 0xFF, 0x01, 0xF6, 0xFF, 0x02, 0xF7, 0xFF, 0x02, 0xF7, 0xFF, 0x03, 0xF8, 0xFF, 0x03, 0xF9,
    0xFF, 0x04, 0xF9, 0xFF, 0x05, 0xFA, 0xFF, 0x05, 0xFB, 0xFF, 0x06, 0xFB, 0xFF, 0x07, 0xFC, 0xFF,
    0x07, 0xFC, 0xFF, 0x08, 0xFD, 0xFF, 0x09, 0x32, 0x33, 0x01, 0x00, 0x00, 0x00, 0x20, 0xBB, 0x06,
    0x00, 0x00, 0x00, 0x00, 0x00, 0x20, 0xFF, 0x08, 0x00, 0x00, 0x00, 0x00, 0x00, 0x10, 0xFF, 0x07,
    0x00, 0x00, 0x00, 0x00, 0x00, 0x00, 0xFF, 0x06, 0x00, 0x00, 0x00, 0x00, 0x00, 0x00, 0xFF, 0x05,
    0x00, 0x00, 0x00, 0x00, 0x50, 0xDA, 0xFF, 0xDF, 0x5A, 0x00, 0x00, 0x40, 0xFE, 0xFF, 0xFF, 0xFF,
    0xFF, 0x04, 0x00, 0xF6, 0xFF, 0xFF, 0xEF, 0xFF, 0xFF, 0x01, 0x30, 0xFF, 0xFF, 0x17, 0x00, 0x10,
    0xB5, 0x00, 0xC0, 0xFF, 0x2E, 0x00, 0x00, 0x00, 0x00, 0x00, 0xF2, 0xFF, 0x05, 0x00, 0x00, 0x00,
    0x00, 0x00, 0xF7, 0xEF, 0x00, 0x00, 0x00, 0x00, 0x00, 0x00, 0xFA, 0xAF, 0x00, 0x00, 0x00, 0x00,
    0x00, 0x00, 0xFC, 0x8F, 0x00, 0x00, 0x00, 0x00, 0x00, 0x00, 0xFC, 0x8F, 0x00, 0x00, 0x00, 0x00,
    0x00, 0x00, 0xFB, 0x9F, 0x00, 0x00, 0x00, 0x00, 0x00, 0x00, 0xF9, 0xCF, 0x00, 0x00, 0x00, 0x00,
    0x00, 0x00, 0xF5, 0xFF, 0x02, 0x00, 0x00, 0x00, 0x00, 0x00, 0xE0, 0xFF, 0x0C, 0x00, 0x00, 0x00,
    0x00, 0x00, 0x60, 0xFF, 0xBF, 0x01, 0x00, 0x00, 0x50, 0x00, 0x00, 0xFA, 0xFF, 0xBF, 0x78, 0xB8,
    0xFF, 0x01, 0x00, 0x90, 0xFF, 0xFF, 0xFF, 0xFF, 0xFF, 0x03, 0x00, 0x00, 0xB4, 0xFF, 0xFF, 0xFF,
    0x7D, 0x00, 0x00, 0x00, 0x00, 0x30, 0xFF, 0x18, 0x00, 0x00, 0x00, 0x00, 0x00, 0x00, 0xFF, 0x06,
    0x00, 0x00, 0x00, 0x00, 0x00, 0x10, 0xFF, 0x07, 0x00, 0x00, 0x00, 0x00, 0x00, 0x20, 0xFF, 0x07,
    0x00, 0x00, 0x00, 0x00, 0x00, 0x20, 0xFF, 0x08, 0x00, 0x00, 0x00, 0x00, 0x00, 0x00, 0x33, 0x01,
    0x00, 0x00, 0x00, 0x00, 0x00, 0x00, 0x61, 0xB9, 0x8A, 0x04, 0x00, 0x00, 0x00, 0x00, 0x60, 0xFF,
    0xFF, 0xFF, 0xEF, 0x03, 0x00, 0x00, 0x00, 0xF6, 0xFF, 0xFF, 0xFF, 0xFF, 0x05, 0x00, 0x00, 0x10,
    0xFF, 0xFF, 0x6A, 0xA6, 0xFF, 0x03, 0x00, 0x00, 0x90, 0xFF, 0x5F, 0x00, 0x00, 0xB2, 0x02, 0x00,
    0x00, 0xE0, 0xFF, 0x0A, 0x00, 0x00, 0x00, 0x00, 0x00, 0x00, 0xF2, 0xFF, 0x04, 0x00, 0x00, 0x00,
    0x00, 0x00, 0x00, 0xF5, 0xFF, 0x01, 0x00, 0x00, 0x00, 0x00, 0x00, 0x00, 0xF7, 0xFF, 0x00, 0x00,
    0x00, 0x00, 0x00, 0x00, 0x00, 0xF8, 0xDF, 0x00, 0x00, 0x00, 0x00, 0x00, 0x00, 0x00, 0xFA, 0xBF,
    0x00, 0x00, 0x00, 0x00, 0x00, 0x00, 0x00, 0xFC, 0xAF, 0x00, 0x00, 0x00, 0x00, 0x00, 0xD0, 0xFF,
    0xFF, 0xFF, 0xFF, 0xFF, 0xFF, 0x05, 0x00, 0xD0, 0xFF, 0xFF, 0xFF, 0xFF, 0xFF, 0xFF, 0x05, 0x00,
    0x80, 0xAA, 0xFF, 0xBF, 0xAA, 0xAA, 0xAA, 0x03, 0x00, 0x00, 0x20, 0xFF, 0x3F, 0x00, 0x00, 0x00,
    0x00, 0x00, 0x00, 0x50, 0xFF, 0x1F, 0x00, 0x00, 0x00, 0x00, 0x00, 0x00, 0x70, 0xFF, 0x0E, 0x00,
    0x00, 0x00, 0x00, 0x00, 0x00, 0xA0, 0xFF, 0x0B, 0x00, 0x00, 0x00, 0x00, 0x00, 0x00, 0xE0, 0xFF,
    0x07, 0x00, 0x00, 0x00, 0x00, 0x00, 0x00, 0xF2, 0xFF, 0x03, 0x00, 0x00, 0x00, 0x00, 0x00, 0x00,
    0xF7, 0xDF, 0x00, 0x00, 0x00, 0x00, 0x00, 0x00, 0x00, 0xFD, 0x9F, 0x33, 0x33, 0x33, 0x33, 0x33,
    0x02, 0x20, 0xFF, 0xFF, 0xFF, 0xFF, 0xFF, 0xFF, 0xFF, 0x09, 0x90, 0xFF, 0xFF, 0xFF, 0xFF, 0xFF,
    0xFF, 0xFF, 0x09, 0xF0, 0xFF, 0xFF, 0xFF, 0xFF, 0xFF, 0xFF, 0xFF, 0x09, 0x84, 0x00, 0x00, 0x00,
    0x00, 0x00, 0x00, 0x00, 0x00, 0x70, 0x04, 0xF7, 0x08, 0x00, 0x30, 0x97, 0xAA, 0x37, 0x00, 0x00,
    0xF8, 0x07, 0x70, 0x8F, 0x40, 0xFD, 0xFF, 0xFF, 0xFF, 0x5D, 0x80, 0x8F, 0x00, 0x00, 0xF7, 0xFC,
    0xFF, 0xFF, 0xFF, 0xFF, 0xFF, 0xFC, 0x08, 0x00, 0x00, 0xB0, 0xFF, 0xEF, 0x59, 0x54, 0xE8, 0xFF,
    0xCF, 0x00, 0x00, 0x00, 0xF4, 0xFF, 0x0A, 0x00, 0x00, 0x00, 0xFA, 0xFF, 0x05, 0x00, 0x00, 0xFD,
    0xBF, 0x00, 0x00, 0x00, 0x00, 0xB0, 0xFF, 0x0E, 0x00, 0x30, 0xFF, 0x2F, 0x00, 0x00, 0x00, 0x00,
    0x20, 0xFF, 0x4F, 0x00, 0x70, 0xFF, 0x0C, 0x00, 0x00, 0x00, 0x00, 0x00, 0xFC, 0x8F, 0x00, 0xA0,
    0xFF, 0x09, 0x00, 0x00, 0x00, 0x00, 0x00, 0xF9, 0xBF, 0x00, 0xA0, 0xFF, 0x08, 0x00, 0x00, 0x00,
    0x00, 0x00, 0xF8, 0xBF, 0x00, 0xA0, 0xFF, 0x09, 0x00, 0x00, 0x00, 0x00, 0x00, 0xF9, 0xBF, 0x00,
    0x70, 0xFF, 0x0D, 0x00, 0x00, 0x00, 0x00, 0x00, 0xFC, 0x8F, 0x00, 0x30, 0xFF, 0x3F, 0x00, 0x00,
    0x00, 0x00, 0x20, 0xFF, 0x4F, 0x00, 0x00, 0xFD, 0xCF, 0x00, 0x00, 0x00, 0x00, 0xB0, 0xFF, 0x0E,
    0x00, 0x00, 0xF4, 0xFF, 0x1B, 0x00, 0x00, 0x10, 0xFA, 0xFF, 0x05, 0x00, 0x00, 0xC0, 0xFF, 0xFF,
    0x69, 0x65, 0xF9, 0xFF, 0xDF, 0x00, 0x00, 0x00, 0xF8, 0xFC, 0xFF, 0xFF, 0xFF, 0xFF, 0xFF, 0xFC,
    0x08, 0x00, 0x80, 0x8F, 0x40, 0xFC, 0xFF, 0xFF, 0xFF, 0x4D, 0x70, 0x8F, 0x00, 0xF7, 0x08, 0x00,
    0x20, 0x86, 0x99, 0x36, 0x00, 0x00, 0xF7, 0x08, 0x73, 0x00, 0x00, 0x00, 0x00, 0x00, 0x00, 0x00,
    0x00, 0x70, 0x04, 0x31, 0x33, 0x01, 0x00, 0x00, 0x00, 0x00, 0x00, 0x00, 0x33, 0x23, 0xE0, 0xFF,
    0x0E, 0x00, 0x00, 0x00, 0x00, 0x00, 0x80, 0xFF, 0x5F, 0x50, 0xFF, 0x8F, 0x00, 0x00, 0x00, 0x00,
    0x00, 0xF2, 0xFF, 0x0B, 0x00, 0xFB, 0xFF, 0x02, 0x00, 0x00, 0x00, 0x00, 0xFC, 0xFF, 0x02, 0x00,
    0xF2, 0xFF, 0x0B, 0x00, 0x00, 0x00, 0x60, 0xFF, 0x7F, 0x00, 0x00, 0x70, 0xFF, 0x5F, 0x00, 0x00,
    0x00, 0xE1, 0xFF, 0x0D, 0x00, 0x00, 0x00, 0xFD, 0xEF, 0x01, 0x00, 0x00, 0xF9, 0xFF, 0x03, 0x00,
    0x00, 0x00, 0xF3, 0xFF, 0x09, 0x00, 0x30, 0xFF, 0x9F, 0x00, 0x00, 0x00, 0x00, 0x90, 0xFF, 0x3F,
    0x00, 0xD0, 0xFF, 0x1E, 0x00, 0x00, 0x00, 0x00, 0x10, 0xFE, 0xCF, 0x00, 0xF7, 0xFF, 0x06, 0x00,
    0x00, 0x00, 0x00, 0x00, 0xF5, 0xFF, 0x16, 0xFF, 0xCF, 0x00, 0x00, 0x00, 0x00, 0x00, 0x00, 0xB0,
    0xFF, 0xBF, 0xFF, 0x2F, 0x00, 0x00, 0x00, 0x00, 0x00, 0x00, 0x20, 0xFF, 0xFF, 0xFF, 0x08, 0x00,
    0x00, 0x00, 0x00, 0x00, 0xFF, 0xFF, 0xFF, 0xFF, 0xFF, 0xFF, 0xFF, 0x06, 0x00, 0x00, 0x00, 0xFF,
    0xFF, 0xFF, 0xFF, 0xFF, 0xFF, 0xFF, 0x06, 0x00, 0x00, 0x00, 0xAA, 0xAA, 0xDA, 0xFF, 0xAF, 0xAA,
    0xAA, 0x04, 0x00, 0x00, 0x00, 0x00, 0x00, 0x80, 0xFF, 0x0E, 0x00, 0x00, 0x00, 0x00, 0x00, 0x00,
    0x00, 0x00, 0x80, 0xFF, 0x0E, 0x00, 0x00, 0x00, 0x00, 0x00, 0x00, 0xFE, 0xFF, 0xFF, 0xFF, 0xFF,
    0xFF, 0xFF, 0x05, 0x00, 0x00, 0x00, 0xFF, 0xFF, 0xFF, 0xFF, 0xFF, 0xFF, 0xFF, 0x06, 0x00, 0x00,
    0x00, 0xBA, 0xBB, 0xDB, 0xFF, 0xBF, 0xBB, 0xBB, 0x04, 0x00, 0x00, 0x00, 0x00, 0x00, 0x80, 0xFF,
    0x0E, 0x00, 0x00, 0x00, 0x00, 0x00, 0x00, 0x00, 0x00, 0x80, 0xFF, 0x0E, 0x00, 0x00, 0x00, 0x00,
    0x00, 0x00, 0x00, 0x00, 0x80, 0xFF, 0x0E, 0x00, 0x00, 0x00, 0x00, 0x00, 0x00, 0x00, 0x00, 0x80,
    0xFF, 0x0E, 0x00, 0x00, 0x00, 0x00, 0x00, 0x00, 0x00, 0x00, 0x80, 0xFF, 0x0E, 0x00, 0x00, 0x00,
    0x00, 0xF6, 0xCF, 0xF6, 0xCF, 0xF6, 0xCF, 0xF6, 0xCF, 0xF6, 0xCF, 0xF6, 0xCF, 0xF6, 0xCF, 0xF6,
    0xCF, 0xF6, 0xCF, 0xF6, 0xCF, 0xF6, 0xCF, 0xF6, 0xCF, 0xF6, 0xCF, 0xF6, 0xCF, 0xB4, 0x8B, 0x00,
    0x00, 0x00, 0x00, 0x00, 0x00, 0x00, 0x00, 0x20, 0x12, 0xF6, 0xCF, 0xF6, 0xCF, 0xF6, 0xCF, 0xF6,
    0xCF, 0xF6, 0xCF, 0xF6, 0xCF, 0xF6, 0xCF, 0xF6, 0xCF, 0xF6, 0xCF, 0xF6, 0xCF, 0xF6, 0xCF, 0xF6,
    0xCF, 0xF6, 0xCF, 0xF6, 0xCF, 0x93, 0x69, 0x00, 0x00, 0xA3, 0xFE, 0xEF, 0x5A, 0x00, 0x00, 0x00,
    0x70, 0xFF, 0xFF, 0xFF, 0xFF, 0x1E, 0x00, 0x00, 0xF4, 0xEF, 0x36, 0x52, 0xFA, 0x0F, 0x00, 0x00,
    0xFB, 0x1E, 0x00, 0x00, 0x10, 0x06, 0x00, 0x00, 0xFF, 0x09, 0x00, 0x00, 0x00, 0x00, 0x00, 0x00,
    0xFF, 0x09, 0x00, 0x00, 0x00, 0x00, 0x00, 0x00, 0xFF, 0x1E, 0x00, 0x00, 0x00, 0x00, 0x00, 0x00,
    0xFA, 0xEF, 0x04, 0x00, 0x00, 0x00, 0x00, 0x00, 0xF2, 0xFF, 0xCF, 0x04, 0x00, 0x00, 0x00, 0x00,
    0x30, 0xFF, 0xFF, 0xDF, 0x05, 0x00, 0x00, 0x00, 0xD4, 0xFF, 0xFF, 0xFF, 0xBF, 0x01, 0x00, 0x50,
    0xFF, 0x3B, 0x50, 0xFD, 0xFF, 0x0C, 0x00, 0xF1, 0x8F, 0x00, 0x00, 0x70, 0xFF, 0x8F, 0x00, 0xF7,
    0x0F, 0x00, 0x00, 0x00, 0xF5, 0xEF, 0x00, 0xFA, 0x0C, 0x00, 0x00, 0x00, 0xB0, 0xFF, 0x00, 0xFA,
    0x0E, 0x00, 0x00, 0x00, 0x90, 0xFF, 0x00, 0xF8, 0x5F, 0x00, 0x00, 0x00, 0xC0, 0xDF, 0x00, 0xF2,
    0xFF, 0x07, 0x00, 0x00, 0xF3, 0x7F, 0x00, 0x70, 0xFF, 0xEF, 0x39, 0x40, 0xFE, 0x0C, 0x00, 0x00,
    0xE5, 0xFF, 0xFF, 0xFF, 0xAF, 0x00, 0x00, 0x00, 0x00, 0xD7, 0xFF, 0xFF, 0x0C, 0x00, 0x00, 0x00,
    0x00, 0x00, 0xB4, 0xFF, 0xAF, 0x00, 0x00, 0x00, 0x00, 0x00, 0x00, 0xD3, 0xFF, 0x02, 0x00, 0x00,
    0x00, 0x00, 0x00, 0x20, 0xFF, 0x06, 0x00, 0x00, 0x00, 0x00, 0x00, 0x00, 0xFD, 0x07, 0x00, 0x00,
    0x00, 0x00, 0x00, 0x00, 0xFE, 0x05, 0x00, 0x30, 0x03, 0x00, 0x00, 0x50, 0xFF, 0x01, 0x00, 0x80,
    0xCF, 0x37, 0x43, 0xF9, 0xAF, 0x00, 0x00, 0x90, 0xFF, 0xFF, 0xFF, 0xFF, 0x1C, 0x00, 0x00, 0x00,
    0xA4, 0xFD, 0xFF, 0x6C, 0x00, 0x00, 0x00, 0x00, 0x00, 0x00, 0x00, 0x00, 0x00, 0x00, 0x00, 0x21,
    0x12, 0x00, 0x10, 0x22, 0x01, 0xF6, 0xBF, 0x00, 0x70, 0xFF, 0x09, 0xF6, 0xBF, 0x00, 0x70, 0xFF,
    0x09, 0xB4, 0x8B, 0x00, 0x50, 0xBB, 0x07, 0x00, 0x00, 0x00, 0x10, 0xA6, 0xED, 0xCE, 0x6A, 0x01,
    0x00, 0x00, 0x00, 0x00, 0x00, 0x10, 0xF9, 0xEF, 0xBC, 0xCB, 0xFE, 0x9F, 0x01, 0x00, 0x00, 0x00,
    0x00, 0xE4, 0x9F, 0x03, 0x00, 0x00, 0x30, 0xFA, 0x3E, 0x00, 0x00, 0x00, 0x40, 0xEF, 0x03, 0x00,
    0x00, 0x00, 0x00, 0x40, 0xFF, 0x03, 0x00, 0x00, 0xF2, 0x2E, 0x00, 0x00, 0x00, 0x00, 0x00, 0x00,
    0xF3, 0x1E, 0x00, 0x00, 0xFB, 0x05, 0x00, 0x00, 0x00, 0x01, 0x00, 0x00, 0x60, 0x9F, 0x00, 0x30,
    0xCF, 0x00, 0x00, 0x60, 0xFD, 0xFF, 0x4C, 0x00, 0x00, 0xFD, 0x01, 0x90, 0x5F, 0x00, 0x00, 0xFB,
    0xFF, 0xFF, 0x6F, 0x00, 0x00, 0xF7, 0x07, 0xD0, 0x0F, 0x00, 0x80, 0xFF, 0x29, 0x31, 0x37, 0x00,
    0x00, 0xF2, 0x0B, 0xF0, 0x0D, 0x00, 0xF0, 0xAF, 0x00, 0x00, 0x00, 0x00, 0x00, 0xF0, 0x0F, 0xF2,
    0x0B, 0x00, 0xF4, 0x3F, 0x00, 0x00, 0x00, 0x00, 0x00, 0xD0, 0x1F, 0xF3, 0x0A, 0x00, 0xF6, 0x0F,
    0x00, 0x00, 0x00, 0x00, 0x00, 0xC0, 0x1F, 0xF3, 0x0A, 0x00, 0xF6, 0x0F, 0x00, 0x00, 0x00, 0x00,
    0x00, 0xC0, 0x1F, 0xF2, 0x0B, 0x00, 0xF3, 0x4F, 0x00, 0x00, 0x00, 0x00, 0x00, 0xD0, 0x0F, 0xF0,
    0x0E, 0x00, 0xE0, 0xBF, 0x00, 0x00, 0x00, 0x00, 0x00, 0xF0, 0x0E, 0xC0, 0x1F, 0x00, 0x60, 0xFF,
    0x4B, 0x53, 0x4A, 0x00, 0x00, 0xF3, 0x0A, 0x70, 0x7F, 0x00, 0x00, 0xF8, 0xFF, 0xFF, 0x7F, 0x00,
    0x00, 0xF8, 0x05, 0x10, 0xDF, 0x00, 0x00, 0x30, 0xDA, 0xCE, 0x29, 0x00, 0x10, 0xEF, 0x00, 0x00,
    0xF8, 0x07, 0x00, 0x00, 0x00, 0x00, 0x00, 0x00, 0x90, 0x6F, 0x00, 0x00, 0xD0, 0x5F, 0x00, 0x00,
    0x00, 0x00, 0x00, 0x00, 0xF6, 0x0B, 0x00, 0x00, 0x10, 0xFE, 0x07, 0x00, 0x00, 0x00, 0x00, 0x80,
    0xDF, 0x01, 0x00, 0x00, 0x00, 0xB1, 0xDF, 0x27, 0x00, 0x00, 0x73, 0xFE, 0x1B, 0x00, 0x00, 0x00,
    0x00, 0x00, 0xD5, 0xFF, 0xFF, 0xFF, 0xFF, 0x5C, 0x00, 0x00, 0x00, 0x00, 0x00, 0x00, 0x00, 0x63,
    0xA9, 0x9A, 0x26, 0x00, 0x00, 0x00, 0x00, 0x00, 0x00, 0x11, 0x00, 0x00, 0x00, 0x60, 0xFB, 0xFF,
    0x7E, 0x00, 0x00, 0xC0, 0xFF, 0xFF, 0xFF, 0x07, 0x00, 0x80, 0x47, 0x63, 0xFF, 0x0D, 0x00, 0x00,
    0x00, 0x41, 0xFD, 0x0F, 0x00, 0x10, 0xE8, 0xFF, 0xFF, 0x0F, 0x00, 0xE2, 0xFF, 0x9C, 0xFD, 0x0F,
    0x00, 0xFA, 0x5F, 0x00, 0xFB, 0x0F, 0x00, 0xFC, 0x1F, 0x00, 0xFC, 0x0F, 0x00, 0xF9, 0xDF, 0xDA,
    0xFF, 0xEF, 0x02, 0xD1, 0xFF, 0xEF, 0xF8, 0xFF, 0x01, 0x00, 0x54, 0x04, 0x10, 0x65, 0x00, 0x00,
    0x00, 0x00, 0xA9, 0x9A, 0x00, 0x00, 0x60, 0xAA, 0x2A, 0x00, 0x00, 0xA0, 0xFF, 0x4F, 0x00, 0x00,
    0xF4, 0xFF, 0x0A, 0x00, 0x00, 0xF6, 0xFF, 0x08, 0x00, 0x20, 0xFE, 0xDF, 0x00, 0x00, 0x30, 0xFF,
    0xBF, 0x00, 0x00, 0xC0, 0xFF, 0x2F, 0x00, 0x00, 0xE1, 0xFF, 0x1E, 0x00, 0x00, 0xF9, 0xFF, 0x05,
    0x00, 0x00, 0xFB, 0xFF, 0x03, 0x00, 0x60, 0xFF, 0x8F, 0x00, 0x00, 0x80, 0xFF, 0x6F, 0x00, 0x00,
    0xF2, 0xFF, 0x0C, 0x00, 0x00, 0xF4, 0xFF, 0x0A, 0x00, 0x00, 0xFD, 0xFF, 0x01, 0x00, 0x00, 0xD1,
    0xFF, 0x1E, 0x00, 0x00, 0xF9, 0xFF, 0x05, 0x00, 0x00, 0x30, 0xFF, 0xBF, 0x00, 0x00, 0xC0, 0xFF,
    0x2F, 0x00, 0x00, 0x00, 0xF6, 0xFF, 0x08, 0x00, 0x10, 0xFE, 0xDF, 0x00, 0x00, 0x00, 0x90, 0xFF,
    0x4F, 0x00, 0x00, 0xF4, 0xFF, 0x0A, 0x00, 0x00, 0x00, 0xFD, 0xFF, 0x02, 0x00, 0x70, 0xFF, 0x7F,
    0x00, 0x00, 0x00, 0xF2, 0xFF, 0x0D, 0x00, 0x00, 0xFB, 0xFF, 0x03, 0x00, 0x00, 0x40, 0xFF, 0x9F,
    0x00, 0x00, 0xD1, 0xFF, 0x1E, 0x00, 0x00, 0x00, 0x32, 0x33, 0x00, 0x00, 0x10, 0x33, 0x13, 0x93,
    0x99, 0x99, 0x99, 0x99, 0x99, 0x99, 0x99, 0x01, 0xF5, 0xFF, 0xFF, 0xFF, 0xFF, 0xFF, 0xFF, 0xFF,
    0x02, 0xF5, 0xFF, 0xFF, 0xFF, 0xFF, 0xFF, 0xFF, 0xFF, 0x02, 0x20, 0x22, 0x22, 0x22, 0x22, 0x22,
    0xC2, 0xFF, 0x02, 0x00, 0x00, 0x00, 0x00, 0x00, 0x00, 0xC0, 0xFF, 0x02, 0x00, 0x00, 0x00, 0x00,
    0x00, 0x00, 0xC0, 0xFF, 0x02, 0x00, 0x00, 0x00, 0x00, 0x00, 0x00, 0xC0, 0xFF, 0x02, 0x00, 0x00,
    0x00, 0x00, 0x00, 0x00, 0xC0, 0xFF, 0x02, 0x00, 0x00, 0x00, 0x00, 0x00, 0x00, 0xC0, 0xFF, 0x02,
    0x00, 0x00, 0x00, 0x00, 0x00, 0x00, 0x60, 0x99, 0x01, 0xC7, 0xCC, 0xCC, 0xCC, 0xCC, 0x6C, 0xF9,
    0xFF, 0xFF, 0xFF, 0xFF, 0x9F, 0xF9, 0xFF, 0xFF, 0xFF, 0xFF, 0x9F, 0x53, 0x55, 0x55, 0x55, 0x55,
    0x35, 0x00, 0x00, 0x00, 0x20, 0xB7, 0xFD, 0xDF, 0x7B, 0x01, 0x00, 0x00, 0x00, 0x00, 0x00, 0x10,
    0xFA, 0xEF, 0xAB, 0xBA, 0xFE, 0x9F, 0x01, 0x00, 0x00, 0x00, 0x00, 0xF4, 0x9F, 0x02, 0x00, 0x00,
    0x30, 0xFA, 0x3E, 0x00, 0x00, 0x00, 0x50, 0xEF, 0x03, 0x00, 0x00, 0x00, 0x00, 0x40, 0xFE, 0x03,
    0x00, 0x00, 0xF2, 0x2E, 0x00, 0x00, 0x00, 0x00, 0x00, 0x00, 0xF3, 0x1E, 0x00, 0x00, 0xFB, 0x04,
    0x00, 0x11, 0x11, 0x01, 0x00, 0x00, 0x60, 0xAF, 0x00, 0x30, 0xBF, 0x00, 0x30, 0xFF, 0xFF, 0xEF,
    0x08, 0x00, 0x00, 0xFD, 0x02, 0x90, 0x4F, 0x00, 0x30, 0xFF, 0xAA, 0xFC, 0x8F, 0x00, 0x00, 0xF6,
    0x08, 0xE0, 0x0F, 0x00, 0x30, 0xFF, 0x00, 0x90, 0xEF, 0x00, 0x00, 0xF2, 0x0C, 0xF1, 0x0C, 0x00,
    0x30, 0xFF, 0x00, 0x50, 0xFF, 0x00, 0x00, 0xE0, 0x0F, 0xF3, 0x0A, 0x00, 0x30, 0xFF, 0x00, 0xA0,
    0xDF, 0x00, 0x00, 0xC0, 0x1F, 0xF4, 0x09, 0x00, 0x30, 0xFF, 0xCC, 0xFE, 0x5F, 0x00, 0x00, 0xB0,
    0x2F, 0xF4, 0x09, 0x00, 0x30, 0xFF, 0xFF, 0xFF, 0x05, 0x00, 0x00, 0xB0, 0x2F, 0xF2, 0x0B, 0x00,
    0x30, 0xFF, 0x33, 0xFC, 0x08, 0x00, 0x00, 0xD0, 0x1F, 0xF0, 0x0D, 0x00, 0x30, 0xFF, 0x00, 0xF4,
    0x1F, 0x00, 0x00, 0xF0, 0x0E, 0xD0, 0x1F, 0x00, 0x30, 0xFF, 0x00, 0xC0, 0x9F, 0x00, 0x00, 0xF3,
    0x0B, 0x80, 0x6F, 0x00, 0x30, 0xFF, 0x00, 0x30, 0xFF, 0x02, 0x00, 0xF8, 0x06, 0x20, 0xDF, 0x00,
    0x10, 0x77, 0x00, 0x00, 0x76, 0x03, 0x00, 0xFE, 0x01, 0x00, 0xF9, 0x07, 0x00, 0x00, 0x00, 0x00,
    0x00, 0x00, 0x90, 0x7F, 0x00, 0x00, 0xD0, 0x4F, 0x00, 0x00, 0x00, 0x00, 0x00, 0x00, 0xF5, 0x0C,
    0x00, 0x00, 0x20, 0xFE, 0x06, 0x00, 0x00, 0x00, 0x00, 0x80, 0xDF, 0x01, 0x00, 0x00, 0x00, 0xC2,
    0xDF, 0x26, 0x00, 0x00, 0x72, 0xFD, 0x1B, 0x00, 0x00, 0x00, 0x00, 0x00, 0xD6, 0xFF, 0xEF, 0xFE,
    0xFF, 0x5D, 0x00, 0x00, 0x00, 0x00, 0x00, 0x00, 0x00, 0x73, 0xB9, 0x9B, 0x37, 0x00, 0x00, 0x00,
    0x00, 0xD5, 0xDD, 0xDD, 0xDD, 0xDD, 0xDD, 0x01, 0xF6, 0xFF, 0xFF, 0xFF, 0xFF, 0xFF, 0x02, 0xB4,
    0xBB, 0xBB, 0xBB, 0xBB, 0xBB, 0x01, 0x00, 0x00, 0x22, 0x00, 0x00, 0x00, 0x00, 0xE7, 0xFF, 0xBF,
    0x02, 0x00, 0x80, 0xCF, 0x45, 0xF8, 0x1E, 0x00, 0xF2, 0x0C, 0x00, 0x50, 0xAF, 0x00, 0xF7, 0x05,
    0x00, 0x00, 0xFD, 0x00, 0xFA, 0x01, 0x00, 0x00, 0xFA, 0x01, 0xF9, 0x02, 0x00, 0x00, 0xFB, 0x00,
    0xF5, 0x08, 0x00, 0x10, 0xDF, 0x00, 0xD0, 0x5F, 0x00, 0xB1, 0x5F, 0x00, 0x20, 0xFD, 0xDE, 0xFF,
    0x08, 0x00, 0x00, 0x60, 0xA9, 0x28, 0x00, 0x00, 0x00, 0x00, 0xA0, 0x6B, 0x00, 0x00, 0x00, 0x00,
    0x00, 0xF0, 0x9F, 0x00, 0x00, 0x00, 0x00, 0x00, 0xF0, 0x9F, 0x00, 0x00, 0x00, 0x00, 0x00, 0xF0,
    0x9F, 0x00, 0x00, 0x00, 0x00, 0x00, 0xF0, 0x9F, 0x00, 0x00, 0x00, 0xDD, 0xDD, 0xFD, 0xEF, 0xDD,
    0xDD, 0x08, 0xFF, 0xFF, 0xFF, 0xFF, 0xFF, 0xFF, 0x09, 0xCC, 0xCC, 0xFC, 0xEF, 0xCC, 0xCC, 0x07,
    0x00, 0x00, 0xF0, 0x9F, 0x00, 0x00, 0x00, 0x00, 0x00, 0xF0, 0x9F, 0x00, 0x00, 0x00, 0x00, 0x00,
    0xF0, 0x9F, 0x00, 0x00, 0x00, 0x00, 0x00, 0xF0, 0x9F, 0x00, 0x00, 0x00, 0x00, 0x00, 0x90, 0x6A,
    0x00, 0x00, 0x00, 0x00, 0x00, 0x00, 0x00, 0x00, 0x00, 0x00, 0xCB, 0xCC, 0xCC, 0xCC, 0xCC, 0xCC,
    0x07, 0xFF, 0xFF, 0xFF, 0xFF, 0xFF, 0xFF, 0x09, 0xDD, 0xDD, 0xDD, 0xDD, 0xDD, 0xDD, 0x08, 0x30,
    0xD9, 0xCE, 0x07, 0x00, 0xF8, 0xFF, 0xFF, 0xCF, 0x00, 0xF9, 0xCF, 0xFC, 0xFF, 0x08, 0x98, 0x00,
    0x60, 0xFF, 0x0D, 0x00, 0x00, 0x10, 0xFF, 0x0E, 0x00, 0x00, 0x20, 0xFF, 0x0C, 0x00, 0x00, 0x80,
    0xFF, 0x07, 0x00, 0x00, 0xF2, 0xEF, 0x01, 0x00, 0x00, 0xFC, 0x6F, 0x00, 0x00, 0x80, 0xFF, 0x0B,
    0x00, 0x00, 0xF3, 0xEF, 0x01, 0x00, 0x00, 0xFD, 0xBF, 0x77, 0x47, 0x90, 0xFF, 0xFF, 0xFF, 0x9F,
    0xF5, 0xFF, 0xFF, 0xFF, 0x9F, 0x20, 0xC8, 0xDD, 0x6B, 0x00, 0xB0, 0xFF, 0xFF, 0xFF, 0x0A, 0x90,
    0x9E, 0x97, 0xFF, 0x3F, 0x20, 0x00, 0x00, 0xF7, 0x6F, 0x00, 0x00, 0x00, 0xF6, 0x5F, 0x00, 0x00,
    0x31, 0xFD, 0x1E, 0x00, 0x80, 0xFF, 0xEF, 0x03, 0x00, 0x80, 0xFF, 0xFF, 0x07, 0x00, 0x20, 0x64,
    0xFE, 0x6F, 0x00, 0x00, 0x00, 0xF3, 0xCF, 0x00, 0x00, 0x00, 0xF1, 0xDF, 0xB0, 0x04, 0x00, 0xF9,
    0xBF, 0xF4, 0xFF, 0xFD, 0xFF, 0x4F, 0xE4, 0xFF, 0xFF, 0xEF, 0x05, 0x00, 0x63, 0x77, 0x05, 0x00,
    0x00, 0x00, 0x20, 0x08, 0x00, 0x00, 0xF8, 0x0C, 0x00, 0xE6, 0xFF, 0x0C, 0xC3, 0xFF, 0xFF, 0x09,
    0xFF, 0xEF, 0x28, 0x00, 0xBF, 0x05, 0x00, 0x00, 0x01, 0x00, 0x00, 0x00, 0xA1, 0xAA, 0x00, 0x00,
    0x00, 0x00, 0xA3, 0x8A, 0x00, 0x00, 0xF2, 0xFF, 0x01, 0x00, 0x00, 0x00, 0xF5, 0xCF, 0x00, 0x00,
    0xF2, 0xFF, 0x01, 0x00, 0x00, 0x00, 0xF5, 0xCF, 0x00, 0x00, 0xF2, 0xFF, 0x01, 0x00, 0x00, 0x00,
    0xF5, 0xCF, 0x00, 0x00, 0xF2, 0xFF, 0x01, 0x00, 0x00, 0x00, 0xF5, 0xCF, 0x00, 0x00, 0xF2, 0xFF,
    0x01, 0x00, 0x00, 0x00, 0xF5, 0xCF, 0x00, 0x00, 0xF2, 0xFF, 0x01, 0x00, 0x00, 0x00, 0xF5, 0xCF,
    0x00, 0x00, 0xF2, 0xFF, 0x01, 0x00, 0x00, 0x00, 0xF5, 0xCF, 0x00, 0x00, 0xF2, 0xFF, 0x01, 0x00,
    0x00, 0x00, 0xF5, 0xCF, 0x00, 0x00, 0xF2, 0xFF, 0x01, 0x00, 0x00, 0x00, 0xF5, 0xCF, 0x00, 0x00,
    0xF2, 0xFF, 0x01, 0x00, 0x00, 0x00, 0xF5, 0xCF, 0x00, 0x00, 0xF2, 0xFF, 0x02, 0x00, 0x00, 0x00,
    0xF5, 0xCF, 0x00, 0x00, 0xF2, 0xFF, 0x05, 0x00, 0x00, 0x00, 0xF5, 0xCF, 0x00, 0x00, 0xF2, 0xFF,
    0x0B, 0x00, 0x00, 0x00, 0xF8, 0xDF, 0x00, 0x00, 0xF2, 0xFF, 0x6F, 0x00, 0x00, 0x80, 0xFF, 0xFF,
    0x00, 0x00, 0xF2, 0xFF, 0xFF, 0x8C, 0x97, 0xFE, 0xFF, 0xFF, 0x3A, 0x00, 0xF2, 0xFF, 0xFF, 0xFF,
    0xFF, 0xFF, 0xB4, 0xFF, 0xFF, 0x01, 0xF2, 0xFF, 0xE6, 0xFF, 0xFF, 0x3D, 0x10, 0xFC, 0xEF, 0x00,
    0xF2, 0xFF, 0x00, 0x53, 0x35, 0x00, 0x00, 0x30, 0x45, 0x00, 0xF2, 0xFF, 0x00, 0x00, 0x00, 0x00,
    0x00, 0x00, 0x00, 0x00, 0xF2, 0xFF, 0x00, 0x00, 0x00, 0x00, 0x00, 0x00, 0x00, 0x00, 0xF2, 0xFF,
    0x00, 0x00, 0x00, 0x00, 0x00, 0x00, 0x00, 0x00, 0xF2, 0xFF, 0x00, 0x00, 0x00, 0x00, 0x00, 0x00,
    0x00, 0x00, 0xF2, 0xFF, 0x00, 0x00, 0x00, 0x00, 0x00, 0x00, 0x00, 0x00, 0xF2, 0xFF, 0x00, 0x00,
    0x00, 0x00, 0x00, 0x00, 0x00, 0x00, 0xF2, 0xFF, 0x00, 0x00, 0x00, 0x00, 0x00, 0x00, 0x00, 0x00,
    0xB1, 0xBB, 0x00, 0x00, 0x00, 0x00, 0x00, 0x00, 0x00, 0x00, 0x00, 0x00, 0x00, 0x00, 0x21, 0x33,
    0x33, 0x33, 0x33, 0x23, 0x00, 0x00, 0x50, 0xEB, 0xFF, 0xFF, 0xFF, 0xFF, 0xFF, 0xEF, 0x00, 0x40,
    0xFD, 0xFF, 0xFF, 0xFF, 0xFF, 0xFF, 0xFF, 0xEF, 0x00, 0xF6, 0xFF, 0xFF, 0xFF, 0xDF, 0x33, 0xA3,
    0x5F, 0x33, 0x40, 0xFF, 0xFF, 0xFF, 0xFF, 0xDF, 0x00, 0x80, 0x3F, 0x00, 0xE0, 0xFF, 0xFF, 0xFF,
    0xFF, 0xDF, 0x00, 0x80, 0x3F, 0x00, 0xF5, 0xFF, 0xFF, 0xFF, 0xFF, 0xDF, 0x00, 0x80, 0x3F, 0x00,
    0xFA, 0xFF, 0xFF, 0xFF, 0xFF, 0xDF, 0x00, 0x80, 0x3F, 0x00, 0xFC, 0xFF, 0xFF, 0xFF, 0xFF, 0xDF,
    0x00, 0x80, 0x3F, 0x00, 0xFC, 0xFF, 0xFF, 0xFF, 0xFF, 0xDF, 0x00, 0x80, 0x3F, 0x00, 0xFA, 0xFF,
    0xFF, 0xFF, 0xFF, 0xDF, 0x00, 0x80, 0x3F, 0x00, 0xF5, 0xFF, 0xFF, 0xFF, 0xFF, 0xDF, 0x00, 0x80,
    0x3F, 0x00, 0xD0, 0xFF, 0xFF, 0xFF, 0xFF, 0xDF, 0x00, 0x80, 0x3F, 0x00, 0x30, 0xFF, 0xFF, 0xFF,
    0xFF, 0xDF, 0x00, 0x80, 0x3F, 0x00, 0x00, 0xF4, 0xFF, 0xFF, 0xFF, 0xDF, 0x00, 0x80, 0x3F, 0x00,
    0x00, 0x20, 0xFC, 0xFF, 0xFF, 0xDF, 0x00, 0x80, 0x3F, 0x00, 0x00, 0x00, 0x40, 0xD9, 0xFF, 0xDF,
    0x00, 0x80, 0x3F, 0x00, 0x00, 0x00, 0x00, 0x00, 0x20, 0xDB, 0x00, 0x80, 0x3F, 0x00, 0x00, 0x00,
    0x00, 0x00, 0x00, 0xDA, 0x00, 0x80, 0x3F, 0x00, 0x00, 0x00, 0x00, 0x00, 0x00, 0xDA, 0x00, 0x80,
    0x3F, 0x00, 0x00, 0x00, 0x00, 0x00, 0x00, 0xDA, 0x00, 0x80, 0x3F, 0x00, 0x00, 0x00, 0x00, 0x00,
    0x00, 0xDA, 0x00, 0x80, 0x3F, 0x00, 0x00, 0x00, 0x00, 0x00, 0x00, 0xDA, 0x00, 0x80, 0x3F, 0x00,
    0x00, 0x00, 0x00, 0x00, 0x00, 0xDA, 0x00, 0x80, 0x3F, 0x00, 0x00, 0x00, 0x00, 0x00, 0x00, 0xDA,
    0x00, 0x80, 0x3F, 0x00, 0x00, 0x00, 0x00, 0x00, 0x00, 0xDA, 0x00, 0x80, 0x3F, 0x00, 0x55, 0x55,
    0x02, 0xFF, 0xFF, 0x08, 0xFF, 0xFF, 0x08, 0xFF, 0xFF, 0x08, 0xFF, 0xFF, 0x08, 0x55, 0x55, 0x02,
    0x00, 0xF8, 0x04, 0x00, 0x00, 0xFC, 0x00, 0x00, 0x00, 0xFF, 0xCF, 0x03, 0x20, 0x89, 0xFC, 0x0E,
    0x00, 0x00, 0xE0, 0x2F, 0x10, 0x00, 0xF1, 0x2F, 0xF1, 0xBD, 0xFE, 0x0C, 0xD3, 0xFF, 0xAF, 0x01,
    0x00, 0x21, 0x00, 0x00, 0x00, 0x50, 0x16, 0x00, 0xFA, 0x3F, 0xD5, 0xFF, 0x3F, 0xFC, 0xFF, 0x3F,
    0xAA, 0xF8, 0x3F, 0x00, 0xF7, 0x3F, 0x00, 0xF7, 0x3F, 0x00, 0xF7, 0x3F, 0x00, 0xF7, 0x3F, 0x00,
    0xF7, 0x3F, 0x00, 0xF7, 0x3F, 0x00, 0xF7, 0x3F, 0x00, 0xF7, 0x3F, 0x00, 0xF7, 0x3F, 0x00, 0x00,
    0x10, 0x00, 0x00, 0x00, 0x00, 0xB3, 0xFF, 0xDF, 0x06, 0x00, 0x60, 0xFF, 0xFF, 0xFF, 0xAF, 0x00,
    0xF2, 0xEF, 0x04, 0xB2, 0xFF, 0x07, 0xF9, 0x5F, 0x00, 0x00, 0xFF, 0x0D, 0xFC, 0x0F, 0x00, 0x00,
    0xFB, 0x1F, 0xFC, 0x0F, 0x00, 0x00, 0xFA, 0x1F, 0xFA, 0x3F, 0x00, 0x00, 0xFE, 0x0F, 0xF4, 0xCF,
    0x01, 0x80, 0xFF, 0x09, 0x90, 0xFF, 0xCF, 0xFE, 0xDF, 0x01, 0x00, 0xF7, 0xFF, 0xFF, 0x1B, 0x00,
    0x00, 0x00, 0x54, 0x15, 0x00, 0x00, 0xA2, 0xAA, 0x06, 0x00, 0x00, 0xA9, 0x9A, 0x00, 0x00, 0x00,
    0xA0, 0xFF, 0x4F, 0x00, 0x00, 0xF4, 0xFF, 0x0A, 0x00, 0x00, 0x00, 0xFD, 0xEF, 0x02, 0x00, 0x80,
    0xFF, 0x6F, 0x00, 0x00, 0x00, 0xF2, 0xFF, 0x0C, 0x00, 0x00, 0xFB, 0xFF, 0x03, 0x00, 0x00, 0x50,
    0xFF, 0x9F, 0x00, 0x00, 0xE1, 0xFF, 0x1E, 0x00, 0x00, 0x00, 0xF8, 0xFF, 0x05, 0x00, 0x30, 0xFF,
    0xBF, 0x00, 0x00, 0x00, 0xC0, 0xFF, 0x2F, 0x00, 0x00, 0xF6, 0xFF, 0x07, 0x00, 0x00, 0x10, 0xFF,
    0xDF, 0x00, 0x00, 0xB0, 0xFF, 0x3F, 0x00, 0x00, 0x50, 0xFF, 0x9F, 0x00, 0x00, 0xE1, 0xFF, 0x1D,
    0x00, 0x00, 0xF2, 0xFF, 0x0C, 0x00, 0x00, 0xFC, 0xFF, 0x03, 0x00, 0x00, 0xFD, 0xEF, 0x01, 0x00,
    0x80, 0xFF, 0x6F, 0x00, 0x00, 0xA0, 0xFF, 0x4F, 0x00, 0x00, 0xF5, 0xFF, 0x09, 0x00, 0x00, 0xF7,
    0xFF, 0x07, 0x00, 0x20, 0xFF, 0xCF, 0x00, 0x00, 0x30, 0xFF, 0xBF, 0x00, 0x00, 0xD0, 0xFF, 0x2E,
    0x00, 0x00, 0xE1, 0xFF, 0x1D, 0x00, 0x00, 0xFA, 0xFF, 0x04, 0x00, 0x00, 0x31, 0x33, 0x01, 0x00,
    0x00, 0x33, 0x23, 0x00, 0x00, 0x00, 0x00, 0x60, 0x16, 0x00, 0x00, 0x00, 0x00, 0x10, 0x33, 0x02,
    0x00, 0x00, 0xFA, 0x2F, 0x00, 0x00, 0x00, 0x00, 0xB0, 0xFF, 0x04, 0x00, 0xE6, 0xFF, 0x2F, 0x00,
    0x00, 0x00, 0x00, 0xF4, 0xBF, 0x00, 0x00, 0xFD, 0xFF, 0x2F, 0x00, 0x00, 0x00, 0x00, 0xFD, 0x2F,
    0x00, 0x00, 0xAB, 0xF9, 0x2F, 0x00, 0x00, 0x00, 0x70, 0xFF, 0x09, 0x00, 0x00, 0x00, 0xF8, 0x2F,
    0x00, 0x00, 0x00, 0xF1, 0xEF, 0x01, 0x00, 0x00, 0x00, 0xF8, 0x2F, 0x00, 0x00, 0x00, 0xF9, 0x6F,
    0x00, 0x00, 0x00, 0x00, 0xF8, 0x2F, 0x00, 0x00, 0x30, 0xFF, 0x0D, 0x00, 0x00, 0x00, 0x00, 0xF8,
    0x2F, 0x00, 0x00, 0xC0, 0xFF, 0x04, 0x00, 0x00, 0x00, 0x00, 0xF8, 0x2F, 0x00, 0x00, 0xF5, 0xBF,
    0x00, 0x00, 0x00, 0x00, 0x00, 0xF8, 0x2F, 0x00, 0x00, 0xFE, 0x2F, 0x00, 0x00, 0x00, 0x00, 0x00,
    0xF8, 0x2F, 0x00, 0x70, 0xFF, 0x08, 0x00, 0x00, 0x00, 0x00, 0x00, 0xF8, 0x2F, 0x00, 0xF1, 0xEF,
    0x00, 0x00, 0x63, 0x03, 0x00, 0x00, 0xF8, 0x2F, 0x00, 0xFA, 0x6F, 0x00, 0x10, 0xFE, 0x0A, 0x00,
    0x00, 0x00, 0x00, 0x30, 0xFF, 0x0D, 0x00, 0xB0, 0xFF, 0x0A, 0x00, 0x00, 0x00, 0x00, 0xC0, 0xFF,
    0x04, 0x00, 0xF7, 0xFF, 0x0A, 0x00, 0x00, 0x00, 0x00, 0xF5, 0xAF, 0x00, 0x30, 0xFF, 0xFF, 0x0A,
    0x00, 0x00, 0x00, 0x00, 0xFE, 0x2F, 0x00, 0xD0, 0xAF, 0xFC, 0x0A, 0x00, 0x00, 0x00, 0x80, 0xFF,
    0x08, 0x00, 0xF9, 0x1E, 0xFC, 0x0A, 0x00, 0x00, 0x00, 0xF2, 0xEF, 0x00, 0x50, 0xFF, 0x04, 0xFC,
    0x0A, 0x00, 0x00, 0x00, 0xFA, 0x6F, 0x00, 0xE1, 0x9F, 0x00, 0xFC, 0x0A, 0x00, 0x00, 0x30, 0xFF,
    0x0C, 0x00, 0xFB, 0xFF, 0xFF, 0xFF, 0xFF, 0x06, 0x00, 0xC0, 0xFF, 0x03, 0x70, 0xFF, 0xFF, 0xFF,
    0xFF, 0xFF, 0x06, 0x00, 0xF6, 0xAF, 0x00, 0x20, 0x22, 0x22, 0x22, 0xFC, 0x2A, 0x01, 0x00, 0xFE,
    0x1F, 0x00, 0x00, 0x00, 0x00, 0x00, 0xFC, 0x0A, 0x00, 0x80, 0xFF, 0x08, 0x00, 0x00, 0x00, 0x00,
    0x00, 0xFC, 0x0A, 0x00, 0x00, 0x60, 0x16, 0x00, 0x00, 0x00, 0x00, 0x20, 0x33, 0x00, 0x00, 0x00,
    0x00, 0xFA, 0x2F, 0x00, 0x00, 0x00, 0x00, 0xF2, 0xEF, 0x00, 0x00, 0x00, 0xE6, 0xFF, 0x2F, 0x00,
    0x00, 0x00, 0x00, 0xFA, 0x5F, 0x00, 0x00, 0x00, 0xFD, 0xFF, 0x2F, 0x00, 0x00, 0x00, 0x30, 0xFF,
    0x0C, 0x00, 0x00, 0x00, 0xAB, 0xF9, 0x2F, 0x00, 0x00, 0x00, 0xD0, 0xFF, 0x03, 0x00, 0x00, 0x00,
    0x00, 0xF8, 0x2F, 0x00, 0x00, 0x00, 0xF6, 0xAF, 0x00, 0x00, 0x00, 0x00, 0x00, 0xF8, 0x2F, 0x00,
    0x00, 0x00, 0xFE, 0x1F, 0x00, 0x00, 0x00, 0x00, 0x00, 0xF8, 0x2F, 0x00, 0x00, 0x80, 0xFF, 0x07,
    0x00, 0x00, 0x00, 0x00, 0x00, 0xF8, 0x2F, 0x00, 0x00, 0xF2, 0xEF, 0x00, 0x00, 0x00, 0x00, 0x00,
    0x00, 0xF8, 0x2F, 0x00, 0x00, 0xFB, 0x5F, 0x00, 0x00, 0x00, 0x00, 0x00, 0x00, 0xF8, 0x2F, 0x00,
    0x40, 0xFF, 0x0C, 0x00, 0x00, 0x00, 0x00, 0x00, 0x00, 0xF8, 0x2F, 0x00, 0xD0, 0xFF, 0x03, 0x00,
    0x00, 0x00, 0x00, 0x00, 0x00, 0xF8, 0x2F, 0x00, 0xF6, 0x9F, 0x00, 0xA4, 0xED, 0x5B, 0x00, 0x00,
    0x00, 0xF8, 0x2F, 0x10, 0xFE, 0x1F, 0xB0, 0xFF, 0xFF, 0xFF, 0x0A, 0x00, 0x00, 0x00, 0x00, 0x90,
    0xFF, 0x07, 0xD0, 0xEF, 0xDB, 0xFF, 0x4F, 0x00, 0x00, 0x00, 0x00, 0xF2, 0xDF, 0x00, 0xB0, 0x06,
    0x00, 0xFA, 0x9F, 0x00, 0x00, 0x00, 0x00, 0xFB, 0x5F, 0x00, 0x00, 0x00, 0x00, 0xF4, 0xAF, 0x00,
    0x00, 0x00, 0x40, 0xFF, 0x0B, 0x00, 0x00, 0x00, 0x00, 0xF6, 0x9F, 0x00, 0x00, 0x00, 0xD0, 0xFF,
    0x02, 0x00, 0x00, 0x00, 0x00, 0xFC, 0x4F, 0x00, 0x00, 0x00, 0xF7, 0x9F, 0x00, 0x00, 0x00, 0x00,
    0x50, 0xFF, 0x0C, 0x00, 0x00, 0x10, 0xFF, 0x1F, 0x00, 0x00, 0x00, 0x00, 0xE1, 0xFF, 0x03, 0x00,
    0x00, 0x90, 0xFF, 0x07, 0x00, 0x00, 0x00, 0x00, 0xFB, 0x8F, 0x00, 0x00, 0x00, 0xF3, 0xDF, 0x00,
    0x00, 0x00, 0x00, 0x60, 0xFF, 0x0C, 0x00, 0x00, 0x00, 0xFB, 0x4F, 0x00, 0x00, 0x00, 0x00, 0xF2,
    0xFF, 0x79, 0x77, 0x02, 0x50, 0xFF, 0x0B, 0x00, 0x00, 0x00, 0x00, 0xFD, 0xFF, 0xFF, 0xFF, 0x05,
    0xD0, 0xFF, 0x02, 0x00, 0x00, 0x00, 0x80, 0xFF, 0xFF, 0xFF, 0xFF, 0x05, 0x20, 0xC8, 0xDD, 0x6B,
    0x00, 0x00, 0x00, 0x00, 0x00, 0x32, 0x03, 0x00, 0xB0, 0xFF, 0xFF, 0xFF, 0x0A, 0x00, 0x00, 0x00,
    0x20, 0xFF, 0x0D, 0x00, 0x90, 0x9E, 0x97, 0xFF, 0x3F, 0x00, 0x00, 0x00, 0xB0, 0xFF, 0x04, 0x00,
    0x20, 0x00, 0x00, 0xF7, 0x6F, 0x00, 0x00, 0x00, 0xF4, 0xBF, 0x00, 0x00, 0x00, 0x00, 0x00, 0xF6,
    0x5F, 0x00, 0x00, 0x00, 0xFD, 0x2F, 0x00, 0x00, 0x00, 0x00, 0x31, 0xFD, 0x1E, 0x00, 0x00, 0x70,
    0xFF, 0x09, 0x00, 0x00, 0x00, 0x80, 0xFF, 0xEF, 0x03, 0x00, 0x00, 0xF1, 0xEF, 0x01, 0x00, 0x00,
    0x00, 0x80, 0xFF, 0xFF, 0x07, 0x00, 0x00, 0xF9, 0x6F, 0x00, 0x00, 0x00, 0x00, 0x20, 0x64, 0xFE,
    0x6F, 0x00, 0x30, 0xFF, 0x0D, 0x00, 0x00, 0x00, 0x00, 0x00, 0x00, 0xF3, 0xCF, 0x00, 0xC0, 0xFF,
    0x04, 0x00, 0x00, 0x00, 0x00, 0x00, 0x00, 0xF1, 0xDF, 0x00, 0xF5, 0xBF, 0x00, 0x00, 0x00, 0x00,
    0xB0, 0x04, 0x00, 0xF9, 0xBF, 0x00, 0xFE, 0x2F, 0x00, 0x00, 0x00, 0x00, 0xF4, 0xFF, 0xFD, 0xFF,
    0x4F, 0x70, 0xFF, 0x08, 0x00, 0x50, 0x16, 0x00, 0xE4, 0xFF, 0xFF, 0xEF, 0x05, 0xF1, 0xEF, 0x00,
    0x00, 0xF6, 0x3F, 0x00, 0x00, 0x63, 0x77, 0x05, 0x00, 0xFA, 0x6F, 0x00, 0x20, 0xFF, 0x3F, 0x00,
    0x00, 0x00, 0x00, 0x00, 0x30, 0xFF, 0x0D, 0x00, 0xD0, 0xFF, 0x3F, 0x00, 0x00, 0x00, 0x00, 0x00,
    0xC0, 0xFF, 0x04, 0x00, 0xF9, 0xFF, 0x3F, 0x00, 0x00, 0x00, 0x00, 0x00, 0xF5, 0xAF, 0x00, 0x40,
    0xFF, 0xF6, 0x3F, 0x00, 0x00, 0x00, 0x00, 0x00, 0xFE, 0x2F, 0x00, 0xE1, 0x8F, 0xF2, 0x3F, 0x00,
    0x00, 0x00, 0x00, 0x80, 0xFF, 0x08, 0x00, 0xFB, 0x0D, 0xF2, 0x3F, 0x00, 0x00, 0x00, 0x00, 0xF1,
    0xEF, 0x00, 0x60, 0xFF, 0x03, 0xF2, 0x3F, 0x00, 0x00, 0x00, 0x00, 0xFA, 0x6F, 0x00, 0xF2, 0xFF,
    0xFF, 0xFF, 0xFF, 0x0F, 0x00, 0x00, 0x30, 0xFF, 0x0C, 0x00, 0xFD, 0xFF, 0xFF, 0xFF, 0xFF, 0x0F,
    0x00, 0x00, 0xC0, 0xFF, 0x03, 0x00, 0x22, 0x22, 0x22, 0xF4, 0x5F, 0x02, 0x00, 0x00, 0xF6, 0xAF,
    0x00, 0x00, 0x00, 0x00, 0x00, 0xF2, 0x3F, 0x00, 0x00, 0x00, 0xFE, 0x1F, 0x00, 0x00, 0x00, 0x00,
    0x00, 0xF2, 0x3F, 0x00, 0x00, 0x00, 0x20, 0xFF, 0xCF, 0x00, 0x00, 0x00, 0x00, 0x20, 0xFF, 0xCF,
    0x00, 0x00, 0x00, 0x00, 0x20, 0xFF, 0xCF, 0x00, 0x00, 0x00, 0x00, 0x10, 0xDD, 0x9D, 0x00, 0x00,
    0x00, 0x00, 0x00, 0x00, 0x00, 0x00, 0x00, 0x00, 0x00, 0x00, 0x00, 0x00, 0x00, 0x00, 0x00, 0x00,
    0x00, 0xDB, 0x6D, 0x00, 0x00, 0x00, 0x00, 0x00, 0xFE, 0x8F, 0x00, 0x00, 0x00, 0x00, 0x00, 0xFF,
    0x6F, 0x00, 0x00, 0x00, 0x00, 0x40, 0xFF, 0x2F, 0x00, 0x00, 0x00, 0x00, 0xC0, 0xFF, 0x0C, 0x00,
    0x00, 0x00, 0x00, 0xF8, 0xFF, 0x04, 0x00, 0x00, 0x00, 0x40, 0xFF, 0x8F, 0x00, 0x00, 0x00, 0x00,
    0xE2, 0xFF, 0x0C, 0x00, 0x00, 0x00, 0x00, 0xFD, 0xEF, 0x01, 0x00, 0x00, 0x00, 0x90, 0xFF, 0x4F,
    0x00, 0x00, 0x00, 0x00, 0xF2, 0xFF, 0x09, 0x00, 0x00, 0x00, 0x00, 0xF7, 0xFF, 0x03, 0x00, 0x00,
    0x00, 0x00, 0xFA, 0xFF, 0x00, 0x00, 0x00, 0x00, 0x00, 0xFB, 0xFF, 0x00, 0x00, 0x00, 0x00, 0x00,
    0xFA, 0xFF, 0x05, 0x00, 0x00, 0x00, 0x00, 0xF5, 0xFF, 0x2E, 0x00, 0x00, 0x30, 0x06, 0xE0, 0xFF,
    0xFF, 0x6A, 0x86, 0xFD, 0x0C, 0x40, 0xFF, 0xFF, 0xFF, 0xFF, 0xFF, 0x0D, 0x00, 0xD3, 0xFF, 0xFF,
    0xFF, 0xEF, 0x06, 0x00, 0x00, 0x84, 0xBA, 0x7A, 0x04, 0x00, 0x00, 0x00, 0x00, 0x10, 0x01, 0x00,
    0x00, 0x00, 0x00, 0x00, 0x00, 0x00, 0x00, 0x00, 0x40, 0x8F, 0x01, 0x00, 0x00, 0x00, 0x00, 0x00,
    0x00, 0x00, 0x00, 0x40, 0xFF, 0x8F, 0x01, 0x00, 0x00, 0x00, 0x00, 0x00, 0x00, 0x00, 0x40, 0xFF,
    0xFF, 0x8F, 0x01, 0x00, 0x00, 0x00, 0x00, 0x00, 0x00, 0x00, 0x83, 0xFD, 0xFF, 0x07, 0x00, 0x00,
    0x00, 0x00, 0x00, 0x00, 0x00, 0x00, 0x20, 0xC7, 0x06, 0x00, 0x00, 0x00, 0x00, 0x00, 0x00, 0x00,
    0x00, 0x00, 0x00, 0x00, 0x00, 0x00, 0x00, 0x00, 0x00, 0x00, 0x00, 0x00, 0x00, 0x00, 0x00, 0x00,
    0x00, 0x00, 0x00, 0x00, 0x00, 0x00, 0x20, 0x33, 0x03, 0x00, 0x00, 0x00, 0x00, 0x00, 0x00, 0x00,
    0x00, 0xF0, 0xFF, 0x2F, 0x00, 0x00, 0x00, 0x00, 0x00, 0x00, 0x00, 0x00, 0xF5, 0xFF, 0x8F, 0x00,
    0x00, 0x00, 0x00, 0x00, 0x00, 0x00, 0x00, 0xFB, 0xFF, 0xDF, 0x00, 0x00, 0x00, 0x00, 0x00, 0x00,
    0x00, 0x10, 0xFF, 0xFF, 0xFF, 0x03, 0x00, 0x00, 0x00, 0x00, 0x00, 0x00, 0x60, 0xFF, 0xFF, 0xFF,
    0x09, 0x00, 0x00, 0x00, 0x00, 0x00, 0x00, 0xC0, 0xFF, 0x9C, 0xFF, 0x0E, 0x00, 0x00, 0x00, 0x00,
    0x00, 0x00, 0xF2, 0xFF, 0x36, 0xFF, 0x4F, 0x00, 0x00, 0x00, 0x00, 0x00, 0x00, 0xF7, 0xFF, 0x01,
    0xFE, 0xAF, 0x00, 0x00, 0x00, 0x00, 0x00, 0x00, 0xFD, 0xBF, 0x00, 0xF8, 0xFF, 0x00, 0x00, 0x00,
    0x00, 0x00, 0x30, 0xFF, 0x5F, 0x00, 0xF2, 0xFF, 0x05, 0x00, 0x00, 0x00, 0x00, 0x80, 0xFF, 0x0F,
    0x00, 0xD0, 0xFF, 0x0B, 0x00, 0x00, 0x00, 0x00, 0xE0, 0xFF, 0x0A, 0x00, 0x70, 0xFF, 0x1F, 0x00,
    0x00, 0x00, 0x00, 0xF4, 0xFF, 0x04, 0x00, 0x10, 0xFF, 0x7F, 0x00, 0x00, 0x00, 0x00, 0xFA, 0xEF,
    0x00, 0x00, 0x00, 0xFB, 0xCF, 0x00, 0x00, 0x00, 0x00, 0xFF, 0x9F, 0x00, 0x00, 0x00, 0xF6, 0xFF,
    0x02, 0x00, 0x00, 0x50, 0xFF, 0xFF, 0xEE, 0xEE, 0xEE, 0xFE, 0xFF, 0x08, 0x00, 0x00, 0xB0, 0xFF,
    0xFF, 0xFF, 0xFF, 0xFF, 0xFF, 0xFF, 0x0D, 0x00, 0x00, 0xF1, 0xFF, 0xFF, 0xFF, 0xFF, 0xFF, 0xFF,
    0xFF, 0x3F, 0x00, 0x00, 0xF6, 0xFF, 0x35, 0x33, 0x33, 0x33, 0x33, 0xFF, 0x9F, 0x00, 0x00, 0xFC,
    0xCF, 0x00, 0x00, 0x00, 0x00, 0x00, 0xF9, 0xEF, 0x00, 0x20, 0xFF, 0x7F, 0x00, 0x00, 0x00, 0x00,
    0x00, 0xF4, 0xFF, 0x04, 0x70, 0xFF, 0x1F, 0x00, 0x00, 0x00, 0x00, 0x00, 0xE0, 0xFF, 0x0A, 0xD0,
    0xFF, 0x0B, 0x00, 0x00, 0x00, 0x00, 0x00, 0x80, 0xFF, 0x0F, 0xF3, 0xFF, 0x06, 0x00, 0x00, 0x00,
    0x00, 0x00, 0x30, 0xFF, 0x6F, 0xF9, 0xFF, 0x01, 0x00, 0x00, 0x00, 0x00, 0x00, 0x00, 0xFD, 0xBF,
    0x00, 0x00, 0x00, 0x00, 0x00, 0x00, 0x00, 0x02, 0x00, 0x00, 0x00, 0x00, 0x00, 0x00, 0x00, 0x00,
    0x00, 0xE7, 0x07, 0x00, 0x00, 0x00, 0x00, 0x00, 0x00, 0x00, 0x00, 0xE6, 0xFF, 0x07, 0x00, 0x00,
    0x00, 0x00, 0x00, 0x00, 0x00, 0xE6, 0xFF, 0xFF, 0x07, 0x00, 0x00, 0x00, 0x00, 0x00, 0x00, 0x40,
    0xFF, 0xEF, 0x49, 0x00, 0x00, 0x00, 0x00, 0x00, 0x00, 0x00, 0x40, 0x8D, 0x03, 0x00, 0x00, 0x00,
    0x00, 0x00, 0x00, 0x00, 0x00, 0x00, 0x00, 0x00, 0x00, 0x00, 0x00, 0x00, 0x00, 0x00, 0x00, 0x00,
    0x00, 0x00, 0x00, 0x00, 0x00, 0x00, 0x00, 0x00, 0x00, 0x00, 0x00, 0x00, 0x20, 0x33, 0x03, 0x00,
    0x00, 0x00, 0x00, 0x00, 0x00, 0x00, 0x00, 0xF0, 0xFF, 0x2F, 0x00, 0x00, 0x00, 0x00, 0x00, 0x00,
    0x00, 0x00, 0xF5, 0xFF, 0x8F, 0x00, 0x00, 0x00, 0x00, 0x00, 0x00, 0x00, 0x00, 0xFB, 0xFF, 0xDF,
    0x00, 0x00, 0x00, 0x00, 0x00, 0x00, 0x00, 0x10, 0xFF, 0xFF, 0xFF, 0x03, 0x00, 0x00, 0x00, 0x00,
    0x00, 0x00, 0x60, 0xFF, 0xFF, 0xFF, 0x09, 0x00, 0x00, 0x00, 0x00, 0x00, 0x00, 0xC0, 0xFF, 0x9C,
    0xFF, 0x0E, 0x00, 0x00, 0x00, 0x00, 0x00, 0x00, 0xF2, 0xFF, 0x36, 0xFF, 0x4F, 0x00, 0x00, 0x00,
    0x00, 0x00, 0x00, 0xF7, 0xFF, 0x01, 0xFE, 0xAF, 0x00, 0x00, 0x00, 0x00, 0x00, 0x00, 0xFD, 0xBF,
    0x00, 0xF8, 0xFF, 0x00, 0x00, 0x00, 0x00, 0x00, 0x30, 0xFF, 0x5F, 0x00, 0xF2, 0xFF, 0x05, 0x00,
    0x00, 0x00, 0x00, 0x80, 0xFF, 0x0F, 0x00, 0xD0, 0xFF, 0x0B, 0x00, 0x00, 0x00, 0x00, 0xE0, 0xFF,
    0x0A, 0x00, 0x70, 0xFF, 0x1F, 0x00, 0x00, 0x00, 0x00, 0xF4, 0xFF, 0x04, 0x00, 0x10, 0xFF, 0x7F,
    0x00, 0x00, 0x00, 0x00, 0xFA, 0xEF, 0x00, 0x00, 0x00, 0xFB, 0xCF, 0x00, 0x00, 0x00, 0x00, 0xFF,
    0x9F, 0x00, 0x00, 0x00, 0xF6, 0xFF, 0x02, 0x00, 0x00, 0x50, 0xFF, 0xFF, 0xEE, 0xEE, 0xEE, 0xFE,
    0xFF, 0x08, 0x00, 0x00, 0xB0, 0xFF, 0xFF, 0xFF, 0xFF, 0xFF, 0xFF, 0xFF, 0x0D, 0x00, 0x00, 0xF1,
    0xFF, 0xFF, 0xFF, 0xFF, 0xFF, 0xFF, 0xFF, 0x3F, 0x00, 0x00, 0xF6, 0xFF, 0x35, 0x33, 0x33, 0x33,
    0x33, 0xFF, 0x9F, 0x00, 0x00, 0xFC, 0xCF, 0x00, 0x00, 0x00, 0x00, 0x00, 0xF9, 0xEF, 0x00, 0x20,
    0xFF, 0x7F, 0x00, 0x00, 0x00, 0x00, 0x00, 0xF4, 0xFF, 0x04, 0x70, 0xFF, 0x1F, 0x00, 0x00, 0x00,
    0x00, 0x00, 0xE0, 0xFF, 0x0A, 0xD0, 0xFF, 0x0B, 0x00, 0x00, 0x00, 0x00, 0x00, 0x80, 0xFF, 0x0F,
    0xF3, 0xFF, 0x06, 0x00, 0x00, 0x00, 0x00, 0x00, 0x30, 0xFF, 0x6F, 0xF9, 0xFF, 0x01, 0x00, 0x00,
    0x00, 0x00, 0x00, 0x00, 0xFD, 0xBF, 0x00, 0x00, 0x00, 0x00, 0x00, 0xB9, 0x01, 0x00, 0x00, 0x00,
    0x00, 0x00, 0x00, 0x00, 0x00, 0xD2, 0xFF, 0x4E, 0x00, 0x00, 0x00, 0x00, 0x00, 0x00, 0x00, 0x70,
    0xFF, 0xFF, 0xFF, 0x09, 0x00, 0x00, 0x00, 0x00, 0x00, 0x00, 0xF7, 0xEF, 0x46, 0xFC, 0xAF, 0x00,
    0x00, 0x00, 0x00, 0x00, 0x00, 0xE7, 0x06, 0x00, 0x50, 0xAD, 0x00, 0x00, 0x00, 0x00, 0x00, 0x00,
    0x02, 0x00, 0x00, 0x00, 0x30, 0x00, 0x00, 0x00, 0x00, 0x00, 0x00, 0x00, 0x00, 0x00, 0x00, 0x00,
    0x00, 0x00, 0x00, 0x00, 0x00, 0x00, 0x00, 0x20, 0x33, 0x03, 0x00, 0x00, 0x00, 0x00, 0x00, 0x00,
    0x00, 0x00, 0xF0, 0xFF, 0x2F, 0x00, 0x00, 0x00, 0x00, 0x00, 0x00, 0x00, 0x00, 0xF5, 0xFF, 0x8F,
    0x00, 0x00, 0x00, 0x00, 0x00, 0x00, 0x00, 0x00, 0xFB, 0xFF, 0xDF, 0x00, 0x00, 0x00, 0x00, 0x00,
    0x00, 0x00, 0x10, 0xFF, 0xFF, 0xFF, 0x03, 0x00, 0x00, 0x00, 0x00, 0x00, 0x00, 0x60, 0xFF, 0xFF,
    0xFF, 0x09, 0x00, 0x00, 0x00, 0x00, 0x00, 0x00, 0xC0, 0xFF, 0x9C, 0xFF, 0x0E, 0x00, 0x00, 0x00,
    0x00, 0x00, 0x00, 0xF2, 0xFF, 0x36, 0xFF, 0x4F, 0x00, 0x00, 0x00, 0x00, 0x00, 0x00, 0xF7, 0xFF,
    0x01, 0xFE, 0xAF, 0x00, 0x00, 0x00, 0x00, 0x00, 0x00, 0xFD, 0xBF, 0x00, 0xF8, 0xFF, 0x00, 0x00,
    0x00, 0x00, 0x00, 0x30, 0xFF, 0x5F, 0x00, 0xF2, 0xFF, 0x05, 0x00, 0x00, 0x00, 0x00, 0x80, 0xFF,
    0x0F, 0x00, 0xD0, 0xFF, 0x0B, 0x00, 0x00, 0x00, 0x00, 0xE0, 0xFF, 0x0A, 0x00, 0x70, 0xFF, 0x1F,
    0x00, 0x00, 0x00, 0x00, 0xF4, 0xFF, 0x04, 0x00, 0x10, 0xFF, 0x7F, 0x00, 0x00, 0x00, 0x00, 0xFA,
    0xEF, 0x00, 0x00, 0x00, 0xFB, 0xCF, 0x00, 0x00, 0x00, 0x00, 0xFF, 0x9F, 0x00, 0x00, 0x00, 0xF6,
    0xFF, 0x02, 0x00, 0x00, 0x50, 0xFF, 0xFF, 0xEE, 0xEE, 0xEE, 0xFE, 0xFF, 0x08, 0x00, 0x00, 0xB0,
    0xFF, 0xFF, 0xFF, 0xFF, 0xFF, 0xFF, 0xFF, 0x0D, 0x00, 0x00, 0xF1, 0xFF, 0xFF, 0xFF, 0xFF, 0xFF,
    0xFF, 0xFF, 0x3F, 0x00, 0x00, 0xF6, 0xFF, 0x35, 0x33, 0x33, 0x33, 0x33, 0xFF, 0x9F, 0x00, 0x00,
    0xFC, 0xCF, 0x00, 0x00, 0x00, 0x00, 0x00, 0xF9, 0xEF, 0x00, 0x20, 0xFF, 0x7F, 0x00, 0x00, 0x00,
    0x00, 0x00, 0xF4, 0xFF, 0x04, 0x70, 0xFF, 0x1F, 0x00, 0x00, 0x00, 0x00, 0x00, 0xE0, 0xFF, 0x0A,
    0xD0, 0xFF, 0x0B, 0x00, 0x00, 0x00, 0x00, 0x00, 0x80, 0xFF, 0x0F, 0xF3, 0xFF, 0x06, 0x00, 0x00,
    0x00, 0x00, 0x00, 0x30, 0xFF, 0x6F, 0xF9, 0xFF, 0x01, 0x00, 0x00, 0x00, 0x00, 0x00, 0x00, 0xFD,
    0xBF, 0x00, 0x00, 0x00, 0x81, 0x58, 0x00, 0x00, 0x64, 0x04, 0x00, 0x00, 0x00, 0x00, 0x00, 0xFD,
    0xFF, 0x8E, 0x23, 0xFD, 0x0A, 0x00, 0x00, 0x00, 0x00, 0x50, 0xFF, 0xCD, 0xFF, 0xFF, 0xFF, 0x06,
    0x00, 0x00, 0x00, 0x00, 0x70, 0xEF, 0x00, 0x71, 0xFD, 0xBF, 0x00, 0x00, 0x00, 0x00, 0x00, 0x00,
    0x00, 0x00, 0x00, 0x20, 0x02, 0x00, 0x00, 0x00, 0x00, 0x00, 0x00, 0x00, 0x00, 0x00, 0x00, 0x00,
    0x00, 0x00, 0x00, 0x00, 0x00, 0x00, 0x00, 0x00, 0x00, 0x00, 0x00, 0x00, 0x00, 0x00, 0x00, 0x00,
    0x00, 0x00, 0x20, 0x33, 0x03, 0x00, 0x00, 0x00, 0x00, 0x00, 0x00, 0x00, 0x00, 0xF0, 0xFF, 0x2F,
    0x00, 0x00, 0x00, 0x00, 0x00, 0x00, 0x00, 0x00, 0xF5, 0xFF, 0x8F, 0x00, 0x00, 0x00, 0x00, 0x00,
    0x00, 0x00, 0x00, 0xFB, 0xFF, 0xDF, 0x00, 0x00, 0x00, 0x00, 0x00, 0x00, 0x00, 0x10, 0xFF, 0xFF,
    0xFF, 0x03, 0x00, 0x00, 0x00, 0x00, 0x00, 0x00, 0x60, 0xFF, 0xFF, 0xFF, 0x09, 0x00, 0x00, 0x00,
    0x00, 0x00, 0x00, 0xC0, 0xFF, 0x9C, 0xFF, 0x0E, 0x00, 0x00, 0x00, 0x00, 0x00, 0x00, 0xF2, 0xFF,
    0x36, 0xFF, 0x4F, 0x00, 0x00, 0x00, 0x00, 0x00, 0x00, 0xF7, 0xFF, 0x01, 0xFE, 0xAF, 0x00, 0x00,
    0x00, 0x00, 0x00, 0x00, 0xFD, 0xBF, 0x00, 0xF8, 0xFF, 0x00, 0x00, 0x00, 0x00, 0x00, 0x30, 0xFF,
    0x5F, 0x00, 0xF2, 0xFF, 0x05, 0x00, 0x00, 0x00, 0x00, 0x80, 0xFF, 0x0F, 0x00, 0xD0, 0xFF, 0x0B,
    0x00, 0x00, 0x00, 0x00, 0xE0, 0xFF, 0x0A, 0x00, 0x70, 0xFF, 0x1F, 0x00, 0x00, 0x00, 0x00, 0xF4,
    0xFF, 0x04, 0x00, 0x10, 0xFF, 0x7F, 0x00, 0x00, 0x00, 0x00, 0xFA, 0xEF, 0x00, 0x00, 0x00, 0xFB,
    0xCF, 0x00, 0x00, 0x00, 0x00, 0xFF, 0x9F, 0x00, 0x00, 0x00, 0xF6, 0xFF, 0x02, 0x00, 0x00, 0x50,
    0xFF, 0xFF, 0xEE, 0xEE, 0xEE, 0xFE, 0xFF, 0x08, 0x00, 0x00, 0xB0, 0xFF, 0xFF, 0xFF, 0xFF, 0xFF,
    0xFF, 0xFF, 0x0D, 0x00, 0x00, 0xF1, 0xFF, 0xFF, 0xFF, 0xFF, 0xFF, 0xFF, 0xFF, 0x3F, 0x00, 0x00,
    0xF6, 0xFF, 0x35, 0x33, 0x33, 0x33, 0x33, 0xFF, 0x9F, 0x00, 0x00, 0xFC, 0xCF, 0x00, 0x00, 0x00,
    0x00, 0x00, 0xF9, 0xEF, 0x00, 0x20, 0xFF, 0x7F, 0x00, 0x00, 0x00, 0x00, 0x00, 0xF4, 0xFF, 0x04,
    0x70, 0xFF, 0x1F, 0x00, 0x00, 0x00, 0x00, 0x00, 0xE0, 0xFF, 0x0A, 0xD0, 0xFF, 0x0B, 0x00, 0x00,
    0x00, 0x00, 0x00, 0x80, 0xFF, 0x0F, 0xF3, 0xFF, 0x06, 0x00, 0x00, 0x00, 0x00, 0x00, 0x30, 0xFF,
    0x6F, 0xF9, 0xFF, 0x01, 0x00, 0x00, 0x00, 0x00, 0x00, 0x00, 0xFD, 0xBF, 0x00, 0x00, 0x00, 0xBA,
    0x2B, 0x00, 0xB0, 0xBB, 0x01, 0x00, 0x00, 0x00, 0x00, 0x00, 0xFE, 0x3F, 0x00, 0xF0, 0xFF, 0x01,
    0x00, 0x00, 0x00, 0x00, 0x00, 0xFE, 0x2F, 0x00, 0xF0, 0xFF, 0x01, 0x00, 0x00, 0x00, 0x00, 0x00,
    0x00, 0x00, 0x00, 0x00, 0x00, 0x00, 0x00, 0x00, 0x00, 0x00, 0x00, 0x00, 0x00, 0x00, 0x00, 0x00,
    0x00, 0x00, 0x00, 0x00, 0x00, 0x00, 0x00, 0x00, 0x00, 0x00, 0x00, 0x00, 0x00, 0x00, 0x00, 0x00,
    0x00, 0x00, 0x20, 0x33, 0x03, 0x00, 0x00, 0x00, 0x00, 0x00, 0x00, 0x00, 0x00, 0xF0, 0xFF, 0x2F,
    0x00, 0x00, 0x00, 0x00, 0x00, 0x00, 0x00, 0x00, 0xF5, 0xFF, 0x8F, 0x00, 0x00, 0x00, 0x00, 0x00,
    0x00, 0x00, 0x00, 0xFB, 0xFF, 0xDF, 0x00, 0x00, 0x00, 0x00, 0x00, 0x00, 0x00, 0x10, 0xFF, 0xFF,
    0xFF, 0x03, 0x00, 0x00, 0x00, 0x00, 0x00, 0x00, 0x60, 0xFF, 0xFF, 0xFF, 0x09, 0x00, 0x00, 0x00,
    0x00, 0x00, 0x00, 0xC0, 0xFF, 0x9C, 0xFF, 0x0E, 0x00, 0x00, 0x00, 0x00, 0x00, 0x00, 0xF2, 0xFF,
    0x36, 0xFF, 0x4F, 0x00, 0x00, 0x00, 0x00, 0x00, 0x00, 0xF7, 0xFF, 0x01, 0xFE, 0xAF, 0x00, 0x00,
    0x00, 0x00, 0x00, 0x00, 0xFD, 0xBF, 0x00, 0xF8, 0xFF, 0x00, 0x00, 0x00, 0x00, 0x00, 0x30, 0xFF,
    0x5F, 0x00, 0xF2, 0xFF, 0x05, 0x00, 0x00, 0x00, 0x00, 0x80, 0xFF, 0x0F, 0x00, 0xD0, 0xFF, 0x0B,
    0x00, 0x00, 0x00, 0x00, 0xE0, 0xFF, 0x0A, 0x00, 0x70, 0xFF, 0x1F, 0x00, 0x00, 0x00, 0x00, 0xF4,
    0xFF, 0x04, 0x00, 0x10, 0xFF, 0x7F, 0x00, 0x00, 0x00, 0x00, 0xFA, 0xEF, 0x00, 0x00, 0x00, 0xFB,
    0xCF, 0x00, 0x00, 0x00, 0x00, 0xFF, 0x9F, 0x00, 0x00, 0x00, 0xF6, 0xFF, 0x02, 0x00, 0x00, 0x50,
    0xFF, 0xFF, 0xEE, 0xEE, 0xEE, 0xFE, 0xFF, 0x08, 0x00, 0x00, 0xB0, 0xFF, 0xFF, 0xFF, 0xFF, 0xFF,
    0xFF, 0xFF, 0x0D, 0x00, 0x00, 0xF1, 0xFF, 0xFF, 0xFF, 0xFF, 0xFF, 0xFF, 0xFF, 0x3F, 0x00, 0x00,
    0xF6, 0xFF, 0x35, 0x33, 0x33, 0x33, 0x33, 0xFF, 0x9F, 0x00, 0x00, 0xFC, 0xCF, 0x00, 0x00, 0x00,
    0x00, 0x00, 0xF9, 0xEF, 0x00, 0x20, 0xFF, 0x7F, 0x00, 0x00, 0x00, 0x00, 0x00, 0xF4, 0xFF, 0x04,
    0x70, 0xFF, 0x1F, 0x00, 0x00, 0x00, 0x00, 0x00, 0xE0, 0xFF, 0x0A, 0xD0, 0xFF, 0x0B, 0x00, 0x00,
    0x00, 0x00, 0x00, 0x80, 0xFF, 0x0F, 0xF3, 0xFF, 0x06, 0x00, 0x00, 0x00, 0x00, 0x00, 0x30, 0xFF,
    0x6F, 0xF9, 0xFF, 0x01, 0x00, 0x00, 0x00, 0x00, 0x00, 0x00, 0xFD, 0xBF, 0x00, 0x00, 0x00, 0x00,
    0x70, 0xBA, 0x18, 0x00, 0x00, 0x00, 0x00, 0x00, 0x00, 0x00, 0x00, 0xFC, 0xEF, 0xEF, 0x01, 0x00,
    0x00, 0x00, 0x00, 0x00, 0x00, 0x60, 0xBF, 0x00, 0xF8, 0x09, 0x00, 0x00, 0x00, 0x00, 0x00, 0x00,
    0x90, 0x3F, 0x00, 0xF0, 0x0C, 0x00, 0x00, 0x00, 0x00, 0x00, 0x00, 0x90, 0x4F, 0x00, 0xF1, 0x0C,
    0x00, 0x00, 0x00, 0x00, 0x00, 0x00, 0x30, 0xEF, 0x45, 0xFC, 0x06, 0x00, 0x00, 0x00, 0x00, 0x00,
    0x00, 0x00, 0xF7, 0xFF, 0x9F, 0x00, 0x00, 0x00, 0x00, 0x00, 0x00, 0x00, 0x00, 0x10, 0x54, 0x02,
    0x00, 0x00, 0x00, 0x00, 0x00, 0x00, 0x00, 0x00, 0x00, 0x00, 0x00, 0x00, 0x00, 0x00, 0x00, 0x00,
    0x00, 0x00, 0x00, 0x20, 0x33, 0x03, 0x00, 0x00, 0x00, 0x00, 0x00, 0x00, 0x00, 0x00, 0xF0, 0xFF,
    0x2F, 0x00, 0x00, 0x00, 0x00, 0x00, 0x00, 0x00, 0x00, 0xF5, 0xFF, 0x8F, 0x00, 0x00, 0x00, 0x00,
    0x00, 0x00, 0x00, 0x00, 0xFB, 0xFF, 0xDF, 0x00, 0x00, 0x00, 0x00, 0x00, 0x00, 0x00, 0x10, 0xFF,
    0xFF, 0xFF, 0x03, 0x00, 0x00, 0x00, 0x00, 0x00, 0x00, 0x60, 0xFF, 0xFF, 0xFF, 0x09, 0x00, 0x00,
    0x00, 0x00, 0x00, 0x00, 0xC0, 0xFF, 0x9C, 0xFF, 0x0E, 0x00, 0x00, 0x00, 0x00, 0x00, 0x00, 0xF2,
    0xFF, 0x36, 0xFF, 0x4F, 0x00, 0x00, 0x00, 0x00, 0x00, 0x00, 0xF7, 0xFF, 0x01, 0xFE, 0xAF, 0x00,
    0x00, 0x00, 0x00, 0x00, 0x00, 0xFD, 0xBF, 0x00, 0xF8, 0xFF, 0x00, 0x00, 0x00, 0x00, 0x00, 0x30,
    0xFF, 0x5F, 0x00, 0xF2, 0xFF, 0x05, 0x00, 0x00, 0x00, 0x00, 0x80, 0xFF, 0x0F, 0x00, 0xD0, 0xFF,
    0x0B, 0x00, 0x00, 0x00, 0x00, 0xE0, 0xFF, 0x0A, 0x00, 0x70, 0xFF, 0x1F, 0x00, 0x00, 0x00, 0x00,
    0xF4, 0xFF, 0x04, 0x00, 0x10, 0xFF, 0x7F, 0x00, 0x00, 0x00, 0x00, 0xFA, 0xEF, 0x00, 0x00, 0x00,
    0xFB, 0xCF, 0x00, 0x00, 0x00, 0x00, 0xFF, 0x9F, 0x00, 0x00, 0x00, 0xF6, 0xFF, 0x02, 0x00, 0x00,
    0x50, 0xFF, 0xFF, 0xEE, 0xEE, 0xEE, 0xFE, 0xFF, 0x08, 0x00, 0x00, 0xB0, 0xFF, 0xFF, 0xFF, 0xFF,
    0xFF, 0xFF, 0xFF, 0x0D, 0x00, 0x00, 0xF1, 0xFF, 0xFF, 0xFF, 0xFF, 0xFF, 0xFF, 0xFF, 0x3F, 0x00,
    0x00, 0xF6, 0xFF, 0x35, 0x33, 0x33, 0x33, 0x33, 0xFF, 0x9F, 0x00, 0x00, 0xFC, 0xCF, 0x00, 0x00,
    0x00, 0x00, 0x00, 0xF9, 0xEF, 0x00, 0x20, 0xFF, 0x7F, 0x00, 0x00, 0x00, 0x00, 0x00, 0xF4, 0xFF,
    0x04, 0x70, 0xFF, 0x1F, 0x00, 0x00, 0x00, 0x00, 0x00, 0xE0, 0xFF, 0x0A, 0xD0, 0xFF, 0x0B, 0x00,
    0x00, 0x00, 0x00, 0x00, 0x80, 0xFF, 0x0F, 0xF3, 0xFF, 0x06, 0x00, 0x00, 0x00, 0x00, 0x00, 0x30,
    0xFF, 0x6F, 0xF9, 0xFF, 0x01, 0x00, 0x00, 0x00, 0x00, 0x00, 0x00, 0xFD, 0xBF, 0x00, 0x00, 0x00,
    0x00, 0x00, 0x00, 0x30, 0x33, 0x33, 0x33, 0x33, 0x33, 0x33, 0x33, 0x33, 0x01, 0x00, 0x00, 0x00,
    0x00, 0x00, 0x00, 0xF4, 0xFF, 0xFF, 0xFF, 0xFF, 0xFF, 0xFF, 0xFF, 0xFF, 0x07, 0x00, 0x00, 0x00,
    0x00, 0x00, 0x00, 0xFC, 0xFF, 0xFF, 0xFF, 0xFF, 0xFF, 0xFF, 0xFF, 0xFF, 0x07, 0x00, 0x00, 0x00,
    0x00, 0x00, 0x40, 0xFF, 0xFF, 0xFF, 0xFF, 0xFF, 0xFF, 0xFF, 0xFF, 0xFF, 0x06, 0x00, 0x00, 0x00,
    0x00, 0x00, 0xC0, 0xFF, 0xED, 0xFF, 0x3F, 0x00, 0x00, 0x00, 0x00, 0x00, 0x00, 0x00, 0x00, 0x00,
    0x00, 0x00, 0xF3, 0xFF, 0xE5, 0xFF, 0x3F, 0x00, 0x00, 0x00, 0x00, 0x00, 0x00, 0x00, 0x00, 0x00,
    0x00, 0x00, 0xFB, 0xDF, 0xE0, 0xFF, 0x3F, 0x00, 0x00, 0x00, 0x00, 0x00, 0x00, 0x00, 0x00, 0x00,
    0x00, 0x30, 0xFF, 0x5F, 0xE0, 0xFF, 0x3F, 0x00, 0x00, 0x00, 0x00, 0x00, 0x00, 0x00, 0x00, 0x00,
    0x00, 0xB0, 0xFF, 0x0D, 0xE0, 0xFF, 0x3F, 0x00, 0x00, 0x00, 0x00, 0x00, 0x00, 0x00, 0x00, 0x00,
    0x00, 0xF3, 0xFF, 0x05, 0xE0, 0xFF, 0x3F, 0x00, 0x00, 0x00, 0x00, 0x00, 0x00, 0x00, 0x00, 0x00,
    0x00, 0xFA, 0xDF, 0x00, 0xE0, 0xFF, 0x3F, 0x00, 0x00, 0x00, 0x00, 0x00, 0x00, 0x00, 0x00, 0x00,
    0x20, 0xFF, 0x5F, 0x00, 0xE0, 0xFF, 0xCF, 0xBB, 0xBB, 0xBB, 0xAB, 0x00, 0x00, 0x00, 0x00, 0x00,
    0xA0, 0xFF, 0x0D, 0x00, 0xE0, 0xFF, 0xFF, 0xFF, 0xFF, 0xFF, 0xEF, 0x00, 0x00, 0x00, 0x00, 0x00,
    0xF2, 0xFF, 0x05, 0x00, 0xE0, 0xFF, 0xFF, 0xFF, 0xFF, 0xFF, 0xEF, 0x00, 0x00, 0x00, 0x00, 0x00,
    0xFA, 0xDF, 0x00, 0x00, 0xE0, 0xFF, 0x8F, 0x66, 0x66, 0x66, 0x56, 0x00, 0x00, 0x00, 0x00, 0x20,
    0xFF, 0x5F, 0x00, 0x00, 0xE0, 0xFF, 0x3F, 0x00, 0x00, 0x00, 0x00, 0x00, 0x00, 0x00, 0x00, 0x90,
    0xFF, 0xCF, 0xCC, 0xCC, 0xFC, 0xFF, 0x3F, 0x00, 0x00, 0x00, 0x00, 0x00, 0x00, 0x00, 0x00, 0xF1,
    0xFF, 0xFF, 0xFF, 0xFF, 0xFF, 0xFF, 0x3F, 0x00, 0x00, 0x00, 0x00, 0x00, 0x00, 0x00, 0x00, 0xF9,
    0xFF, 0xFF, 0xFF, 0xFF, 0xFF, 0xFF, 0x3F, 0x00, 0x00, 0x00, 0x00, 0x00, 0x00, 0x00, 0x10, 0xFF,
    0x9F, 0x88, 0x88, 0x88, 0xF8, 0xFF, 0x3F, 0x00, 0x00, 0x00, 0x00, 0x00, 0x00, 0x00, 0x90, 0xFF,
    0x0D, 0x00, 0x00, 0x00, 0xE0, 0xFF, 0x3F, 0x00, 0x00, 0x00, 0x00, 0x00, 0x00, 0x00, 0xF1, 0xFF,
    0x05, 0x00, 0x00, 0x00, 0xE0, 0xFF, 0x3F, 0x00, 0x00, 0x00, 0x00, 0x00, 0x00, 0x00, 0xF8, 0xDF,
    0x00, 0x00, 0x00, 0x00, 0xE0, 0xFF, 0x4F, 0x11, 0x11, 0x11, 0x11, 0x11, 0x01, 0x10, 0xFF, 0x5F,
    0x00, 0x00, 0x00, 0x00, 0xE0, 0xFF, 0xFF, 0xFF, 0xFF, 0xFF, 0xFF, 0xFF, 0x0D, 0x80, 0xFF, 0x0D,
    0x00, 0x00, 0x00, 0x00, 0xE0, 0xFF, 0xFF, 0xFF, 0xFF, 0xFF, 0xFF, 0xFF, 0x0D, 0xF1, 0xFF, 0x05,
    0x00, 0x00, 0x00, 0x00, 0xE0, 0xFF, 0xFF, 0xFF, 0xFF, 0xFF, 0xFF, 0xFF, 0x0D, 0x00, 0x00, 0x00,
    0x00, 0x30, 0x97, 0xBA, 0x8A, 0x26, 0x00, 0x00, 0x00, 0x00, 0x81, 0xFE, 0xFF, 0xFF, 0xFF, 0xFF,
    0x7D, 0x00, 0x00, 0x50, 0xFE, 0xFF, 0xFF, 0xFF, 0xFF, 0xFF, 0xEF, 0x00, 0x00, 0xF9, 0xFF, 0xFF,
    0x8B, 0x66, 0x97, 0xFD, 0xCF, 0x00, 0x80, 0xFF, 0xFF, 0x19, 0x00, 0x00, 0x00, 0x10, 0x87, 0x00,
    0xF5, 0xFF, 0x5F, 0x00, 0x00, 0x00, 0x00, 0x00, 0x00, 0x00, 0xFE, 0xFF, 0x05, 0x00, 0x00, 0x00,
    0x00, 0x00, 0x00, 0x70, 0xFF, 0xAF, 0x00, 0x00, 0x00, 0x00, 0x00, 0x00, 0x00, 0xD0, 0xFF, 0x2F,
    0x00, 0x00, 0x00, 0x00, 0x00, 0x00, 0x00, 0xF2, 0xFF, 0x0B, 0x00, 0x00, 0x00, 0x00, 0x00, 0x00,
    0x00, 0xF5, 0xFF, 0x07, 0x00, 0x00, 0x00, 0x00, 0x00, 0x00, 0x00, 0xF7, 0xFF, 0x04, 0x00, 0x00,
    0x00, 0x00, 0x00, 0x00, 0x00, 0xF9, 0xFF, 0x02, 0x00, 0x00, 0x00, 0x00, 0x00, 0x00, 0x00, 0xF9,
    0xFF, 0x02, 0x00, 0x00, 0x00, 0x00, 0x00, 0x00, 0x00, 0xF8, 0xFF, 0x02, 0x00, 0x00, 0x00, 0x00,
    0x00, 0x00, 0x00, 0xF7, 0xFF, 0x04, 0x00, 0x00, 0x00, 0x00, 0x00, 0x00, 0x00, 0xF4, 0xFF, 0x08,
    0x00, 0x00, 0x00, 0x00, 0x00, 0x00, 0x00, 0xF1, 0xFF, 0x0C, 0x00, 0x00, 0x00, 0x00, 0x00, 0x00,
    0x00, 0xC0, 0xFF, 0x3F, 0x00, 0x00, 0x00, 0x00, 0x00, 0x00, 0x00, 0x50, 0xFF, 0xBF, 0x00, 0x00,
    0x00, 0x00, 0x00, 0x00, 0x00, 0x00, 0xFD, 0xFF, 0x07, 0x00, 0x00, 0x00, 0x00, 0x00, 0x00, 0x00,
    0xF3, 0xFF, 0x7F, 0x00, 0x00, 0x00, 0x00, 0x00, 0x00, 0x00, 0x60, 0xFF, 0xFF, 0x4C, 0x00, 0x00,
    0x00, 0x40, 0xA9, 0x00, 0x00, 0xF6, 0xFF, 0xFF, 0xBE, 0x99, 0xCA, 0xFF, 0xCF, 0x00, 0x00, 0x30,
    0xFD, 0xFF, 0xFF, 0xFF, 0xFF, 0xFF, 0xEF, 0x00, 0x00, 0x00, 0x50, 0xFC, 0xFF, 0xFF, 0xFF, 0xEF,
    0x4A, 0x00, 0x00, 0x00, 0x00, 0x10, 0x84, 0xCF, 0x57, 0x02, 0x00, 0x00, 0x00, 0x00, 0x00, 0x00,
    0x60, 0x5F, 0x00, 0x00, 0x00, 0x00, 0x00, 0x00, 0x00, 0x00, 0xA0, 0xFF, 0x7E, 0x00, 0x00, 0x00,
    0x00, 0x00, 0x00, 0x00, 0x80, 0x98, 0xFF, 0x04, 0x00, 0x00, 0x00, 0x00, 0x00, 0x00, 0x00, 0x00,
    0xF9, 0x08, 0x00, 0x00, 0x00, 0x00, 0x00, 0x00, 0x01, 0x00, 0xFA, 0x08, 0x00, 0x00, 0x00, 0x00,
    0x00, 0x00, 0xEB, 0xDB, 0xFF, 0x02, 0x00, 0x00, 0x00, 0x00, 0x00, 0x00, 0xFA, 0xFF, 0x4D, 0x00,
    0x00, 0x00, 0x00, 0x00, 0x00, 0x00, 0x00, 0x11, 0x00, 0x00, 0x00, 0x00, 0x00, 0x20, 0x00, 0x00,
    0x00, 0x00, 0x00, 0x00, 0x00, 0x00, 0x70, 0x7E, 0x00, 0x00, 0x00, 0x00, 0x00, 0x00, 0x00, 0x70,
    0xFF, 0x7E, 0x00, 0x00, 0x00, 0x00, 0x00, 0x00, 0x70, 0xFF, 0xFF, 0x6E, 0x00, 0x00, 0x00, 0x00,
    0x00, 0x00, 0x94, 0xFE, 0xFF, 0x04, 0x00, 0x00, 0x00, 0x00, 0x00, 0x00, 0x30, 0xD8, 0x04, 0x00,
    0x00, 0x00, 0x00, 0x00, 0x00, 0x00, 0x00, 0x00, 0x00, 0x00, 0x00, 0x00, 0x00, 0x00, 0x00, 0x00,
    0x00, 0x00, 0x00, 0x30, 0x33, 0x33, 0x33, 0x33, 0x33, 0x33, 0x33, 0x00, 0xF2, 0xFF, 0xFF, 0xFF,
    0xFF, 0xFF, 0xFF, 0xFF, 0x04, 0xF2, 0xFF, 0xFF, 0xFF, 0xFF, 0xFF, 0xFF, 0xFF, 0x04, 0xF2, 0xFF,
    0xEE, 0xEE, 0xEE, 0xEE, 0xEE, 0xEE, 0x03, 0xF2, 0xFF, 0x04, 0x00, 0x00, 0x00, 0x00, 0x00, 0x00,
    0xF2, 0xFF, 0x04, 0x00, 0x00, 0x00, 0x00, 0x00, 0x00, 0xF2, 0xFF, 0x04, 0x00, 0x00, 0x00, 0x00,
    0x00, 0x00, 0xF2, 0xFF, 0x04, 0x00, 0x00, 0x00, 0x00, 0x00, 0x00, 0xF2, 0xFF, 0x04, 0x00, 0x00,
    0x00, 0x00, 0x00, 0x00, 0xF2, 0xFF, 0x04, 0x00, 0x00, 0x00, 0x00, 0x00, 0x00, 0xF2, 0xFF, 0x04,
    0x00, 0x00, 0x00, 0x00, 0x00, 0x00, 0xF2, 0xFF, 0xBC, 0xBB, 0xBB, 0xBB, 0x9B, 0x00, 0x00, 0xF2,
    0xFF, 0xFF, 0xFF, 0xFF, 0xFF, 0xCF, 0x00, 0x00, 0xF2, 0xFF, 0xFF, 0xFF, 0xFF, 0xFF, 0xCF, 0x00,
    0x00, 0xF2, 0xFF, 0x69, 0x66, 0x66, 0x66, 0x46, 0x00, 0x00, 0xF2, 0xFF, 0x04, 0x00, 0x00, 0x00,
    0x00, 0x00, 0x00, 0xF2, 0xFF, 0x04, 0x00, 0x00, 0x00, 0x00, 0x00, 0x00, 0xF2, 0xFF, 0x04, 0x00,
    0x00, 0x00, 0x00, 0x00, 0x00, 0xF2, 0xFF, 0x04, 0x00, 0x00, 0x00, 0x00, 0x00, 0x00, 0xF2, 0xFF,
    0x04, 0x00, 0x00, 0x00, 0x00, 0x00, 0x00, 0xF2, 0xFF, 0x04, 0x00, 0x00, 0x00, 0x00, 0x00, 0x00,
    0xF2, 0xFF, 0x04, 0x00, 0x00, 0x00, 0x00, 0x00, 0x00, 0xF2, 0xFF, 0x15, 0x11, 0x11, 0x11, 0x11,
    0x11, 0x00, 0xF2, 0xFF, 0xFF, 0xFF, 0xFF, 0xFF, 0xFF, 0xFF, 0x09, 0xF2, 0xFF, 0xFF, 0xFF, 0xFF,
    0xFF, 0xFF, 0xFF, 0x09, 0xF2, 0xFF, 0xFF, 0xFF, 0xFF, 0xFF, 0xFF, 0xFF, 0x09, 0x00, 0x00, 0x00,
    0x00, 0x00, 0x10, 0x01, 0x00, 0x00, 0x00, 0x00, 0x00, 0x00, 0x10, 0xF8, 0x05, 0x00, 0x00, 0x00,
    0x00, 0x00, 0x10, 0xF8, 0xFF, 0x05, 0x00, 0x00, 0x00, 0x00, 0x00, 0xF7, 0xFF, 0xFF, 0x05, 0x00,
    0x00, 0x00, 0x00, 0x60, 0xFF, 0xDF, 0x38, 0x00, 0x00, 0x00, 0x00, 0x00, 0x60, 0x7C, 0x02, 0x00,
    0x00, 0x00, 0x00, 0x00, 0x00, 0x00, 0x00, 0x00, 0x00, 0x00, 0x00, 0x00, 0x00, 0x00, 0x00, 0x00,
    0x00, 0x00, 0x00, 0x00, 0x00, 0x30, 0x33, 0x33, 0x33, 0x33, 0x33, 0x33, 0x33, 0x00, 0xF2, 0xFF,
    0xFF, 0xFF, 0xFF, 0xFF, 0xFF, 0xFF, 0x04, 0xF2, 0xFF, 0xFF, 0xFF, 0xFF, 0xFF, 0xFF, 0xFF, 0x04,
    0xF2, 0xFF, 0xEE, 0xEE, 0xEE, 0xEE, 0xEE, 0xEE, 0x03, 0xF2, 0xFF, 0x04, 0x00, 0x00, 0x00, 0x00,
    0x00, 0x00, 0xF2, 0xFF, 0x04, 0x00, 0x00, 0x00, 0x00, 0x00, 0x00, 0xF2, 0xFF, 0x04, 0x00, 0x00,
    0x00, 0x00, 0x00, 0x00, 0xF2, 0xFF, 0x04, 0x00, 0x00, 0x00, 0x00, 0x00, 0x00, 0xF2, 0xFF, 0x04,
    0x00, 0x00, 0x00, 0x00, 0x00, 0x00, 0xF2, 0xFF, 0x04, 0x00, 0x00, 0x00, 0x00, 0x00, 0x00, 0xF2,
    0xFF, 0x04, 0x00, 0x00, 0x00, 0x00, 0x00, 0x00, 0xF2, 0xFF, 0xBC, 0xBB, 0xBB, 0xBB, 0x9B, 0x00,
    0x00, 0xF2, 0xFF, 0xFF, 0xFF, 0xFF, 0xFF, 0xCF, 0x00, 0x00, 0xF2, 0xFF, 0xFF, 0xFF, 0xFF, 0xFF,
    0xCF, 0x00, 0x00, 0xF2, 0xFF, 0x69, 0x66, 0x66, 0x66, 0x46, 0x00, 0x00, 0xF2, 0xFF, 0x04, 0x00,
    0x00, 0x00, 0x00, 0x00, 0x00, 0xF2, 0xFF, 0x04, 0x00, 0x00, 0x00, 0x00, 0x00, 0x00, 0xF2, 0xFF,
    0x04, 0x00, 0x00, 0x00, 0x00, 0x00, 0x00, 0xF2, 0xFF, 0x04, 0x00, 0x00, 0x00, 0x00, 0x00, 0x00,
    0xF2, 0xFF, 0x04, 0x00, 0x00, 0x00, 0x00, 0x00, 0x00, 0xF2, 0xFF, 0x04, 0x00, 0x00, 0x00, 0x00,
    0x00, 0x00, 0xF2, 0xFF, 0x04, 0x00, 0x00, 0x00, 0x00, 0x00, 0x00, 0xF2, 0xFF, 0x15, 0x11, 0x11,
    0x11, 0x11, 0x11, 0x00, 0xF2, 0xFF, 0xFF, 0xFF, 0xFF, 0xFF, 0xFF, 0xFF, 0x09, 0xF2, 0xFF, 0xFF,
    0xFF, 0xFF, 0xFF, 0xFF, 0xFF, 0x09, 0xF2, 0xFF, 0xFF, 0xFF, 0xFF, 0xFF, 0xFF, 0xFF, 0x09, 0x00,
    0x00, 0x00, 0x10, 0x9A, 0x00, 0x00, 0x00, 0x00, 0x00, 0x00, 0x00, 0xE4, 0xFF, 0x3D, 0x00, 0x00,
    0x00, 0x00, 0x00, 0x80, 0xFF, 0xFF, 0xFF, 0x07, 0x00, 0x00, 0x00, 0x00, 0xF9, 0xDF, 0x55, 0xFD,
    0x7F, 0x00, 0x00, 0x00, 0x00, 0xDA, 0x05, 0x00, 0x60, 0x8E, 0x00, 0x00, 0x00, 0x00, 0x02, 0x00,
    0x00, 0x00, 0x20, 0x00, 0x00, 0x00, 0x00, 0x00, 0x00, 0x00, 0x00, 0x00, 0x00, 0x00, 0x30, 0x33,
    0x33, 0x33, 0x33, 0x33, 0x33, 0x33, 0x00, 0xF2, 0xFF, 0xFF, 0xFF, 0xFF, 0xFF, 0xFF, 0xFF, 0x04,
    0xF2, 0xFF, 0xFF, 0xFF, 0xFF, 0xFF, 0xFF, 0xFF, 0x04, 0xF2, 0xFF, 0xEE, 0xEE, 0xEE, 0xEE, 0xEE,
    0xEE, 0x03, 0xF2, 0xFF, 0x04, 0x00, 0x00, 0x00, 0x00, 0x00, 0x00, 0xF2, 0xFF, 0x04, 0x00, 0x00,
    0x00, 0x00, 0x00, 0x00, 0xF2, 0xFF, 0x04, 0x00, 0x00, 0x00, 0x00, 0x00, 0x00, 0xF2, 0xFF, 0x04,
    0x00, 0x00, 0x00, 0x00, 0x00, 0x00, 0xF2, 0xFF, 0x04, 0x00, 0x00, 0x00, 0x00, 0x00, 0x00, 0xF2,
    0xFF, 0x04, 0x00, 0x00, 0x00, 0x00, 0x00, 0x00, 0xF2, 0xFF, 0x04, 0x00, 0x00, 0x00, 0x00, 0x00,
    0x00, 0xF2, 0xFF, 0xBC, 0xBB, 0xBB, 0xBB, 0x9B, 0x00, 0x00, 0xF2, 0xFF, 0xFF, 0xFF, 0xFF, 0xFF,
    0xCF, 0x00, 0x00, 0xF2, 0xFF, 0xFF, 0xFF, 0xFF, 0xFF, 0xCF, 0x00, 0x00, 0xF2, 0xFF, 0x69, 0x66,
    0x66, 0x66, 0x46, 0x00, 0x00, 0xF2, 0xFF, 0x04, 0x00, 0x00, 0x00, 0x00, 0x00, 0x00, 0xF2, 0xFF,
    0x04, 0x00, 0x00, 0x00, 0x00, 0x00, 0x00, 0xF2, 0xFF, 0x04, 0x00, 0x00, 0x00, 0x00, 0x00, 0x00,
    0xF2, 0xFF, 0x04, 0x00, 0x00, 0x00, 0x00, 0x00, 0x00, 0xF2, 0xFF, 0x04, 0x00, 0x00, 0x00, 0x00,
    0x00, 0x00, 0xF2, 0xFF, 0x04, 0x00, 0x00, 0x00, 0x00, 0x00, 0x00, 0xF2, 0xFF, 0x04, 0x00, 0x00,
    0x00, 0x00, 0x00, 0x00, 0xF2, 0xFF, 0x15, 0x11, 0x11, 0x11, 0x11, 0x11, 0x00, 0xF2, 0xFF, 0xFF,
    0xFF, 0xFF, 0xFF, 0xFF, 0xFF, 0x09, 0xF2, 0xFF, 0xFF, 0xFF, 0xFF, 0xFF, 0xFF, 0xFF, 0x09, 0xF2,
    0xFF, 0xFF, 0xFF, 0xFF, 0xFF, 0xFF, 0xFF, 0x09, 0x00, 0x00, 0xBB, 0x0B, 0x00, 0xB1, 0xAB, 0x00,
    0x00, 0x00, 0x10, 0xFF, 0x0F, 0x00, 0xF2, 0xFF, 0x00, 0x00, 0x00, 0x10, 0xFF, 0x0F, 0x00, 0xF2,
    0xEF, 0x00, 0x00, 0x00, 0x00, 0x00, 0x00, 0x00, 0x00, 0x00, 0x00, 0x00, 0x00, 0x00, 0x00, 0x00,
    0x00, 0x00, 0x00, 0x00, 0x00, 0x00, 0x00, 0x00, 0x00, 0x00, 0x00, 0x00, 0x00, 0x00, 0x30, 0x33,
    0x33, 0x33, 0x33, 0x33, 0x33, 0x33, 0x00, 0xF2, 0xFF, 0xFF, 0xFF, 0xFF, 0xFF, 0xFF, 0xFF, 0x04,
    0xF2, 0xFF, 0xFF, 0xFF, 0xFF, 0xFF, 0xFF, 0xFF, 0x04, 0xF2, 0xFF, 0xEE, 0xEE, 0xEE, 0xEE, 0xEE,
    0xEE, 0x03, 0xF2, 0xFF, 0x04, 0x00, 0x00, 0x00, 0x00, 0x00, 0x00, 0xF2, 0xFF, 0x04, 0x00, 0x00,
    0x00, 0x00, 0x00, 0x00, 0xF2, 0xFF, 0x04, 0x00, 0x00, 0x00, 0x00, 0x00, 0x00, 0xF2, 0xFF, 0x04,
    0x00, 0x00, 0x00, 0x00, 0x00, 0x00, 0xF2, 0xFF, 0x04, 0x00, 0x00, 0x00, 0x00, 0x00, 0x00, 0xF2,
    0xFF, 0x04, 0x00, 0x00, 0x00, 0x00, 0x00, 0x00, 0xF2, 0xFF, 0x04, 0x00, 0x00, 0x00, 0x00, 0x00,
    0x00, 0xF2, 0xFF, 0xBC, 0xBB, 0xBB, 0xBB, 0x9B, 0x00, 0x00, 0xF2, 0xFF, 0xFF, 0xFF, 0xFF, 0xFF,
    0xCF, 0x00, 0x00, 0xF2, 0xFF, 0xFF, 0xFF, 0xFF, 0xFF, 0xCF, 0x00, 0x00, 0xF2, 0xFF, 0x69, 0x66,
    0x66, 0x66, 0x46, 0x00, 0x00, 0xF2, 0xFF, 0x04, 0x00, 0x00, 0x00, 0x00, 0x00, 0x00, 0xF2, 0xFF,
    0x04, 0x00, 0x00, 0x00, 0x00, 0x00, 0x00, 0xF2, 0xFF, 0x04, 0x00, 0x00, 0x00, 0x00, 0x00, 0x00,
    0xF2, 0xFF, 0x04, 0x00, 0x00, 0x00, 0x00, 0x00, 0x00, 0xF2, 0xFF, 0x04, 0x00, 0x00, 0x00, 0x00,
    0x00, 0x00, 0xF2, 0xFF, 0x04, 0x00, 0x00, 0x00, 0x00, 0x00, 0x00, 0xF2, 0xFF, 0x04, 0x00, 0x00,
    0x00, 0x00, 0x00, 0x00, 0xF2, 0xFF, 0x15, 0x11, 0x11, 0x11, 0x11, 0x11, 0x00, 0xF2, 0xFF, 0xFF,
    0xFF, 0xFF, 0xFF, 0xFF, 0xFF, 0x09, 0xF2, 0xFF, 0xFF, 0xFF, 0xFF, 0xFF, 0xFF, 0xFF, 0x09, 0xF2,
    0xFF, 0xFF, 0xFF, 0xFF, 0xFF, 0xFF, 0xFF, 0x09, 0x03, 0x00, 0x00, 0x00, 0xCC, 0x04, 0x00, 0x00,
    0xFC, 0xCF, 0x04, 0x00, 0xFC, 0xFF, 0xCF, 0x04, 0x51, 0xFA, 0xFF, 0x0F, 0x00, 0x00, 0x94, 0x0D,
    0x00, 0x00, 0x00, 0x00, 0x00, 0x00, 0x00, 0x00, 0x00, 0x33, 0x03, 0x00, 0x20, 0xFF, 0x4F, 0x00,
    0x20, 0xFF, 0x4F, 0x00, 0x20, 0xFF, 0x4F, 0x00, 0x20, 0xFF, 0x4F, 0x00, 0x20, 0xFF, 0x4F, 0x00,
    0x20, 0xFF, 0x4F, 0x00, 0x20, 0xFF, 0x4F, 0x00, 0x20, 0xFF, 0x4F, 0x00, 0x20, 0xFF, 0x4F, 0x00,
    0x20, 0xFF, 0x4F, 0x00, 0x20, 0xFF, 0x4F, 0x00, 0x20, 0xFF, 0x4F, 0x00, 0x20, 0xFF, 0x4F, 0x00,
    0x20, 0xFF, 0x4F, 0x00, 0x20, 0xFF, 0x4F, 0x00, 0x20, 0xFF, 0x4F, 0x00, 0x20, 0xFF, 0x4F, 0x00,
    0x20, 0xFF, 0x4F, 0x00, 0x20, 0xFF, 0x4F, 0x00, 0x20, 0xFF, 0x4F, 0x00, 0x20, 0xFF, 0x4F, 0x00,
    0x20, 0xFF, 0x4F, 0x00, 0x20, 0xFF, 0x4F, 0x00, 0x20, 0xFF, 0x4F, 0x00, 0x20, 0xFF, 0x4F, 0x00,
    0x00, 0x00, 0x00, 0x03, 0x00, 0x00, 0xB3, 0x0F, 0x00, 0xA2, 0xFF, 0x0F, 0xA2, 0xFF, 0xFF, 0x0F,
    0xFB, 0xFF, 0x6B, 0x02, 0xAB, 0x15, 0x00, 0x00, 0x00, 0x00, 0x00, 0x00, 0x00, 0x00, 0x00, 0x00,
    0x00, 0x33, 0x03, 0x00, 0x20, 0xFF, 0x4F, 0x00, 0x20, 0xFF, 0x4F, 0x00, 0x20, 0xFF, 0x4F, 0x00,
    0x20, 0xFF, 0x4F, 0x00, 0x20, 0xFF, 0x4F, 0x00, 0x20, 0xFF, 0x4F, 0x00, 0x20, 0xFF, 0x4F, 0x00,
    0x20, 0xFF, 0x4F, 0x00, 0x20, 0xFF, 0x4F, 0x00, 0x20, 0xFF, 0x4F, 0x00, 0x20, 0xFF, 0x4F, 0x00,
    0x20, 0xFF, 0x4F, 0x00, 0x20, 0xFF, 0x4F, 0x00, 0x20, 0xFF, 0x4F, 0x00, 0x20, 0xFF, 0x4F, 0x00,
    0x20, 0xFF, 0x4F, 0x00, 0x20, 0xFF, 0x4F, 0x00, 0x20, 0xFF, 0x4F, 0x00, 0x20, 0xFF, 0x4F, 0x00,
    0x20, 0xFF, 0x4F, 0x00, 0x20, 0xFF, 0x4F, 0x00, 0x20, 0xFF, 0x4F, 0x00, 0x20, 0xFF, 0x4F, 0x00,
    0x20, 0xFF, 0x4F, 0x00, 0x20, 0xFF, 0x4F, 0x00, 0x00, 0x30, 0x5C, 0x00, 0x00, 0x00, 0xF7, 0xFF,
    0x1A, 0x00, 0xC2, 0xFF, 0xFF, 0xEF, 0x03, 0xFE, 0xAF, 0x83, 0xFF, 0x2F, 0xBF, 0x02, 0x00, 0x91,
    0x3F, 0x03, 0x00, 0x00, 0x00, 0x11, 0x00, 0x00, 0x00, 0x00, 0x00, 0x00, 0x30, 0x33, 0x00, 0x00,
    0x00, 0xF2, 0xFF, 0x04, 0x00, 0x00, 0xF2, 0xFF, 0x04, 0x00, 0x00, 0xF2, 0xFF, 0x04, 0x00, 0x00,
    0xF2, 0xFF, 0x04, 0x00, 0x00, 0xF2, 0xFF, 0x04, 0x00, 0x00, 0xF2, 0xFF, 0x04, 0x00, 0x00, 0xF2,
    0xFF, 0x04, 0x00, 0x00, 0xF2, 0xFF, 0x04, 0x00, 0x00, 0xF2, 0xFF, 0x04, 0x00, 0x00, 0xF2, 0xFF,
    0x04, 0x00, 0x00, 0xF2, 0xFF, 0x04, 0x00, 0x00, 0xF2, 0xFF, 0x04, 0x00, 0x00, 0xF2, 0xFF, 0x04,
    0x00, 0x00, 0xF2, 0xFF, 0x04, 0x00, 0x00, 0xF2, 0xFF, 0x04, 0x00, 0x00, 0xF2, 0xFF, 0x04, 0x00,
    0x00, 0xF2, 0xFF, 0x04, 0x00, 0x00, 0xF2, 0xFF, 0x04, 0x00, 0x00, 0xF2, 0xFF, 0x04, 0x00, 0x00,
    0xF2, 0xFF, 0x04, 0x00, 0x00, 0xF2, 0xFF, 0x04, 0x00, 0x00, 0xF2, 0xFF, 0x04, 0x00, 0x00, 0xF2,
    0xFF, 0x04, 0x00, 0x00, 0xF2, 0xFF, 0x04, 0x00, 0x00, 0xF2, 0xFF, 0x04, 0x00, 0xB4, 0x8B, 0x00,
    0x50, 0xBB, 0x07, 0xF6, 0xBF, 0x00, 0x70, 0xFF, 0x09, 0xF6, 0xAF, 0x00, 0x70, 0xFF, 0x09, 0x00,
    0x00, 0x00, 0x00, 0x00, 0x00, 0x00, 0x00, 0x00, 0x00, 0x00, 0x00, 0x00, 0x00, 0x00, 0x00, 0x00,
    0x00, 0x00, 0x00, 0x33, 0x03, 0x00, 0x00, 0x00, 0x20, 0xFF, 0x4F, 0x00, 0x00, 0x00, 0x20, 0xFF,
    0x4F, 0x00, 0x00, 0x00, 0x20, 0xFF, 0x4F, 0x00, 0x00, 0x00, 0x20, 0xFF, 0x4F, 0x00, 0x00, 0x00,
    0x20, 0xFF, 0x4F, 0x00, 0x00, 0x00, 0x20, 0xFF, 0x4F, 0x00, 0x00, 0x00, 0x20, 0xFF, 0x4F, 0x00,
    0x00, 0x00, 0x20, 0xFF, 0x4F, 0x00, 0x00, 0x00, 0x20, 0xFF, 0x4F, 0x00, 0x00, 0x00, 0x20, 0xFF,
    0x4F, 0x00, 0x00, 0x00, 0x20, 0xFF, 0x4F, 0x00, 0x00, 0x00, 0x20, 0xFF, 0x4F, 0x00, 0x00, 0x00,
    0x20, 0xFF, 0x4F, 0x00, 0x00, 0x00, 0x20, 0xFF, 0x4F, 0x00, 0x00, 0x00, 0x20, 0xFF, 0x4F, 0x00,
    0x00, 0x00, 0x20, 0xFF, 0x4F, 0x00, 0x00, 0x00, 0x20, 0xFF, 0x4F, 0x00, 0x00, 0x00, 0x20, 0xFF,
    0x4F, 0x00, 0x00, 0x00, 0x20, 0xFF, 0x4F, 0x00, 0x00, 0x00, 0x20, 0xFF, 0x4F, 0x00, 0x00, 0x00,
    0x20, 0xFF, 0x4F, 0x00, 0x00, 0x00, 0x20, 0xFF, 0x4F, 0x00, 0x00, 0x00, 0x20, 0xFF, 0x4F, 0x00,
    0x00, 0x00, 0x20, 0xFF, 0x4F, 0x00, 0x00, 0x00, 0x20, 0xFF, 0x4F, 0x00, 0x00, 0x00, 0x20, 0x33,
    0x33, 0x33, 0x33, 0x23, 0x01, 0x00, 0x00, 0x00, 0x00, 0x00, 0x00, 0xD0, 0xFF, 0xFF, 0xFF, 0xFF,
    0xFF, 0xEF, 0x4A, 0x00, 0x00, 0x00, 0x00, 0x00, 0xD0, 0xFF, 0xFF, 0xFF, 0xFF, 0xFF, 0xFF, 0xFF,
    0x4D, 0x00, 0x00, 0x00, 0x00, 0xD0, 0xFF, 0xEE, 0xEE, 0xEE, 0xFE, 0xFF, 0xFF, 0xFF, 0x09, 0x00,
    0x00, 0x00, 0xD0, 0xFF, 0x06, 0x00, 0x00, 0x00, 0x51, 0xFB, 0xFF, 0xAF, 0x00, 0x00, 0x00, 0xD0,
    0xFF, 0x06, 0x00, 0x00, 0x00, 0x00, 0x30, 0xFE, 0xFF, 0x07, 0x00, 0x00, 0xD0, 0xFF, 0x06, 0x00,
    0x00, 0x00, 0x00, 0x00, 0xE2, 0xFF, 0x2F, 0x00, 0x00, 0xD0, 0xFF, 0x06, 0x00, 0x00, 0x00, 0x00,
    0x00, 0x50, 0xFF, 0xAF, 0x00, 0x00, 0xD0, 0xFF, 0x06, 0x00, 0x00, 0x00, 0x00, 0x00, 0x00, 0xFD,
    0xFF, 0x01, 0x00, 0xD0, 0xFF, 0x06, 0x00, 0x00, 0x00, 0x00, 0x00, 0x00, 0xF7, 0xFF, 0x05, 0x00,
    0xD0, 0xFF, 0x06, 0x00, 0x00, 0x00, 0x00, 0x00, 0x00, 0xF2, 0xFF, 0x08, 0x41, 0xE4, 0xFF, 0x49,
    0x44, 0x04, 0x00, 0x00, 0x00, 0x00, 0xF0, 0xFF, 0x0B, 0xF5, 0xFF, 0xFF, 0xFF, 0xFF, 0x3F, 0x00,
    0x00, 0x00, 0x00, 0xE0, 0xFF, 0x0C, 0xF5, 0xFF, 0xFF, 0xFF, 0xFF, 0x3F, 0x00, 0x00, 0x00, 0x00,
    0xE0, 0xFF, 0x0C, 0xB4, 0xFB, 0xFF, 0xBD, 0xBB, 0x2B, 0x00, 0x00, 0x00, 0x00, 0xE0, 0xFF, 0x0C,
    0x00, 0xD0, 0xFF, 0x06, 0x00, 0x00, 0x00, 0x00, 0x00, 0x00, 0xF0, 0xFF, 0x0A, 0x00, 0xD0, 0xFF,
    0x06, 0x00, 0x00, 0x00, 0x00, 0x00, 0x00, 0xF3, 0xFF, 0x08, 0x00, 0xD0, 0xFF, 0x06, 0x00, 0x00,
    0x00, 0x00, 0x00, 0x00, 0xF8, 0xFF, 0x04, 0x00, 0xD0, 0xFF, 0x06, 0x00, 0x00, 0x00, 0x00, 0x00,
    0x00, 0xFE, 0xFF, 0x00, 0x00, 0xD0, 0xFF, 0x06, 0x00, 0x00, 0x00, 0x00, 0x00, 0x80, 0xFF, 0x8F,
    0x00, 0x00, 0xD0, 0xFF, 0x06, 0x00, 0x00, 0x00, 0x00, 0x00, 0xF4, 0xFF, 0x1E, 0x00, 0x00, 0xD0,
    0xFF, 0x06, 0x00, 0x00, 0x00, 0x00, 0x70, 0xFF, 0xFF, 0x05, 0x00, 0x00, 0xD0, 0xFF, 0x27, 0x22,
    0x22, 0x22, 0x85, 0xFE, 0xFF, 0x7F, 0x00, 0x00, 0x00, 0xD0, 0xFF, 0xFF, 0xFF, 0xFF, 0xFF, 0xFF,
    0xFF, 0xFF, 0x06, 0x00, 0x00, 0x00, 0xD0, 0xFF, 0xFF, 0xFF, 0xFF, 0xFF, 0xFF, 0xFF, 0x2A, 0x00,
    0x00, 0x00, 0x00, 0xD0, 0xFF, 0xFF, 0xFF, 0xFF, 0xFF, 0xBD, 0x17, 0x00, 0x00, 0x00, 0x00, 0x00,
    0x00, 0x00, 0x83, 0x38, 0x00, 0x00, 0x65, 0x02, 0x00, 0x00, 0x00, 0x00, 0x30, 0xFF, 0xFF, 0x6D,
    0x42, 0xFF, 0x05, 0x00, 0x00, 0x00, 0x00, 0x90, 0xFF, 0xDC, 0xFF, 0xFF, 0xFF, 0x01, 0x00, 0x00,
    0x00, 0x00, 0xC0, 0xAF, 0x00, 0x92, 0xFF, 0x7F, 0x00, 0x00, 0x00, 0x00, 0x00, 0x00, 0x00, 0x00,
    0x00, 0x20, 0x01, 0x00, 0x00, 0x00, 0x00, 0x00, 0x00, 0x00, 0x00, 0x00, 0x00, 0x00, 0x00, 0x00,
    0x00, 0x00, 0x00, 0x00, 0x00, 0x00, 0x00, 0x00, 0x00, 0x00, 0x00, 0x00, 0x30, 0x33, 0x02, 0x00,
    0x00, 0x00, 0x00, 0x00, 0x30, 0x33, 0x01, 0xF2, 0xFF, 0x1F, 0x00, 0x00, 0x00, 0x00, 0x00, 0xF0,
    0xFF, 0x07, 0xF2, 0xFF, 0xBF, 0x00, 0x00, 0x00, 0x00, 0x00, 0xF0, 0xFF, 0x07, 0xF2, 0xFF, 0xFF,
    0x06, 0x00, 0x00, 0x00, 0x00, 0xF0, 0xFF, 0x07, 0xF2, 0xFF, 0xFF, 0x1F, 0x00, 0x00, 0x00, 0x00,
    0xF0, 0xFF, 0x07, 0xF2, 0xFF, 0xFF, 0xBF, 0x00, 0x00, 0x00, 0x00, 0xF0, 0xFF, 0x07, 0xF2, 0xFF,
    0xFB, 0xFF, 0x05, 0x00, 0x00, 0x00, 0xF0, 0xFF, 0x07, 0xF2, 0xFF, 0xC4, 0xFF, 0x1E, 0x00, 0x00,
    0x00, 0xF0, 0xFF, 0x07, 0xF2, 0xFF, 0x24, 0xFF, 0xAF, 0x00, 0x00, 0x00, 0xF0, 0xFF, 0x07, 0xF2,
    0xFF, 0x04, 0xF7, 0xFF, 0x05, 0x00, 0x00, 0xF0, 0xFF, 0x07, 0xF2, 0xFF, 0x04, 0xC0, 0xFF, 0x1E,
    0x00, 0x00, 0xF0, 0xFF, 0x07, 0xF2, 0xFF, 0x04, 0x20, 0xFF, 0xAF, 0x00, 0x00, 0xF0, 0xFF, 0x07,
    0xF2, 0xFF, 0x04, 0x00, 0xF7, 0xFF, 0x04, 0x00, 0xF0, 0xFF, 0x07, 0xF2, 0xFF, 0x04, 0x00, 0xC0,
    0xFF, 0x1E, 0x00, 0xF0, 0xFF, 0x07, 0xF2, 0xFF, 0x04, 0x00, 0x20, 0xFF, 0x9F, 0x00, 0xF0, 0xFF,
    0x07, 0xF2, 0xFF, 0x04, 0x00, 0x00, 0xF7, 0xFF, 0x04, 0xF0, 0xFF, 0x07, 0xF2, 0xFF, 0x04, 0x00,
    0x00, 0xC0, 0xFF, 0x0E, 0xF0, 0xFF, 0x07, 0xF2, 0xFF, 0x04, 0x00, 0x00, 0x20, 0xFF, 0x9F, 0xF0,
    0xFF, 0x07, 0xF2, 0xFF, 0x04, 0x00, 0x00, 0x00, 0xF7, 0xFF, 0xF4, 0xFF, 0x07, 0xF2, 0xFF, 0x04,
    0x00, 0x00, 0x00, 0xC0, 0xFF, 0xFD, 0xFF, 0x07, 0xF2, 0xFF, 0x04, 0x00, 0x00, 0x00, 0x20, 0xFF,
    0xFF, 0xFF, 0x07, 0xF2, 0xFF, 0x04, 0x00, 0x00, 0x00, 0x00, 0xF7, 0xFF, 0xFF, 0x07, 0xF2, 0xFF,
    0x04, 0x00, 0x00, 0x00, 0x00, 0xC0, 0xFF, 0xFF, 0x07, 0xF2, 0xFF, 0x04, 0x00, 0x00, 0x00, 0x00,
    0x20, 0xFF, 0xFF, 0x07, 0xF2, 0xFF, 0x04, 0x00, 0x00, 0x00, 0x00, 0x00, 0xF7, 0xFF, 0x07, 0xF2,
    0xFF, 0x04, 0x00, 0x00, 0x00, 0x00, 0x00, 0xC0, 0xFF, 0x07, 0x00, 0x00, 0x00, 0x00, 0x20, 0x00,
    0x00, 0x00, 0x00, 0x00, 0x00, 0x00, 0x00, 0x00, 0x00, 0x00, 0x00, 0x80, 0x6E, 0x00, 0x00, 0x00,
    0x00, 0x00, 0x00, 0x00, 0x00, 0x00, 0x00, 0x00, 0x80, 0xFF, 0x6E, 0x00, 0x00, 0x00, 0x00, 0x00,
    0x00, 0x00, 0x00, 0x00, 0x00, 0x80, 0xFF, 0xFF, 0x6D, 0x00, 0x00, 0x00, 0x00, 0x00, 0x00, 0x00,
    0x00, 0x00, 0x00, 0x94, 0xFE, 0xFF, 0x03, 0x00, 0x00, 0x00, 0x00, 0x00, 0x00, 0x00, 0x00, 0x00,
    0x00, 0x30, 0xD8, 0x03, 0x00, 0x00, 0x00, 0x00, 0x00, 0x00, 0x00, 0x00, 0x00, 0x00, 0x00, 0x00,
    0x00, 0x00, 0x00, 0x00, 0x00, 0x00, 0x00, 0x00, 0x00, 0x00, 0x00, 0x00, 0x00, 0x00, 0x00, 0x00,
    0x00, 0x00, 0x00, 0x00, 0x00, 0x00, 0x40, 0xA8, 0xAB, 0x79, 0x03, 0x00, 0x00, 0x00, 0x00, 0x00,
    0x00, 0x00, 0x92, 0xFF, 0xFF, 0xFF, 0xFF, 0xEF, 0x07, 0x00, 0x00, 0x00, 0x00, 0x00, 0x70, 0xFF,
    0xFF, 0xFF, 0xFF, 0xFF, 0xFF, 0xEF, 0x04, 0x00, 0x00, 0x00, 0x00, 0xFA, 0xFF, 0xFF, 0xBD, 0xA9,
    0xEB, 0xFF, 0xFF, 0x6F, 0x00, 0x00, 0x00, 0xA0, 0xFF, 0xFF, 0x2A, 0x00, 0x00, 0x00, 0xC4, 0xFF,
    0xFF, 0x05, 0x00, 0x00, 0xF6, 0xFF, 0x5F, 0x00, 0x00, 0x00, 0x00, 0x00, 0xF8, 0xFF, 0x2F, 0x00,
    0x00, 0xFE, 0xFF, 0x04, 0x00, 0x00, 0x00, 0x00, 0x00, 0x90, 0xFF, 0xBF, 0x00, 0x70, 0xFF, 0x9F,
    0x00, 0x00, 0x00, 0x00, 0x00, 0x00, 0x00, 0xFD, 0xFF, 0x02, 0xD0, 0xFF, 0x1F, 0x00, 0x00, 0x00,
    0x00, 0x00, 0x00, 0x00, 0xF5, 0xFF, 0x08, 0xF1, 0xFF, 0x0B, 0x00, 0x00, 0x00, 0x00, 0x00, 0x00,
    0x00, 0xF0, 0xFF, 0x0D, 0xF5, 0xFF, 0x07, 0x00, 0x00, 0x00, 0x00, 0x00, 0x00, 0x00, 0xB0, 0xFF,
    0x0F, 0xF7, 0xFF, 0x04, 0x00, 0x00, 0x00, 0x00, 0x00, 0x00, 0x00, 0x80, 0xFF, 0x2F, 0xF8, 0xFF,
    0x02, 0x00, 0x00, 0x00, 0x00, 0x00, 0x00, 0x00, 0x60, 0xFF, 0x4F, 0xF8, 0xFF, 0x01, 0x00, 0x00,
    0x00, 0x00, 0x00, 0x00, 0x00, 0x60, 0xFF, 0x4F, 0xF8, 0xFF, 0x02, 0x00, 0x00, 0x00, 0x00, 0x00,
    0x00, 0x00, 0x70, 0xFF, 0x3F, 0xF7, 0xFF, 0x04, 0x00, 0x00, 0x00, 0x00, 0x00, 0x00, 0x00, 0x90,
    0xFF, 0x2F, 0xF4, 0xFF, 0x07, 0x00, 0x00, 0x00, 0x00, 0x00, 0x00, 0x00, 0xC0, 0xFF, 0x0F, 0xF1,
    0xFF, 0x0C, 0x00, 0x00, 0x00, 0x00, 0x00, 0x00, 0x00, 0xF1, 0xFF, 0x0C, 0xC0, 0xFF, 0x2F, 0x00,
    0x00, 0x00, 0x00, 0x00, 0x00, 0x00, 0xF7, 0xFF, 0x07, 0x50, 0xFF, 0xBF, 0x00, 0x00, 0x00, 0x00,
    0x00, 0x00, 0x10, 0xFE, 0xFF, 0x01, 0x00, 0xFD, 0xFF, 0x07, 0x00, 0x00, 0x00, 0x00, 0x00, 0xB0,
    0xFF, 0x9F, 0x00, 0x00, 0xF3, 0xFF, 0x8F, 0x00, 0x00, 0x00, 0x00, 0x10, 0xFB, 0xFF, 0x1E, 0x00,
    0x00, 0x70, 0xFF, 0xFF, 0x6D, 0x01, 0x00, 0x20, 0xE7, 0xFF, 0xFF, 0x03, 0x00, 0x00, 0x00, 0xF7,
    0xFF, 0xFF, 0xEF, 0xDD, 0xFE, 0xFF, 0xFF, 0x3E, 0x00, 0x00, 0x00, 0x00, 0x40, 0xFE, 0xFF, 0xFF,
    0xFF, 0xFF, 0xFF, 0xBF, 0x02, 0x00, 0x00, 0x00, 0x00, 0x00, 0x60, 0xFC, 0xFF, 0xFF, 0xFF, 0xBF,
    0x04, 0x00, 0x00, 0x00, 0x00, 0x00, 0x00, 0x00, 0x10, 0x74, 0x77, 0x46, 0x00, 0x00, 0x00, 0x00,
    0x00, 0x00, 0x00, 0x00, 0x00, 0x00, 0x00, 0x00, 0x10, 0x01, 0x00, 0x00, 0x00, 0x00, 0x00, 0x00,
    0x00, 0x00, 0x00, 0x00, 0x10, 0xF9, 0x04, 0x00, 0x00, 0x00, 0x00, 0x00, 0x00, 0x00, 0x00, 0x00,
    0x10, 0xF8, 0xFF, 0x04, 0x00, 0x00, 0x00, 0x00, 0x00, 0x00, 0x00, 0x00, 0x10, 0xF8, 0xFF, 0xFF,
    0x04, 0x00, 0x00, 0x00, 0x00, 0x00, 0x00, 0x00, 0x00, 0x70, 0xFF, 0xDF, 0x38, 0x00, 0x00, 0x00,
    0x00, 0x00, 0x00, 0x00, 0x00, 0x00, 0x70, 0x7C, 0x02, 0x00, 0x00, 0x00, 0x00, 0x00, 0x00, 0x00,
    0x00, 0x00, 0x00, 0x00, 0x00, 0x00, 0x00, 0x00, 0x00, 0x00, 0x00, 0x00, 0x00, 0x00, 0x00, 0x00,
    0x00, 0x00, 0x00, 0x00, 0x00, 0x00, 0x00, 0x00, 0x00, 0x00, 0x00, 0x00, 0x00, 0x40, 0xA8, 0xAB,
    0x79, 0x03, 0x00, 0x00, 0x00, 0x00, 0x00, 0x00, 0x00, 0x92, 0xFF, 0xFF, 0xFF, 0xFF, 0xEF, 0x07,
    0x00, 0x00, 0x00, 0x00, 0x00, 0x70, 0xFF, 0xFF, 0xFF, 0xFF, 0xFF, 0xFF, 0xEF, 0x04, 0x00, 0x00,
    0x00, 0x00, 0xFA, 0xFF, 0xFF, 0xBD, 0xA9, 0xEB, 0xFF, 0xFF, 0x6F, 0x00, 0x00, 0x00, 0xA0, 0xFF,
    0xFF, 0x2A, 0x00, 0x00, 0x00, 0xC4, 0xFF, 0xFF, 0x05, 0x00, 0x00, 0xF6, 0xFF, 0x5F, 0x00, 0x00,
    0x00, 0x00, 0x00, 0xF8, 0xFF, 0x2F, 0x00, 0x00, 0xFE, 0xFF, 0x04, 0x00, 0x00, 0x00, 0x00, 0x00,
    0x90, 0xFF, 0xBF, 0x00, 0x70, 0xFF, 0x9F, 0x00, 0x00, 0x00, 0x00, 0x00, 0x00, 0x00, 0xFD, 0xFF,
    0x02, 0xD0, 0xFF, 0x1F, 0x00, 0x00, 0x00, 0x00, 0x00, 0x00, 0x00, 0xF5, 0xFF, 0x08, 0xF1, 0xFF,
    0x0B, 0x00, 0x00, 0x00, 0x00, 0x00, 0x00, 0x00, 0xF0, 0xFF, 0x0D, 0xF5, 0xFF, 0x07, 0x00, 0x00,
    0x00, 0x00, 0x00, 0x00, 0x00, 0xB0, 0xFF, 0x0F, 0xF7, 0xFF, 0x04, 0x00, 0x00, 0x00, 0x00, 0x00,
    0x00, 0x00, 0x80, 0xFF, 0x2F, 0xF8, 0xFF, 0x02, 0x00, 0x00, 0x00, 0x00, 0x00, 0x00, 0x00, 0x60,
    0xFF, 0x4F, 0xF8, 0xFF, 0x01, 0x00, 0x00, 0x00, 0x00, 0x00, 0x00, 0x00, 0x60, 0xFF, 0x4F, 0xF8,
    0xFF, 0x02, 0x00, 0x00, 0x00, 0x00, 0x00, 0x00, 0x00, 0x70, 0xFF, 0x3F, 0xF7, 0xFF, 0x04, 0x00,
    0x00, 0x00, 0x00, 0x00, 0x00, 0x00, 0x90, 0xFF, 0x2F, 0xF4, 0xFF, 0x07, 0x00, 0x00, 0x00, 0x00,
    0x00, 0x00, 0x00, 0xC0, 0xFF, 0x0F, 0xF1, 0xFF, 0x0C, 0x00, 0x00, 0x00, 0x00, 0x00, 0x00, 0x00,
    0xF1, 0xFF, 0x0C, 0xC0, 0xFF, 0x2F, 0x00, 0x00, 0x00, 0x00, 0x00, 0x00, 0x00, 0xF7, 0xFF, 0x07,
    0x50, 0xFF, 0xBF, 0x00, 0x00, 0x00, 0x00, 0x00, 0x00, 0x10, 0xFE, 0xFF, 0x01, 0x00, 0xFD, 0xFF,
    0x07, 0x00, 0x00, 0x00, 0x00, 0x00, 0xB0, 0xFF, 0x9F, 0x00, 0x00, 0xF3, 0xFF, 0x8F, 0x00, 0x00,
    0x00, 0x00, 0x10, 0xFB, 0xFF, 0x1E, 0x00, 0x00, 0x70, 0xFF, 0xFF, 0x6D, 0x01, 0x00, 0x20, 0xE7,
    0xFF, 0xFF, 0x03, 0x00, 0x00, 0x00, 0xF7, 0xFF, 0xFF, 0xEF, 0xDD, 0xFE, 0xFF, 0xFF, 0x3E, 0x00,
    0x00, 0x00, 0x00, 0x40, 0xFE, 0xFF, 0xFF, 0xFF, 0xFF, 0xFF, 0xBF, 0x02, 0x00, 0x00, 0x00, 0x00,
    0x00, 0x60, 0xFC, 0xFF, 0xFF, 0xFF, 0xBF, 0x04, 0x00, 0x00, 0x00, 0x00, 0x00, 0x00, 0x00, 0x10,
    0x74, 0x77, 0x46, 0x00, 0x00, 0x00, 0x00, 0x00, 0x00, 0x00, 0x00, 0x00, 0x00, 0x10, 0x8B, 0x00,
    0x00, 0x00, 0x00, 0x00, 0x00, 0x00, 0x00, 0x00, 0x00, 0x00, 0xE5, 0xFF, 0x2C, 0x00, 0x00, 0x00,
    0x00, 0x00, 0x00, 0x00, 0x00, 0x00, 0x90, 0xFF, 0xFF, 0xFF, 0x06, 0x00, 0x00, 0x00, 0x00, 0x00,
    0x00, 0x00, 0x00, 0xFA, 0xCF, 0x64, 0xFE, 0x6F, 0x00, 0x00, 0x00, 0x00, 0x00, 0x00, 0x00, 0x00,
    0xDB, 0x04, 0x00, 0x70, 0x7E, 0x00, 0x00, 0x00, 0x00, 0x00, 0x00, 0x00, 0x00, 0x03, 0x00, 0x00,
    0x00, 0x20, 0x00, 0x00, 0x00, 0x00, 0x00, 0x00, 0x00, 0x00, 0x00, 0x00, 0x00, 0x00, 0x00, 0x00,
    0x00, 0x00, 0x00, 0x00, 0x00, 0x00, 0x00, 0x40, 0xA8, 0xAB, 0x79, 0x03, 0x00, 0x00, 0x00, 0x00,
    0x00, 0x00, 0x00, 0x92, 0xFF, 0xFF, 0xFF, 0xFF, 0xEF, 0x07, 0x00, 0x00, 0x00, 0x00, 0x00, 0x70,
    0xFF, 0xFF, 0xFF, 0xFF, 0xFF, 0xFF, 0xEF, 0x04, 0x00, 0x00, 0x00, 0x00, 0xFA, 0xFF, 0xFF, 0xBD,
    0xA9, 0xEB, 0xFF, 0xFF, 0x6F, 0x00, 0x00, 0x00, 0xA0, 0xFF, 0xFF, 0x2A, 0x00, 0x00, 0x00, 0xC4,
    0xFF, 0xFF, 0x05, 0x00, 0x00, 0xF6, 0xFF, 0x5F, 0x00, 0x00, 0x00, 0x00, 0x00, 0xF8, 0xFF, 0x2F,
    0x00, 0x00, 0xFE, 0xFF, 0x04, 0x00, 0x00, 0x00, 0x00, 0x00, 0x90, 0xFF, 0xBF, 0x00, 0x70, 0xFF,
    0x9F, 0x00, 0x00, 0x00, 0x00, 0x00, 0x00, 0x00, 0xFD, 0xFF, 0x02, 0xD0, 0xFF, 0x1F, 0x00, 0x00,
    0x00, 0x00, 0x00, 0x00, 0x00, 0xF5, 0xFF, 0x08, 0xF1, 0xFF, 0x0B, 0x00, 0x00, 0x00, 0x00, 0x00,
    0x00, 0x00, 0xF0, 0xFF, 0x0D, 0xF5, 0xFF, 0x07, 0x00, 0x00, 0x00, 0x00, 0x00, 0x00, 0x00, 0xB0,
    0xFF, 0x0F, 0xF7, 0xFF, 0x04, 0x00, 0x00, 0x00, 0x00, 0x00, 0x00, 0x00, 0x80, 0xFF, 0x2F, 0xF8,
    0xFF, 0x02, 0x00, 0x00, 0x00, 0x00, 0x00, 0x00, 0x00, 0x60, 0xFF, 0x4F, 0xF8, 0xFF, 0x01, 0x00,
    0x00, 0x00, 0x00, 0x00, 0x00, 0x00, 0x60, 0xFF, 0x4F, 0xF8, 0xFF, 0x02, 0x00, 0x00, 0x00, 0x00,
    0x00, 0x00, 0x00, 0x70, 0xFF, 0x3F, 0xF7, 0xFF, 0x04, 0x00, 0x00, 0x00, 0x00, 0x00, 0x00, 0x00,
    0x90, 0xFF, 0x2F, 0xF4, 0xFF, 0x07, 0x00, 0x00, 0x00, 0x00, 0x00, 0x00, 0x00, 0xC0, 0xFF, 0x0F,
    0xF1, 0xFF, 0x0C, 0x00, 0x00, 0x00, 0x00, 0x00, 0x00, 0x00, 0xF1, 0xFF, 0x0C, 0xC0, 0xFF, 0x2F,
    0x00, 0x00, 0x00, 0x00, 0x00, 0x00, 0x00, 0xF7, 0xFF, 0x07, 0x50, 0xFF, 0xBF, 0x00, 0x00, 0x00,
    0x00, 0x00, 0x00, 0x10, 0xFE, 0xFF, 0x01, 0x00, 0xFD, 0xFF, 0x07, 0x00, 0x00, 0x00, 0x00, 0x00,
    0xB0, 0xFF, 0x9F, 0x00, 0x00, 0xF3, 0xFF, 0x8F, 0x00, 0x00, 0x00, 0x00, 0x10, 0xFB, 0xFF, 0x1E,
    0x00, 0x00, 0x70, 0xFF, 0xFF, 0x6D, 0x01, 0x00, 0x20, 0xE7, 0xFF, 0xFF, 0x03, 0x00, 0x00, 0x00,
    0xF7, 0xFF, 0xFF, 0xEF, 0xDD, 0xFE, 0xFF, 0xFF, 0x3E, 0x00, 0x00, 0x00, 0x00, 0x40, 0xFE, 0xFF,
    0xFF, 0xFF, 0xFF, 0xFF, 0xBF, 0x02, 0x00, 0x00, 0x00, 0x00, 0x00, 0x60, 0xFC, 0xFF, 0xFF, 0xFF,
    0xBF, 0x04, 0x00, 0x00, 0x00, 0x00, 0x00, 0x00, 0x00, 0x10, 0x74, 0x77, 0x46, 0x00, 0x00, 0x00,
    0x00, 0x00, 0x00, 0x00, 0x00, 0x00, 0x83, 0x48, 0x00, 0x00, 0x65, 0x03, 0x00, 0x00, 0x00, 0x00,
    0x00, 0x00, 0x20, 0xFF, 0xFF, 0x6D, 0x42, 0xFF, 0x06, 0x00, 0x00, 0x00, 0x00, 0x00, 0x00, 0x90,
    0xFF, 0xDC, 0xFF, 0xFF, 0xFF, 0x02, 0x00, 0x00, 0x00, 0x00, 0x00, 0x00, 0xB0, 0xAF, 0x00, 0x92,
    0xFE, 0x8F, 0x00, 0x00, 0x00, 0x00, 0x00, 0x00, 0x00, 0x00, 0x00, 0x00, 0x00, 0x20, 0x01, 0x00,
    0x00, 0x00, 0x00, 0x00, 0x00, 0x00, 0x00, 0x00, 0x00, 0x00, 0x00, 0x00, 0x00, 0x00, 0x00, 0x00,
    0x00, 0x00, 0x00, 0x00, 0x00, 0x00, 0x00, 0x00, 0x00, 0x00, 0x00, 0x00, 0x00, 0x00, 0x00, 0x00,
    0x00, 0x40, 0xA8, 0xAB, 0x79, 0x03, 0x00, 0x00, 0x00, 0x00, 0x00, 0x00, 0x00, 0x92, 0xFF, 0xFF,
    0xFF, 0xFF, 0xEF, 0x07, 0x00, 0x00, 0x00, 0x00, 0x00, 0x70, 0xFF, 0xFF, 0xFF, 0xFF, 0xFF, 0xFF,
    0xEF, 0x04, 0x00, 0x00, 0x00, 0x00, 0xFA, 0xFF, 0xFF, 0xBD, 0xA9, 0xEB, 0xFF, 0xFF, 0x6F, 0x00,
    0x00, 0x00, 0xA0, 0xFF, 0xFF, 0x2A, 0x00, 0x00, 0x00, 0xC4, 0xFF, 0xFF, 0x05, 0x00, 0x00, 0xF6,
    0xFF, 0x5F, 0x00, 0x00, 0x00, 0x00, 0x00, 0xF8, 0xFF, 0x2F, 0x00, 0x00, 0xFE, 0xFF, 0x04, 0x00,
    0x00, 0x00, 0x00, 0x00, 0x90, 0xFF, 0xBF, 0x00, 0x70, 0xFF, 0x9F, 0x00, 0x00, 0x00, 0x00, 0x00,
    0x00, 0x00, 0xFD, 0xFF, 0x02, 0xD0, 0xFF, 0x1F, 0x00, 0x00, 0x00, 0x00, 0x00, 0x00, 0x00, 0xF5,
    0xFF, 0x08, 0xF1, 0xFF, 0x0B, 0x00, 0x00, 0x00, 0x00, 0x00, 0x00, 0x00, 0xF0, 0xFF, 0x0D, 0xF5,
    0xFF, 0x07, 0x00, 0x00, 0x00, 0x00, 0x00, 0x00, 0x00, 0xB0, 0xFF, 0x0F, 0xF7, 0xFF, 0x04, 0x00,
    0x00, 0x00, 0x00, 0x00, 0x00, 0x00, 0x80, 0xFF, 0x2F, 0xF8, 0xFF, 0x02, 0x00, 0x00, 0x00, 0x00,
    0x00, 0x00, 0x00, 0x60, 0xFF, 0x4F, 0xF8, 0xFF, 0x01, 0x00, 0x00, 0x00, 0x00, 0x00, 0x00, 0x00,
    0x60, 0xFF, 0x4F, 0xF8, 0xFF, 0x02, 0x00, 0x00, 0x00, 0x00, 0x00, 0x00, 0x00, 0x70, 0xFF, 0x3F,
    0xF7, 0xFF, 0x04, 0x00, 0x00, 0x00, 0x00, 0x00, 0x00, 0x00, 0x90, 0xFF, 0x2F, 0xF4, 0xFF, 0x07,
    0x00, 0x00, 0x00, 0x00, 0x00, 0x00, 0x00, 0xC0, 0xFF, 0x0F, 0xF1, 0xFF, 0x0C, 0x00, 0x00, 0x00,
    0x00, 0x00, 0x00, 0x00, 0xF1, 0xFF, 0x0C, 0xC0, 0xFF, 0x2F, 0x00, 0x00, 0x00, 0x00, 0x00, 0x00,
    0x00, 0xF7, 0xFF, 0x07, 0x50, 0xFF, 0xBF, 0x00, 0x00, 0x00, 0x00, 0x00, 0x00, 0x10, 0xFE, 0xFF,
    0x01, 0x00, 0xFD, 0xFF, 0x07, 0x00, 0x00, 0x00, 0x00, 0x00, 0xB0, 0xFF, 0x9F, 0x00, 0x00, 0xF3,
    0xFF, 0x8F, 0x00, 0x00, 0x00, 0x00, 0x10, 0xFB, 0xFF, 0x1E, 0x00, 0x00, 0x70, 0xFF, 0xFF, 0x6D,
    0x01, 0x00, 0x20, 0xE7, 0xFF, 0xFF, 0x03, 0x00, 0x00, 0x00, 0xF7, 0xFF, 0xFF, 0xEF, 0xDD, 0xFE,
    0xFF, 0xFF, 0x3E, 0x00, 0x00, 0x00, 0x00, 0x40, 0xFE, 0xFF, 0xFF, 0xFF, 0xFF, 0xFF, 0xBF, 0x02,
    0x00, 0x00, 0x00, 0x00, 0x00, 0x60, 0xFC, 0xFF, 0xFF, 0xFF, 0xBF, 0x04, 0x00, 0x00, 0x00, 0x00,
    0x00, 0x00, 0x00, 0x10, 0x74, 0x77, 0x46, 0x00, 0x00, 0x00, 0x00, 0x00, 0x00, 0x00, 0x00, 0x10,
    0xBB, 0x0A, 0x00, 0xB2, 0x9B, 0x00, 0x00, 0x00, 0x00, 0x00, 0x00, 0x00, 0x20, 0xFF, 0x0F, 0x00,
    0xF3, 0xDF, 0x00, 0x00, 0x00, 0x00, 0x00, 0x00, 0x00, 0x20, 0xFF, 0x0E, 0x00, 0xF3, 0xDF, 0x00,
    0x00, 0x00, 0x00, 0x00, 0x00, 0x00, 0x00, 0x00, 0x00, 0x00, 0x00, 0x00, 0x00, 0x00, 0x00, 0x00,
    0x00, 0x00, 0x00, 0x00, 0x00, 0x00, 0x00, 0x00, 0x00, 0x00, 0x00, 0x00, 0x00, 0x00, 0x00, 0x00,
    0x00, 0x00, 0x00, 0x00, 0x00, 0x00, 0x00, 0x00, 0x00, 0x00, 0x00, 0x00, 0x00, 0x00, 0x40, 0xA8,
    0xAB, 0x79, 0x03, 0x00, 0x00, 0x00, 0x00, 0x00, 0x00, 0x00, 0x92, 0xFF, 0xFF, 0xFF, 0xFF, 0xEF,
    0x07, 0x00, 0x00, 0x00, 0x00, 0x00, 0x70, 0xFF, 0xFF, 0xFF, 0xFF, 0xFF, 0xFF, 0xEF, 0x04, 0x00,
    0x00, 0x00, 0x00, 0xFA, 0xFF, 0xFF, 0xBD, 0xA9, 0xEB, 0xFF, 0xFF, 0x6F, 0x00, 0x00, 0x00, 0xA0,
    0xFF, 0xFF, 0x2A, 0x00, 0x00, 0x00, 0xC4, 0xFF, 0xFF, 0x05, 0x00, 0x00, 0xF6, 0xFF, 0x5F, 0x00,
    0x00, 0x00, 0x00, 0x00, 0xF8, 0xFF, 0x2F, 0x00, 0x00, 0xFE, 0xFF, 0x04, 0x00, 0x00, 0x00, 0x00,
    0x00, 0x90, 0xFF, 0xBF, 0x00, 0x70, 0xFF, 0x9F, 0x00, 0x00, 0x00, 0x00, 0x00, 0x00, 0x00, 0xFD,
    0xFF, 0x02, 0xD0, 0xFF, 0x1F, 0x00, 0x00, 0x00, 0x00, 0x00, 0x00, 0x00, 0xF5, 0xFF, 0x08, 0xF1,
    0xFF, 0x0B, 0x00, 0x00, 0x00, 0x00, 0x00, 0x00, 0x00, 0xF0, 0xFF, 0x0D, 0xF5, 0xFF, 0x07, 0x00,
    0x00, 0x00, 0x00, 0x00, 0x00, 0x00, 0xB0, 0xFF, 0x0F, 0xF7, 0xFF, 0x04, 0x00, 0x00, 0x00, 0x00,
    0x00, 0x00, 0x00, 0x80, 0xFF, 0x2F, 0xF8, 0xFF, 0x02, 0x00, 0x00, 0x00, 0x00, 0x00, 0x00, 0x00,
    0x60, 0xFF, 0x4F, 0xF8, 0xFF, 0x01, 0x00, 0x00, 0x00, 0x00, 0x00, 0x00, 0x00, 0x60, 0xFF, 0x4F,
    0xF8, 0xFF, 0x02, 0x00, 0x00, 0x00, 0x00, 0x00, 0x00, 0x00, 0x70, 0xFF, 0x3F, 0xF7, 0xFF, 0x04,
    0x00, 0x00, 0x00, 0x00, 0x00, 0x00, 0x00, 0x90, 0xFF, 0x2F, 0xF4, 0xFF, 0x07, 0x00, 0x00, 0x00,
    0x00, 0x00, 0x00, 0x00, 0xC0, 0xFF, 0x0F, 0xF1, 0xFF, 0x0C, 0x00, 0x00, 0x00, 0x00, 0x00, 0x00,
    0x00, 0xF1, 0xFF, 0x0C, 0xC0, 0xFF, 0x2F, 0x00, 0x00, 0x00, 0x00, 0x00, 0x00, 0x00, 0xF7, 0xFF,
    0x07, 0x50, 0xFF, 0xBF, 0x00, 0x00, 0x00, 0x00, 0x00, 0x00, 0x10, 0xFE, 0xFF, 0x01, 0x00, 0xFD,
    0xFF, 0x07, 0x00, 0x00, 0x00, 0x00, 0x00, 0xB0, 0xFF, 0x9F, 0x00, 0x00, 0xF3, 0xFF, 0x8F, 0x00,
    0x00, 0x00, 0x00, 0x10, 0xFB, 0xFF, 0x1E, 0x00, 0x00, 0x70, 0xFF, 0xFF, 0x6D, 0x01, 0x00, 0x20,
    0xE7, 0xFF, 0xFF, 0x03, 0x00, 0x00, 0x00, 0xF7, 0xFF, 0xFF, 0xEF, 0xDD, 0xFE, 0xFF, 0xFF, 0x3E,
    0x00, 0x00, 0x00, 0x00, 0x40, 0xFE, 0xFF, 0xFF, 0xFF, 0xFF, 0xFF, 0xBF, 0x02, 0x00, 0x00, 0x00,
    0x00, 0x00, 0x60, 0xFC, 0xFF, 0xFF, 0xFF, 0xBF, 0x04, 0x00, 0x00, 0x00, 0x00, 0x00, 0x00, 0x00,
    0x10, 0x74, 0x77, 0x46, 0x00, 0x00, 0x00, 0x00, 0x00, 0x00, 0x01, 0x00, 0x00, 0x00, 0x02, 0x00,
    0xB0, 0x1D, 0x00, 0x00, 0x50, 0x6F, 0x00, 0xF8, 0xDF, 0x01, 0x00, 0xF4, 0xFF, 0x02, 0xC0, 0xFF,
    0x1C, 0x40, 0xFF, 0x6F, 0x00, 0x00, 0xFC, 0xCF, 0xF5, 0xFF, 0x07, 0x00, 0x00, 0xC1, 0xFF, 0xFF,
    0x7F, 0x00, 0x00, 0x00, 0x10, 0xFD, 0xFF, 0x08, 0x00, 0x00, 0x00, 0x30, 0xFE, 0xFF, 0x0B, 0x00,
    0x00, 0x00, 0xE2, 0xFF, 0xFF, 0xBF, 0x00, 0x00, 0x20, 0xFE, 0x9F, 0xE2, 0xFF, 0x0A, 0x00, 0xE2,
    0xFF, 0x0A, 0x20, 0xFE, 0xAF, 0x00, 0xF7, 0xAF, 0x00, 0x00, 0xE2, 0xFF, 0x02, 0x80, 0x0B, 0x00,
    0x00, 0x20, 0x3D, 0x00, 0x00, 0x00, 0x00, 0x00, 0x00, 0x00, 0x00, 0x00, 0x00, 0x00, 0x00, 0x00,
    0x00, 0x00, 0x00, 0x00, 0x00, 0xC4, 0xBC, 0x00, 0x00, 0x00, 0x00, 0x00, 0x40, 0xA8, 0xAB, 0x79,
    0x03, 0x10, 0xFE, 0x5F, 0x00, 0x00, 0x00, 0x00, 0x92, 0xFF, 0xFF, 0xFF, 0xFF, 0xEF, 0xA7, 0xFF,
    0x0A, 0x00, 0x00, 0x00, 0x70, 0xFF, 0xFF, 0xFF, 0xFF, 0xFF, 0xFF, 0xFF, 0xEF, 0x01, 0x00, 0x00,
    0x00, 0xFA, 0xFF, 0xFF, 0xBD, 0xA9, 0xEB, 0xFF, 0xFF, 0x9F, 0x00, 0x00, 0x00, 0xA0, 0xFF, 0xFF,
    0x2A, 0x00, 0x00, 0x00, 0xF4, 0xFF, 0xFF, 0x05, 0x00, 0x00, 0xF6, 0xFF, 0x5F, 0x00, 0x00, 0x00,
    0x00, 0xF6, 0xFF, 0xFF, 0x2F, 0x00, 0x00, 0xFE, 0xFF, 0x04, 0x00, 0x00, 0x00, 0x10, 0xFF, 0xBF,
    0xFF, 0xBF, 0x00, 0x70, 0xFF, 0x9F, 0x00, 0x00, 0x00, 0x00, 0xB0, 0xFF, 0x08, 0xFD, 0xFF, 0x02,
    0xD0, 0xFF, 0x1F, 0x00, 0x00, 0x00, 0x00, 0xF6, 0xDF, 0x00, 0xF5, 0xFF, 0x08, 0xF1, 0xFF, 0x0B,
    0x00, 0x00, 0x00, 0x20, 0xFF, 0x3F, 0x00, 0xF0, 0xFF, 0x0D, 0xF5, 0xFF, 0x07, 0x00, 0x00, 0x00,
    0xC0, 0xFF, 0x07, 0x00, 0xB0, 0xFF, 0x0F, 0xF7, 0xFF, 0x04, 0x00, 0x00, 0x00, 0xF7, 0xCF, 0x00,
    0x00, 0x80, 0xFF, 0x2F, 0xF8, 0xFF, 0x02, 0x00, 0x00, 0x30, 0xFF, 0x2F, 0x00, 0x00, 0x60, 0xFF,
    0x4F, 0xF8, 0xFF, 0x01, 0x00, 0x00, 0xD0, 0xFF, 0x06, 0x00, 0x00, 0x60, 0xFF, 0x4F, 0xF8, 0xFF,
    0x02, 0x00, 0x00, 0xF8, 0xBF, 0x00, 0x00, 0x00, 0x70, 0xFF, 0x3F, 0xF7, 0xFF, 0x04, 0x00, 0x30,
    0xFF, 0x1F, 0x00, 0x00, 0x00, 0x90, 0xFF, 0x2F, 0xF4, 0xFF, 0x07, 0x00, 0xD0, 0xFF, 0x06, 0x00,
    0x00, 0x00, 0xC0, 0xFF, 0x0F, 0xF1, 0xFF, 0x0C, 0x00, 0xF9, 0xBF, 0x00, 0x00, 0x00, 0x00, 0xF1,
    0xFF, 0x0C, 0xC0, 0xFF, 0x2F, 0x40, 0xFF, 0x1E, 0x00, 0x00, 0x00, 0x00, 0xF7, 0xFF, 0x07, 0x50,
    0xFF, 0xBF, 0xE1, 0xFF, 0x05, 0x00, 0x00, 0x00, 0x10, 0xFE, 0xFF, 0x01, 0x00, 0xFD, 0xFF, 0xFD,
    0xAF, 0x00, 0x00, 0x00, 0x00, 0xB0, 0xFF, 0x9F, 0x00, 0x00, 0xF3, 0xFF, 0xFF, 0x1E, 0x00, 0x00,
    0x00, 0x10, 0xFB, 0xFF, 0x1E, 0x00, 0x00, 0x70, 0xFF, 0xFF, 0x6D, 0x01, 0x00, 0x20, 0xE7, 0xFF,
    0xFF, 0x03, 0x00, 0x00, 0x00, 0xFD, 0xFF, 0xFF, 0xEF, 0xDD, 0xFE, 0xFF, 0xFF, 0x3E, 0x00, 0x00,
    0x00, 0x60, 0xFF, 0xFF, 0xFF, 0xFF, 0xFF, 0xFF, 0xFF, 0xBF, 0x02, 0x00, 0x00, 0x00, 0xF1, 0xFF,
    0x64, 0xFC, 0xFF, 0xFF, 0xFF, 0xBF, 0x04, 0x00, 0x00, 0x00, 0x00, 0xFB, 0x8F, 0x00, 0x10, 0x74,
    0x77, 0x46, 0x00, 0x00, 0x00, 0x00, 0x00, 0x20, 0x99, 0x08, 0x00, 0x00, 0x00, 0x00, 0x00, 0x00,
    0x00, 0x00, 0x00, 0x00, 0x00, 0x00, 0x00, 0x20, 0x01, 0x00, 0x00, 0x00, 0x00, 0x00, 0x00, 0x00,
    0x00, 0x00, 0x50, 0x8F, 0x01, 0x00, 0x00, 0x00, 0x00, 0x00, 0x00, 0x00, 0x00, 0x50, 0xFF, 0x7F,
    0x00, 0x00, 0x00, 0x00, 0x00, 0x00, 0x00, 0x00, 0x50, 0xFF, 0xFF, 0x7E, 0x00, 0x00, 0x00, 0x00,
    0x00, 0x00, 0x00, 0x00, 0x83, 0xFD, 0xFF, 0x06, 0x00, 0x00, 0x00, 0x00, 0x00, 0x00, 0x00, 0x00,
    0x20, 0xC7, 0x05, 0x00, 0x00, 0x00, 0x00, 0x00, 0x00, 0x00, 0x00, 0x00, 0x00, 0x00, 0x00, 0x00,
    0x00, 0x00, 0x00, 0x00, 0x00, 0x00, 0x00, 0x00, 0x00, 0x00, 0x00, 0x00, 0x31, 0x33, 0x00, 0x00,
    0x00, 0x00, 0x00, 0x00, 0x00, 0x33, 0x13, 0xF6, 0xFF, 0x00, 0x00, 0x00, 0x00, 0x00, 0x00, 0x00,
    0xFF, 0x7F, 0xF6, 0xFF, 0x00, 0x00, 0x00, 0x00, 0x00, 0x00, 0x00, 0xFF, 0x7F, 0xF6, 0xFF, 0x00,
    0x00, 0x00, 0x00, 0x00, 0x00, 0x00, 0xFF, 0x7F, 0xF6, 0xFF, 0x00, 0x00, 0x00, 0x00, 0x00, 0x00,
    0x00, 0xFF, 0x7F, 0xF6, 0xFF, 0x00, 0x00, 0x00, 0x00, 0x00, 0x00, 0x00, 0xFF, 0x7F, 0xF6, 0xFF,
    0x00, 0x00, 0x00, 0x00, 0x00, 0x00, 0x00, 0xFF, 0x7F, 0xF6, 0xFF, 0x00, 0x00, 0x00, 0x00, 0x00,
    0x00, 0x00, 0xFF, 0x7F, 0xF6, 0xFF, 0x00, 0x00, 0x00, 0x00, 0x00, 0x00, 0x00, 0xFF, 0x7F, 0xF6,
    0xFF, 0x00, 0x00, 0x00, 0x00, 0x00, 0x00, 0x00, 0xFF, 0x7F, 0xF6, 0xFF, 0x00, 0x00, 0x00, 0x00,
    0x00, 0x00, 0x00, 0xFF, 0x7F, 0xF6, 0xFF, 0x00, 0x00, 0x00, 0x00, 0x00, 0x00, 0x00, 0xFF, 0x7F,
    0xF6, 0xFF, 0x00, 0x00, 0x00, 0x00, 0x00, 0x00, 0x00, 0xFF, 0x7F, 0xF6, 0xFF, 0x00, 0x00, 0x00,
    0x00, 0x00, 0x00, 0x00, 0xFF, 0x7F, 0xF6, 0xFF, 0x00, 0x00, 0x00, 0x00, 0x00, 0x00, 0x00, 0xFF,
    0x7F, 0xF6, 0xFF, 0x00, 0x00, 0x00, 0x00, 0x00, 0x00, 0x00, 0xFF, 0x7F, 0xF5, 0xFF, 0x02, 0x00,
    0x00, 0x00, 0x00, 0x00, 0x10, 0xFF, 0x6F, 0xF4, 0xFF, 0x04, 0x00, 0x00, 0x00, 0x00, 0x00, 0x30,
    0xFF, 0x5F, 0xF2, 0xFF, 0x07, 0x00, 0x00, 0x00, 0x00, 0x00, 0x60, 0xFF, 0x2F, 0xE0, 0xFF, 0x0C,
    0x00, 0x00, 0x00, 0x00, 0x00, 0xB0, 0xFF, 0x0F, 0x90, 0xFF, 0x3F, 0x00, 0x00, 0x00, 0x00, 0x00,
    0xF2, 0xFF, 0x0A, 0x20, 0xFF, 0xDF, 0x01, 0x00, 0x00, 0x00, 0x10, 0xFD, 0xFF, 0x03, 0x00, 0xF9,
    0xFF, 0x5E, 0x00, 0x00, 0x00, 0xD4, 0xFF, 0xAF, 0x00, 0x00, 0xC0, 0xFF, 0xFF, 0xBE, 0x99, 0xEB,
    0xFF, 0xFF, 0x1D, 0x00, 0x00, 0x00, 0xFB, 0xFF, 0xFF, 0xFF, 0xFF, 0xFF, 0xBF, 0x01, 0x00, 0x00,
    0x00, 0x50, 0xFC, 0xFF, 0xFF, 0xFF, 0xCF, 0x05, 0x00, 0x00, 0x00, 0x00, 0x00, 0x10, 0x64, 0x77,
    0x46, 0x01, 0x00, 0x00, 0x00, 0x00, 0x00, 0x00, 0x00, 0x00, 0x00, 0x00, 0x02, 0x00, 0x00, 0x00,
    0x00, 0x00, 0x00, 0x00, 0x00, 0x00, 0xE7, 0x06, 0x00, 0x00, 0x00, 0x00, 0x00, 0x00, 0x00, 0x00,
    0xE7, 0xFF, 0x06, 0x00, 0x00, 0x00, 0x00, 0x00, 0x00, 0x00, 0xE7, 0xFF, 0xFF, 0x06, 0x00, 0x00,
    0x00, 0x00, 0x00, 0x00, 0x50, 0xFF, 0xEF, 0x49, 0x00, 0x00, 0x00, 0x00, 0x00, 0x00, 0x00, 0x50,
    0x7C, 0x03, 0x00, 0x00, 0x00, 0x00, 0x00, 0x00, 0x00, 0x00, 0x00, 0x00, 0x00, 0x00, 0x00, 0x00,
    0x00, 0x00, 0x00, 0x00, 0x00, 0x00, 0x00, 0x00, 0x00, 0x00, 0x00, 0x00, 0x00, 0x31, 0x33, 0x00,
    0x00, 0x00, 0x00, 0x00, 0x00, 0x00, 0x33, 0x13, 0xF6, 0xFF, 0x00, 0x00, 0x00, 0x00, 0x00, 0x00,
    0x00, 0xFF, 0x7F, 0xF6, 0xFF, 0x00, 0x00, 0x00, 0x00, 0x00, 0x00, 0x00, 0xFF, 0x7F, 0xF6, 0xFF,
    0x00, 0x00, 0x00, 0x00, 0x00, 0x00, 0x00, 0xFF, 0x7F, 0xF6, 0xFF, 0x00, 0x00, 0x00, 0x00, 0x00,
    0x00, 0x00, 0xFF, 0x7F, 0xF6, 0xFF, 0x00, 0x00, 0x00, 0x00, 0x00, 0x00, 0x00, 0xFF, 0x7F, 0xF6,
    0xFF, 0x00, 0x00, 0x00, 0x00, 0x00, 0x00, 0x00, 0xFF, 0x7F, 0xF6, 0xFF, 0x00, 0x00, 0x00, 0x00,
    0x00, 0x00, 0x00, 0xFF, 0x7F, 0xF6, 0xFF, 0x00, 0x00, 0x00, 0x00, 0x00, 0x00, 0x00, 0xFF, 0x7F,
    0xF6, 0xFF, 0x00, 0x00, 0x00, 0x00, 0x00, 0x00, 0x00, 0xFF, 0x7F, 0xF6, 0xFF, 0x00, 0x00, 0x00,
    0x00, 0x00, 0x00, 0x00, 0xFF, 0x7F, 0xF6, 0xFF, 0x00, 0x00, 0x00, 0x00, 0x00, 0x00, 0x00, 0xFF,
    0x7F, 0xF6, 0xFF, 0x00, 0x00, 0x00, 0x00, 0x00, 0x00, 0x00, 0xFF, 0x7F, 0xF6, 0xFF, 0x00, 0x00,
    0x00, 0x00, 0x00, 0x00, 0x00, 0xFF, 0x7F, 0xF6, 0xFF, 0x00, 0x00, 0x00, 0x00, 0x00, 0x00, 0x00,
    0xFF, 0x7F, 0xF6, 0xFF, 0x00, 0x00, 0x00, 0x00, 0x00, 0x00, 0x00, 0xFF, 0x7F, 0xF5, 0xFF, 0x02,
    0x00, 0x00, 0x00, 0x00, 0x00, 0x10, 0xFF, 0x6F, 0xF4, 0xFF, 0x04, 0x00, 0x00, 0x00, 0x00, 0x00,
    0x30, 0xFF, 0x5F, 0xF2, 0xFF, 0x07, 0x00, 0x00, 0x00, 0x00, 0x00, 0x60, 0xFF, 0x2F, 0xE0, 0xFF,
    0x0C, 0x00, 0x00, 0x00, 0x00, 0x00, 0xB0, 0xFF, 0x0F, 0x90, 0xFF, 0x3F, 0x00, 0x00, 0x00, 0x00,
    0x00, 0xF2, 0xFF, 0x0A, 0x20, 0xFF, 0xDF, 0x01, 0x00, 0x00, 0x00, 0x10, 0xFD, 0xFF, 0x03, 0x00,
    0xF9, 0xFF, 0x5E, 0x00, 0x00, 0x00, 0xD4, 0xFF, 0xAF, 0x00, 0x00, 0xC0, 0xFF, 0xFF, 0xBE, 0x99,
    0xEB, 0xFF, 0xFF, 0x1D, 0x00, 0x00, 0x00, 0xFB, 0xFF, 0xFF, 0xFF, 0xFF, 0xFF, 0xBF, 0x01, 0x00,
    0x00, 0x00, 0x50, 0xFC, 0xFF, 0xFF, 0xFF, 0xCF, 0x05, 0x00, 0x00, 0x00, 0x00, 0x00, 0x10, 0x64,
    0x77, 0x46, 0x01, 0x00, 0x00, 0x00, 0x00, 0x00, 0x00, 0x00, 0x00, 0xA9, 0x01, 0x00, 0x00, 0x00,
    0x00, 0x00, 0x00, 0x00, 0x00, 0xD3, 0xFF, 0x4E, 0x00, 0x00, 0x00, 0x00, 0x00, 0x00, 0x00, 0x70,
    0xFF, 0xFF, 0xFF, 0x08, 0x00, 0x00, 0x00, 0x00, 0x00, 0x00, 0xF8, 0xDF, 0x55, 0xFD, 0x9F, 0x00,
    0x00, 0x00, 0x00, 0x00, 0x00, 0xE8, 0x06, 0x00, 0x50, 0x9D, 0x00, 0x00, 0x00, 0x00, 0x00, 0x00,
    0x02, 0x00, 0x00, 0x00, 0x20, 0x00, 0x00, 0x00, 0x00, 0x00, 0x00, 0x00, 0x00, 0x00, 0x00, 0x00,
    0x00, 0x00, 0x00, 0x31, 0x33, 0x00, 0x00, 0x00, 0x00, 0x00, 0x00, 0x00, 0x33, 0x13, 0xF6, 0xFF,
    0x00, 0x00, 0x00, 0x00, 0x00, 0x00, 0x00, 0xFF, 0x7F, 0xF6, 0xFF, 0x00, 0x00, 0x00, 0x00, 0x00,
    0x00, 0x00, 0xFF, 0x7F, 0xF6, 0xFF, 0x00, 0x00, 0x00, 0x00, 0x00, 0x00, 0x00, 0xFF, 0x7F, 0xF6,
    0xFF, 0x00, 0x00, 0x00, 0x00, 0x00, 0x00, 0x00, 0xFF, 0x7F, 0xF6, 0xFF, 0x00, 0x00, 0x00, 0x00,
    0x00, 0x00, 0x00, 0xFF, 0x7F, 0xF6, 0xFF, 0x00, 0x00, 0x00, 0x00, 0x00, 0x00, 0x00, 0xFF, 0x7F,
    0xF6, 0xFF, 0x00, 0x00, 0x00, 0x00, 0x00, 0x00, 0x00, 0xFF, 0x7F, 0xF6, 0xFF, 0x00, 0x00, 0x00,
    0x00, 0x00, 0x00, 0x00, 0xFF, 0x7F, 0xF6, 0xFF, 0x00, 0x00, 0x00, 0x00, 0x00, 0x00, 0x00, 0xFF,
    0x7F, 0xF6, 0xFF, 0x00, 0x00, 0x00, 0x00, 0x00, 0x00, 0x00, 0xFF, 0x7F, 0xF6, 0xFF, 0x00, 0x00,
    0x00, 0x00, 0x00, 0x00, 0x00, 0xFF, 0x7F, 0xF6, 0xFF, 0x00, 0x00, 0x00, 0x00, 0x00, 0x00, 0x00,
    0xFF, 0x7F, 0xF6, 0xFF, 0x00, 0x00, 0x00, 0x00, 0x00, 0x00, 0x00, 0xFF, 0x7F, 0xF6, 0xFF, 0x00,
    0x00, 0x00, 0x00, 0x00, 0x00, 0x00, 0xFF, 0x7F, 0xF6, 0xFF, 0x00, 0x00, 0x00, 0x00, 0x00, 0x00,
    0x00, 0xFF, 0x7F, 0xF5, 0xFF, 0x02, 0x00, 0x00, 0x00, 0x00, 0x00, 0x10, 0xFF, 0x6F, 0xF4, 0xFF,
    0x04, 0x00, 0x00, 0x00, 0x00, 0x00, 0x30, 0xFF, 0x5F, 0xF2, 0xFF, 0x07, 0x00, 0x00, 0x00, 0x00,
    0x00, 0x60, 0xFF, 0x2F, 0xE0, 0xFF, 0x0C, 0x00, 0x00, 0x00, 0x00, 0x00, 0xB0, 0xFF, 0x0F, 0x90,
    0xFF, 0x3F, 0x00, 0x00, 0x00, 0x00, 0x00, 0xF2, 0xFF, 0x0A, 0x20, 0xFF, 0xDF, 0x01, 0x00, 0x00,
    0x00, 0x10, 0xFD, 0xFF, 0x03, 0x00, 0xF9, 0xFF, 0x5E, 0x00, 0x00, 0x00, 0xD4, 0xFF, 0xAF, 0x00,
    0x00, 0xC0, 0xFF, 0xFF, 0xBE, 0x99, 0xEB, 0xFF, 0xFF, 0x1D, 0x00, 0x00, 0x00, 0xFB, 0xFF, 0xFF,
    0xFF, 0xFF, 0xFF, 0xBF, 0x01, 0x00, 0x00, 0x00, 0x50, 0xFC, 0xFF, 0xFF, 0xFF, 0xCF, 0x05, 0x00,
    0x00, 0x00, 0x00, 0x00, 0x10, 0x64, 0x77, 0x46, 0x01, 0x00, 0x00, 0x00, 0x00, 0x00, 0x00, 0xBB,
    0x1B, 0x00, 0xB0, 0xBB, 0x00, 0x00, 0x00, 0x00, 0x00, 0x00, 0xFF, 0x2F, 0x00, 0xF1, 0xFF, 0x00,
    0x00, 0x00, 0x00, 0x00, 0x00, 0xFF, 0x1F, 0x00, 0xF1, 0xFF, 0x00, 0x00, 0x00, 0x00, 0x00, 0x00,
    0x00, 0x00, 0x00, 0x00, 0x00, 0x00, 0x00, 0x00, 0x00, 0x00, 0x00, 0x00, 0x00, 0x00, 0x00, 0x00,
    0x00, 0x00, 0x00, 0x00, 0x00, 0x00, 0x00, 0x00, 0x00, 0x00, 0x00, 0x00, 0x00, 0x00, 0x31, 0x33,
    0x00, 0x00, 0x00, 0x00, 0x00, 0x00, 0x00, 0x33, 0x13, 0xF6, 0xFF, 0x00, 0x00, 0x00, 0x00, 0x00,
    0x00, 0x00, 0xFF, 0x7F, 0xF6, 0xFF, 0x00, 0x00, 0x00, 0x00, 0x00, 0x00, 0x00, 0xFF, 0x7F, 0xF6,
    0xFF, 0x00, 0x00, 0x00, 0x00, 0x00, 0x00, 0x00, 0xFF, 0x7F, 0xF6, 0xFF, 0x00, 0x00, 0x00, 0x00,
    0x00, 0x00, 0x00, 0xFF, 0x7F, 0xF6, 0xFF, 0x00, 0x00, 0x00, 0x00, 0x00, 0x00, 0x00, 0xFF, 0x7F,
    0xF6, 0xFF, 0x00, 0x00, 0x00, 0x00, 0x00, 0x00, 0x00, 0xFF, 0x7F, 0xF6, 0xFF, 0x00, 0x00, 0x00,
    0x00, 0x00, 0x00, 0x00, 0xFF, 0x7F, 0xF6, 0xFF, 0x00, 0x00, 0x00, 0x00, 0x00, 0x00, 0x00, 0xFF,
    0x7F, 0xF6, 0xFF, 0x00, 0x00, 0x00, 0x00, 0x00, 0x00, 0x00, 0xFF, 0x7F, 0xF6, 0xFF, 0x00, 0x00,
    0x00, 0x00, 0x00, 0x00, 0x00, 0xFF, 0x7F, 0xF6, 0xFF, 0x00, 0x00, 0x00, 0x00, 0x00, 0x00, 0x00,
    0xFF, 0x7F, 0xF6, 0xFF, 0x00, 0x00, 0x00, 0x00, 0x00, 0x00, 0x00, 0xFF, 0x7F, 0xF6, 0xFF, 0x00,
    0x00, 0x00, 0x00, 0x00, 0x00, 0x00, 0xFF, 0x7F, 0xF6, 0xFF, 0x00, 0x00, 0x00, 0x00, 0x00, 0x00,
    0x00, 0xFF, 0x7F, 0xF6, 0xFF, 0x00, 0x00, 0x00, 0x00, 0x00, 0x00, 0x00, 0xFF, 0x7F, 0xF5, 0xFF,
    0x02, 0x00, 0x00, 0x00, 0x00, 0x00, 0x10, 0xFF, 0x6F, 0xF4, 0xFF, 0x04, 0x00, 0x00, 0x00, 0x00,
    0x00, 0x30, 0xFF, 0x5F, 0xF2, 0xFF, 0x07, 0x00, 0x00, 0x00, 0x00, 0x00, 0x60, 0xFF, 0x2F, 0xE0,
    0xFF, 0x0C, 0x00, 0x00, 0x00, 0x00, 0x00, 0xB0, 0xFF, 0x0F, 0x90, 0xFF, 0x3F, 0x00, 0x00, 0x00,
    0x00, 0x00, 0xF2, 0xFF, 0x0A, 0x20, 0xFF, 0xDF, 0x01, 0x00, 0x00, 0x00, 0x10, 0xFD, 0xFF, 0x03,
    0x00, 0xF9, 0xFF, 0x5E, 0x00, 0x00, 0x00, 0xD4, 0xFF, 0xAF, 0x00, 0x00, 0xC0, 0xFF, 0xFF, 0xBE,
    0x99, 0xEB, 0xFF, 0xFF, 0x1D, 0x00, 0x00, 0x00, 0xFB, 0xFF, 0xFF, 0xFF, 0xFF, 0xFF, 0xBF, 0x01,
    0x00, 0x00, 0x00, 0x50, 0xFC, 0xFF, 0xFF, 0xFF, 0xCF, 0x05, 0x00, 0x00, 0x00, 0x00, 0x00, 0x10,
    0x64, 0x77, 0x46, 0x01, 0x00, 0x00, 0x00, 0x00, 0x00, 0x00, 0x00, 0x00, 0x00, 0x00, 0x02, 0x00,
    0x00, 0x00, 0x00, 0x00, 0x00, 0x00, 0x00, 0x00, 0xE6, 0x09, 0x00, 0x00, 0x00, 0x00, 0x00, 0x00,
    0x00, 0x00, 0xD6, 0xFF, 0x09, 0x00, 0x00, 0x00, 0x00, 0x00, 0x00, 0x00, 0xD5, 0xFF, 0xFF, 0x09,
    0x00, 0x00, 0x00, 0x00, 0x00, 0x00, 0x20, 0xFF, 0xEF, 0x49, 0x00, 0x00, 0x00, 0x00, 0x00, 0x00,
    0x00, 0x20, 0x8D, 0x03, 0x00, 0x00, 0x00, 0x00, 0x00, 0x00, 0x00, 0x00, 0x00, 0x00, 0x00, 0x00,
    0x00, 0x00, 0x00, 0x00, 0x00, 0x00, 0x00, 0x00, 0x00, 0x00, 0x00, 0x00, 0x00, 0x00, 0x00, 0x31,
    0x33, 0x01, 0x00, 0x00, 0x00, 0x00, 0x00, 0x00, 0x33, 0x23, 0xE0, 0xFF, 0x0E, 0x00, 0x00, 0x00,
    0x00, 0x00, 0x80, 0xFF, 0x5F, 0x50, 0xFF, 0x8F, 0x00, 0x00, 0x00, 0x00, 0x00, 0xF2, 0xFF, 0x0B,
    0x00, 0xFB, 0xFF, 0x02, 0x00, 0x00, 0x00, 0x00, 0xFC, 0xFF, 0x02, 0x00, 0xF2, 0xFF, 0x0B, 0x00,
    0x00, 0x00, 0x60, 0xFF, 0x7F, 0x00, 0x00, 0x70, 0xFF, 0x5F, 0x00, 0x00, 0x00, 0xE1, 0xFF, 0x0D,
    0x00, 0x00, 0x00, 0xFD, 0xEF, 0x01, 0x00, 0x00, 0xF9, 0xFF, 0x03, 0x00, 0x00, 0x00, 0xF3, 0xFF,
    0x09, 0x00, 0x30, 0xFF, 0x9F, 0x00, 0x00, 0x00, 0x00, 0x90, 0xFF, 0x3F, 0x00, 0xD0, 0xFF, 0x1E,
    0x00, 0x00, 0x00, 0x00, 0x10, 0xFE, 0xCF, 0x00, 0xF7, 0xFF, 0x06, 0x00, 0x00, 0x00, 0x00, 0x00,
    0xF5, 0xFF, 0x16, 0xFF, 0xCF, 0x00, 0x00, 0x00, 0x00, 0x00, 0x00, 0xB0, 0xFF, 0xBF, 0xFF, 0x2F,
    0x00, 0x00, 0x00, 0x00, 0x00, 0x00, 0x20, 0xFF, 0xFF, 0xFF, 0x08, 0x00, 0x00, 0x00, 0x00, 0x00,
    0x00, 0x00, 0xF7, 0xFF, 0xDF, 0x00, 0x00, 0x00, 0x00, 0x00, 0x00, 0x00, 0x00, 0xD0, 0xFF, 0x4F,
    0x00, 0x00, 0x00, 0x00, 0x00, 0x00, 0x00, 0x00, 0x80, 0xFF, 0x0E, 0x00, 0x00, 0x00, 0x00, 0x00,
    0x00, 0x00, 0x00, 0x80, 0xFF, 0x0E, 0x00, 0x00, 0x00, 0x00, 0x00, 0x00, 0x00, 0x00, 0x80, 0xFF,
    0x0E, 0x00, 0x00, 0x00, 0x00, 0x00, 0x00, 0x00, 0x00, 0x80, 0xFF, 0x0E, 0x00, 0x00, 0x00, 0x00,
    0x00, 0x00, 0x00, 0x00, 0x80, 0xFF, 0x0E, 0x00, 0x00, 0x00, 0x00, 0x00, 0x00, 0x00, 0x00, 0x80,
    0xFF, 0x0E, 0x00, 0x00, 0x00, 0x00, 0x00, 0x00, 0x00, 0x00, 0x80, 0xFF, 0x0E, 0x00, 0x00, 0x00,
    0x00, 0x00, 0x00, 0x00, 0x00, 0x80, 0xFF, 0x0E, 0x00, 0x00, 0x00, 0x00, 0x00, 0x00, 0x00, 0x00,
    0x80, 0xFF, 0x0E, 0x00, 0x00, 0x00, 0x00, 0x00, 0x00, 0x00, 0x00, 0x80, 0xFF, 0x0E, 0x00, 0x00,
    0x00, 0x00, 0x00, 0x00, 0x00, 0x00, 0x80, 0xFF, 0x0E, 0x00, 0x00, 0x00, 0x00, 0x30, 0x33, 0x01,
    0x00, 0x00, 0x00, 0x00, 0x00, 0x00, 0xF2, 0xFF, 0x07, 0x00, 0x00, 0x00, 0x00, 0x00, 0x00, 0xF2,
    0xFF, 0x07, 0x00, 0x00, 0x00, 0x00, 0x00, 0x00, 0xF2, 0xFF, 0x07, 0x00, 0x00, 0x00, 0x00, 0x00,
    0x00, 0xF2, 0xFF, 0x07, 0x00, 0x00, 0x00, 0x00, 0x00, 0x00, 0xF2, 0xFF, 0x07, 0x00, 0x00, 0x00,
    0x00, 0x00, 0x00, 0xF2, 0xFF, 0xAC, 0xAA, 0xAA, 0x99, 0x47, 0x00, 0x00, 0xF2, 0xFF, 0xFF, 0xFF,
    0xFF, 0xFF, 0xFF, 0x5E, 0x00, 0xF2, 0xFF, 0xFF, 0xFF, 0xFF, 0xFF, 0xFF, 0xFF, 0x05, 0xF2, 0xFF,
    0x7B, 0x77, 0x77, 0x97, 0xFD, 0xFF, 0x1F, 0xF2, 0xFF, 0x07, 0x00, 0x00, 0x00, 0x90, 0xFF, 0x7F,
    0xF2, 0xFF, 0x07, 0x00, 0x00, 0x00, 0x00, 0xFE, 0xBF, 0xF2, 0xFF, 0x07, 0x00, 0x00, 0x00, 0x00,
    0xFC, 0xCF, 0xF2, 0xFF, 0x07, 0x00, 0x00, 0x00, 0x00, 0xFD, 0xCF, 0xF2, 0xFF, 0x07, 0x00, 0x00,
    0x00, 0x30, 0xFF, 0x9F, 0xF2, 0xFF, 0x07, 0x00, 0x00, 0x10, 0xE5, 0xFF, 0x4F, 0xF2, 0xFF, 0xFF,
    0xFF, 0xFF, 0xFF, 0xFF, 0xFF, 0x0B, 0xF2, 0xFF, 0xFF, 0xFF, 0xFF, 0xFF, 0xFF, 0xCF, 0x01, 0xF2,
    0xFF, 0xFF, 0xFF, 0xFF, 0xFF, 0xBF, 0x06, 0x00, 0xF2, 0xFF, 0x28, 0x22, 0x22, 0x11, 0x00, 0x00,
    0x00, 0xF2, 0xFF, 0x07, 0x00, 0x00, 0x00, 0x00, 0x00, 0x00, 0xF2, 0xFF, 0x07, 0x00, 0x00, 0x00,
    0x00, 0x00, 0x00, 0xF2, 0xFF, 0x07, 0x00, 0x00, 0x00, 0x00, 0x00, 0x00, 0xF2, 0xFF, 0x07, 0x00,
    0x00, 0x00, 0x00, 0x00, 0x00, 0xF2, 0xFF, 0x07, 0x00, 0x00, 0x00, 0x00, 0x00, 0x00, 0xF2, 0xFF,
    0x07, 0x00, 0x00, 0x00, 0x00, 0x00, 0x00, 0x00, 0x00, 0x00, 0x00, 0x63, 0x77, 0x26, 0x00, 0x00,
    0x00, 0x00, 0x00, 0x00, 0xD5, 0xFF, 0xFF, 0xFF, 0x4D, 0x00, 0x00, 0x00, 0x00, 0x90, 0xFF, 0xFF,
    0xFF, 0xFF, 0xFF, 0x06, 0x00, 0x00, 0x00, 0xF7, 0xFF, 0x8E, 0x66, 0xFA, 0xFF, 0x2F, 0x00, 0x00,
    0x00, 0xFF, 0xBF, 0x00, 0x00, 0x30, 0xFF, 0x7F, 0x00, 0x00, 0x50, 0xFF, 0x0E, 0x00, 0x00, 0x00,
    0xFA, 0xAF, 0x00, 0x00, 0x80, 0xFF, 0x0A, 0x00, 0x00, 0x00, 0xF7, 0xAF, 0x00, 0x00, 0xA0, 0xFF,
    0x07, 0x00, 0x00, 0x00, 0xF9, 0x7F, 0x00, 0x00, 0xA0, 0xFF, 0x07, 0x00, 0x00, 0x20, 0xFF, 0x2F,
    0x00, 0x00, 0xA0, 0xFF, 0x07, 0x00, 0x00, 0xD1, 0xFF, 0x08, 0x00, 0xA1, 0xEA, 0xFF, 0x07, 0x00,
    0x10, 0xFD, 0xBF, 0x00, 0x00, 0xF3, 0xFF, 0xFF, 0x07, 0x00, 0xB0, 0xFF, 0x0C, 0x00, 0x00, 0xE4,
    0xFE, 0xFF, 0x07, 0x00, 0xF6, 0xEF, 0x01, 0x00, 0x00, 0x00, 0xA0, 0xFF, 0x07, 0x00, 0xFC, 0x6F,
    0x00, 0x00, 0x00, 0x00, 0xA0, 0xFF, 0x07, 0x00, 0xFE, 0x6F, 0x00, 0x00, 0x00, 0x00, 0xA0, 0xFF,
    0x07, 0x00, 0xFC, 0xDF, 0x01, 0x00, 0x00, 0x00, 0xA0, 0xFF, 0x07, 0x00, 0xF5, 0xFF, 0x4E, 0x00,
    0x00, 0x00, 0xA0, 0xFF, 0x07, 0x00, 0x60, 0xFF, 0xFF, 0x09, 0x00, 0x00, 0xA0, 0xFF, 0x07, 0x00,
    0x00, 0xB2, 0xFF, 0xDF, 0x01, 0x00, 0xA0, 0xFF, 0x07, 0x00, 0x00, 0x00, 0xF6, 0xFF, 0x0D, 0x00,
    0xA0, 0xFF, 0x07, 0x00, 0x00, 0x00, 0x40, 0xFF, 0x6F, 0x00, 0xA0, 0xFF, 0x07, 0x00, 0x00, 0x00,
    0x00, 0xFA, 0xBF, 0x00, 0xA0, 0xFF, 0x07, 0x00, 0x00, 0x00, 0x00, 0xF6, 0xDF, 0x00, 0xA0, 0xFF,
    0x07, 0x00, 0x00, 0x00, 0x00, 0xF7, 0xCF, 0x00, 0xA0, 0xFF, 0x07, 0x00, 0x00, 0x00, 0x00, 0xFD,
    0x8F, 0x00, 0xA0, 0xFF, 0x07, 0x52, 0x02, 0x10, 0xD5, 0xFF, 0x1F, 0x00, 0xA0, 0xFF, 0x07, 0xF4,
    0xFF, 0xFF, 0xFF, 0xFF, 0x04, 0x00, 0xA0, 0xFF, 0x07, 0xF4, 0xFF, 0xFF, 0xFF, 0x2A, 0x00, 0x00,
    0x00, 0x00, 0x00, 0x20, 0x75, 0x77, 0x14, 0x00, 0x00, 0x00, 0x00, 0x90, 0x01, 0x00, 0x00, 0x00,
    0x00, 0x00, 0x00, 0x00, 0xF0, 0x7F, 0x00, 0x00, 0x00, 0x00, 0x00, 0x00, 0x00, 0xF0, 0xFF, 0x4D,
    0x00, 0x00, 0x00, 0x00, 0x00, 0x00, 0xC0, 0xFF, 0xFF, 0x2A, 0x00, 0x00, 0x00, 0x00, 0x00, 0x00,
    0x93, 0xFF, 0xCF, 0x00, 0x00, 0x00, 0x00, 0x00, 0x00, 0x00, 0x60, 0xCC, 0x00, 0x00, 0x00, 0x00,
    0x00, 0x00, 0x00, 0x00, 0x10, 0x00, 0x00, 0x00, 0x00, 0x00, 0x00, 0x00, 0x00, 0x00, 0x00, 0x00,
    0x00, 0x00, 0x00, 0x00, 0x00, 0x00, 0x00, 0x00, 0x00, 0x00, 0x00, 0x00, 0x94, 0xFD, 0xEF, 0x7C,
    0x00, 0x00, 0x00, 0x00, 0xC2, 0xFF, 0xFF, 0xFF, 0xFF, 0x1D, 0x00, 0x00, 0x00, 0xF6, 0xFF, 0xEF,
    0xFF, 0xFF, 0x9F, 0x00, 0x00, 0x00, 0xF4, 0x28, 0x00, 0x20, 0xFB, 0xFF, 0x01, 0x00, 0x00, 0x20,
    0x00, 0x00, 0x00, 0xF0, 0xFF, 0x04, 0x00, 0x00, 0x00, 0x00, 0x00, 0x00, 0xB0, 0xFF, 0x07, 0x00,
    0x00, 0x00, 0x00, 0x00, 0x00, 0xA0, 0xFF, 0x09, 0x00, 0x00, 0x00, 0x20, 0xA6, 0xED, 0xFF, 0xFF,
    0x0A, 0x00, 0x00, 0x30, 0xFC, 0xFF, 0xFF, 0xFF, 0xFF, 0x0A, 0x00, 0x00, 0xF7, 0xFF, 0xAE, 0x56,
    0xA3, 0xFF, 0x0A, 0x00, 0x50, 0xFF, 0x7F, 0x00, 0x00, 0x90, 0xFF, 0x0A, 0x00, 0xD0, 0xFF, 0x08,
    0x00, 0x00, 0x90, 0xFF, 0x0A, 0x00, 0xF1, 0xFF, 0x03, 0x00, 0x00, 0x90, 0xFF, 0x0A, 0x00, 0xF2,
    0xFF, 0x03, 0x00, 0x00, 0xB0, 0xFF, 0x0B, 0x00, 0xF0, 0xFF, 0x07, 0x00, 0x00, 0xFA, 0xFF, 0x0D,
    0x00, 0xA0, 0xFF, 0x8F, 0x44, 0xE8, 0xFF, 0xFF, 0x9F, 0x03, 0x10, 0xFE, 0xFF, 0xFF, 0xFF, 0x2D,
    0xFE, 0xFF, 0x0D, 0x00, 0xB1, 0xFF, 0xFF, 0x8F, 0x00, 0xE3, 0xFF, 0x0A, 0x00, 0x00, 0x41, 0x45,
    0x00, 0x00, 0x00, 0x53, 0x03, 0x00, 0x00, 0x00, 0x00, 0x00, 0x82, 0x00, 0x00, 0x00, 0x00, 0x00,
    0x00, 0x00, 0x80, 0xDF, 0x00, 0x00, 0x00, 0x00, 0x00, 0x00, 0x50, 0xFE, 0xDF, 0x00, 0x00, 0x00,
    0x00, 0x00, 0x30, 0xFC, 0xFF, 0xAF, 0x00, 0x00, 0x00, 0x00, 0x00, 0xE0, 0xFF, 0x8E, 0x02, 0x00,
    0x00, 0x00, 0x00, 0x00, 0xE0, 0x5B, 0x00, 0x00, 0x00, 0x00, 0x00, 0x00, 0x00, 0x10, 0x00, 0x00,
    0x00, 0x00, 0x00, 0x00, 0x00, 0x00, 0x00, 0x00, 0x00, 0x00, 0x00, 0x00, 0x00, 0x00, 0x00, 0x00,
    0x00, 0x00, 0x00, 0x00, 0x00, 0x00, 0x00, 0x00, 0x94, 0xFD, 0xEF, 0x7C, 0x00, 0x00, 0x00, 0x00,
    0xC2, 0xFF, 0xFF, 0xFF, 0xFF, 0x1D, 0x00, 0x00, 0x00, 0xF6, 0xFF, 0xEF, 0xFF, 0xFF, 0x9F, 0x00,
    0x00, 0x00, 0xF4, 0x28, 0x00, 0x20, 0xFB, 0xFF, 0x01, 0x00, 0x00, 0x20, 0x00, 0x00, 0x00, 0xF0,
    0xFF, 0x04, 0x00, 0x00, 0x00, 0x00, 0x00, 0x00, 0xB0, 0xFF, 0x07, 0x00, 0x00, 0x00, 0x00, 0x00,
    0x00, 0xA0, 0xFF, 0x09, 0x00, 0x00, 0x00, 0x20, 0xA6, 0xED, 0xFF, 0xFF, 0x0A, 0x00, 0x00, 0x30,
    0xFC, 0xFF, 0xFF, 0xFF, 0xFF, 0x0A, 0x00, 0x00, 0xF7, 0xFF, 0xAE, 0x56, 0xA3, 0xFF, 0x0A, 0x00,
    0x50, 0xFF, 0x7F, 0x00, 0x00, 0x90, 0xFF, 0x0A, 0x00, 0xD0, 0xFF, 0x08, 0x00, 0x00, 0x90, 0xFF,
    0x0A, 0x00, 0xF1, 0xFF, 0x03, 0x00, 0x00, 0x90, 0xFF, 0x0A, 0x00, 0xF2, 0xFF, 0x03, 0x00, 0x00,
    0xB0, 0xFF, 0x0B, 0x00, 0xF0, 0xFF, 0x07, 0x00, 0x00, 0xFA, 0xFF, 0x0D, 0x00, 0xA0, 0xFF, 0x8F,
    0x44, 0xE8, 0xFF, 0xFF, 0x9F, 0x03, 0x10, 0xFE, 0xFF, 0xFF, 0xFF, 0x2D, 0xFE, 0xFF, 0x0D, 0x00,
    0xB1, 0xFF, 0xFF, 0x8F, 0x00, 0xE3, 0xFF, 0x0A, 0x00, 0x00, 0x41, 0x45, 0x00, 0x00, 0x00, 0x53,
    0x03, 0x00, 0x00, 0x00, 0x00, 0x03, 0x00, 0x00, 0x00, 0x00, 0x00, 0x00, 0x00, 0xA0, 0x8F, 0x00,
    0x00, 0x00, 0x00, 0x00, 0x00, 0x10, 0xFC, 0xFF, 0x0A, 0x00, 0x00, 0x00, 0x00, 0x00, 0xD2, 0xFF,
    0xFF, 0xCF, 0x01, 0x00, 0x00, 0x00, 0x10, 0xFE, 0x6E, 0x70, 0xFF, 0x0D, 0x00, 0x00, 0x00, 0x20,
    0xAF, 0x01, 0x00, 0xC2, 0x0F, 0x00, 0x00, 0x00, 0x10, 0x04, 0x00, 0x00, 0x00, 0x06, 0x00, 0x00,
    0x00, 0x00, 0x00, 0x00, 0x00, 0x00, 0x00, 0x00, 0x00, 0x00, 0x00, 0x00, 0x00, 0x00, 0x00, 0x00,
    0x00, 0x00, 0x00, 0x00, 0x94, 0xFD, 0xEF, 0x7C, 0x00, 0x00, 0x00, 0x00, 0xC2, 0xFF, 0xFF, 0xFF,
    0xFF, 0x1D, 0x00, 0x00, 0x00, 0xF6, 0xFF, 0xEF, 0xFF, 0xFF, 0x9F, 0x00, 0x00, 0x00, 0xF4, 0x28,
    0x00, 0x20, 0xFB, 0xFF, 0x01, 0x00, 0x00, 0x20, 0x00, 0x00, 0x00, 0xF0, 0xFF, 0x04, 0x00, 0x00,
    0x00, 0x00, 0x00, 0x00, 0xB0, 0xFF, 0x07, 0x00, 0x00, 0x00, 0x00, 0x00, 0x00, 0xA0, 0xFF, 0x09,
    0x00, 0x00, 0x00, 0x20, 0xA6, 0xED, 0xFF, 0xFF, 0x0A, 0x00, 0x00, 0x30, 0xFC, 0xFF, 0xFF, 0xFF,
    0xFF, 0x0A, 0x00, 0x00, 0xF7, 0xFF, 0xAE, 0x56, 0xA3, 0xFF, 0x0A, 0x00, 0x50, 0xFF, 0x7F, 0x00,
    0x00, 0x90, 0xFF, 0x0A, 0x00, 0xD0, 0xFF, 0x08, 0x00, 0x00, 0x90, 0xFF, 0x0A, 0x00, 0xF1, 0xFF,
    0x03, 0x00, 0x00, 0x90, 0xFF, 0x0A, 0x00, 0xF2, 0xFF, 0x03, 0x00, 0x00, 0xB0, 0xFF, 0x0B, 0x00,
    0xF0, 0xFF, 0x07, 0x00, 0x00, 0xFA, 0xFF, 0x0D, 0x00, 0xA0, 0xFF, 0x8F, 0x44, 0xE8, 0xFF, 0xFF,
    0x9F, 0x03, 0x10, 0xFE, 0xFF, 0xFF, 0xFF, 0x2D, 0xFE, 0xFF, 0x0D, 0x00, 0xB1, 0xFF, 0xFF, 0x8F,
    0x00, 0xE3, 0xFF, 0x0A, 0x00, 0x00, 0x41, 0x45, 0x00, 0x00, 0x00, 0x53, 0x03, 0x00, 0x00, 0x20,
    0x00, 0x00, 0x00, 0x00, 0x00, 0x00, 0x00, 0x50, 0xFF, 0xAF, 0x02, 0x40, 0xEE, 0x04, 0x00, 0x00,
    0xF1, 0xFF, 0xFF, 0xAF, 0xD7, 0xFF, 0x03, 0x00, 0x00, 0xF6, 0xCF, 0xA7, 0xFF, 0xFF, 0xDF, 0x00,
    0x00, 0x00, 0xD6, 0x2D, 0x00, 0xA2, 0xFF, 0x3E, 0x00, 0x00, 0x00, 0x00, 0x00, 0x00, 0x00, 0x10,
    0x00, 0x00, 0x00, 0x00, 0x00, 0x00, 0x00, 0x00, 0x00, 0x00, 0x00, 0x00, 0x00, 0x00, 0x00, 0x00,
    0x00, 0x00, 0x00, 0x00, 0x00, 0x00, 0x00, 0x94, 0xFD, 0xEF, 0x7C, 0x00, 0x00, 0x00, 0x00, 0xC2,
    0xFF, 0xFF, 0xFF, 0xFF, 0x1D, 0x00, 0x00, 0x00, 0xF6, 0xFF, 0xEF, 0xFF, 0xFF, 0x9F, 0x00, 0x00,
    0x00, 0xF4, 0x28, 0x00, 0x20, 0xFB, 0xFF, 0x01, 0x00, 0x00, 0x20, 0x00, 0x00, 0x00, 0xF0, 0xFF,
    0x04, 0x00, 0x00, 0x00, 0x00, 0x00, 0x00, 0xB0, 0xFF, 0x07, 0x00, 0x00, 0x00, 0x00, 0x00, 0x00,
    0xA0, 0xFF, 0x09, 0x00, 0x00, 0x00, 0x20, 0xA6, 0xED, 0xFF, 0xFF, 0x0A, 0x00, 0x00, 0x30, 0xFC,
    0xFF, 0xFF, 0xFF, 0xFF, 0x0A, 0x00, 0x00, 0xF7, 0xFF, 0xAE, 0x56, 0xA3, 0xFF, 0x0A, 0x00, 0x50,
    0xFF, 0x7F, 0x00, 0x00, 0x90, 0xFF, 0x0A, 0x00, 0xD0, 0xFF, 0x08, 0x00, 0x00, 0x90, 0xFF, 0x0A,
    0x00, 0xF1, 0xFF, 0x03, 0x00, 0x00, 0x90, 0xFF, 0x0A, 0x00, 0xF2, 0xFF, 0x03, 0x00, 0x00, 0xB0,
    0xFF, 0x0B, 0x00, 0xF0, 0xFF, 0x07, 0x00, 0x00, 0xFA, 0xFF, 0x0D, 0x00, 0xA0, 0xFF, 0x8F, 0x44,
    0xE8, 0xFF, 0xFF, 0x9F, 0x03, 0x10, 0xFE, 0xFF, 0xFF, 0xFF, 0x2D, 0xFE, 0xFF, 0x0D, 0x00, 0xB1,
    0xFF, 0xFF, 0x8F, 0x00, 0xE3, 0xFF, 0x0A, 0x00, 0x00, 0x41, 0x45, 0x00, 0x00, 0x00, 0x53, 0x03,
    0x00, 0x10, 0x22, 0x01, 0x00, 0x21, 0x12, 0x00, 0x00, 0x00, 0x90, 0xFF, 0x08, 0x00, 0xFA, 0x6F,
    0x00, 0x00, 0x00, 0x90, 0xFF, 0x08, 0x00, 0xFA, 0x6F, 0x00, 0x00, 0x00, 0x60, 0xBB, 0x05, 0x00,
    0xB7, 0x4B, 0x00, 0x00, 0x00, 0x00, 0x00, 0x00, 0x00, 0x00, 0x00, 0x00, 0x00, 0x00, 0x00, 0x00,
    0x00, 0x00, 0x00, 0x00, 0x00, 0x00, 0x00, 0x00, 0x00, 0x00, 0x00, 0x00, 0x00, 0x00, 0x00, 0x00,
    0x00, 0x94, 0xFD, 0xEF, 0x7C, 0x00, 0x00, 0x00, 0x00, 0xC2, 0xFF, 0xFF, 0xFF, 0xFF, 0x1D, 0x00,
    0x00, 0x00, 0xF6, 0xFF, 0xEF, 0xFF, 0xFF, 0x9F, 0x00, 0x00, 0x00, 0xF4, 0x28, 0x00, 0x20, 0xFB,
    0xFF, 0x01, 0x00, 0x00, 0x20, 0x00, 0x00, 0x00, 0xF0, 0xFF, 0x04, 0x00, 0x00, 0x00, 0x00, 0x00,
    0x00, 0xB0, 0xFF, 0x07, 0x00, 0x00, 0x00, 0x00, 0x00, 0x00, 0xA0, 0xFF, 0x09, 0x00, 0x00, 0x00,
    0x20, 0xA6, 0xED, 0xFF, 0xFF, 0x0A, 0x00, 0x00, 0x30, 0xFC, 0xFF, 0xFF, 0xFF, 0xFF, 0x0A, 0x00,
    0x00, 0xF7, 0xFF, 0xAE, 0x56, 0xA3, 0xFF, 0x0A, 0x00, 0x50, 0xFF, 0x7F, 0x00, 0x00, 0x90, 0xFF,
    0x0A, 0x00, 0xD0, 0xFF, 0x08, 0x00, 0x00, 0x90, 0xFF, 0x0A, 0x00, 0xF1, 0xFF, 0x03, 0x00, 0x00,
    0x90, 0xFF, 0x0A, 0x00, 0xF2, 0xFF, 0x03, 0x00, 0x00, 0xB0, 0xFF, 0x0B, 0x00, 0xF0, 0xFF, 0x07,
    0x00, 0x00, 0xFA, 0xFF, 0x0D, 0x00, 0xA0, 0xFF, 0x8F, 0x44, 0xE8, 0xFF, 0xFF, 0x9F, 0x03, 0x10,
    0xFE, 0xFF, 0xFF, 0xFF, 0x2D, 0xFE, 0xFF, 0x0D, 0x00, 0xB1, 0xFF, 0xFF, 0x8F, 0x00, 0xE3, 0xFF,
    0x0A, 0x00, 0x00, 0x41, 0x45, 0x00, 0x00, 0x00, 0x53, 0x03, 0x00, 0x00, 0x00, 0x83, 0x8A, 0x02,
    0x00, 0x00, 0x00, 0x00, 0x00, 0x50, 0xFF, 0xFF, 0x4F, 0x00, 0x00, 0x00, 0x00, 0x00, 0xF0, 0x3E,
    0x40, 0xDF, 0x00, 0x00, 0x00, 0x00, 0x00, 0xF4, 0x07, 0x00, 0xFA, 0x02, 0x00, 0x00, 0x00, 0x00,
    0xF4, 0x08, 0x00, 0xFA, 0x01, 0x00, 0x00, 0x00, 0x00, 0xE0, 0x4E, 0x50, 0xDF, 0x00, 0x00, 0x00,
    0x00, 0x00, 0x50, 0xFF, 0xFF, 0x3F, 0x00, 0x00, 0x00, 0x00, 0x00, 0x00, 0x72, 0x68, 0x01, 0x00,
    0x00, 0x00, 0x00, 0x00, 0x00, 0x00, 0x00, 0x00, 0x00, 0x00, 0x00, 0x00, 0x00, 0x00, 0x00, 0x00,
    0x00, 0x00, 0x00, 0x00, 0x00, 0x00, 0x94, 0xFD, 0xEF, 0x7C, 0x00, 0x00, 0x00, 0x00, 0xC2, 0xFF,
    0xFF, 0xFF, 0xFF, 0x1D, 0x00, 0x00, 0x00, 0xF6, 0xFF, 0xEF, 0xFF, 0xFF, 0x9F, 0x00, 0x00, 0x00,
    0xF4, 0x28, 0x00, 0x20, 0xFB, 0xFF, 0x01, 0x00, 0x00, 0x20, 0x00, 0x00, 0x00, 0xF0, 0xFF, 0x04,
    0x00, 0x00, 0x00, 0x00, 0x00, 0x00, 0xB0, 0xFF, 0x07, 0x00, 0x00, 0x00, 0x00, 0x00, 0x00, 0xA0,
    0xFF, 0x09, 0x00, 0x00, 0x00, 0x20, 0xA6, 0xED, 0xFF, 0xFF, 0x0A, 0x00, 0x00, 0x30, 0xFC, 0xFF,
    0xFF, 0xFF, 0xFF, 0x0A, 0x00, 0x00, 0xF7, 0xFF, 0xAE, 0x56, 0xA3, 0xFF, 0x0A, 0x00, 0x50, 0xFF,
    0x7F, 0x00, 0x00, 0x90, 0xFF, 0x0A, 0x00, 0xD0, 0xFF, 0x08, 0x00, 0x00, 0x90, 0xFF, 0x0A, 0x00,
    0xF1, 0xFF, 0x03, 0x00, 0x00, 0x90, 0xFF, 0x0A, 0x00, 0xF2, 0xFF, 0x03, 0x00, 0x00, 0xB0, 0xFF,
    0x0B, 0x00, 0xF0, 0xFF, 0x07, 0x00, 0x00, 0xFA, 0xFF, 0x0D, 0x00, 0xA0, 0xFF, 0x8F, 0x44, 0xE8,
    0xFF, 0xFF, 0x9F, 0x03, 0x10, 0xFE, 0xFF, 0xFF, 0xFF, 0x2D, 0xFE, 0xFF, 0x0D, 0x00, 0xB1, 0xFF,
    0xFF, 0x8F, 0x00, 0xE3, 0xFF, 0x0A, 0x00, 0x00, 0x41, 0x45, 0x00, 0x00, 0x00, 0x53, 0x03, 0x00,
    0x00, 0x94, 0xFD, 0xFF, 0x7C, 0x00, 0x00, 0xA3, 0xFD, 0xDF, 0x39, 0x00, 0x00, 0x00, 0xC2, 0xFF,
    0xFF, 0xFF, 0xFF, 0x1D, 0xA0, 0xFF, 0xFF, 0xFF, 0xFF, 0x07, 0x00, 0x00, 0xF6, 0xFF, 0xEF, 0xFF,
    0xFF, 0xAF, 0xFC, 0xFF, 0xEF, 0xFE, 0xFF, 0x7F, 0x00, 0x00, 0xF4, 0x28, 0x00, 0x30, 0xFC, 0xFF,
    0xFF, 0x6E, 0x00, 0x30, 0xFC, 0xFF, 0x02, 0x00, 0x20, 0x00, 0x00, 0x00, 0xF1, 0xFF, 0xFF, 0x02,
    0x00, 0x00, 0xE1, 0xFF, 0x08, 0x00, 0x00, 0x00, 0x00, 0x00, 0xB0, 0xFF, 0x8F, 0x00, 0x00, 0x00,
    0x90, 0xFF, 0x0C, 0x00, 0x00, 0x00, 0x00, 0x00, 0x90, 0xFF, 0x3F, 0x00, 0x00, 0x00, 0x60, 0xFF,
    0x0F, 0x00, 0x00, 0x20, 0xA6, 0xEC, 0xFF, 0xFF, 0xFF, 0xFF, 0xFF, 0xFF, 0xFF, 0xFF, 0x0F, 0x00,
    0x30, 0xFC, 0xFF, 0xFF, 0xFF, 0xFF, 0xFF, 0xFF, 0xFF, 0xFF, 0xFF, 0xFF, 0x0F, 0x00, 0xF7, 0xFF,
    0x9E, 0x46, 0x93, 0xFF, 0x3F, 0x33, 0x33, 0x33, 0x33, 0x33, 0x02, 0x60, 0xFF, 0x7F, 0x00, 0x00,
    0x60, 0xFF, 0x0F, 0x00, 0x00, 0x00, 0x00, 0x00, 0x00, 0xD0, 0xFF, 0x08, 0x00, 0x00, 0x30, 0xFF,
    0x4F, 0x00, 0x00, 0x00, 0x00, 0x00, 0x00, 0xF1, 0xFF, 0x03, 0x00, 0x00, 0x00, 0xFE, 0xAF, 0x00,
    0x00, 0x00, 0x00, 0x00, 0x00, 0xF2, 0xFF, 0x03, 0x00, 0x00, 0x20, 0xFE, 0xFF, 0x05, 0x00, 0x00,
    0x00, 0x00, 0x00, 0xF0, 0xFF, 0x08, 0x00, 0x00, 0xE3, 0xFF, 0xFF, 0x7F, 0x00, 0x00, 0x00, 0x51,
    0x00, 0x90, 0xFF, 0xAF, 0x45, 0xA5, 0xFF, 0x4B, 0xFF, 0xFF, 0xAF, 0x88, 0xDA, 0xFF, 0x00, 0x10,
    0xFD, 0xFF, 0xFF, 0xFF, 0x9F, 0x00, 0xE3, 0xFF, 0xFF, 0xFF, 0xFF, 0xFF, 0x02, 0x00, 0xA1, 0xFF,
    0xFF, 0xCF, 0x04, 0x00, 0x10, 0xE8, 0xFF, 0xFF, 0xFF, 0x5B, 0x00, 0x00, 0x00, 0x41, 0x45, 0x02,
    0x00, 0x00, 0x00, 0x00, 0x42, 0x55, 0x03, 0x00, 0x00, 0x00, 0x00, 0x50, 0xDA, 0xFF, 0xDF, 0x5A,
    0x00, 0x00, 0x40, 0xFE, 0xFF, 0xFF, 0xFF, 0xFF, 0x04, 0x00, 0xF6, 0xFF, 0xFF, 0xEF, 0xFF, 0xFF,
    0x01, 0x30, 0xFF, 0xFF, 0x17, 0x00, 0x10, 0xB5, 0x00, 0xC0, 0xFF, 0x2E, 0x00, 0x00, 0x00, 0x00,
    0x00, 0xF2, 0xFF, 0x05, 0x00, 0x00, 0x00, 0x00, 0x00, 0xF7, 0xEF, 0x00, 0x00, 0x00, 0x00, 0x00,
    0x00, 0xFA, 0xAF, 0x00, 0x00, 0x00, 0x00, 0x00, 0x00, 0xFC, 0x8F, 0x00, 0x00, 0x00, 0x00, 0x00,
    0x00, 0xFC, 0x8F, 0x00, 0x00, 0x00, 0x00, 0x00, 0x00, 0xFB, 0x9F, 0x00, 0x00, 0x00, 0x00, 0x00,
    0x00, 0xF9, 0xCF, 0x00, 0x00, 0x00, 0x00, 0x00, 0x00, 0xF5, 0xFF, 0x02, 0x00, 0x00, 0x00, 0x00,
    0x00, 0xE0, 0xFF, 0x0C, 0x00, 0x00, 0x00, 0x00, 0x00, 0x60, 0xFF, 0xBF, 0x01, 0x00, 0x00, 0x50,
    0x00, 0x00, 0xFA, 0xFF, 0xBF, 0x78, 0xB8, 0xFF, 0x01, 0x00, 0x90, 0xFF, 0xFF, 0xFF, 0xFF, 0xFF,
    0x03, 0x00, 0x00, 0xB4, 0xFF, 0xFF, 0xFF, 0x7D, 0x00, 0x00, 0x00, 0x00, 0x80, 0x9F, 0x14, 0x00,
    0x00, 0x00, 0x00, 0x00, 0xA0, 0x2F, 0x00, 0x00, 0x00, 0x00, 0x00, 0x00, 0xE0, 0xFF, 0x4D, 0x00,
    0x00, 0x00, 0x00, 0x00, 0x91, 0xB8, 0xFF, 0x01, 0x00, 0x00, 0x00, 0x00, 0x00, 0x00, 0xFD, 0x05,
    0x00, 0x00, 0x00, 0x00, 0x02, 0x00, 0xFD, 0x04, 0x00, 0x00, 0x00, 0x00, 0xDF, 0xEB, 0xEF, 0x00,
    0x00, 0x00, 0x00, 0x10, 0xFC, 0xFF, 0x2B, 0x00, 0x00, 0x00, 0x00, 0x00, 0x00, 0x02, 0x00, 0x00,
    0x00, 0x00, 0x00, 0x40, 0x06, 0x00, 0x00, 0x00, 0x00, 0x00, 0x00, 0x00, 0x60, 0xCF, 0x03, 0x00,
    0x00, 0x00, 0x00, 0x00, 0x00, 0x60, 0xFF, 0x9F, 0x01, 0x00, 0x00, 0x00, 0x00, 0x00, 0x40, 0xFF,
    0xFF, 0x7F, 0x00, 0x00, 0x00, 0x00, 0x00, 0x00, 0x50, 0xFC, 0xFF, 0x05, 0x00, 0x00, 0x00, 0x00,
    0x00, 0x00, 0x20, 0xE8, 0x05, 0x00, 0x00, 0x00, 0x00, 0x00, 0x00, 0x00, 0x00, 0x01, 0x00, 0x00,
    0x00, 0x00, 0x00, 0x00, 0x00, 0x00, 0x00, 0x00, 0x00, 0x00, 0x00, 0x00, 0x00, 0x00, 0x00, 0x00,
    0x00, 0x00, 0x00, 0x00, 0x71, 0xEC, 0xFF, 0x9D, 0x03, 0x00, 0x00, 0x00, 0x50, 0xFE, 0xFF, 0xFF,
    0xFF, 0x9F, 0x00, 0x00, 0x00, 0xF6, 0xFF, 0xFF, 0xEE, 0xFF, 0xFF, 0x0B, 0x00, 0x40, 0xFF, 0xCF,
    0x04, 0x00, 0xA2, 0xFF, 0x6F, 0x00, 0xD0, 0xFF, 0x0D, 0x00, 0x00, 0x00, 0xFA, 0xDF, 0x00, 0xF4,
    0xFF, 0x04, 0x00, 0x00, 0x00, 0xF3, 0xFF, 0x02, 0xF9, 0xDF, 0x00, 0x00, 0x00, 0x00, 0xF1, 0xFF,
    0x04, 0xFC, 0xFF, 0xFF, 0xFF, 0xFF, 0xFF, 0xFF, 0xFF, 0x05, 0xFE, 0xFF, 0xFF, 0xFF, 0xFF, 0xFF,
    0xFF, 0xFF, 0x04, 0xFE, 0x9F, 0x33, 0x33, 0x33, 0x33, 0x33, 0x33, 0x00, 0xFC, 0x9F, 0x00, 0x00,
    0x00, 0x00, 0x00, 0x00, 0x00, 0xF9, 0xEF, 0x00, 0x00, 0x00, 0x00, 0x00, 0x00, 0x00, 0xF4, 0xFF,
    0x05, 0x00, 0x00, 0x00, 0x00, 0x00, 0x00, 0xD0, 0xFF, 0x1E, 0x00, 0x00, 0x00, 0x00, 0x00, 0x00,
    0x40, 0xFF, 0xEF, 0x04, 0x00, 0x00, 0x00, 0x15, 0x00, 0x00, 0xF8, 0xFF, 0xEF, 0x8A, 0x98, 0xFC,
    0x4F, 0x00, 0x00, 0x60, 0xFF, 0xFF, 0xFF, 0xFF, 0xFF, 0x7F, 0x00, 0x00, 0x00, 0x92, 0xFF, 0xFF,
    0xFF, 0xCF, 0x06, 0x00, 0x00, 0x00, 0x00, 0x20, 0x54, 0x35, 0x00, 0x00, 0x00, 0x00, 0x00, 0x00,
    0x00, 0x00, 0x50, 0x05, 0x00, 0x00, 0x00, 0x00, 0x00, 0x00, 0x30, 0xFC, 0x06, 0x00, 0x00, 0x00,
    0x00, 0x00, 0x10, 0xF9, 0xFF, 0x06, 0x00, 0x00, 0x00, 0x00, 0x00, 0xE6, 0xFF, 0xFF, 0x04, 0x00,
    0x00, 0x00, 0x00, 0x50, 0xFF, 0xCF, 0x06, 0x00, 0x00, 0x00, 0x00, 0x00, 0x50, 0x8E, 0x02, 0x00,
    0x00, 0x00, 0x00, 0x00, 0x00, 0x10, 0x00, 0x00, 0x00, 0x00, 0x00, 0x00, 0x00, 0x00, 0x00, 0x00,
    0x00, 0x00, 0x00, 0x00, 0x00, 0x00, 0x00, 0x00, 0x00, 0x00, 0x00, 0x00, 0x00, 0x00, 0x00, 0x00,
    0x71, 0xEC, 0xFF, 0x9D, 0x03, 0x00, 0x00, 0x00, 0x50, 0xFE, 0xFF, 0xFF, 0xFF, 0x9F, 0x00, 0x00,
    0x00, 0xF6, 0xFF, 0xFF, 0xEE, 0xFF, 0xFF, 0x0B, 0x00, 0x40, 0xFF, 0xCF, 0x04, 0x00, 0xA2, 0xFF,
    0x6F, 0x00, 0xD0, 0xFF, 0x0D, 0x00, 0x00, 0x00, 0xFA, 0xDF, 0x00, 0xF4, 0xFF, 0x04, 0x00, 0x00,
    0x00, 0xF3, 0xFF, 0x02, 0xF9, 0xDF, 0x00, 0x00, 0x00, 0x00, 0xF1, 0xFF, 0x04, 0xFC, 0xFF, 0xFF,
    0xFF, 0xFF, 0xFF, 0xFF, 0xFF, 0x05, 0xFE, 0xFF, 0xFF, 0xFF, 0xFF, 0xFF, 0xFF, 0xFF, 0x04, 0xFE,
    0x9F, 0x33, 0x33, 0x33, 0x33, 0x33, 0x33, 0x00, 0xFC, 0x9F, 0x00, 0x00, 0x00, 0x00, 0x00, 0x00,
    0x00, 0xF9, 0xEF, 0x00, 0x00, 0x00, 0x00, 0x00, 0x00, 0x00, 0xF4, 0xFF, 0x05, 0x00, 0x00, 0x00,
    0x00, 0x00, 0x00, 0xD0, 0xFF, 0x1E, 0x00, 0x00, 0x00, 0x00, 0x00, 0x00, 0x40, 0xFF, 0xEF, 0x04,
    0x00, 0x00, 0x00, 0x15, 0x00, 0x00, 0xF8, 0xFF, 0xEF, 0x8A, 0x98, 0xFC, 0x4F, 0x00, 0x00, 0x60,
    0xFF, 0xFF, 0xFF, 0xFF, 0xFF, 0x7F, 0x00, 0x00, 0x00, 0x92, 0xFF, 0xFF, 0xFF, 0xCF, 0x06, 0x00,
    0x00, 0x00, 0x00, 0x20, 0x54, 0x35, 0x00, 0x00, 0x00, 0x00, 0x00, 0x00, 0x00, 0x21, 0x00, 0x00,
    0x00, 0x00, 0x00, 0x00, 0x00, 0x30, 0xEE, 0x03, 0x00, 0x00, 0x00, 0x00, 0x00, 0x00, 0xF4, 0xFF,
    0x5F, 0x00, 0x00, 0x00, 0x00, 0x00, 0x60, 0xFF, 0xFF, 0xFF, 0x07, 0x00, 0x00, 0x00, 0x00, 0xF6,
    0xCF, 0x22, 0xFB, 0x7F, 0x00, 0x00, 0x00, 0x00, 0xF9, 0x06, 0x00, 0x60, 0x9E, 0x00, 0x00, 0x00,
    0x00, 0x14, 0x00, 0x00, 0x00, 0x41, 0x00, 0x00, 0x00, 0x00, 0x00, 0x00, 0x00, 0x00, 0x00, 0x00,
    0x00, 0x00, 0x00, 0x00, 0x00, 0x00, 0x00, 0x00, 0x00, 0x00, 0x00, 0x00, 0x71, 0xEC, 0xFF, 0x9D,
    0x03, 0x00, 0x00, 0x00, 0x50, 0xFE, 0xFF, 0xFF, 0xFF, 0x9F, 0x00, 0x00, 0x00, 0xF6, 0xFF, 0xFF,
    0xEE, 0xFF, 0xFF, 0x0B, 0x00, 0x40, 0xFF, 0xCF, 0x04, 0x00, 0xA2, 0xFF, 0x6F, 0x00, 0xD0, 0xFF,
    0x0D, 0x00, 0x00, 0x00, 0xFA, 0xDF, 0x00, 0xF4, 0xFF, 0x04, 0x00, 0x00, 0x00, 0xF3, 0xFF, 0x02,
    0xF9, 0xDF, 0x00, 0x00, 0x00, 0x00, 0xF1, 0xFF, 0x04, 0xFC, 0xFF, 0xFF, 0xFF, 0xFF, 0xFF, 0xFF,
    0xFF, 0x05, 0xFE, 0xFF, 0xFF, 0xFF, 0xFF, 0xFF, 0xFF, 0xFF, 0x04, 0xFE, 0x9F, 0x33, 0x33, 0x33,
    0x33, 0x33, 0x33, 0x00, 0xFC, 0x9F, 0x00, 0x00, 0x00, 0x00, 0x00, 0x00, 0x00, 0xF9, 0xEF, 0x00,
    0x00, 0x00, 0x00, 0x00, 0x00, 0x00, 0xF4, 0xFF, 0x05, 0x00, 0x00, 0x00, 0x00, 0x00, 0x00, 0xD0,
    0xFF, 0x1E, 0x00, 0x00, 0x00, 0x00, 0x00, 0x00, 0x40, 0xFF, 0xEF, 0x04, 0x00, 0x00, 0x00, 0x15,
    0x00, 0x00, 0xF8, 0xFF, 0xEF, 0x8A, 0x98, 0xFC, 0x4F, 0x00, 0x00, 0x60, 0xFF, 0xFF, 0xFF, 0xFF,
    0xFF, 0x7F, 0x00, 0x00, 0x00, 0x92, 0xFF, 0xFF, 0xFF, 0xCF, 0x06, 0x00, 0x00, 0x00, 0x00, 0x20,
    0x54, 0x35, 0x00, 0x00, 0x00, 0x00, 0x00, 0x22, 0x02, 0x00, 0x20, 0x22, 0x00, 0x00, 0x00, 0x00,
    0xFF, 0x1F, 0x00, 0xF1, 0xFF, 0x00, 0x00, 0x00, 0x00, 0xFF, 0x1F, 0x00, 0xF1, 0xFF, 0x00, 0x00,
    0x00, 0x00, 0xBB, 0x1B, 0x00, 0xB0, 0xBB, 0x00, 0x00, 0x00, 0x00, 0x00, 0x00, 0x00, 0x00, 0x00,
    0x00, 0x00, 0x00, 0x00, 0x00, 0x00, 0x00, 0x00, 0x00, 0x00, 0x00, 0x00, 0x00, 0x00, 0x00, 0x00,
    0x00, 0x00, 0x00, 0x00, 0x00, 0x00, 0x71, 0xEC, 0xFF, 0x9D, 0x03, 0x00, 0x00, 0x00, 0x50, 0xFE,
    0xFF, 0xFF, 0xFF, 0x9F, 0x00, 0x00, 0x00, 0xF6, 0xFF, 0xFF, 0xEE, 0xFF, 0xFF, 0x0B, 0x00, 0x40,
    0xFF, 0xCF, 0x04, 0x00, 0xA2, 0xFF, 0x6F, 0x00, 0xD0, 0xFF, 0x0D, 0x00, 0x00, 0x00, 0xFA, 0xDF,
    0x00, 0xF4, 0xFF, 0x04, 0x00, 0x00, 0x00, 0xF3, 0xFF, 0x02, 0xF9, 0xDF, 0x00, 0x00, 0x00, 0x00,
    0xF1, 0xFF, 0x04, 0xFC, 0xFF, 0xFF, 0xFF, 0xFF, 0xFF, 0xFF, 0xFF, 0x05, 0xFE, 0xFF, 0xFF, 0xFF,
    0xFF, 0xFF, 0xFF, 0xFF, 0x04, 0xFE, 0x9F, 0x33, 0x33, 0x33, 0x33, 0x33, 0x33, 0x00, 0xFC, 0x9F,
    0x00, 0x00, 0x00, 0x00, 0x00, 0x00, 0x00, 0xF9, 0xEF, 0x00, 0x00, 0x00, 0x00, 0x00, 0x00, 0x00,
    0xF4, 0xFF, 0x05, 0x00, 0x00, 0x00, 0x00, 0x00, 0x00, 0xD0, 0xFF, 0x1E, 0x00, 0x00, 0x00, 0x00,
    0x00, 0x00, 0x40, 0xFF, 0xEF, 0x04, 0x00, 0x00, 0x00, 0x15, 0x00, 0x00, 0xF8, 0xFF, 0xEF, 0x8A,
    0x98, 0xFC, 0x4F, 0x00, 0x00, 0x60, 0xFF, 0xFF, 0xFF, 0xFF, 0xFF, 0x7F, 0x00, 0x00, 0x00, 0x92,
    0xFF, 0xFF, 0xFF, 0xCF, 0x06, 0x00, 0x00, 0x00, 0x00, 0x20, 0x54, 0x35, 0x00, 0x00, 0x00, 0x46,
    0x00, 0x00, 0x00, 0xF9, 0x2A, 0x00, 0x00, 0xF9, 0xFF, 0x07, 0x00, 0xF6, 0xFF, 0xEF, 0x05, 0x10,
    0xD7, 0xFF, 0x2F, 0x00, 0x00, 0x93, 0x2F, 0x00, 0x00, 0x00, 0x00, 0x00, 0x00, 0x00, 0x00, 0x00,
    0x00, 0x00, 0x00, 0x00, 0xA8, 0x4A, 0x00, 0x00, 0xFC, 0x7F, 0x00, 0x00, 0xFC, 0x7F, 0x00, 0x00,
    0xFC, 0x7F, 0x00, 0x00, 0xFC, 0x7F, 0x00, 0x00, 0xFC, 0x7F, 0x00, 0x00, 0xFC, 0x7F, 0x00, 0x00,
    0xFC, 0x7F, 0x00, 0x00, 0xFC, 0x7F, 0x00, 0x00, 0xFC, 0x7F, 0x00, 0x00, 0xFC, 0x7F, 0x00, 0x00,
    0xFC, 0x7F, 0x00, 0x00, 0xFC, 0x7F, 0x00, 0x00, 0xFC, 0x7F, 0x00, 0x00, 0xFC, 0x7F, 0x00, 0x00,
    0xFC, 0x7F, 0x00, 0x00, 0xFC, 0x7F, 0x00, 0x00, 0xFC, 0x7F, 0x00, 0x00, 0x00, 0x00, 0x27, 0x00,
    0x00, 0xD4, 0x3F, 0x00, 0xB2, 0xFF, 0x3F, 0x80, 0xFF, 0xFF, 0x2E, 0xF8, 0xFF, 0x4B, 0x00, 0xD8,
    0x17, 0x00, 0x00, 0x01, 0x00, 0x00, 0x00, 0x00, 0x00, 0x00, 0x00, 0x00, 0x00, 0x00, 0x00, 0x00,
    0xA8, 0x4A, 0x00, 0x00, 0xFC, 0x7F, 0x00, 0x00, 0xFC, 0x7F, 0x00, 0x00, 0xFC, 0x7F, 0x00, 0x00,
    0xFC, 0x7F, 0x00, 0x00, 0xFC, 0x7F, 0x00, 0x00, 0xFC, 0x7F, 0x00, 0x00, 0xFC, 0x7F, 0x00, 0x00,
    0xFC, 0x7F, 0x00, 0x00, 0xFC, 0x7F, 0x00, 0x00, 0xFC, 0x7F, 0x00, 0x00, 0xFC, 0x7F, 0x00, 0x00,
    0xFC, 0x7F, 0x00, 0x00, 0xFC, 0x7F, 0x00, 0x00, 0xFC, 0x7F, 0x00, 0x00, 0xFC, 0x7F, 0x00, 0x00,
    0xFC, 0x7F, 0x00, 0x00, 0xFC, 0x7F, 0x00, 0x00, 0x00, 0x03, 0x00, 0x00, 0x00, 0x50, 0xCF, 0x01,
    0x00, 0x00, 0xF7, 0xFF, 0x3E, 0x00, 0x90, 0xFF, 0xFF, 0xFF, 0x04, 0xFA, 0xAF, 0x41, 0xFD, 0x4F,
    0xDC, 0x04, 0x00, 0x80, 0x6F, 0x05, 0x00, 0x00, 0x00, 0x32, 0x00, 0x00, 0x00, 0x00, 0x00, 0x00,
    0x00, 0x00, 0x00, 0x00, 0x00, 0x80, 0xAA, 0x04, 0x00, 0x00, 0xC0, 0xFF, 0x07, 0x00, 0x00, 0xC0,
    0xFF, 0x07, 0x00, 0x00, 0xC0, 0xFF, 0x07, 0x00, 0x00, 0xC0, 0xFF, 0x07, 0x00, 0x00, 0xC0, 0xFF,
    0x07, 0x00, 0x00, 0xC0, 0xFF, 0x07, 0x00, 0x00, 0xC0, 0xFF, 0x07, 0x00, 0x00, 0xC0, 0xFF, 0x07,
    0x00, 0x00, 0xC0, 0xFF, 0x07, 0x00, 0x00, 0xC0, 0xFF, 0x07, 0x00, 0x00, 0xC0, 0xFF, 0x07, 0x00,
    0x00, 0xC0, 0xFF, 0x07, 0x00, 0x00, 0xC0, 0xFF, 0x07, 0x00, 0x00, 0xC0, 0xFF, 0x07, 0x00, 0x00,
    0xC0, 0xFF, 0x07, 0x00, 0x00, 0xC0, 0xFF, 0x07, 0x00, 0x00, 0xC0, 0xFF, 0x07, 0x00, 0x20, 0x22,
    0x00, 0x00, 0x22, 0x02, 0xF3, 0xEF, 0x00, 0x40, 0xFF, 0x0D, 0xF3, 0xEF, 0x00, 0x40, 0xFF, 0x0D,
    0xB2, 0xAB, 0x00, 0x30, 0xBB, 0x09, 0x00, 0x00, 0x00, 0x00, 0x00, 0x00, 0x00, 0x00, 0x00, 0x00,
    0x00, 0x00, 0x00, 0x00, 0x00, 0x00, 0x00, 0x00, 0x00, 0x00, 0xA8, 0x4A, 0x00, 0x00, 0x00, 0x00,
    0xFC, 0x7F, 0x00, 0x00, 0x00, 0x00, 0xFC, 0x7F, 0x00, 0x00, 0x00, 0x00, 0xFC, 0x7F, 0x00, 0x00,
    0x00, 0x00, 0xFC, 0x7F, 0x00, 0x00, 0x00, 0x00, 0xFC, 0x7F, 0x00, 0x00, 0x00, 0x00, 0xFC, 0x7F,
    0x00, 0x00, 0x00, 0x00, 0xFC, 0x7F, 0x00, 0x00, 0x00, 0x00, 0xFC, 0x7F, 0x00, 0x00, 0x00, 0x00,
    0xFC, 0x7F, 0x00, 0x00, 0x00, 0x00, 0xFC, 0x7F, 0x00, 0x00, 0x00, 0x00, 0xFC, 0x7F, 0x00, 0x00,
    0x00, 0x00, 0xFC, 0x7F, 0x00, 0x00, 0x00, 0x00, 0xFC, 0x7F, 0x00, 0x00, 0x00, 0x00, 0xFC, 0x7F,
    0x00, 0x00, 0x00, 0x00, 0xFC, 0x7F, 0x00, 0x00, 0x00, 0x00, 0xFC, 0x7F, 0x00, 0x00, 0x00, 0x00,
    0xFC, 0x7F, 0x00, 0x00, 0x00, 0x00, 0x11, 0x00, 0x00, 0x00, 0x00, 0x00, 0x00, 0x00, 0x00, 0xF9,
    0x8E, 0x01, 0x30, 0xAC, 0x00, 0x00, 0x00, 0x00, 0xE7, 0xFF, 0x7F, 0xFA, 0xFF, 0x02, 0x00, 0x00,
    0x00, 0x00, 0xE5, 0xFF, 0xFF, 0x4D, 0x00, 0x00, 0x00, 0x00, 0x00, 0xD4, 0xFF, 0xEF, 0x00, 0x00,
    0x00, 0x00, 0x00, 0xB2, 0xFF, 0xDF, 0xFF, 0x09, 0x00, 0x00, 0x00, 0x00, 0xFA, 0xBF, 0x12, 0xFE,
    0x5F, 0x00, 0x00, 0x00, 0x00, 0xD1, 0x05, 0x00, 0xF4, 0xEF, 0x00, 0x00, 0x00, 0x00, 0x00, 0x00,
    0x00, 0xC0, 0xFF, 0x07, 0x00, 0x00, 0x00, 0x00, 0x00, 0x00, 0x50, 0xFF, 0x0E, 0x00, 0x00, 0x00,
    0x00, 0x53, 0x24, 0x00, 0xFF, 0x5F, 0x00, 0x00, 0x10, 0xFA, 0xFF, 0xFF, 0x3C, 0xFC, 0xAF, 0x00,
    0x00, 0xF4, 0xFF, 0xFF, 0xFF, 0xFF, 0xFD, 0xEF, 0x00, 0x30, 0xFF, 0xFF, 0xBE, 0xDA, 0xFF, 0xFF,
    0xFF, 0x01, 0xD0, 0xFF, 0x6F, 0x00, 0x00, 0xE3, 0xFF, 0xFF, 0x04, 0xF5, 0xFF, 0x04, 0x00, 0x00,
    0x20, 0xFF, 0xFF, 0x05, 0xFB, 0xBF, 0x00, 0x00, 0x00, 0x00, 0xF9, 0xFF, 0x06, 0xFE, 0x6F, 0x00,
    0x00, 0x00, 0x00, 0xF4, 0xFF, 0x06, 0xFF, 0x5F, 0x00, 0x00, 0x00, 0x00, 0xF3, 0xFF, 0x04, 0xFE,
    0x6F, 0x00, 0x00, 0x00, 0x00, 0xF4, 0xFF, 0x02, 0xFC, 0xBF, 0x00, 0x00, 0x00, 0x00, 0xF9, 0xDF,
    0x00, 0xF7, 0xFF, 0x04, 0x00, 0x00, 0x20, 0xFF, 0x7F, 0x00, 0xF1, 0xFF, 0x4E, 0x00, 0x00, 0xD2,
    0xFF, 0x0E, 0x00, 0x50, 0xFF, 0xFF, 0x9D, 0xC9, 0xFF, 0xFF, 0x04, 0x00, 0x00, 0xF7, 0xFF, 0xFF,
    0xFF, 0xFF, 0x5F, 0x00, 0x00, 0x00, 0x30, 0xFC, 0xFF, 0xFF, 0xAF, 0x02, 0x00, 0x00, 0x00, 0x00,
    0x10, 0x65, 0x46, 0x01, 0x00, 0x00, 0x00, 0x00, 0x00, 0x20, 0x01, 0x00, 0x00, 0x00, 0x00, 0x00,
    0x00, 0x30, 0xFE, 0xBF, 0x03, 0x20, 0xEE, 0x07, 0x00, 0x00, 0xD0, 0xFF, 0xFF, 0xBF, 0xC7, 0xFF,
    0x05, 0x00, 0x00, 0xF3, 0xDF, 0x97, 0xFF, 0xFF, 0xFF, 0x01, 0x00, 0x00, 0xD4, 0x4D, 0x00, 0x91,
    0xFF, 0x5E, 0x00, 0x00, 0x00, 0x00, 0x00, 0x00, 0x00, 0x10, 0x00, 0x00, 0x00, 0x00, 0x00, 0x00,
    0x00, 0x00, 0x00, 0x00, 0x00, 0x00, 0x00, 0x00, 0x00, 0x00, 0x00, 0x00, 0x00, 0x00, 0x00, 0xA8,
    0x07, 0x50, 0xEA, 0xFF, 0xAE, 0x04, 0x00, 0x00, 0xFC, 0x2E, 0xFD, 0xFF, 0xFF, 0xFF, 0xBF, 0x00,
    0x00, 0xFC, 0xFF, 0xFF, 0xEF, 0xFE, 0xFF, 0xFF, 0x09, 0x00, 0xFC, 0xFF, 0x7E, 0x01, 0x00, 0xC4,
    0xFF, 0x2F, 0x00, 0xFC, 0xDF, 0x01, 0x00, 0x00, 0x10, 0xFE, 0x9F, 0x00, 0xFC, 0x7F, 0x00, 0x00,
    0x00, 0x00, 0xF8, 0xDF, 0x00, 0xFC, 0x7F, 0x00, 0x00, 0x00, 0x00, 0xF4, 0xFF, 0x00, 0xFC, 0x7F,
    0x00, 0x00, 0x00, 0x00, 0xF2, 0xFF, 0x01, 0xFC, 0x7F, 0x00, 0x00, 0x00, 0x00, 0xF2, 0xFF, 0x01,
    0xFC, 0x7F, 0x00, 0x00, 0x00, 0x00, 0xF2, 0xFF, 0x01, 0xFC, 0x7F, 0x00, 0x00, 0x00, 0x00, 0xF2,
    0xFF, 0x01, 0xFC, 0x7F, 0x00, 0x00, 0x00, 0x00, 0xF2, 0xFF, 0x01, 0xFC, 0x7F, 0x00, 0x00, 0x00,
    0x00, 0xF2, 0xFF, 0x01, 0xFC, 0x7F, 0x00, 0x00, 0x00, 0x00, 0xF2, 0xFF, 0x01, 0xFC, 0x7F, 0x00,
    0x00, 0x00, 0x00, 0xF2, 0xFF, 0x01, 0xFC, 0x7F, 0x00, 0x00, 0x00, 0x00, 0xF2, 0xFF, 0x01, 0xFC,
    0x7F, 0x00, 0x00, 0x00, 0x00, 0xF2, 0xFF, 0x01, 0xFC, 0x7F, 0x00, 0x00, 0x00, 0x00, 0xF2, 0xFF,
    0x01, 0x00, 0x00, 0x50, 0x05, 0x00, 0x00, 0x00, 0x00, 0x00, 0x00, 0x00, 0x70, 0xBF, 0x02, 0x00,
    0x00, 0x00, 0x00, 0x00, 0x00, 0x70, 0xFF, 0x8F, 0x00, 0x00, 0x00, 0x00, 0x00, 0x00, 0x50, 0xFF,
    0xFF, 0x6E, 0x00, 0x00, 0x00, 0x00, 0x00, 0x00, 0x61, 0xFC, 0xFF, 0x03, 0x00, 0x00, 0x00, 0x00,
    0x00, 0x00, 0x30, 0xF9, 0x04, 0x00, 0x00, 0x00, 0x00, 0x00, 0x00, 0x00, 0x00, 0x00, 0x00, 0x00,
    0x00, 0x00, 0x00, 0x00, 0x00, 0x00, 0x00, 0x00, 0x00, 0x00, 0x00, 0x00, 0x00, 0x00, 0x00, 0x00,
    0x00, 0x00, 0x00, 0x00, 0x60, 0xEB, 0xFF, 0xAE, 0x05, 0x00, 0x00, 0x00, 0x40, 0xFE, 0xFF, 0xFF,
    0xFF, 0xDF, 0x02, 0x00, 0x00, 0xF5, 0xFF, 0xFF, 0xEE, 0xFF, 0xFF, 0x3F, 0x00, 0x30, 0xFF, 0xEF,
    0x05, 0x00, 0x71, 0xFF, 0xEF, 0x01, 0xC0, 0xFF, 0x1D, 0x00, 0x00, 0x00, 0xF2, 0xFF, 0x09, 0xF3,
    0xFF, 0x04, 0x00, 0x00, 0x00, 0x70, 0xFF, 0x0F, 0xF8, 0xDF, 0x00, 0x00, 0x00, 0x00, 0x10, 0xFF,
    0x5F, 0xFB, 0x9F, 0x00, 0x00, 0x00, 0x00, 0x00, 0xFC, 0x8F, 0xFD, 0x7F, 0x00, 0x00, 0x00, 0x00,
    0x00, 0xFB, 0x9F, 0xFD, 0x7F, 0x00, 0x00, 0x00, 0x00, 0x00, 0xFA, 0xAF, 0xFC, 0x8F, 0x00, 0x00,
    0x00, 0x00, 0x00, 0xFC, 0x8F, 0xF9, 0xBF, 0x00, 0x00, 0x00, 0x00, 0x00, 0xFE, 0x6F, 0xF5, 0xFF,
    0x01, 0x00, 0x00, 0x00, 0x40, 0xFF, 0x2F, 0xE0, 0xFF, 0x0A, 0x00, 0x00, 0x00, 0xD0, 0xFF, 0x0B,
    0x60, 0xFF, 0x9F, 0x00, 0x00, 0x10, 0xFB, 0xFF, 0x03, 0x00, 0xFA, 0xFF, 0xAF, 0x88, 0xFB, 0xFF,
    0x7F, 0x00, 0x00, 0xA0, 0xFF, 0xFF, 0xFF, 0xFF, 0xFF, 0x07, 0x00, 0x00, 0x00, 0xC4, 0xFF, 0xFF,
    0xFF, 0x3B, 0x00, 0x00, 0x00, 0x00, 0x00, 0x41, 0x55, 0x03, 0x00, 0x00, 0x00, 0x00, 0x00, 0x00,
    0x00, 0x00, 0x60, 0x03, 0x00, 0x00, 0x00, 0x00, 0x00, 0x00, 0x40, 0xFD, 0x04, 0x00, 0x00, 0x00,
    0x00, 0x00, 0x10, 0xFA, 0xFF, 0x04, 0x00, 0x00, 0x00, 0x00, 0x00, 0xF7, 0xFF, 0xEF, 0x03, 0x00,
    0x00, 0x00, 0x00, 0x60, 0xFF, 0xBF, 0x05, 0x00, 0x00, 0x00, 0x00, 0x00, 0x70, 0x8E, 0x02, 0x00,
    0x00, 0x00, 0x00, 0x00, 0x00, 0x10, 0x00, 0x00, 0x00, 0x00, 0x00, 0x00, 0x00, 0x00, 0x00, 0x00,
    0x00, 0x00, 0x00, 0x00, 0x00, 0x00, 0x00, 0x00, 0x00, 0x00, 0x00, 0x00, 0x00, 0x00, 0x00, 0x00,
    0x60, 0xEB, 0xFF, 0xAE, 0x05, 0x00, 0x00, 0x00, 0x40, 0xFE, 0xFF, 0xFF, 0xFF, 0xDF, 0x02, 0x00,
    0x00, 0xF5, 0xFF, 0xFF, 0xEE, 0xFF, 0xFF, 0x3F, 0x00, 0x30, 0xFF, 0xEF, 0x05, 0x00, 0x71, 0xFF,
    0xEF, 0x01, 0xC0, 0xFF, 0x1D, 0x00, 0x00, 0x00, 0xF2, 0xFF, 0x09, 0xF3, 0xFF, 0x04, 0x00, 0x00,
    0x00, 0x70, 0xFF, 0x0F, 0xF8, 0xDF, 0x00, 0x00, 0x00, 0x00, 0x10, 0xFF, 0x5F, 0xFB, 0x9F, 0x00,
    0x00, 0x00, 0x00, 0x00, 0xFC, 0x8F, 0xFD, 0x7F, 0x00, 0x00, 0x00, 0x00, 0x00, 0xFB, 0x9F, 0xFD,
    0x7F, 0x00, 0x00, 0x00, 0x00, 0x00, 0xFA, 0xAF, 0xFC, 0x8F, 0x00, 0x00, 0x00, 0x00, 0x00, 0xFC,
    0x8F, 0xF9, 0xBF, 0x00, 0x00, 0x00, 0x00, 0x00, 0xFE, 0x6F, 0xF5, 0xFF, 0x01, 0x00, 0x00, 0x00,
    0x40, 0xFF, 0x2F, 0xE0, 0xFF, 0x0A, 0x00, 0x00, 0x00, 0xD0, 0xFF, 0x0B, 0x60, 0xFF, 0x9F, 0x00,
    0x00, 0x10, 0xFB, 0xFF, 0x03, 0x00, 0xFA, 0xFF, 0xAF, 0x88, 0xFB, 0xFF, 0x7F, 0x00, 0x00, 0xA0,
    0xFF, 0xFF, 0xFF, 0xFF, 0xFF, 0x07, 0x00, 0x00, 0x00, 0xC4, 0xFF, 0xFF, 0xFF, 0x3B, 0x00, 0x00,
    0x00, 0x00, 0x00, 0x41, 0x55, 0x03, 0x00, 0x00, 0x00, 0x00, 0x00, 0x00, 0x00, 0x12, 0x00, 0x00,
    0x00, 0x00, 0x00, 0x00, 0x00, 0x40, 0xDF, 0x02, 0x00, 0x00, 0x00, 0x00, 0x00, 0x00, 0xF6, 0xFF,
    0x3E, 0x00, 0x00, 0x00, 0x00, 0x00, 0x80, 0xFF, 0xFF, 0xFF, 0x05, 0x00, 0x00, 0x00, 0x00, 0xF8,
    0xBF, 0x31, 0xFC, 0x5F, 0x00, 0x00, 0x00, 0x00, 0xEA, 0x05, 0x00, 0x70, 0x7F, 0x00, 0x00, 0x00,
    0x00, 0x15, 0x00, 0x00, 0x00, 0x41, 0x00, 0x00, 0x00, 0x00, 0x00, 0x00, 0x00, 0x00, 0x00, 0x00,
    0x00, 0x00, 0x00, 0x00, 0x00, 0x00, 0x00, 0x00, 0x00, 0x00, 0x00, 0x00, 0x60, 0xEB, 0xFF, 0xAE,
    0x05, 0x00, 0x00, 0x00, 0x40, 0xFE, 0xFF, 0xFF, 0xFF, 0xDF, 0x02, 0x00, 0x00, 0xF5, 0xFF, 0xFF,
    0xEE, 0xFF, 0xFF, 0x3F, 0x00, 0x30, 0xFF, 0xEF, 0x05, 0x00, 0x71, 0xFF, 0xEF, 0x01, 0xC0, 0xFF,
    0x1D, 0x00, 0x00, 0x00, 0xF2, 0xFF, 0x09, 0xF3, 0xFF, 0x04, 0x00, 0x00, 0x00, 0x70, 0xFF, 0x0F,
    0xF8, 0xDF, 0x00, 0x00, 0x00, 0x00, 0x10, 0xFF, 0x5F, 0xFB, 0x9F, 0x00, 0x00, 0x00, 0x00, 0x00,
    0xFC, 0x8F, 0xFD, 0x7F, 0x00, 0x00, 0x00, 0x00, 0x00, 0xFB, 0x9F, 0xFD, 0x7F, 0x00, 0x00, 0x00,
    0x00, 0x00, 0xFA, 0xAF, 0xFC, 0x8F, 0x00, 0x00, 0x00, 0x00, 0x00, 0xFC, 0x8F, 0xF9, 0xBF, 0x00,
    0x00, 0x00, 0x00, 0x00, 0xFE, 0x6F, 0xF5, 0xFF, 0x01, 0x00, 0x00, 0x00, 0x40, 0xFF, 0x2F, 0xE0,
    0xFF, 0x0A, 0x00, 0x00, 0x00, 0xD0, 0xFF, 0x0B, 0x60, 0xFF, 0x9F, 0x00, 0x00, 0x10, 0xFB, 0xFF,
    0x03, 0x00, 0xFA, 0xFF, 0xAF, 0x88, 0xFB, 0xFF, 0x7F, 0x00, 0x00, 0xA0, 0xFF, 0xFF, 0xFF, 0xFF,
    0xFF, 0x07, 0x00, 0x00, 0x00, 0xC4, 0xFF, 0xFF, 0xFF, 0x3B, 0x00, 0x00, 0x00, 0x00, 0x00, 0x41,
    0x55, 0x03, 0x00, 0x00, 0x00, 0x00, 0x00, 0x10, 0x01, 0x00, 0x00, 0x00, 0x00, 0x00, 0x00, 0x00,
    0xFB, 0xDF, 0x05, 0x00, 0xEC, 0x0B, 0x00, 0x00, 0x80, 0xFF, 0xFF, 0xDF, 0x98, 0xFF, 0x0B, 0x00,
    0x00, 0xE0, 0xFF, 0x87, 0xFE, 0xFF, 0xFF, 0x05, 0x00, 0x00, 0xD0, 0x9D, 0x00, 0x60, 0xFE, 0x9F,
    0x00, 0x00, 0x00, 0x00, 0x00, 0x00, 0x00, 0x10, 0x00, 0x00, 0x00, 0x00, 0x00, 0x00, 0x00, 0x00,
    0x00, 0x00, 0x00, 0x00, 0x00, 0x00, 0x00, 0x00, 0x00, 0x00, 0x00, 0x00, 0x00, 0x00, 0x00, 0x60,
    0xEB, 0xFF, 0xAE, 0x05, 0x00, 0x00, 0x00, 0x40, 0xFE, 0xFF, 0xFF, 0xFF, 0xDF, 0x02, 0x00, 0x00,
    0xF5, 0xFF, 0xFF, 0xEE, 0xFF, 0xFF, 0x3F, 0x00, 0x30, 0xFF, 0xEF, 0x05, 0x00, 0x71, 0xFF, 0xEF,
    0x01, 0xC0, 0xFF, 0x1D, 0x00, 0x00, 0x00, 0xF2, 0xFF, 0x09, 0xF3, 0xFF, 0x04, 0x00, 0x00, 0x00,
    0x70, 0xFF, 0x0F, 0xF8, 0xDF, 0x00, 0x00, 0x00, 0x00, 0x10, 0xFF, 0x5F, 0xFB, 0x9F, 0x00, 0x00,
    0x00, 0x00, 0x00, 0xFC, 0x8F, 0xFD, 0x7F, 0x00, 0x00, 0x00, 0x00, 0x00, 0xFB, 0x9F, 0xFD, 0x7F,
    0x00, 0x00, 0x00, 0x00, 0x00, 0xFA, 0xAF, 0xFC, 0x8F, 0x00, 0x00, 0x00, 0x00, 0x00, 0xFC, 0x8F,
    0xF9, 0xBF, 0x00, 0x00, 0x00, 0x00, 0x00, 0xFE, 0x6F, 0xF5, 0xFF, 0x01, 0x00, 0x00, 0x00, 0x40,
    0xFF, 0x2F, 0xE0, 0xFF, 0x0A, 0x00, 0x00, 0x00, 0xD0, 0xFF, 0x0B, 0x60, 0xFF, 0x9F, 0x00, 0x00,
    0x10, 0xFB, 0xFF, 0x03, 0x00, 0xFA, 0xFF, 0xAF, 0x88, 0xFB, 0xFF, 0x7F, 0x00, 0x00, 0xA0, 0xFF,
    0xFF, 0xFF, 0xFF, 0xFF, 0x07, 0x00, 0x00, 0x00, 0xC4, 0xFF, 0xFF, 0xFF, 0x3B, 0x00, 0x00, 0x00,
    0x00, 0x00, 0x41, 0x55, 0x03, 0x00, 0x00, 0x00, 0x00, 0x00, 0x22, 0x02, 0x00, 0x20, 0x22, 0x00,
    0x00, 0x00, 0x10, 0xFF, 0x0F, 0x00, 0xF3, 0xEF, 0x00, 0x00, 0x00, 0x10, 0xFF, 0x0F, 0x00, 0xF3,
    0xEF, 0x00, 0x00, 0x00, 0x10, 0xBB, 0x0B, 0x00, 0xB2, 0xAB, 0x00, 0x00, 0x00, 0x00, 0x00, 0x00,
    0x00, 0x00, 0x00, 0x00, 0x00, 0x00, 0x00, 0x00, 0x00, 0x00, 0x00, 0x00, 0x00, 0x00, 0x00, 0x00,
    0x00, 0x00, 0x00, 0x00, 0x00, 0x00, 0x00, 0x00, 0x00, 0x60, 0xEB, 0xFF, 0xAE, 0x05, 0x00, 0x00,
    0x00, 0x40, 0xFE, 0xFF, 0xFF, 0xFF, 0xDF, 0x02, 0x00, 0x00, 0xF5, 0xFF, 0xFF, 0xEE, 0xFF, 0xFF,
    0x3F, 0x00, 0x30, 0xFF, 0xEF, 0x05, 0x00, 0x71, 0xFF, 0xEF, 0x01, 0xC0, 0xFF, 0x1D, 0x00, 0x00,
    0x00, 0xF2, 0xFF, 0x09, 0xF3, 0xFF, 0x04, 0x00, 0x00, 0x00, 0x70, 0xFF, 0x0F, 0xF8, 0xDF, 0x00,
    0x00, 0x00, 0x00, 0x10, 0xFF, 0x5F, 0xFB, 0x9F, 0x00, 0x00, 0x00, 0x00, 0x00, 0xFC, 0x8F, 0xFD,
    0x7F, 0x00, 0x00, 0x00, 0x00, 0x00, 0xFB, 0x9F, 0xFD, 0x7F, 0x00, 0x00, 0x00, 0x00, 0x00, 0xFA,
    0xAF, 0xFC, 0x8F, 0x00, 0x00, 0x00, 0x00, 0x00, 0xFC, 0x8F, 0xF9, 0xBF, 0x00, 0x00, 0x00, 0x00,
    0x00, 0xFE, 0x6F, 0xF5, 0xFF, 0x01, 0x00, 0x00, 0x00, 0x40, 0xFF, 0x2F, 0xE0, 0xFF, 0x0A, 0x00,
    0x00, 0x00, 0xD0, 0xFF, 0x0B, 0x60, 0xFF, 0x9F, 0x00, 0x00, 0x10, 0xFB, 0xFF, 0x03, 0x00, 0xFA,
    0xFF, 0xAF, 0x88, 0xFB, 0xFF, 0x7F, 0x00, 0x00, 0xA0, 0xFF, 0xFF, 0xFF, 0xFF, 0xFF, 0x07, 0x00,
    0x00, 0x00, 0xC4, 0xFF, 0xFF, 0xFF, 0x3B, 0x00, 0x00, 0x00, 0x00, 0x00, 0x41, 0x55, 0x03, 0x00,
    0x00, 0x00, 0x00, 0x00, 0x00, 0x11, 0x01, 0x00, 0x00, 0x00, 0x00, 0x00, 0x20, 0xFF, 0x7F, 0x00,
    0x00, 0x00, 0x00, 0x00, 0x20, 0xFF, 0x7F, 0x00, 0x00, 0x00, 0x00, 0x00, 0x20, 0xFF, 0x7F, 0x00,
    0x00, 0x00, 0x00, 0x00, 0x10, 0x77, 0x37, 0x00, 0x00, 0x00, 0x00, 0x00, 0x00, 0x00, 0x00, 0x00,
    0x00, 0x00, 0x00, 0x00, 0x00, 0x00, 0x00, 0x00, 0x00, 0x00, 0x72, 0x77, 0x77, 0x77, 0x77, 0x77,
    0x77, 0x05, 0xF5, 0xFF, 0xFF, 0xFF, 0xFF, 0xFF, 0xFF, 0x0B, 0xF5, 0xFF, 0xFF, 0xFF, 0xFF, 0xFF,
    0xFF, 0x0B, 0x41, 0x44, 0x44, 0x44, 0x44, 0x44, 0x44, 0x02, 0x00, 0x00, 0x00, 0x00, 0x00, 0x00,
    0x00, 0x00, 0x00, 0x00, 0x00, 0x00, 0x00, 0x00, 0x00, 0x00, 0x00, 0x00, 0x10, 0xBB, 0x5B, 0x00,
    0x00, 0x00, 0x00, 0x00, 0x20, 0xFF, 0x7F, 0x00, 0x00, 0x00, 0x00, 0x00, 0x20, 0xFF, 0x7F, 0x00,
    0x00, 0x00, 0x00, 0x00, 0x10, 0xEE, 0x6E, 0x00, 0x00, 0x00, 0x00, 0x00, 0x00, 0x00, 0x00, 0x00,
    0x00, 0x11, 0x00, 0x00, 0x00, 0x00, 0x00, 0x00, 0x00, 0x90, 0xFF, 0x05, 0x00, 0x00, 0x60, 0xEB,
    0xFF, 0xAE, 0xF7, 0xBF, 0x00, 0x00, 0x40, 0xFE, 0xFF, 0xFF, 0xFF, 0xFF, 0x2F, 0x00, 0x00, 0xF5,
    0xFF, 0xFF, 0xEE, 0xFF, 0xFF, 0x3F, 0x00, 0x30, 0xFF, 0xEF, 0x05, 0x00, 0xF2, 0xFF, 0xEF, 0x01,
    0xC0, 0xFF, 0x1D, 0x00, 0x00, 0xFA, 0xFF, 0xFF, 0x09, 0xF3, 0xFF, 0x04, 0x00, 0x40, 0xFF, 0x7A,
    0xFF, 0x0F, 0xF8, 0xDF, 0x00, 0x00, 0xD0, 0xEF, 0x11, 0xFF, 0x5F, 0xFB, 0x9F, 0x00, 0x00, 0xF8,
    0x6F, 0x00, 0xFC, 0x8F, 0xFD, 0x7F, 0x00, 0x20, 0xFF, 0x0C, 0x00, 0xFB, 0x9F, 0xFD, 0x7F, 0x00,
    0xB0, 0xFF, 0x02, 0x00, 0xFA, 0xAF, 0xFC, 0x8F, 0x00, 0xF6, 0x8F, 0x00, 0x00, 0xFC, 0x8F, 0xF9,
    0xBF, 0x10, 0xFE, 0x0E, 0x00, 0x00, 0xFE, 0x6F, 0xF5, 0xFF, 0x91, 0xFF, 0x04, 0x00, 0x40, 0xFF,
    0x2F, 0xE0, 0xFF, 0xFC, 0xAF, 0x00, 0x00, 0xD0, 0xFF, 0x0B, 0x60, 0xFF, 0xFF, 0x1F, 0x00, 0x10,
    0xFB, 0xFF, 0x03, 0x00, 0xFA, 0xFF, 0xAF, 0x88, 0xFB, 0xFF, 0x7F, 0x00, 0x00, 0xF2, 0xFF, 0xFF,
    0xFF, 0xFF, 0xFF, 0x07, 0x00, 0x00, 0xFB, 0xCF, 0xFF, 0xFF, 0xFF, 0x3B, 0x00, 0x00, 0x50, 0xFF,
    0x09, 0x41, 0x55, 0x03, 0x00, 0x00, 0x00, 0x50, 0x77, 0x00, 0x00, 0x00, 0x00, 0x00, 0x00, 0x00,
    0x00, 0x00, 0x19, 0x00, 0x00, 0x00, 0x00, 0x00, 0x00, 0x00, 0xFF, 0x07, 0x00, 0x00, 0x00, 0x00,
    0x00, 0x00, 0xFF, 0xDF, 0x04, 0x00, 0x00, 0x00, 0x00, 0x00, 0xFC, 0xFF, 0xBF, 0x02, 0x00, 0x00,
    0x00, 0x00, 0x30, 0xF9, 0xFF, 0x0C, 0x00, 0x00, 0x00, 0x00, 0x00, 0x00, 0xC6, 0x0C, 0x00, 0x00,
    0x00, 0x00, 0x00, 0x00, 0x00, 0x01, 0x00, 0x00, 0x00, 0x00, 0x00, 0x00, 0x00, 0x00, 0x00, 0x00,
    0x00, 0x00, 0x00, 0x00, 0x00, 0x00, 0x00, 0x00, 0xAA, 0x2A, 0x00, 0x00, 0x00, 0x50, 0xAA, 0x06,
    0xFF, 0x4F, 0x00, 0x00, 0x00, 0x90, 0xFF, 0x0A, 0xFF, 0x4F, 0x00, 0x00, 0x00, 0x90, 0xFF, 0x0A,
    0xFF, 0x4F, 0x00, 0x00, 0x00, 0x90, 0xFF, 0x0A, 0xFF, 0x4F, 0x00, 0x00, 0x00, 0x90, 0xFF, 0x0A,
    0xFF, 0x4F, 0x00, 0x00, 0x00, 0x90, 0xFF, 0x0A, 0xFF, 0x4F, 0x00, 0x00, 0x00, 0x90, 0xFF, 0x0A,
    0xFF, 0x4F, 0x00, 0x00, 0x00, 0x90, 0xFF, 0x0A, 0xFF, 0x4F, 0x00, 0x00, 0x00, 0x90, 0xFF, 0x0A,
    0xFF, 0x4F, 0x00, 0x00, 0x00, 0x90, 0xFF, 0x0A, 0xFF, 0x4F, 0x00, 0x00, 0x00, 0x90, 0xFF, 0x0A,
    0xFF, 0x6F, 0x00, 0x00, 0x00, 0x90, 0xFF, 0x0A, 0xFD, 0x9F, 0x00, 0x00, 0x00, 0x90, 0xFF, 0x0A,
    0xFA, 0xEF, 0x00, 0x00, 0x00, 0xB0, 0xFF, 0x0A, 0xF6, 0xFF, 0x0A, 0x00, 0x00, 0xF8, 0xFF, 0x0A,
    0xE0, 0xFF, 0xEF, 0x89, 0xEA, 0xFF, 0xFF, 0x0A, 0x40, 0xFF, 0xFF, 0xFF, 0xFF, 0xAE, 0xFF, 0x0A,
    0x00, 0xC3, 0xFF, 0xFF, 0xBF, 0x42, 0xFF, 0x0A, 0x00, 0x00, 0x41, 0x45, 0x01, 0x00, 0x00, 0x00,
    0x00, 0x00, 0x00, 0x00, 0x20, 0x08, 0x00, 0x00, 0x00, 0x00, 0x00, 0x00, 0xF8, 0x0D, 0x00, 0x00,
    0x00, 0x00, 0x00, 0xE5, 0xFF, 0x0D, 0x00, 0x00, 0x00, 0x00, 0xC3, 0xFF, 0xFF, 0x0A, 0x00, 0x00,
    0x00, 0x00, 0xFE, 0xEF, 0x28, 0x00, 0x00, 0x00, 0x00, 0x00, 0xBE, 0x05, 0x00, 0x00, 0x00, 0x00,
    0x00, 0x00, 0x01, 0x00, 0x00, 0x00, 0x00, 0x00, 0x00, 0x00, 0x00, 0x00, 0x00, 0x00, 0x00, 0x00,
    0x00, 0x00, 0x00, 0x00, 0x00, 0x00, 0x00, 0x00, 0xAA, 0x2A, 0x00, 0x00, 0x00, 0x50, 0xAA, 0x06,
    0xFF, 0x4F, 0x00, 0x00, 0x00, 0x90, 0xFF, 0x0A, 0xFF, 0x4F, 0x00, 0x00, 0x00, 0x90, 0xFF, 0x0A,
    0xFF, 0x4F, 0x00, 0x00, 0x00, 0x90, 0xFF, 0x0A, 0xFF, 0x4F, 0x00, 0x00, 0x00, 0x90, 0xFF, 0x0A,
    0xFF, 0x4F, 0x00, 0x00, 0x00, 0x90, 0xFF, 0x0A, 0xFF, 0x4F, 0x00, 0x00, 0x00, 0x90, 0xFF, 0x0A,
    0xFF, 0x4F, 0x00, 0x00, 0x00, 0x90, 0xFF, 0x0A, 0xFF, 0x4F, 0x00, 0x00, 0x00, 0x90, 0xFF, 0x0A,
    0xFF, 0x4F, 0x00, 0x00, 0x00, 0x90, 0xFF, 0x0A, 0xFF, 0x4F, 0x00, 0x00, 0x00, 0x90, 0xFF, 0x0A,
    0xFF, 0x6F, 0x00, 0x00, 0x00, 0x90, 0xFF, 0x0A, 0xFD, 0x9F, 0x00, 0x00, 0x00, 0x90, 0xFF, 0x0A,
    0xFA, 0xEF, 0x00, 0x00, 0x00, 0xB0, 0xFF, 0x0A, 0xF6, 0xFF, 0x0A, 0x00, 0x00, 0xF8, 0xFF, 0x0A,
    0xE0, 0xFF, 0xEF, 0x89, 0xEA, 0xFF, 0xFF, 0x0A, 0x40, 0xFF, 0xFF, 0xFF, 0xFF, 0xAE, 0xFF, 0x0A,
    0x00, 0xC3, 0xFF, 0xFF, 0xBF, 0x42, 0xFF, 0x0A, 0x00, 0x00, 0x41, 0x45, 0x01, 0x00, 0x00, 0x00,
    0x00, 0x00, 0x00, 0x30, 0x00, 0x00, 0x00, 0x00, 0x00, 0x00, 0x00, 0xFA, 0x08, 0x00, 0x00, 0x00,
    0x00, 0x00, 0xC1, 0xFF, 0xAF, 0x00, 0x00, 0x00, 0x00, 0x20, 0xFD, 0xFF, 0xFF, 0x1C, 0x00, 0x00,
    0x00, 0xE1, 0xFF, 0x06, 0xF7, 0xDF, 0x00, 0x00, 0x00, 0xF2, 0x1A, 0x00, 0x20, 0xFB, 0x00, 0x00,
    0x00, 0x41, 0x00, 0x00, 0x00, 0x60, 0x00, 0x00, 0x00, 0x00, 0x00, 0x00, 0x00, 0x00, 0x00, 0x00,
    0x00, 0x00, 0x00, 0x00, 0x00, 0x00, 0x00, 0x00, 0xAA, 0x2A, 0x00, 0x00, 0x00, 0x50, 0xAA, 0x06,
    0xFF, 0x4F, 0x00, 0x00, 0x00, 0x90, 0xFF, 0x0A, 0xFF, 0x4F, 0x00, 0x00, 0x00, 0x90, 0xFF, 0x0A,
    0xFF, 0x4F, 0x00, 0x00, 0x00, 0x90, 0xFF, 0x0A, 0xFF, 0x4F, 0x00, 0x00, 0x00, 0x90, 0xFF, 0x0A,
    0xFF, 0x4F, 0x00, 0x00, 0x00, 0x90, 0xFF, 0x0A, 0xFF, 0x4F, 0x00, 0x00, 0x00, 0x90, 0xFF, 0x0A,
    0xFF, 0x4F, 0x00, 0x00, 0x00, 0x90, 0xFF, 0x0A, 0xFF, 0x4F, 0x00, 0x00, 0x00, 0x90, 0xFF, 0x0A,
    0xFF, 0x4F, 0x00, 0x00, 0x00, 0x90, 0xFF, 0x0A, 0xFF, 0x4F, 0x00, 0x00, 0x00, 0x90, 0xFF, 0x0A,
    0xFF, 0x6F, 0x00, 0x00, 0x00, 0x90, 0xFF, 0x0A, 0xFD, 0x9F, 0x00, 0x00, 0x00, 0x90, 0xFF, 0x0A,
    0xFA, 0xEF, 0x00, 0x00, 0x00, 0xB0, 0xFF, 0x0A, 0xF6, 0xFF, 0x0A, 0x00, 0x00, 0xF8, 0xFF, 0x0A,
    0xE0, 0xFF, 0xEF, 0x89, 0xEA, 0xFF, 0xFF, 0x0A, 0x40, 0xFF, 0xFF, 0xFF, 0xFF, 0xAE, 0xFF, 0x0A,
    0x00, 0xC3, 0xFF, 0xFF, 0xBF, 0x42, 0xFF, 0x0A, 0x00, 0x00, 0x41, 0x45, 0x01, 0x00, 0x00, 0x00,
    0x00, 0x21, 0x12, 0x00, 0x10, 0x22, 0x01, 0x00, 0x00, 0xF9, 0x8F, 0x00, 0xA0, 0xFF, 0x07, 0x00,
    0x00, 0xF9, 0x8F, 0x00, 0xA0, 0xFF, 0x07, 0x00, 0x00, 0xB6, 0x6B, 0x00, 0x70, 0xBB, 0x05, 0x00,
    0x00, 0x00, 0x00, 0x00, 0x00, 0x00, 0x00, 0x00, 0x00, 0x00, 0x00, 0x00, 0x00, 0x00, 0x00, 0x00,
    0x00, 0x00, 0x00, 0x00, 0x00, 0x00, 0x00, 0x00, 0xAA, 0x2A, 0x00, 0x00, 0x00, 0x50, 0xAA, 0x06,
    0xFF, 0x4F, 0x00, 0x00, 0x00, 0x90, 0xFF, 0x0A, 0xFF, 0x4F, 0x00, 0x00, 0x00, 0x90, 0xFF, 0x0A,
    0xFF, 0x4F, 0x00, 0x00, 0x00, 0x90, 0xFF, 0x0A, 0xFF, 0x4F, 0x00, 0x00, 0x00, 0x90, 0xFF, 0x0A,
    0xFF, 0x4F, 0x00, 0x00, 0x00, 0x90, 0xFF, 0x0A, 0xFF, 0x4F, 0x00, 0x00, 0x00, 0x90, 0xFF, 0x0A,
    0xFF, 0x4F, 0x00, 0x00, 0x00, 0x90, 0xFF, 0x0A, 0xFF, 0x4F, 0x00, 0x00, 0x00, 0x90, 0xFF, 0x0A,
    0xFF, 0x4F, 0x00, 0x00, 0x00, 0x90, 0xFF, 0x0A, 0xFF, 0x4F, 0x00, 0x00, 0x00, 0x90, 0xFF, 0x0A,
    0xFF, 0x6F, 0x00, 0x00, 0x00, 0x90, 0xFF, 0x0A, 0xFD, 0x9F, 0x00, 0x00, 0x00, 0x90, 0xFF, 0x0A,
    0xFA, 0xEF, 0x00, 0x00, 0x00, 0xB0, 0xFF, 0x0A, 0xF6, 0xFF, 0x0A, 0x00, 0x00, 0xF8, 0xFF, 0x0A,
    0xE0, 0xFF, 0xEF, 0x89, 0xEA, 0xFF, 0xFF, 0x0A, 0x40, 0xFF, 0xFF, 0xFF, 0xFF, 0xAE, 0xFF, 0x0A,
    0x00, 0xC3, 0xFF, 0xFF, 0xBF, 0x42, 0xFF, 0x0A, 0x00, 0x00, 0x41, 0x45, 0x01, 0x00, 0x00, 0x00,
    0x00, 0x00, 0x00, 0x00, 0x00, 0x40, 0x05, 0x00, 0x00, 0x00, 0x00, 0x00, 0x00, 0x20, 0xFB, 0x08,
    0x00, 0x00, 0x00, 0x00, 0x00, 0x00, 0xF8, 0xFF, 0x08, 0x00, 0x00, 0x00, 0x00, 0x00, 0xE5, 0xFF,
    0xFF, 0x05, 0x00, 0x00, 0x00, 0x00, 0x30, 0xFF, 0xDF, 0x16, 0x00, 0x00, 0x00, 0x00, 0x00, 0x30,
    0x9F, 0x03, 0x00, 0x00, 0x00, 0x00, 0x00, 0x00, 0x00, 0x00, 0x00, 0x00, 0x00, 0x00, 0x00, 0x00,
    0x00, 0x00, 0x00, 0x00, 0x00, 0x00, 0x00, 0x00, 0x00, 0x00, 0x00, 0x00, 0x00, 0x00, 0x00, 0x00,
    0x00, 0xA6, 0x9A, 0x00, 0x00, 0x00, 0x00, 0x00, 0xA8, 0x8A, 0xF4, 0xFF, 0x05, 0x00, 0x00, 0x00,
    0x10, 0xFF, 0x7F, 0xD0, 0xFF, 0x0C, 0x00, 0x00, 0x00, 0x70, 0xFF, 0x1F, 0x60, 0xFF, 0x2F, 0x00,
    0x00, 0x00, 0xD0, 0xFF, 0x0A, 0x00, 0xFE, 0x9F, 0x00, 0x00, 0x00, 0xF3, 0xFF, 0x03, 0x00, 0xF8,
    0xFF, 0x00, 0x00, 0x00, 0xF9, 0xDF, 0x00, 0x00, 0xF1, 0xFF, 0x07, 0x00, 0x00, 0xFF, 0x6F, 0x00,
    0x00, 0xA0, 0xFF, 0x0D, 0x00, 0x60, 0xFF, 0x0F, 0x00, 0x00, 0x30, 0xFF, 0x4F, 0x00, 0xC0, 0xFF,
    0x09, 0x00, 0x00, 0x00, 0xFC, 0xBF, 0x00, 0xF2, 0xFF, 0x02, 0x00, 0x00, 0x00, 0xF5, 0xFF, 0x02,
    0xF8, 0xCF, 0x00, 0x00, 0x00, 0x00, 0xE0, 0xFF, 0x08, 0xFE, 0x5F, 0x00, 0x00, 0x00, 0x00, 0x70,
    0xFF, 0x4E, 0xFF, 0x0E, 0x00, 0x00, 0x00, 0x00, 0x10, 0xFF, 0xEF, 0xFF, 0x08, 0x00, 0x00, 0x00,
    0x00, 0x00, 0xF9, 0xFF, 0xFF, 0x02, 0x00, 0x00, 0x00, 0x00, 0x00, 0xF2, 0xFF, 0xBF, 0x00, 0x00,
    0x00, 0x00, 0x00, 0x00, 0xB0, 0xFF, 0x4F, 0x00, 0x00, 0x00, 0x00, 0x00, 0x00, 0x80, 0xFF, 0x0E,
    0x00, 0x00, 0x00, 0x00, 0x00, 0x00, 0xE0, 0xFF, 0x07, 0x00, 0x00, 0x00, 0x00, 0x00, 0x00, 0xF6,
    0xFF, 0x01, 0x00, 0x00, 0x00, 0x00, 0x00, 0x00, 0xFD, 0xAF, 0x00, 0x00, 0x00, 0x00, 0x00, 0x00,
    0x30, 0xFF, 0x4F, 0x00, 0x00, 0x00, 0x00, 0x00, 0x00, 0xA0, 0xFF, 0x0D, 0x00, 0x00, 0x00, 0x00,
    0x00, 0x00, 0xF1, 0xFF, 0x07, 0x00, 0x00, 0x00, 0x00, 0x00, 0x00, 0xF8, 0xFF, 0x01, 0x00, 0x00,
    0x00, 0x00, 0x00, 0x00, 0xFE, 0xAF, 0x00, 0x00, 0x00, 0x00, 0x00, 0x00, 0x30, 0xBB, 0x3B, 0x00,
    0x00, 0x00, 0x00, 0x00, 0xFD, 0x6F, 0x00, 0x00, 0x00, 0x00, 0x00, 0x00, 0x00, 0xFD, 0x6F, 0x00,
    0x00, 0x00, 0x00, 0x00, 0x00, 0x00, 0xFD, 0x6F, 0x00, 0x00, 0x00, 0x00, 0x00, 0x00, 0x00, 0xFD,
    0x6F, 0x00, 0x00, 0x00, 0x00, 0x00, 0x00, 0x00, 0xFD, 0x6F, 0x00, 0x00, 0x00, 0x00, 0x00, 0x00,
    0x00, 0xFD, 0x6F, 0x00, 0x00, 0x00, 0x00, 0x00, 0x00, 0x00, 0xFD, 0x6F, 0x00, 0x00, 0x00, 0x00,
    0x00, 0x00, 0x00, 0xFD, 0x6F, 0x00, 0x00, 0x00, 0x00, 0x00, 0x00, 0x00, 0xFD, 0x6F, 0x00, 0x00,
    0x00, 0x00, 0x00, 0x00, 0x00, 0xFD, 0x6F, 0x10, 0xC7, 0xFF, 0xCE, 0x17, 0x00, 0x00, 0xFD, 0x6F,
    0xF6, 0xFF, 0xFF, 0xFF, 0xEF, 0x04, 0x00, 0xFD, 0xDF, 0xFF, 0xFF, 0xEE, 0xFF, 0xFF, 0x5F, 0x00,
    0xFD, 0xFF, 0xDF, 0x05, 0x00, 0x61, 0xFE, 0xFF, 0x02, 0xFD, 0xFF, 0x0B, 0x00, 0x00, 0x00, 0xE2,
    0xFF, 0x0A, 0xFD, 0xFF, 0x01, 0x00, 0x00, 0x00, 0x60, 0xFF, 0x1F, 0xFD, 0x9F, 0x00, 0x00, 0x00,
    0x00, 0x00, 0xFE, 0x6F, 0xFD, 0x4F, 0x00, 0x00, 0x00, 0x00, 0x00, 0xFB, 0x9F, 0xFD, 0x2F, 0x00,
    0x00, 0x00, 0x00, 0x00, 0xF9, 0xBF, 0xFD, 0x2F, 0x00, 0x00, 0x00, 0x00, 0x00, 0xF8, 0xBF, 0xFD,
    0x3F, 0x00, 0x00, 0x00, 0x00, 0x00, 0xFA, 0xAF, 0xFD, 0x7F, 0x00, 0x00, 0x00, 0x00, 0x00, 0xFD,
    0x7F, 0xFD, 0xCF, 0x00, 0x00, 0x00, 0x00, 0x20, 0xFF, 0x3F, 0xFD, 0xFF, 0x05, 0x00, 0x00, 0x00,
    0xB0, 0xFF, 0x0D, 0xFD, 0xFF, 0x5F, 0x00, 0x00, 0x00, 0xF8, 0xFF, 0x05, 0xFD, 0xFF, 0xFF, 0x6B,
    0x44, 0xD7, 0xFF, 0xAF, 0x00, 0xFD, 0x7F, 0xFD, 0xFF, 0xFF, 0xFF, 0xFF, 0x0A, 0x00, 0xFD, 0x6F,
    0x70, 0xFE, 0xFF, 0xFF, 0x6D, 0x00, 0x00, 0xFD, 0x6F, 0x00, 0x20, 0x55, 0x24, 0x00, 0x00, 0x00,
    0xFD, 0x6F, 0x00, 0x00, 0x00, 0x00, 0x00, 0x00, 0x00, 0xFD, 0x6F, 0x00, 0x00, 0x00, 0x00, 0x00,
    0x00, 0x00, 0xFD, 0x6F, 0x00, 0x00, 0x00, 0x00, 0x00, 0x00, 0x00, 0xFD, 0x6F, 0x00, 0x00, 0x00,
    0x00, 0x00, 0x00, 0x00, 0xFD, 0x6F, 0x00, 0x00, 0x00, 0x00, 0x00, 0x00, 0x00, 0xFD, 0x6F, 0x00,
    0x00, 0x00, 0x00, 0x00, 0x00, 0x00, 0xFD, 0x6F, 0x00, 0x00, 0x00, 0x00, 0x00, 0x00, 0x00, 0xA9,
    0x4A, 0x00, 0x00, 0x00, 0x00, 0x00, 0x00, 0x00, 0x00, 0x00, 0x22, 0x02, 0x00, 0x20, 0x22, 0x00,
    0x00, 0x00, 0x00, 0xFE, 0x3F, 0x00, 0xF0, 0xFF, 0x01, 0x00, 0x00, 0x00, 0xFE, 0x3F, 0x00, 0xF0,
    0xFF, 0x01, 0x00, 0x00, 0x00, 0xBA, 0x2B, 0x00, 0xB0, 0xBB, 0x01, 0x00, 0x00, 0x00, 0x00, 0x00,
    0x00, 0x00, 0x00, 0x00, 0x00, 0x00, 0x00, 0x00, 0x00, 0x00, 0x00, 0x00, 0x00, 0x00, 0x00, 0x00,
    0x00, 0x00, 0x00, 0x00, 0x00, 0x00, 0x00, 0xA6, 0x9A, 0x00, 0x00, 0x00, 0x00, 0x00, 0xA8, 0x8A,
    0xF4, 0xFF, 0x05, 0x00, 0x00, 0x00, 0x10, 0xFF, 0x7F, 0xD0, 0xFF, 0x0C, 0x00, 0x00, 0x00, 0x70,
    0xFF, 0x1F, 0x60, 0xFF, 0x2F, 0x00, 0x00, 0x00, 0xD0, 0xFF, 0x0A, 0x00, 0xFE, 0x9F, 0x00, 0x00,
    0x00, 0xF3, 0xFF, 0x03, 0x00, 0xF8, 0xFF, 0x00, 0x00, 0x00, 0xF9, 0xDF, 0x00, 0x00, 0xF1, 0xFF,
    0x07, 0x00, 0x00, 0xFF, 0x6F, 0x00, 0x00, 0xA0, 0xFF, 0x0D, 0x00, 0x60, 0xFF, 0x0F, 0x00, 0x00,
    0x30, 0xFF, 0x4F, 0x00, 0xC0, 0xFF, 0x09, 0x00, 0x00, 0x00, 0xFC, 0xBF, 0x00, 0xF2, 0xFF, 0x02,
    0x00, 0x00, 0x00, 0xF5, 0xFF, 0x02, 0xF8, 0xCF, 0x00, 0x00, 0x00, 0x00, 0xE0, 0xFF, 0x08, 0xFE,
    0x5F, 0x00, 0x00, 0x00, 0x00, 0x70, 0xFF, 0x4E, 0xFF, 0x0E, 0x00, 0x00, 0x00, 0x00, 0x10, 0xFF,
    0xEF, 0xFF, 0x08, 0x00, 0x00, 0x00, 0x00, 0x00, 0xF9, 0xFF, 0xFF, 0x02, 0x00, 0x00, 0x00, 0x00,
    0x00, 0xF2, 0xFF, 0xBF, 0x00, 0x00, 0x00, 0x00, 0x00, 0x00, 0xB0, 0xFF, 0x4F, 0x00, 0x00, 0x00,
    0x00, 0x00, 0x00, 0x80, 0xFF, 0x0E, 0x00, 0x00, 0x00, 0x00, 0x00, 0x00, 0xE0, 0xFF, 0x07, 0x00,
    0x00, 0x00, 0x00, 0x00, 0x00, 0xF6, 0xFF, 0x01, 0x00, 0x00, 0x00, 0x00, 0x00, 0x00, 0xFD, 0xAF,
    0x00, 0x00, 0x00, 0x00, 0x00, 0x00, 0x30, 0xFF, 0x4F, 0x00, 0x00, 0x00, 0x00, 0x00, 0x00, 0xA0,
    0xFF, 0x0D, 0x00, 0x00, 0x00, 0x00, 0x00, 0x00, 0xF1, 0xFF, 0x07, 0x00, 0x00, 0x00, 0x00, 0x00,
    0x00, 0xF8, 0xFF, 0x01, 0x00, 0x00, 0x00, 0x00, 0x00, 0x00, 0xFE, 0xAF, 0x00, 0x00, 0x00, 0x00,
    0x00, 0x00, 0x30, 0xBB, 0x3B, 0x00, 0x00, 0x00, 0x00, 0x00, 0x00, 0xD4, 0xDD, 0xDD, 0xDD, 0xDD,
    0xDD, 0x02, 0x00, 0x00, 0xF5, 0xFF, 0xFF, 0xFF, 0xFF, 0xFF, 0x03, 0x00, 0x00, 0xB3, 0xBB, 0xBB,
    0xBB, 0xBB, 0xBB, 0x02, 0x00, 0x00, 0x00, 0x00, 0x00, 0x00, 0x00, 0x00, 0x00, 0x00, 0x00, 0x00,
    0x00, 0x00, 0x00, 0x00, 0x00, 0x00, 0x00, 0x00, 0x00, 0x00, 0x00, 0x00, 0x00, 0x00, 0x00, 0x00,
    0x00, 0x00, 0x94, 0xFD, 0xEF, 0x7C, 0x00, 0x00, 0x00, 0x00, 0xC2, 0xFF, 0xFF, 0xFF, 0xFF, 0x1D,
    0x00, 0x00, 0x00, 0xF6, 0xFF, 0xEF, 0xFF, 0xFF, 0x9F, 0x00, 0x00, 0x00, 0xF4, 0x28, 0x00, 0x20,
    0xFB, 0xFF, 0x01, 0x00, 0x00, 0x20, 0x00, 0x00, 0x00, 0xF0, 0xFF, 0x04, 0x00, 0x00, 0x00, 0x00,
    0x00, 0x00, 0xB0, 0xFF, 0x07, 0x00, 0x00, 0x00, 0x00, 0x00, 0x00, 0xA0, 0xFF, 0x09, 0x00, 0x00,
    0x00, 0x20, 0xA6, 0xED, 0xFF, 0xFF, 0x0A, 0x00, 0x00, 0x30, 0xFC, 0xFF, 0xFF, 0xFF, 0xFF, 0x0A,
    0x00, 0x00, 0xF7, 0xFF, 0xAE, 0x56, 0xA3, 0xFF, 0x0A, 0x00, 0x50, 0xFF, 0x7F, 0x00, 0x00, 0x90,
    0xFF, 0x0A, 0x00, 0xD0, 0xFF, 0x08, 0x00, 0x00, 0x90, 0xFF, 0x0A, 0x00, 0xF1, 0xFF, 0x03, 0x00,
    0x00, 0x90, 0xFF, 0x0A, 0x00, 0xF2, 0xFF, 0x03, 0x00, 0x00, 0xB0, 0xFF, 0x0B, 0x00, 0xF0, 0xFF,
    0x07, 0x00, 0x00, 0xFA, 0xFF, 0x0D, 0x00, 0xA0, 0xFF, 0x8F, 0x44, 0xE8, 0xFF, 0xFF, 0x9F, 0x03,
    0x10, 0xFE, 0xFF, 0xFF, 0xFF, 0x2D, 0xFE, 0xFF, 0x0D, 0x00, 0xB1, 0xFF, 0xFF, 0x8F, 0x00, 0xE3,
    0xFF, 0x0A, 0x00, 0x00, 0x41, 0x45, 0x00, 0x00, 0x00, 0x53, 0x03, 0x00, 0x00, 0x94, 0xFD, 0xEF,
    0x7C, 0x00, 0x00, 0x00, 0x00, 0xC2, 0xFF, 0xFF, 0xFF, 0xFF, 0x1D, 0x00, 0x00, 0x00, 0xF6, 0xFF,
    0xEF, 0xFF, 0xFF, 0x9F, 0x00, 0x00, 0x00, 0xF4, 0x28, 0x00, 0x20, 0xFB, 0xFF, 0x01, 0x00, 0x00,
    0x20, 0x00, 0x00, 0x00, 0xF0, 0xFF, 0x04, 0x00, 0x00, 0x00, 0x00, 0x00, 0x00, 0xB0, 0xFF, 0x07,
    0x00, 0x00, 0x00, 0x00, 0x00, 0x00, 0xA0, 0xFF, 0x09, 0x00, 0x00, 0x00, 0x20, 0xA6, 0xED, 0xFF,
    0xFF, 0x0A, 0x00, 0x00, 0x30, 0xFC, 0xFF, 0xFF, 0xFF, 0xFF, 0x0A, 0x00, 0x00, 0xF7, 0xFF, 0xAE,
    0x56, 0xA3, 0xFF, 0x0A, 0x00, 0x50, 0xFF, 0x7F, 0x00, 0x00, 0x90, 0xFF, 0x0A, 0x00, 0xD0, 0xFF,
    0x08, 0x00, 0x00, 0x90, 0xFF, 0x0A, 0x00, 0xF1, 0xFF, 0x03, 0x00, 0x00, 0x90, 0xFF, 0x0A, 0x00,
    0xF2, 0xFF, 0x03, 0x00, 0x00, 0xB0, 0xFF, 0x0B, 0x00, 0xF0, 0xFF, 0x07, 0x00, 0x00, 0xFA, 0xFF,
    0x0D, 0x00, 0xA0, 0xFF, 0x8F, 0x44, 0xE8, 0xFF, 0xFF, 0x9F, 0x03, 0x10, 0xFE, 0xFF, 0xFF, 0xFF,
    0x2D, 0xFE, 0xFF, 0x0D, 0x00, 0xB1, 0xFF, 0xFF, 0x8F, 0x00, 0xE3, 0xFF, 0x0A, 0x00, 0x00, 0x41,
    0x45, 0x00, 0x00, 0x70, 0x9F, 0x03, 0x00, 0x00, 0x00, 0x00, 0x00, 0x00, 0xF8, 0x08, 0x00, 0x00,
    0x00, 0x00, 0x00, 0x00, 0x30, 0xBF, 0x00, 0x00, 0x00, 0x00, 0x00, 0x00, 0x00, 0x90, 0x6F, 0x00,
    0x00, 0x00, 0x00, 0x00, 0x00, 0x00, 0xB0, 0x7F, 0x00, 0x00, 0x00, 0x00, 0x00, 0x00, 0x00, 0x80,
    0xFF, 0x67, 0x79, 0x00, 0x00, 0x00, 0x00, 0x00, 0x10, 0xFC, 0xFF, 0xCF, 0x00, 0x00, 0x00, 0x00,
    0x00, 0x00, 0x40, 0x77, 0x04, 0x00, 0x00, 0x00, 0x00, 0x00, 0x00, 0x00, 0x30, 0x00, 0x00, 0x00,
    0x00, 0x00, 0x00, 0x00, 0x00, 0x30, 0xEB, 0x00, 0x00, 0x00, 0x00, 0x00, 0x00, 0x00, 0x30, 0xFB,
    0xEF, 0x00, 0x00, 0x00, 0x00, 0x00, 0x00, 0x30, 0xFB, 0xFF, 0xEF, 0x00, 0x00, 0x00, 0x00, 0x00,
    0x00, 0xD0, 0xFF, 0xBF, 0x16, 0x00, 0x00, 0x00, 0x00, 0x00, 0x00, 0xC0, 0x5A, 0x00, 0x00, 0x00,
    0x00, 0x00, 0x00, 0x00, 0x00, 0x00, 0x00, 0x00, 0x00, 0x00, 0x00, 0x00, 0x00, 0x00, 0x00, 0x00,
    0x00, 0x00, 0x00, 0x00, 0x00, 0x00, 0x00, 0x00, 0x00, 0x30, 0x97, 0xBA, 0x8A, 0x26, 0x00, 0x00,
    0x00, 0x00, 0x81, 0xFE, 0xFF, 0xFF, 0xFF, 0xFF, 0x7D, 0x00, 0x00, 0x50, 0xFE, 0xFF, 0xFF, 0xFF,
    0xFF, 0xFF, 0xEF, 0x00, 0x00, 0xF9, 0xFF, 0xFF, 0x8B, 0x66, 0x97, 0xFD, 0xCF, 0x00, 0x80, 0xFF,
    0xFF, 0x19, 0x00, 0x00, 0x00, 0x10, 0x87, 0x00, 0xF5, 0xFF, 0x5F, 0x00, 0x00, 0x00, 0x00, 0x00,
    0x00, 0x00, 0xFE, 0xFF, 0x05, 0x00, 0x00, 0x00, 0x00, 0x00, 0x00, 0x70, 0xFF, 0xAF, 0x00, 0x00,
    0x00, 0x00, 0x00, 0x00, 0x00, 0xD0, 0xFF, 0x2F, 0x00, 0x00, 0x00, 0x00, 0x00, 0x00, 0x00, 0xF2,
    0xFF, 0x0B, 0x00, 0x00, 0x00, 0x00, 0x00, 0x00, 0x00, 0xF5, 0xFF, 0x07, 0x00, 0x00, 0x00, 0x00,
    0x00, 0x00, 0x00, 0xF7, 0xFF, 0x04, 0x00, 0x00, 0x00, 0x00, 0x00, 0x00, 0x00, 0xF9, 0xFF, 0x02,
    0x00, 0x00, 0x00, 0x00, 0x00, 0x00, 0x00, 0xF9, 0xFF, 0x02, 0x00, 0x00, 0x00, 0x00, 0x00, 0x00,
    0x00, 0xF8, 0xFF, 0x02, 0x00, 0x00, 0x00, 0x00, 0x00, 0x00, 0x00, 0xF7, 0xFF, 0x04, 0x00, 0x00,
    0x00, 0x00, 0x00, 0x00, 0x00, 0xF4, 0xFF, 0x08, 0x00, 0x00, 0x00, 0x00, 0x00, 0x00, 0x00, 0xF1,
    0xFF, 0x0C, 0x00, 0x00, 0x00, 0x00, 0x00, 0x00, 0x00, 0xC0, 0xFF, 0x3F, 0x00, 0x00, 0x00, 0x00,
    0x00, 0x00, 0x00, 0x50, 0xFF, 0xBF, 0x00, 0x00, 0x00, 0x00, 0x00, 0x00, 0x00, 0x00, 0xFD, 0xFF,
    0x07, 0x00, 0x00, 0x00, 0x00, 0x00, 0x00, 0x00, 0xF3, 0xFF, 0x7F, 0x00, 0x00, 0x00, 0x00, 0x00,
    0x00, 0x00, 0x60, 0xFF, 0xFF, 0x4C, 0x00, 0x00, 0x00, 0x40, 0xA9, 0x00, 0x00, 0xF6, 0xFF, 0xFF,
    0xBE, 0x99, 0xCA, 0xFF, 0xCF, 0x00, 0x00, 0x30, 0xFD, 0xFF, 0xFF, 0xFF, 0xFF, 0xFF, 0xEF, 0x00,
    0x00, 0x00, 0x50, 0xFC, 0xFF, 0xFF, 0xFF, 0xEF, 0x4A, 0x00, 0x00, 0x00, 0x00, 0x10, 0x64, 0x77,
    0x57, 0x02, 0x00, 0x00, 0x00, 0x00, 0x00, 0x00, 0x70, 0x02, 0x00, 0x00, 0x00, 0x00, 0x00, 0x50,
    0xFD, 0x03, 0x00, 0x00, 0x00, 0x00, 0x20, 0xFB, 0xFF, 0x03, 0x00, 0x00, 0x00, 0x00, 0xF8, 0xFF,
    0xEF, 0x02, 0x00, 0x00, 0x00, 0x80, 0xFF, 0xBF, 0x04, 0x00, 0x00, 0x00, 0x00, 0x80, 0x7D, 0x01,
    0x00, 0x00, 0x00, 0x00, 0x00, 0x10, 0x00, 0x00, 0x00, 0x00, 0x00, 0x00, 0x00, 0x00, 0x00, 0x00,
    0x00, 0x00, 0x00, 0x00, 0x00, 0x00, 0x00, 0x00, 0x00, 0x00, 0x00, 0x00, 0x00, 0x50, 0xDA, 0xFF,
    0xDF, 0x5A, 0x00, 0x00, 0x40, 0xFE, 0xFF, 0xFF, 0xFF, 0xFF, 0x04, 0x00, 0xF6, 0xFF, 0xFF, 0xEF,
    0xFF, 0xFF, 0x01, 0x30, 0xFF, 0xFF, 0x17, 0x00, 0x10, 0xB5, 0x00, 0xC0, 0xFF, 0x2E, 0x00, 0x00,
    0x00, 0x00, 0x00, 0xF2, 0xFF, 0x05, 0x00, 0x00, 0x00, 0x00, 0x00, 0xF7, 0xEF, 0x00, 0x00, 0x00,
    0x00, 0x00, 0x00, 0xFA, 0xAF, 0x00, 0x00, 0x00, 0x00, 0x00, 0x00, 0xFC, 0x8F, 0x00, 0x00, 0x00,
    0x00, 0x00, 0x00, 0xFC, 0x8F, 0x00, 0x00, 0x00, 0x00, 0x00, 0x00, 0xFB, 0x9F, 0x00, 0x00, 0x00,
    0x00, 0x00, 0x00, 0xF9, 0xCF, 0x00, 0x00, 0x00, 0x00, 0x00, 0x00, 0xF5, 0xFF, 0x02, 0x00, 0x00,
    0x00, 0x00, 0x00, 0xE0, 0xFF, 0x0C, 0x00, 0x00, 0x00, 0x00, 0x00, 0x60, 0xFF, 0xBF, 0x01, 0x00,
    0x00, 0x50, 0x00, 0x00, 0xFA, 0xFF, 0xBF, 0x78, 0xB8, 0xFF, 0x01, 0x00, 0x90, 0xFF, 0xFF, 0xFF,
    0xFF, 0xFF, 0x03, 0x00, 0x00, 0xB4, 0xFF, 0xFF, 0xFF, 0x7D, 0x00, 0x00, 0x00, 0x00, 0x30, 0x55,
    0x14, 0x00, 0x00, 0x00, 0x00, 0x71, 0xEC, 0xFF, 0x9D, 0x03, 0x00, 0x00, 0x00, 0x50, 0xFE, 0xFF,
    0xFF, 0xFF, 0x9F, 0x00, 0x00, 0x00, 0xF6, 0xFF, 0xFF, 0xEE, 0xFF, 0xFF, 0x0B, 0x00, 0x40, 0xFF,
    0xCF, 0x04, 0x00, 0xA2, 0xFF, 0x6F, 0x00, 0xD0, 0xFF, 0x0D, 0x00, 0x00, 0x00, 0xFA, 0xDF, 0x00,
    0xF4, 0xFF, 0x04, 0x00, 0x00, 0x00, 0xF3, 0xFF, 0x02, 0xF9, 0xDF, 0x00, 0x00, 0x00, 0x00, 0xF1,
    0xFF, 0x04, 0xFC, 0xFF, 0xFF, 0xFF, 0xFF, 0xFF, 0xFF, 0xFF, 0x05, 0xFE, 0xFF, 0xFF, 0xFF, 0xFF,
    0xFF, 0xFF, 0xFF, 0x04, 0xFE, 0x9F, 0x33, 0x33, 0x33, 0x33, 0x33, 0x33, 0x00, 0xFC, 0x9F, 0x00,
    0x00, 0x00, 0x00, 0x00, 0x00, 0x00, 0xF9, 0xEF, 0x00, 0x00, 0x00, 0x00, 0x00, 0x00, 0x00, 0xF4,
    0xFF, 0x05, 0x00, 0x00, 0x00, 0x00, 0x00, 0x00, 0xD0, 0xFF, 0x1E, 0x00, 0x00, 0x00, 0x00, 0x00,
    0x00, 0x40, 0xFF, 0xEF, 0x04, 0x00, 0x00, 0x00, 0x15, 0x00, 0x00, 0xF8, 0xFF, 0xEF, 0x8A, 0x98,
    0xFC, 0x4F, 0x00, 0x00, 0x60, 0xFF, 0xFF, 0xFF, 0xFF, 0xFF, 0x7F, 0x00, 0x00, 0x00, 0x92, 0xFF,
    0xFF, 0xFF, 0xFF, 0x2D, 0x00, 0x00, 0x00, 0x00, 0x20, 0x54, 0x65, 0xDF, 0x01, 0x00, 0x00, 0x00,
    0x00, 0x00, 0x00, 0xD0, 0x2F, 0x00, 0x00, 0x00, 0x00, 0x00, 0x00, 0x00, 0xF3, 0x0C, 0x00, 0x00,
    0x00, 0x00, 0x00, 0x00, 0x00, 0xF5, 0x0D, 0x00, 0x00, 0x00, 0x00, 0x00, 0x00, 0x00, 0xF2, 0xAF,
    0x75, 0x0B, 0x00, 0x00, 0x00, 0x00, 0x00, 0x70, 0xFF, 0xFF, 0x2F, 0x00, 0x00, 0x00, 0x00, 0x00,
    0x00, 0x62, 0x67, 0x02, 0x00, 0x10, 0x01, 0x00, 0x00, 0x00, 0x00, 0x10, 0xFC, 0xCF, 0x05, 0x00,
    0xED, 0x0A, 0xA0, 0xFF, 0xFF, 0xDF, 0xA8, 0xFF, 0x09, 0xF0, 0xEF, 0x87, 0xFE, 0xFF, 0xFF, 0x04,
    0xD1, 0x7D, 0x00, 0x70, 0xFE, 0x8F, 0x00, 0x00, 0x00, 0x00, 0x00, 0x10, 0x00, 0x00, 0x00, 0x00,
    0x00, 0x00, 0x00, 0x00, 0x00, 0x00, 0x00, 0x00, 0x00, 0x00, 0x00, 0x00, 0x00, 0x00, 0x80, 0xAA,
    0x04, 0x00, 0x00, 0x00, 0x00, 0xC0, 0xFF, 0x07, 0x00, 0x00, 0x00, 0x00, 0xC0, 0xFF, 0x07, 0x00,
    0x00, 0x00, 0x00, 0xC0, 0xFF, 0x07, 0x00, 0x00, 0x00, 0x00, 0xC0, 0xFF, 0x07, 0x00, 0x00, 0x00,
    0x00, 0xC0, 0xFF, 0x07, 0x00, 0x00, 0x00, 0x00, 0xC0, 0xFF, 0x07, 0x00, 0x00, 0x00, 0x00, 0xC0,
    0xFF, 0x07, 0x00, 0x00, 0x00, 0x00, 0xC0, 0xFF, 0x07, 0x00, 0x00, 0x00, 0x00, 0xC0, 0xFF, 0x07,
    0x00, 0x00, 0x00, 0x00, 0xC0, 0xFF, 0x07, 0x00, 0x00, 0x00, 0x00, 0xC0, 0xFF, 0x07, 0x00, 0x00,
    0x00, 0x00, 0xC0, 0xFF, 0x07, 0x00, 0x00, 0x00, 0x00, 0xC0, 0xFF, 0x07, 0x00, 0x00, 0x00, 0x00,
    0xC0, 0xFF, 0x07, 0x00, 0x00, 0x00, 0x00, 0xC0, 0xFF, 0x07, 0x00, 0x00, 0x00, 0x00, 0xC0, 0xFF,
    0x07, 0x00, 0x00, 0x00, 0x00, 0xC0, 0xFF, 0x07, 0x00, 0x00, 0x71, 0x77, 0x77, 0x77, 0x77, 0x77,
    0x02, 0xF2, 0xFF, 0xFF, 0xFF, 0xFF, 0xFF, 0x06, 0xF2, 0xFF, 0xFF, 0xFF, 0xFF, 0xFF, 0x06, 0x00,
    0x00, 0x00, 0x00, 0x00, 0x00, 0x00, 0x00, 0x00, 0x00, 0x00, 0x00, 0x00, 0x00, 0x00, 0x00, 0x00,
    0x00, 0x00, 0x00, 0x00, 0x00, 0x00, 0x30, 0x33, 0x00, 0x00, 0x00, 0x00, 0x00, 0xF2, 0xFF, 0x04,
    0x00, 0x00, 0x00, 0x00, 0xF2, 0xFF, 0x04, 0x00, 0x00, 0x00, 0x00, 0xF2, 0xFF, 0x04, 0x00, 0x00,
    0x00, 0x00, 0xF2, 0xFF, 0x04, 0x00, 0x00, 0x00, 0x00, 0xF2, 0xFF, 0x04, 0x00, 0x00, 0x00, 0x00,
    0xF2, 0xFF, 0x04, 0x00, 0x00, 0x00, 0x00, 0xF2, 0xFF, 0x04, 0x00, 0x00, 0x00, 0x00, 0xF2, 0xFF,
    0x04, 0x00, 0x00, 0x00, 0x00, 0xF2, 0xFF, 0x04, 0x00, 0x00, 0x00, 0x00, 0xF2, 0xFF, 0x04, 0x00,
    0x00, 0x00, 0x00, 0xF2, 0xFF, 0x04, 0x00, 0x00, 0x00, 0x00, 0xF2, 0xFF, 0x04, 0x00, 0x00, 0x00,
    0x00, 0xF2, 0xFF, 0x04, 0x00, 0x00, 0x00, 0x00, 0xF2, 0xFF, 0x04, 0x00, 0x00, 0x00, 0x00, 0xF2,
    0xFF, 0x04, 0x00, 0x00, 0x00, 0x00, 0xF2, 0xFF, 0x04, 0x00, 0x00, 0x00, 0x00, 0xF2, 0xFF, 0x04,
    0x00, 0x00, 0x00, 0x00, 0xF2, 0xFF, 0x04, 0x00, 0x00, 0x00, 0x00, 0xF2, 0xFF, 0x04, 0x00, 0x00,
    0x00, 0x00, 0xF2, 0xFF, 0x04, 0x00, 0x00, 0x00, 0x00, 0xF2, 0xFF, 0x04, 0x00, 0x00, 0x00, 0x00,
    0xF2, 0xFF, 0x04, 0x00, 0x00, 0x00, 0x00, 0xF2, 0xFF, 0x04, 0x00, 0x00, 0x00, 0x00, 0xF2, 0xFF,
    0x04, 0x00, 0x00, 0x00, 0x00, 0xF2, 0xFF, 0x04, 0x00, 0x00, 0xDC, 0xDD, 0xDD, 0xDD, 0xDD, 0x7D,
    0xFF, 0xFF, 0xFF, 0xFF, 0xFF, 0x9F, 0xBA, 0xBB, 0xBB, 0xBB, 0xBB, 0x6B, 0x00, 0x00, 0x00, 0x00,
    0x00, 0x00, 0x00, 0x00, 0x00, 0x00, 0x00, 0x00, 0x00, 0x00, 0x00, 0x00, 0x00, 0x00, 0x00, 0x00,
    0xA8, 0x4A, 0x00, 0x00, 0x00, 0x00, 0xFC, 0x7F, 0x00, 0x00, 0x00, 0x00, 0xFC, 0x7F, 0x00, 0x00,
    0x00, 0x00, 0xFC, 0x7F, 0x00, 0x00, 0x00, 0x00, 0xFC, 0x7F, 0x00, 0x00, 0x00, 0x00, 0xFC, 0x7F,
    0x00, 0x00, 0x00, 0x00, 0xFC, 0x7F, 0x00, 0x00, 0x00, 0x00, 0xFC, 0x7F, 0x00, 0x00, 0x00, 0x00,
    0xFC, 0x7F, 0x00, 0x00, 0x00, 0x00, 0xFC, 0x7F, 0x00, 0x00, 0x00, 0x00, 0xFC, 0x7F, 0x00, 0x00,
    0x00, 0x00, 0xFC, 0x7F, 0x00, 0x00, 0x00, 0x00, 0xFC, 0x7F, 0x00, 0x00, 0x00, 0x00, 0xFC, 0x7F,
    0x00, 0x00, 0x00, 0x00, 0xFC, 0x7F, 0x00, 0x00, 0x00, 0x00, 0xFC, 0x7F, 0x00, 0x00, 0x00, 0x00,
    0xFC, 0x7F, 0x00, 0x00, 0x00, 0x00, 0xFC, 0x7F, 0x00, 0x00, 0xA8, 0x4A, 0xFC, 0x7F, 0xFC, 0x7F,
    0xFC, 0x7F, 0xFC, 0x7F, 0xFC, 0x7F, 0xFC, 0x7F, 0xFC, 0x7F, 0xFC, 0x7F, 0xFC, 0x7F, 0xFC, 0x7F,
    0xFC, 0x7F, 0xFC, 0x7F, 0xFC, 0x7F, 0xFC, 0x7F, 0xFC, 0x7F, 0xFC, 0x7F, 0xFC, 0x7F, 0x00, 0xD0,
    0xFF, 0x06, 0x00, 0x00, 0xD0, 0xFF, 0x06, 0x00, 0x00, 0xD0, 0xFF, 0x06, 0x00, 0x00, 0xD0, 0xFF,
    0x06, 0x00, 0x00, 0xD0, 0xFF, 0x06, 0x00, 0x00, 0xD0, 0xFF, 0x06, 0x00, 0x00, 0xD0, 0xFF, 0x06,
    0x00, 0x00, 0xD0, 0xFF, 0x06, 0x00, 0x00, 0xD0, 0xFF, 0x89, 0x4C, 0x00, 0xE3, 0xFF, 0xFF, 0x4F,
    0xE4, 0xFF, 0xFF, 0xEF, 0x2A, 0xF5, 0xFF, 0xFF, 0x07, 0x00, 0x84, 0xD4, 0xFF, 0x06, 0x00, 0x00,
    0xD0, 0xFF, 0x06, 0x00, 0x00, 0xD0, 0xFF, 0x06, 0x00, 0x00, 0xD0, 0xFF, 0x06, 0x00, 0x00, 0xD0,
    0xFF, 0x06, 0x00, 0x00, 0xD0, 0xFF, 0x06, 0x00, 0x00, 0xD0, 0xFF, 0x06, 0x00, 0x00, 0xD0, 0xFF,
    0x06, 0x00, 0x00, 0xD0, 0xFF, 0x06, 0x00, 0x00, 0xD0, 0xFF, 0x06, 0x00, 0x00, 0xD0, 0xFF, 0x07,
    0x00, 0x00, 0xD0, 0xFF, 0x0A, 0x00, 0x00, 0xA0, 0xFF, 0x7F, 0x04, 0x00, 0x30, 0xFF, 0xFF, 0x1F,
    0x00, 0x00, 0xE5, 0xFF, 0x0E, 0x00, 0x00, 0x00, 0x54, 0x04, 0x00, 0x00, 0x00, 0x00, 0x00, 0x00,
    0x10, 0x01, 0x00, 0x00, 0x00, 0x00, 0x00, 0x00, 0x00, 0x00, 0x10, 0xF9, 0x03, 0x00, 0x00, 0x00,
    0x00, 0x00, 0x00, 0x00, 0x10, 0xF9, 0xFF, 0x03, 0x00, 0x00, 0x00, 0x00, 0x00, 0x00, 0x10, 0xF8,
    0xFF, 0xFF, 0x03, 0x00, 0x00, 0x00, 0x00, 0x00, 0x00, 0x80, 0xFF, 0xCF, 0x37, 0x00, 0x00, 0x00,
    0x00, 0x00, 0x00, 0x00, 0x80, 0x6B, 0x01, 0x00, 0x00, 0x00, 0x00, 0x00, 0x00, 0x00, 0x00, 0x00,
    0x00, 0x00, 0x00, 0x00, 0x00, 0x00, 0x00, 0x00, 0x00, 0x00, 0x00, 0x00, 0x00, 0x00, 0x00, 0x00,
    0x00, 0x00, 0x30, 0x33, 0x02, 0x00, 0x00, 0x00, 0x00, 0x00, 0x30, 0x33, 0x01, 0xF2, 0xFF, 0x1F,
    0x00, 0x00, 0x00, 0x00, 0x00, 0xF0, 0xFF, 0x07, 0xF2, 0xFF, 0xBF, 0x00, 0x00, 0x00, 0x00, 0x00,
    0xF0, 0xFF, 0x07, 0xF2, 0xFF, 0xFF, 0x06, 0x00, 0x00, 0x00, 0x00, 0xF0, 0xFF, 0x07, 0xF2, 0xFF,
    0xFF, 0x1F, 0x00, 0x00, 0x00, 0x00, 0xF0, 0xFF, 0x07, 0xF2, 0xFF, 0xFF, 0xBF, 0x00, 0x00, 0x00,
    0x00, 0xF0, 0xFF, 0x07, 0xF2, 0xFF, 0xFB, 0xFF, 0x05, 0x00, 0x00, 0x00, 0xF0, 0xFF, 0x07, 0xF2,
    0xFF, 0xC4, 0xFF, 0x1E, 0x00, 0x00, 0x00, 0xF0, 0xFF, 0x07, 0xF2, 0xFF, 0x24, 0xFF, 0xAF, 0x00,
    0x00, 0x00, 0xF0, 0xFF, 0x07, 0xF2, 0xFF, 0x04, 0xF7, 0xFF, 0x05, 0x00, 0x00, 0xF0, 0xFF, 0x07,
    0xF2, 0xFF, 0x04, 0xC0, 0xFF, 0x1E, 0x00, 0x00, 0xF0, 0xFF, 0x07, 0xF2, 0xFF, 0x04, 0x20, 0xFF,
    0xAF, 0x00, 0x00, 0xF0, 0xFF, 0x07, 0xF2, 0xFF, 0x04, 0x00, 0xF7, 0xFF, 0x04, 0x00, 0xF0, 0xFF,
    0x07, 0xF2, 0xFF, 0x04, 0x00, 0xC0, 0xFF, 0x1E, 0x00, 0xF0, 0xFF, 0x07, 0xF2, 0xFF, 0x04, 0x00,
    0x20, 0xFF, 0x9F, 0x00, 0xF0, 0xFF, 0x07, 0xF2, 0xFF, 0x04, 0x00, 0x00, 0xF7, 0xFF, 0x04, 0xF0,
    0xFF, 0x07, 0xF2, 0xFF, 0x04, 0x00, 0x00, 0xC0, 0xFF, 0x0E, 0xF0, 0xFF, 0x07, 0xF2, 0xFF, 0x04,
    0x00, 0x00, 0x20, 0xFF, 0x9F, 0xF0, 0xFF, 0x07, 0xF2, 0xFF, 0x04, 0x00, 0x00, 0x00, 0xF7, 0xFF,
    0xF4, 0xFF, 0x07, 0xF2, 0xFF, 0x04, 0x00, 0x00, 0x00, 0xC0, 0xFF, 0xFD, 0xFF, 0x07, 0xF2, 0xFF,
    0x04, 0x00, 0x00, 0x00, 0x20, 0xFF, 0xFF, 0xFF, 0x07, 0xF2, 0xFF, 0x04, 0x00, 0x00, 0x00, 0x00,
    0xF7, 0xFF, 0xFF, 0x07, 0xF2, 0xFF, 0x04, 0x00, 0x00, 0x00, 0x00, 0xC0, 0xFF, 0xFF, 0x07, 0xF2,
    0xFF, 0x04, 0x00, 0x00, 0x00, 0x00, 0x20, 0xFF, 0xFF, 0x07, 0xF2, 0xFF, 0x04, 0x00, 0x00, 0x00,
    0x00, 0x00, 0xF7, 0xFF, 0x07, 0xF2, 0xFF, 0x04, 0x00, 0x00, 0x00, 0x00, 0x00, 0xC0, 0xFF, 0x07,
    0x00, 0x00, 0x00, 0x00, 0x00, 0x91, 0x00, 0x00, 0x00, 0x00, 0x00, 0x00, 0x00, 0x70, 0xFF, 0x00,
    0x00, 0x00, 0x00, 0x00, 0x00, 0x40, 0xFD, 0xFF, 0x00, 0x00, 0x00, 0x00, 0x00, 0x20, 0xFA, 0xFF,
    0xCF, 0x00, 0x00, 0x00, 0x00, 0x00, 0xC0, 0xFF, 0x9F, 0x03, 0x00, 0x00, 0x00, 0x00, 0x00, 0xC0,
    0x6C, 0x00, 0x00, 0x00, 0x00, 0x00, 0x00, 0x00, 0x10, 0x00, 0x00, 0x00, 0x00, 0x00, 0x00, 0x00,
    0x00, 0x00, 0x00, 0x00, 0x00, 0x00, 0x00, 0x00, 0x00, 0x00, 0x00, 0x00, 0x00, 0x00, 0x00, 0x00,
    0x00, 0xA8, 0x07, 0x50, 0xEA, 0xFF, 0xAE, 0x04, 0x00, 0x00, 0xFC, 0x2E, 0xFD, 0xFF, 0xFF, 0xFF,
    0xBF, 0x00, 0x00, 0xFC, 0xFF, 0xFF, 0xEF, 0xFE, 0xFF, 0xFF, 0x09, 0x00, 0xFC, 0xFF, 0x7E, 0x01,
    0x00, 0xC4, 0xFF, 0x2F, 0x00, 0xFC, 0xDF, 0x01, 0x00, 0x00, 0x10, 0xFE, 0x9F, 0x00, 0xFC, 0x7F,
    0x00, 0x00, 0x00, 0x00, 0xF8, 0xDF, 0x00, 0xFC, 0x7F, 0x00, 0x00, 0x00, 0x00, 0xF4, 0xFF, 0x00,
    0xFC, 0x7F, 0x00, 0x00, 0x00, 0x00, 0xF2, 0xFF, 0x01, 0xFC, 0x7F, 0x00, 0x00, 0x00, 0x00, 0xF2,
    0xFF, 0x01, 0xFC, 0x7F, 0x00, 0x00, 0x00, 0x00, 0xF2, 0xFF, 0x01, 0xFC, 0x7F, 0x00, 0x00, 0x00,
    0x00, 0xF2, 0xFF, 0x01, 0xFC, 0x7F, 0x00, 0x00, 0x00, 0x00, 0xF2, 0xFF, 0x01, 0xFC, 0x7F, 0x00,
    0x00, 0x00, 0x00, 0xF2, 0xFF, 0x01, 0xFC, 0x7F, 0x00, 0x00, 0x00, 0x00, 0xF2, 0xFF, 0x01, 0xFC,
    0x7F, 0x00, 0x00, 0x00, 0x00, 0xF2, 0xFF, 0x01, 0xFC, 0x7F, 0x00, 0x00, 0x00, 0x00, 0xF2, 0xFF,
    0x01, 0xFC, 0x7F, 0x00, 0x00, 0x00, 0x00, 0xF2, 0xFF, 0x01, 0xFC, 0x7F, 0x00, 0x00, 0x00, 0x00,
    0xF2, 0xFF, 0x01, 0x00, 0x00, 0x00, 0x60, 0x77, 0x77, 0x77, 0x77, 0x77, 0x04, 0x00, 0x00, 0x00,
    0x00, 0x00, 0x00, 0xE0, 0xFF, 0xFF, 0xFF, 0xFF, 0xFF, 0x0A, 0x00, 0x00, 0x00, 0x00, 0x00, 0x00,
    0xE0, 0xFF, 0xFF, 0xFF, 0xFF, 0xFF, 0x0A, 0x00, 0x00, 0x00, 0x00, 0x00, 0x00, 0x00, 0x00, 0x00,
    0x00, 0x00, 0x00, 0x00, 0x00, 0x00, 0x00, 0x00, 0x00, 0x00, 0x00, 0x00, 0x00, 0x00, 0x00, 0x00,
    0x00, 0x00, 0x00, 0x00, 0x00, 0x00, 0x00, 0x00, 0x00, 0x00, 0x00, 0x00, 0x00, 0x00, 0x00, 0x00,
    0x00, 0x00, 0x00, 0x00, 0x00, 0x40, 0xA8, 0xAB, 0x79, 0x03, 0x00, 0x00, 0x00, 0x00, 0x00, 0x00,
    0x00, 0x92, 0xFF, 0xFF, 0xFF, 0xFF, 0xEF, 0x07, 0x00, 0x00, 0x00, 0x00, 0x00, 0x70, 0xFF, 0xFF,
    0xFF, 0xFF, 0xFF, 0xFF, 0xEF, 0x04, 0x00, 0x00, 0x00, 0x00, 0xFA, 0xFF, 0xFF, 0xBD, 0xA9, 0xEB,
    0xFF, 0xFF, 0x6F, 0x00, 0x00, 0x00, 0xA0, 0xFF, 0xFF, 0x2A, 0x00, 0x00, 0x00, 0xC4, 0xFF, 0xFF,
    0x05, 0x00, 0x00, 0xF6, 0xFF, 0x5F, 0x00, 0x00, 0x00, 0x00, 0x00, 0xF8, 0xFF, 0x2F, 0x00, 0x00,
    0xFE, 0xFF, 0x04, 0x00, 0x00, 0x00, 0x00, 0x00, 0x90, 0xFF, 0xBF, 0x00, 0x70, 0xFF, 0x9F, 0x00,
    0x00, 0x00, 0x00, 0x00, 0x00, 0x00, 0xFD, 0xFF, 0x02, 0xD0, 0xFF, 0x1F, 0x00, 0x00, 0x00, 0x00,
    0x00, 0x00, 0x00, 0xF5, 0xFF, 0x08, 0xF1, 0xFF, 0x0B, 0x00, 0x00, 0x00, 0x00, 0x00, 0x00, 0x00,
    0xF0, 0xFF, 0x0D, 0xF5, 0xFF, 0x07, 0x00, 0x00, 0x00, 0x00, 0x00, 0x00, 0x00, 0xB0, 0xFF, 0x0F,
    0xF7, 0xFF, 0x04, 0x00, 0x00, 0x00, 0x00, 0x00, 0x00, 0x00, 0x80, 0xFF, 0x2F, 0xF8, 0xFF, 0x02,
    0x00, 0x00, 0x00, 0x00, 0x00, 0x00, 0x00, 0x60, 0xFF, 0x4F, 0xF8, 0xFF, 0x01, 0x00, 0x00, 0x00,
    0x00, 0x00, 0x00, 0x00, 0x60, 0xFF, 0x4F, 0xF8, 0xFF, 0x02, 0x00, 0x00, 0x00, 0x00, 0x00, 0x00,
    0x00, 0x70, 0xFF, 0x3F, 0xF7, 0xFF, 0x04, 0x00, 0x00, 0x00, 0x00, 0x00, 0x00, 0x00, 0x90, 0xFF,
    0x2F, 0xF4, 0xFF, 0x07, 0x00, 0x00, 0x00, 0x00, 0x00, 0x00, 0x00, 0xC0, 0xFF, 0x0F, 0xF1, 0xFF,
    0x0C, 0x00, 0x00, 0x00, 0x00, 0x00, 0x00, 0x00, 0xF1, 0xFF, 0x0C, 0xC0, 0xFF, 0x2F, 0x00, 0x00,
    0x00, 0x00, 0x00, 0x00, 0x00, 0xF7, 0xFF, 0x07, 0x50, 0xFF, 0xBF, 0x00, 0x00, 0x00, 0x00, 0x00,
    0x00, 0x10, 0xFE, 0xFF, 0x01, 0x00, 0xFD, 0xFF, 0x07, 0x00, 0x00, 0x00, 0x00, 0x00, 0xB0, 0xFF,
    0x9F, 0x00, 0x00, 0xF3, 0xFF, 0x8F, 0x00, 0x00, 0x00, 0x00, 0x10, 0xFB, 0xFF, 0x1E, 0x00, 0x00,
    0x70, 0xFF, 0xFF, 0x6D, 0x01, 0x00, 0x20, 0xE7, 0xFF, 0xFF, 0x03, 0x00, 0x00, 0x00, 0xF7, 0xFF,
    0xFF, 0xEF, 0xDD, 0xFE, 0xFF, 0xFF, 0x3E, 0x00, 0x00, 0x00, 0x00, 0x40, 0xFE, 0xFF, 0xFF, 0xFF,
    0xFF, 0xFF, 0xBF, 0x02, 0x00, 0x00, 0x00, 0x00, 0x00, 0x60, 0xFC, 0xFF, 0xFF, 0xFF, 0xBF, 0x04,
    0x00, 0x00, 0x00, 0x00, 0x00, 0x00, 0x00, 0x10, 0x74, 0x77, 0x46, 0x00, 0x00, 0x00, 0x00, 0x00,
    0x00, 0xB0, 0xDD, 0xDD, 0xDD, 0xDD, 0xDD, 0x08, 0x00, 0x00, 0xD0, 0xFF, 0xFF, 0xFF, 0xFF, 0xFF,
    0x0A, 0x00, 0x00, 0x90, 0xBB, 0xBB, 0xBB, 0xBB, 0xBB, 0x07, 0x00, 0x00, 0x00, 0x00, 0x00, 0x00,
    0x00, 0x00, 0x00, 0x00, 0x00, 0x00, 0x00, 0x00, 0x00, 0x00, 0x00, 0x00, 0x00, 0x00, 0x00, 0x00,
    0x00, 0x00, 0x00, 0x00, 0x00, 0x00, 0x00, 0x00, 0x60, 0xEB, 0xFF, 0xAE, 0x05, 0x00, 0x00, 0x00,
    0x40, 0xFE, 0xFF, 0xFF, 0xFF, 0xDF, 0x02, 0x00, 0x00, 0xF5, 0xFF, 0xFF, 0xEE, 0xFF, 0xFF, 0x3F,
    0x00, 0x30, 0xFF, 0xEF, 0x05, 0x00, 0x71, 0xFF, 0xEF, 0x01, 0xC0, 0xFF, 0x1D, 0x00, 0x00, 0x00,
    0xF2, 0xFF, 0x09, 0xF3, 0xFF, 0x04, 0x00, 0x00, 0x00, 0x70, 0xFF, 0x0F, 0xF8, 0xDF, 0x00, 0x00,
    0x00, 0x00, 0x10, 0xFF, 0x5F, 0xFB, 0x9F, 0x00, 0x00, 0x00, 0x00, 0x00, 0xFC, 0x8F, 0xFD, 0x7F,
    0x00, 0x00, 0x00, 0x00, 0x00, 0xFB, 0x9F, 0xFD, 0x7F, 0x00, 0x00, 0x00, 0x00, 0x00, 0xFA, 0xAF,
    0xFC, 0x8F, 0x00, 0x00, 0x00, 0x00, 0x00, 0xFC, 0x8F, 0xF9, 0xBF, 0x00, 0x00, 0x00, 0x00, 0x00,
    0xFE, 0x6F, 0xF5, 0xFF, 0x01, 0x00, 0x00, 0x00, 0x40, 0xFF, 0x2F, 0xE0, 0xFF, 0x0A, 0x00, 0x00,
    0x00, 0xD0, 0xFF, 0x0B, 0x60, 0xFF, 0x9F, 0x00, 0x00, 0x10, 0xFB, 0xFF, 0x03, 0x00, 0xFA, 0xFF,
    0xAF, 0x88, 0xFB, 0xFF, 0x7F, 0x00, 0x00, 0xA0, 0xFF, 0xFF, 0xFF, 0xFF, 0xFF, 0x07, 0x00, 0x00,
    0x00, 0xC4, 0xFF, 0xFF, 0xFF, 0x3B, 0x00, 0x00, 0x00, 0x00, 0x00, 0x41, 0x55, 0x03, 0x00, 0x00,
    0x00, 0x00, 0x00, 0x60, 0xEB, 0xFF, 0xAD, 0x04, 0x00, 0x00, 0x60, 0xEB, 0xFF, 0x9D, 0x03, 0x00,
    0x00, 0x00, 0x40, 0xFE, 0xFF, 0xFF, 0xFF, 0xAF, 0x01, 0x20, 0xFD, 0xFF, 0xFF, 0xFF, 0xAF, 0x00,
    0x00, 0x00, 0xF5, 0xFF, 0xFF, 0xEE, 0xFF, 0xFF, 0x1C, 0xE3, 0xFF, 0xFF, 0xEE, 0xFF, 0xFF, 0x0B,
    0x00, 0x30, 0xFF, 0xEF, 0x05, 0x00, 0x71, 0xFF, 0xBF, 0xFD, 0xDF, 0x04, 0x00, 0x92, 0xFF, 0x7F,
    0x00, 0xC0, 0xFF, 0x1D, 0x00, 0x00, 0x00, 0xF2, 0xFF, 0xFF, 0x1D, 0x00, 0x00, 0x00, 0xF9, 0xEF,
    0x00, 0xF3, 0xFF, 0x04, 0x00, 0x00, 0x00, 0x70, 0xFF, 0xFF, 0x04, 0x00, 0x00, 0x00, 0xF2, 0xFF,
    0x02, 0xF8, 0xDF, 0x00, 0x00, 0x00, 0x00, 0x10, 0xFF, 0xEF, 0x00, 0x00, 0x00, 0x00, 0xF0, 0xFF,
    0x05, 0xFB, 0x9F, 0x00, 0x00, 0x00, 0x00, 0x00, 0xFC, 0xFF, 0xFF, 0xFF, 0xFF, 0xFF, 0xFF, 0xFF,
    0x06, 0xFD, 0x7F, 0x00, 0x00, 0x00, 0x00, 0x00, 0xFB, 0xFF, 0xFF, 0xFF, 0xFF, 0xFF, 0xFF, 0xFF,
    0x05, 0xFD, 0x7F, 0x00, 0x00, 0x00, 0x00, 0x00, 0xFA, 0x9F, 0x33, 0x33, 0x33, 0x33, 0x33, 0x33,
    0x00, 0xFC, 0x8F, 0x00, 0x00, 0x00, 0x00, 0x00, 0xFC, 0xAF, 0x00, 0x00, 0x00, 0x00, 0x00, 0x00,
    0x00, 0xF9, 0xBF, 0x00, 0x00, 0x00, 0x00, 0x00, 0xFE, 0xEF, 0x00, 0x00, 0x00, 0x00, 0x00, 0x00,
    0x00, 0xF5, 0xFF, 0x01, 0x00, 0x00, 0x00, 0x40, 0xFF, 0xFF, 0x05, 0x00, 0x00, 0x00, 0x00, 0x00,
    0x00, 0xE0, 0xFF, 0x0A, 0x00, 0x00, 0x00, 0xD0, 0xFF, 0xFF, 0x2E, 0x00, 0x00, 0x00, 0x00, 0x00,
    0x00, 0x60, 0xFF, 0x9F, 0x00, 0x00, 0x10, 0xFB, 0xEF, 0xFE, 0xEF, 0x05, 0x00, 0x00, 0x00, 0x14,
    0x00, 0x00, 0xFA, 0xFF, 0xAF, 0x88, 0xFB, 0xFF, 0x3F, 0xF3, 0xFF, 0xEF, 0x8A, 0x98, 0xFC, 0x5F,
    0x00, 0x00, 0xA0, 0xFF, 0xFF, 0xFF, 0xFF, 0xEF, 0x04, 0x30, 0xFE, 0xFF, 0xFF, 0xFF, 0xFF, 0x8F,
    0x00, 0x00, 0x00, 0xC4, 0xFF, 0xFF, 0xFF, 0x19, 0x00, 0x00, 0x81, 0xFE, 0xFF, 0xFF, 0xCF, 0x16,
    0x00, 0x00, 0x00, 0x00, 0x41, 0x55, 0x03, 0x00, 0x00, 0x00, 0x00, 0x20, 0x54, 0x35, 0x01, 0x00,
    0x00, 0x00, 0x00, 0x00, 0x00, 0x60, 0x04, 0x00, 0x00, 0x00, 0x00, 0x30, 0xFC, 0x06, 0x00, 0x00,
    0x00, 0x10, 0xF9, 0xFF, 0x06, 0x00, 0x00, 0x00, 0xF7, 0xFF, 0xFF, 0x04, 0x00, 0x00, 0x50, 0xFF,
    0xCF, 0x05, 0x00, 0x00, 0x00, 0x50, 0x8E, 0x02, 0x00, 0x00, 0x00, 0x00, 0x10, 0x00, 0x00, 0x00,
    0x00, 0x00, 0x00, 0x00, 0x00, 0x00, 0x00, 0x00, 0x00, 0x00, 0x00, 0x00, 0x00, 0x00, 0x00, 0x00,
    0x00, 0x50, 0xEB, 0xFF, 0xCE, 0x17, 0x00, 0x00, 0xFB, 0xFF, 0xFF, 0xFF, 0xDF, 0x00, 0xA0, 0xFF,
    0xDF, 0x99, 0xEA, 0xBF, 0x00, 0xF2, 0xFF, 0x05, 0x00, 0x00, 0x86, 0x00, 0xF6, 0xDF, 0x00, 0x00,
    0x00, 0x00, 0x00, 0xF7, 0xDF, 0x00, 0x00, 0x00, 0x00, 0x00, 0xF5, 0xFF, 0x08, 0x00, 0x00, 0x00,
    0x00, 0xE0, 0xFF, 0xFF, 0x49, 0x00, 0x00, 0x00, 0x30, 0xFE, 0xFF, 0xFF, 0x9E, 0x01, 0x00, 0x00,
    0x81, 0xFE, 0xFF, 0xFF, 0x5F, 0x00, 0x00, 0x00, 0x30, 0xD8, 0xFF, 0xFF, 0x03, 0x00, 0x00, 0x00,
    0x00, 0xF6, 0xFF, 0x0B, 0x00, 0x00, 0x00, 0x00, 0x90, 0xFF, 0x0E, 0x01, 0x00, 0x00, 0x00, 0x70,
    0xFF, 0x0E, 0xB9, 0x03, 0x00, 0x00, 0xD1, 0xFF, 0x0B, 0xFB, 0xDF, 0x8A, 0xA8, 0xFF, 0xFF, 0x05,
    0xFC, 0xFF, 0xFF, 0xFF, 0xFF, 0xAF, 0x00, 0x71, 0xFD, 0xFF, 0xFF, 0xEF, 0x06, 0x00, 0x00, 0x10,
    0x54, 0x45, 0x02, 0x00, 0x00, 0x00, 0x00, 0x00, 0x00, 0x00, 0x00, 0x00, 0x00, 0x99, 0x00, 0x00,
    0x00, 0x89, 0x00, 0x00, 0xF9, 0x4E, 0x00, 0xE5, 0x9F, 0x00, 0x00, 0xD2, 0xFF, 0xBA, 0xFF, 0x1D,
    0x00, 0x00, 0x10, 0xFB, 0xFF, 0xBF, 0x00, 0x00, 0x00, 0x00, 0xA0, 0xFF, 0x09, 0x00, 0x00, 0x00,
    0x00, 0x00, 0x77, 0x00, 0x00, 0x00, 0x00, 0x00, 0x00, 0x00, 0x00, 0x00, 0x00, 0x00, 0x00, 0x00,
    0x00, 0x00, 0x00, 0x00, 0x00, 0x50, 0xEB, 0xFF, 0xCE, 0x17, 0x00, 0x00, 0xFB, 0xFF, 0xFF, 0xFF,
    0xDF, 0x00, 0xA0, 0xFF, 0xDF, 0x99, 0xEA, 0xBF, 0x00, 0xF2, 0xFF, 0x05, 0x00, 0x00, 0x86, 0x00,
    0xF6, 0xDF, 0x00, 0x00, 0x00, 0x00, 0x00, 0xF7, 0xDF, 0x00, 0x00, 0x00, 0x00, 0x00, 0xF5, 0xFF,
    0x08, 0x00, 0x00, 0x00, 0x00, 0xE0, 0xFF, 0xFF, 0x49, 0x00, 0x00, 0x00, 0x30, 0xFE, 0xFF, 0xFF,
    0x9E, 0x01, 0x00, 0x00, 0x81, 0xFE, 0xFF, 0xFF, 0x5F, 0x00, 0x00, 0x00, 0x30, 0xD8, 0xFF, 0xFF,
    0x03, 0x00, 0x00, 0x00, 0x00, 0xF6, 0xFF, 0x0B, 0x00, 0x00, 0x00, 0x00, 0x90, 0xFF, 0x0E, 0x01,
    0x00, 0x00, 0x00, 0x70, 0xFF, 0x0E, 0xB9, 0x03, 0x00, 0x00, 0xD1, 0xFF, 0x0B, 0xFB, 0xDF, 0x8A,
    0xA8, 0xFF, 0xFF, 0x05, 0xFC, 0xFF, 0xFF, 0xFF, 0xFF, 0xAF, 0x00, 0x71, 0xFD, 0xFF, 0xFF, 0xEF,
    0x06, 0x00, 0x00, 0x10, 0x54, 0x45, 0x02, 0x00, 0x00, 0x00, 0x00, 0x02, 0x00, 0x00, 0x00, 0x00,
    0x00, 0x00, 0xF5, 0xFF, 0x2A, 0x00, 0xE4, 0x5E, 0x00, 0x10, 0xFF, 0xFF, 0xFF, 0x7A, 0xFD, 0x3F,
    0x00, 0x50, 0xFF, 0x7C, 0xFA, 0xFF, 0xFF, 0x0E, 0x00, 0x60, 0xDD, 0x02, 0x20, 0xFA, 0xEF, 0x03,
    0x00, 0x00, 0x00, 0x00, 0x00, 0x00, 0x01, 0x00, 0x00, 0x00, 0x00, 0x00, 0x00, 0x00, 0x00, 0x00,
    0x00, 0x00, 0x00, 0x00, 0x00, 0x00, 0x00, 0x00, 0x00, 0xAA, 0x2A, 0x00, 0x00, 0x00, 0x50, 0xAA,
    0x06, 0xFF, 0x4F, 0x00, 0x00, 0x00, 0x90, 0xFF, 0x0A, 0xFF, 0x4F, 0x00, 0x00, 0x00, 0x90, 0xFF,
    0x0A, 0xFF, 0x4F, 0x00, 0x00, 0x00, 0x90, 0xFF, 0x0A, 0xFF, 0x4F, 0x00, 0x00, 0x00, 0x90, 0xFF,
    0x0A, 0xFF, 0x4F, 0x00, 0x00, 0x00, 0x90, 0xFF, 0x0A, 0xFF, 0x4F, 0x00, 0x00, 0x00, 0x90, 0xFF,
    0x0A, 0xFF, 0x4F, 0x00, 0x00, 0x00, 0x90, 0xFF, 0x0A, 0xFF, 0x4F, 0x00, 0x00, 0x00, 0x90, 0xFF,
    0x0A, 0xFF, 0x4F, 0x00, 0x00, 0x00, 0x90, 0xFF, 0x0A, 0xFF, 0x4F, 0x00, 0x00, 0x00, 0x90, 0xFF,
    0x0A, 0xFF, 0x6F, 0x00, 0x00, 0x00, 0x90, 0xFF, 0x0A, 0xFD, 0x9F, 0x00, 0x00, 0x00, 0x90, 0xFF,
    0x0A, 0xFA, 0xEF, 0x00, 0x00, 0x00, 0xB0, 0xFF, 0x0A, 0xF6, 0xFF, 0x0A, 0x00, 0x00, 0xF8, 0xFF,
    0x0A, 0xE0, 0xFF, 0xEF, 0x89, 0xEA, 0xFF, 0xFF, 0x0A, 0x40, 0xFF, 0xFF, 0xFF, 0xFF, 0xAE, 0xFF,
    0x0A, 0x00, 0xC3, 0xFF, 0xFF, 0xBF, 0x42, 0xFF, 0x0A, 0x00, 0x00, 0x41, 0x45, 0x01, 0x00, 0x00,
    0x00, 0x00, 0x00, 0x50, 0x77, 0x77, 0x77, 0x77, 0x77, 0x05, 0x00, 0x00, 0x00, 0x00, 0xB0, 0xFF,
    0xFF, 0xFF, 0xFF, 0xFF, 0x0C, 0x00, 0x00, 0x00, 0x00, 0xB0, 0xFF, 0xFF, 0xFF, 0xFF, 0xFF, 0x0C,
    0x00, 0x00, 0x00, 0x00, 0x00, 0x00, 0x00, 0x00, 0x00, 0x00, 0x00, 0x00, 0x00, 0x00, 0x00, 0x00,
    0x00, 0x00, 0x00, 0x00, 0x00, 0x00, 0x00, 0x00, 0x00, 0x00, 0x00, 0x00, 0x00, 0x00, 0x00, 0x00,
    0x00, 0x00, 0x00, 0x31, 0x33, 0x00, 0x00, 0x00, 0x00, 0x00, 0x00, 0x00, 0x33, 0x13, 0xF6, 0xFF,
    0x00, 0x00, 0x00, 0x00, 0x00, 0x00, 0x00, 0xFF, 0x7F, 0xF6, 0xFF, 0x00, 0x00, 0x00, 0x00, 0x00,
    0x00, 0x00, 0xFF, 0x7F, 0xF6, 0xFF, 0x00, 0x00, 0x00, 0x00, 0x00, 0x00, 0x00, 0xFF, 0x7F, 0xF6,
    0xFF, 0x00, 0x00, 0x00, 0x00, 0x00, 0x00, 0x00, 0xFF, 0x7F, 0xF6, 0xFF, 0x00, 0x00, 0x00, 0x00,
    0x00, 0x00, 0x00, 0xFF, 0x7F, 0xF6, 0xFF, 0x00, 0x00, 0x00, 0x00, 0x00, 0x00, 0x00, 0xFF, 0x7F,
    0xF6, 0xFF, 0x00, 0x00, 0x00, 0x00, 0x00, 0x00, 0x00, 0xFF, 0x7F, 0xF6, 0xFF, 0x00, 0x00, 0x00,
    0x00, 0x00, 0x00, 0x00, 0xFF, 0x7F, 0xF6, 0xFF, 0x00, 0x00, 0x00, 0x00, 0x00, 0x00, 0x00, 0xFF,
    0x7F, 0xF6, 0xFF, 0x00, 0x00, 0x00, 0x00, 0x00, 0x00, 0x00, 0xFF, 0x7F, 0xF6, 0xFF, 0x00, 0x00,
    0x00, 0x00, 0x00, 0x00, 0x00, 0xFF, 0x7F, 0xF6, 0xFF, 0x00, 0x00, 0x00, 0x00, 0x00, 0x00, 0x00,
    0xFF, 0x7F, 0xF6, 0xFF, 0x00, 0x00, 0x00, 0x00, 0x00, 0x00, 0x00, 0xFF, 0x7F, 0xF6, 0xFF, 0x00,
    0x00, 0x00, 0x00, 0x00, 0x00, 0x00, 0xFF, 0x7F, 0xF6, 0xFF, 0x00, 0x00, 0x00, 0x00, 0x00, 0x00,
    0x00, 0xFF, 0x7F, 0xF5, 0xFF, 0x02, 0x00, 0x00, 0x00, 0x00, 0x00, 0x10, 0xFF, 0x6F, 0xF4, 0xFF,
    0x04, 0x00, 0x00, 0x00, 0x00, 0x00, 0x30, 0xFF, 0x5F, 0xF2, 0xFF, 0x07, 0x00, 0x00, 0x00, 0x00,
    0x00, 0x60, 0xFF, 0x2F, 0xE0, 0xFF, 0x0C, 0x00, 0x00, 0x00, 0x00, 0x00, 0xB0, 0xFF, 0x0F, 0x90,
    0xFF, 0x3F, 0x00, 0x00, 0x00, 0x00, 0x00, 0xF2, 0xFF, 0x0A, 0x20, 0xFF, 0xDF, 0x01, 0x00, 0x00,
    0x00, 0x10, 0xFD, 0xFF, 0x03, 0x00, 0xF9, 0xFF, 0x5E, 0x00, 0x00, 0x00, 0xD4, 0xFF, 0xAF, 0x00,
    0x00, 0xC0, 0xFF, 0xFF, 0xBE, 0x99, 0xEB, 0xFF, 0xFF, 0x1D, 0x00, 0x00, 0x00, 0xFB, 0xFF, 0xFF,
    0xFF, 0xFF, 0xFF, 0xBF, 0x01, 0x00, 0x00, 0x00, 0x50, 0xFC, 0xFF, 0xFF, 0xFF, 0xCF, 0x05, 0x00,
    0x00, 0x00, 0x00, 0x00, 0x10, 0x64, 0x77, 0x46, 0x01, 0x00, 0x00, 0x00, 0x40, 0xDD, 0xDD, 0xDD,
    0xDD, 0xDD, 0x2D, 0x00, 0x50, 0xFF, 0xFF, 0xFF, 0xFF, 0xFF, 0x3F, 0x00, 0x30, 0xBB, 0xBB, 0xBB,
    0xBB, 0xBB, 0x2B, 0x00, 0x00, 0x00, 0x00, 0x00, 0x00, 0x00, 0x00, 0x00, 0x00, 0x00, 0x00, 0x00,
    0x00, 0x00, 0x00, 0x00, 0x00, 0x00, 0x00, 0x00, 0x00, 0x00, 0x00, 0x00, 0xAA, 0x2A, 0x00, 0x00,
    0x00, 0x50, 0xAA, 0x06, 0xFF, 0x4F, 0x00, 0x00, 0x00, 0x90, 0xFF, 0x0A, 0xFF, 0x4F, 0x00, 0x00,
    0x00, 0x90, 0xFF, 0x0A, 0xFF, 0x4F, 0x00, 0x00, 0x00, 0x90, 0xFF, 0x0A, 0xFF, 0x4F, 0x00, 0x00,
    0x00, 0x90, 0xFF, 0x0A, 0xFF, 0x4F, 0x00, 0x00, 0x00, 0x90, 0xFF, 0x0A, 0xFF, 0x4F, 0x00, 0x00,
    0x00, 0x90, 0xFF, 0x0A, 0xFF, 0x4F, 0x00, 0x00, 0x00, 0x90, 0xFF, 0x0A, 0xFF, 0x4F, 0x00, 0x00,
    0x00, 0x90, 0xFF, 0x0A, 0xFF, 0x4F, 0x00, 0x00, 0x00, 0x90, 0xFF, 0x0A, 0xFF, 0x4F, 0x00, 0x00,
    0x00, 0x90, 0xFF, 0x0A, 0xFF, 0x6F, 0x00, 0x00, 0x00, 0x90, 0xFF, 0x0A, 0xFD, 0x9F, 0x00, 0x00,
    0x00, 0x90, 0xFF, 0x0A, 0xFA, 0xEF, 0x00, 0x00, 0x00, 0xB0, 0xFF, 0x0A, 0xF6, 0xFF, 0x0A, 0x00,
    0x00, 0xF8, 0xFF, 0x0A, 0xE0, 0xFF, 0xEF, 0x89, 0xEA, 0xFF, 0xFF, 0x0A, 0x40, 0xFF, 0xFF, 0xFF,
    0xFF, 0xAE, 0xFF, 0x0A, 0x00, 0xC3, 0xFF, 0xFF, 0xBF, 0x42, 0xFF, 0x0A, 0x00, 0x00, 0x41, 0x45,
    0x01, 0x00, 0x00, 0x00, 0x00, 0x00, 0x00, 0x44, 0x02, 0x00, 0x20, 0x44, 0x01, 0x00, 0x00, 0x00,
    0x00, 0x20, 0xFF, 0x0C, 0x00, 0xB0, 0xFF, 0x03, 0x00, 0x00, 0x00, 0x00, 0x00, 0xFC, 0xAF, 0x33,
    0xF9, 0xDF, 0x00, 0x00, 0x00, 0x00, 0x00, 0x00, 0xF3, 0xFF, 0xFF, 0xFF, 0x3F, 0x00, 0x00, 0x00,
    0x00, 0x00, 0x00, 0x20, 0xEA, 0xFF, 0xAE, 0x02, 0x00, 0x00, 0x00, 0x00, 0x00, 0x00, 0x00, 0x00,
    0x00, 0x00, 0x00, 0x00, 0x00, 0x00, 0x00, 0x00, 0x00, 0x00, 0x00, 0x00, 0x00, 0x00, 0x00, 0x00,
    0x00, 0x31, 0x33, 0x00, 0x00, 0x00, 0x00, 0x00, 0x00, 0x00, 0x33, 0x13, 0xF6, 0xFF, 0x00, 0x00,
    0x00, 0x00, 0x00, 0x00, 0x00, 0xFF, 0x7F, 0xF6, 0xFF, 0x00, 0x00, 0x00, 0x00, 0x00, 0x00, 0x00,
    0xFF, 0x7F, 0xF6, 0xFF, 0x00, 0x00, 0x00, 0x00, 0x00, 0x00, 0x00, 0xFF, 0x7F, 0xF6, 0xFF, 0x00,
    0x00, 0x00, 0x00, 0x00, 0x00, 0x00, 0xFF, 0x7F, 0xF6, 0xFF, 0x00, 0x00, 0x00, 0x00, 0x00, 0x00,
    0x00, 0xFF, 0x7F, 0xF6, 0xFF, 0x00, 0x00, 0x00, 0x00, 0x00, 0x00, 0x00, 0xFF, 0x7F, 0xF6, 0xFF,
    0x00, 0x00, 0x00, 0x00, 0x00, 0x00, 0x00, 0xFF, 0x7F, 0xF6, 0xFF, 0x00, 0x00, 0x00, 0x00, 0x00,
    0x00, 0x00, 0xFF, 0x7F, 0xF6, 0xFF, 0x00, 0x00, 0x00, 0x00, 0x00, 0x00, 0x00, 0xFF, 0x7F, 0xF6,
    0xFF, 0x00, 0x00, 0x00, 0x00, 0x00, 0x00, 0x00, 0xFF, 0x7F, 0xF6, 0xFF, 0x00, 0x00, 0x00, 0x00,
    0x00, 0x00, 0x00, 0xFF, 0x7F, 0xF6, 0xFF, 0x00, 0x00, 0x00, 0x00, 0x00, 0x00, 0x00, 0xFF, 0x7F,
    0xF6, 0xFF, 0x00, 0x00, 0x00, 0x00, 0x00, 0x00, 0x00, 0xFF, 0x7F, 0xF6, 0xFF, 0x00, 0x00, 0x00,
    0x00, 0x00, 0x00, 0x00, 0xFF, 0x7F, 0xF6, 0xFF, 0x00, 0x00, 0x00, 0x00, 0x00, 0x00, 0x00, 0xFF,
    0x7F, 0xF5, 0xFF, 0x02, 0x00, 0x00, 0x00, 0x00, 0x00, 0x10, 0xFF, 0x6F, 0xF4, 0xFF, 0x04, 0x00,
    0x00, 0x00, 0x00, 0x00, 0x30, 0xFF, 0x5F, 0xF2, 0xFF, 0x07, 0x00, 0x00, 0x00, 0x00, 0x00, 0x60,
    0xFF, 0x2F, 0xE0, 0xFF, 0x0C, 0x00, 0x00, 0x00, 0x00, 0x00, 0xB0, 0xFF, 0x0F, 0x90, 0xFF, 0x3F,
    0x00, 0x00, 0x00, 0x00, 0x00, 0xF2, 0xFF, 0x0A, 0x20, 0xFF, 0xDF, 0x01, 0x00, 0x00, 0x00, 0x10,
    0xFD, 0xFF, 0x03, 0x00, 0xF9, 0xFF, 0x5E, 0x00, 0x00, 0x00, 0xD4, 0xFF, 0xAF, 0x00, 0x00, 0xC0,
    0xFF, 0xFF, 0xBE, 0x99, 0xEB, 0xFF, 0xFF, 0x1D, 0x00, 0x00, 0x00, 0xFB, 0xFF, 0xFF, 0xFF, 0xFF,
    0xFF, 0xBF, 0x01, 0x00, 0x00, 0x00, 0x50, 0xFC, 0xFF, 0xFF, 0xFF, 0xCF, 0x05, 0x00, 0x00, 0x00,
    0x00, 0x00, 0x10, 0x64, 0x77, 0x46, 0x01, 0x00, 0x00, 0x00, 0x00, 0x54, 0x05, 0x00, 0x10, 0x55,
    0x03, 0x00, 0x00, 0xFB, 0x3F, 0x00, 0x50, 0xFF, 0x09, 0x00, 0x00, 0xF7, 0xDF, 0x24, 0xE5, 0xFF,
    0x04, 0x00, 0x00, 0xC0, 0xFF, 0xFF, 0xFF, 0xBF, 0x00, 0x00, 0x00, 0x10, 0xF9, 0xFF, 0xFF, 0x08,
    0x00, 0x00, 0x00, 0x00, 0x00, 0x43, 0x03, 0x00, 0x00, 0x00, 0x00, 0x00, 0x00, 0x00, 0x00, 0x00,
    0x00, 0x00, 0x00, 0x00, 0x00, 0x00, 0x00, 0x00, 0x00, 0x00, 0xAA, 0x2A, 0x00, 0x00, 0x00, 0x50,
    0xAA, 0x06, 0xFF, 0x4F, 0x00, 0x00, 0x00, 0x90, 0xFF, 0x0A, 0xFF, 0x4F, 0x00, 0x00, 0x00, 0x90,
    0xFF, 0x0A, 0xFF, 0x4F, 0x00, 0x00, 0x00, 0x90, 0xFF, 0x0A, 0xFF, 0x4F, 0x00, 0x00, 0x00, 0x90,
    0xFF, 0x0A, 0xFF, 0x4F, 0x00, 0x00, 0x00, 0x90, 0xFF, 0x0A, 0xFF, 0x4F, 0x00, 0x00, 0x00, 0x90,
    0xFF, 0x0A, 0xFF, 0x4F, 0x00, 0x00, 0x00, 0x90, 0xFF, 0x0A, 0xFF, 0x4F, 0x00, 0x00, 0x00, 0x90,
    0xFF, 0x0A, 0xFF, 0x4F, 0x00, 0x00, 0x00, 0x90, 0xFF, 0x0A, 0xFF, 0x4F, 0x00, 0x00, 0x00, 0x90,
    0xFF, 0x0A, 0xFF, 0x6F, 0x00, 0x00, 0x00, 0x90, 0xFF, 0x0A, 0xFD, 0x9F, 0x00, 0x00, 0x00, 0x90,
    0xFF, 0x0A, 0xFA, 0xEF, 0x00, 0x00, 0x00, 0xB0, 0xFF, 0x0A, 0xF6, 0xFF, 0x0A, 0x00, 0x00, 0xF8,
    0xFF, 0x0A, 0xE0, 0xFF, 0xEF, 0x89, 0xEA, 0xFF, 0xFF, 0x0A, 0x40, 0xFF, 0xFF, 0xFF, 0xFF, 0xAE,
    0xFF, 0x0A, 0x00, 0xC3, 0xFF, 0xFF, 0xBF, 0x42, 0xFF, 0x0A, 0x00, 0x00, 0x41, 0x45, 0x01, 0x00,
    0x00, 0x00, 0x00, 0x00, 0x00, 0x80, 0x88, 0x03, 0x00, 0x00, 0x00, 0x00, 0x00, 0x00, 0xF0, 0xFF,
    0x06, 0x00, 0x00, 0x00, 0x00, 0x00, 0x00, 0xF0, 0xFF, 0x06, 0x00, 0x00, 0x00, 0x00, 0x00, 0x00,
    0xB0, 0xBB, 0x04, 0x00, 0x00, 0x00, 0x00, 0x00, 0x00, 0x00, 0x00, 0x00, 0x00, 0x00, 0x00, 0x00,
    0x00, 0x00, 0x00, 0x00, 0x00, 0x00, 0x00, 0x00, 0x00, 0x00, 0x00, 0x00, 0x00, 0x00, 0x00, 0x00,
    0x00, 0x60, 0xAA, 0xAA, 0xAA, 0xAA, 0xAA, 0xAA, 0x8A, 0x00, 0xA0, 0xFF, 0xFF, 0xFF, 0xFF, 0xFF,
    0xFF, 0x5F, 0x00, 0xA0, 0xFF, 0xFF, 0xFF, 0xFF, 0xFF, 0xFF, 0x0A, 0x00, 0x20, 0x33, 0x33, 0x33,
    0x33, 0xFB, 0xEF, 0x01, 0x00, 0x00, 0x00, 0x00, 0x00, 0x30, 0xFF, 0x5F, 0x00, 0x00, 0x00, 0x00,
    0x00, 0x00, 0xD0, 0xFF, 0x0A, 0x00, 0x00, 0x00, 0x00, 0x00, 0x00, 0xF9, 0xEF, 0x01, 0x00, 0x00,
    0x00, 0x00, 0x00, 0x30, 0xFF, 0x5F, 0x00, 0x00, 0x00, 0x00, 0x00, 0x00, 0xD0, 0xFF, 0x0A, 0x00,
    0x00, 0x00, 0x00, 0x00, 0x00, 0xF9, 0xEF, 0x01, 0x00, 0x00, 0x00, 0x00, 0x00, 0x30, 0xFF, 0x5F,
    0x00, 0x00, 0x00, 0x00, 0x00, 0x00, 0xD0, 0xFF, 0x0A, 0x00, 0x00, 0x00, 0x00, 0x00, 0x00, 0xF8,
    0xEF, 0x01, 0x00, 0x00, 0x00, 0x00, 0x00, 0x30, 0xFF, 0x5F, 0x00, 0x00, 0x00, 0x00, 0x00, 0x00,
    0xD0, 0xFF, 0x0A, 0x00, 0x00, 0x00, 0x00, 0x00, 0x00, 0xF8, 0xFF, 0xDE, 0xDD, 0xDD, 0xDD, 0xBD,
    0x00, 0x30, 0xFF, 0xFF, 0xFF, 0xFF, 0xFF, 0xFF, 0xEF, 0x00, 0xD0, 0xFF, 0xFF, 0xFF, 0xFF, 0xFF,
    0xFF, 0xEF, 0x00, 0x00, 0x00, 0x00, 0x03, 0x00, 0x00, 0x00, 0x11, 0x00, 0x00, 0x00, 0x00, 0x00,
    0xCD, 0x03, 0x00, 0x81, 0x5F, 0x00, 0x00, 0x00, 0x00, 0x00, 0xFC, 0xBF, 0x73, 0xFE, 0x4F, 0x00,
    0x00, 0x00, 0x00, 0x00, 0xB1, 0xFF, 0xFF, 0xEF, 0x05, 0x00, 0x00, 0x00, 0x00, 0x00, 0x00, 0xF6,
    0xFF, 0x1B, 0x00, 0x00, 0x00, 0x00, 0x00, 0x00, 0x00, 0x20, 0x7C, 0x00, 0x00, 0x00, 0x00, 0x00,
    0x00, 0x00, 0x00, 0x00, 0x00, 0x00, 0x00, 0x00, 0x00, 0x00, 0x00, 0x00, 0x00, 0x00, 0x00, 0x00,
    0x00, 0x00, 0x00, 0x00, 0x33, 0x33, 0x33, 0x33, 0x33, 0x33, 0x33, 0x33, 0x13, 0x10, 0xFF, 0xFF,
    0xFF, 0xFF, 0xFF, 0xFF, 0xFF, 0xFF, 0x1F, 0x10, 0xFF, 0xFF, 0xFF, 0xFF, 0xFF, 0xFF, 0xFF, 0xFF,
    0x07, 0x00, 0xEE, 0xEE, 0xEE, 0xEE, 0xEE, 0xEE, 0xFF, 0xDF, 0x00, 0x00, 0x00, 0x00, 0x00, 0x00,
    0x00, 0x60, 0xFF, 0x3F, 0x00, 0x00, 0x00, 0x00, 0x00, 0x00, 0x00, 0xF1, 0xFF, 0x09, 0x00, 0x00,
    0x00, 0x00, 0x00, 0x00, 0x00, 0xFA, 0xEF, 0x01, 0x00, 0x00, 0x00, 0x00, 0x00, 0x00, 0x40, 0xFF,
    0x5F, 0x00, 0x00, 0x00, 0x00, 0x00, 0x00, 0x00, 0xD0, 0xFF, 0x0B, 0x00, 0x00, 0x00, 0x00, 0x00,
    0x00, 0x00, 0xF8, 0xFF, 0x02, 0x00, 0x00, 0x00, 0x00, 0x00, 0x00, 0x20, 0xFF, 0x8F, 0x00, 0x00,
    0x00, 0x00, 0x00, 0x00, 0x00, 0xB0, 0xFF, 0x0D, 0x00, 0x00, 0x00, 0x00, 0x00, 0x00, 0x00, 0xF5,
    0xFF, 0x04, 0x00, 0x00, 0x00, 0x00, 0x00, 0x00, 0x00, 0xFE, 0xAF, 0x00, 0x00, 0x00, 0x00, 0x00,
    0x00, 0x00, 0x90, 0xFF, 0x1E, 0x00, 0x00, 0x00, 0x00, 0x00, 0x00, 0x00, 0xF3, 0xFF, 0x06, 0x00,
    0x00, 0x00, 0x00, 0x00, 0x00, 0x00, 0xFC, 0xCF, 0x00, 0x00, 0x00, 0x00, 0x00, 0x00, 0x00, 0x60,
    0xFF, 0x2F, 0x00, 0x00, 0x00, 0x00, 0x00, 0x00, 0x00, 0xF1, 0xFF, 0x08, 0x00, 0x00, 0x00, 0x00,
    0x00, 0x00, 0x00, 0xFA, 0xEF, 0x00, 0x00, 0x00, 0x00, 0x00, 0x00, 0x00, 0x40, 0xFF, 0x4F, 0x00,
    0x00, 0x00, 0x00, 0x00, 0x00, 0x00, 0xD0, 0xFF, 0x0A, 0x00, 0x00, 0x00, 0x00, 0x00, 0x00, 0x00,
    0xF8, 0xFF, 0x13, 0x11, 0x11, 0x11, 0x11, 0x11, 0x01, 0x20, 0xFF, 0xFF, 0xFF, 0xFF, 0xFF, 0xFF,
    0xFF, 0xFF, 0x5F, 0xB0, 0xFF, 0xFF, 0xFF, 0xFF, 0xFF, 0xFF, 0xFF, 0xFF, 0x5F, 0xF5, 0xFF, 0xFF,
    0xFF, 0xFF, 0xFF, 0xFF, 0xFF, 0xFF, 0x5F, 0x00, 0x00, 0x00, 0x00, 0x00, 0x00, 0x00, 0x00, 0x00,
    0x00, 0x00, 0x6D, 0x00, 0x00, 0x20, 0x4C, 0x00, 0x00, 0x00, 0x00, 0xFE, 0x2B, 0x00, 0xF8, 0x4F,
    0x00, 0x00, 0x00, 0x00, 0xF4, 0xFF, 0xD8, 0xFF, 0x09, 0x00, 0x00, 0x00, 0x00, 0x30, 0xFE, 0xFF,
    0x7F, 0x00, 0x00, 0x00, 0x00, 0x00, 0x00, 0xD1, 0xFF, 0x05, 0x00, 0x00, 0x00, 0x00, 0x00, 0x00,
    0x00, 0x3A, 0x00, 0x00, 0x00, 0x00, 0x00, 0x00, 0x00, 0x00, 0x00, 0x00, 0x00, 0x00, 0x00, 0x00,
    0x00, 0x00, 0x00, 0x00, 0x00, 0x00, 0x00, 0x00, 0x60, 0xAA, 0xAA, 0xAA, 0xAA, 0xAA, 0xAA, 0x8A,
    0x00, 0xA0, 0xFF, 0xFF, 0xFF, 0xFF, 0xFF, 0xFF, 0x5F, 0x00, 0xA0, 0xFF, 0xFF, 0xFF, 0xFF, 0xFF,
    0xFF, 0x0A, 0x00, 0x20, 0x33, 0x33, 0x33, 0x33, 0xFB, 0xEF, 0x01, 0x00, 0x00, 0x00, 0x00, 0x00,
    0x30, 0xFF, 0x5F, 0x00, 0x00, 0x00, 0x00, 0x00, 0x00, 0xD0, 0xFF, 0x0A, 0x00, 0x00, 0x00, 0x00,
    0x00, 0x00, 0xF9, 0xEF, 0x01, 0x00, 0x00, 0x00, 0x00, 0x00, 0x30, 0xFF, 0x5F, 0x00, 0x00, 0x00,
    0x00, 0x00, 0x00, 0xD0, 0xFF, 0x0A, 0x00, 0x00, 0x00, 0x00, 0x00, 0x00, 0xF9, 0xEF, 0x01, 0x00,
    0x00, 0x00, 0x00, 0x00, 0x30, 0xFF, 0x5F, 0x00, 0x00, 0x00, 0x00, 0x00, 0x00, 0xD0, 0xFF, 0x0A,
    0x00, 0x00, 0x00, 0x00, 0x00, 0x00, 0xF8, 0xEF, 0x01, 0x00, 0x00, 0x00, 0x00, 0x00, 0x30, 0xFF,
    0x5F, 0x00, 0x00, 0x00, 0x00, 0x00, 0x00, 0xD0, 0xFF, 0x0A, 0x00, 0x00, 0x00, 0x00, 0x00, 0x00,
    0xF8, 0xFF, 0xDE, 0xDD, 0xDD, 0xDD, 0xBD, 0x00, 0x30, 0xFF, 0xFF, 0xFF, 0xFF, 0xFF, 0xFF, 0xEF,
    0x00, 0xD0, 0xFF, 0xFF, 0xFF, 0xFF, 0xFF, 0xFF, 0xEF, 0x00, 0xB0, 0xBB, 0x0A, 0xF0, 0xFF, 0x0E,
    0xF0, 0xFF, 0x0E, 0xF0, 0xFF, 0x0D, 0x10, 0xFE, 0x08, 0x30, 0xFF, 0x01, 0x90, 0xAF, 0x00, 0xD0,
    0x3F, 0x00, 0x31, 0x33, 0x33, 0x33, 0x33, 0x33, 0x33, 0x33, 0x33, 0x02, 0xF7, 0xFF, 0xFF, 0xFF,
    0xFF, 0xFF, 0xFF, 0xFF, 0xFF, 0x0A, 0xF7, 0xFF, 0xFF, 0xFF, 0xFF, 0xFF, 0xFF, 0xFF, 0xFF, 0x0A,
    0xE6, 0xEE, 0xEE, 0xEE, 0xFF, 0xEF, 0xEE, 0xEE, 0xEE, 0x09, 0x00, 0x00, 0x00, 0x10, 0xFF, 0x4F,
    0x00, 0x00, 0x00, 0x00, 0x00, 0x00, 0x00, 0x10, 0xFF, 0x4F, 0x00, 0x00, 0x00, 0x00, 0x00, 0x00,
    0x00, 0x10, 0xFF, 0x4F, 0x00, 0x00, 0x00, 0x00, 0x00, 0x00, 0x00, 0x10, 0xFF, 0x4F, 0x00, 0x00,
    0x00, 0x00, 0x00, 0x00, 0x00, 0x10, 0xFF, 0x4F, 0x00, 0x00, 0x00, 0x00, 0x00, 0x00, 0x00, 0x10,
    0xFF, 0x4F, 0x00, 0x00, 0x00, 0x00, 0x00, 0x00, 0x00, 0x10, 0xFF, 0x4F, 0x00, 0x00, 0x00, 0x00,
    0x00, 0x00, 0x00, 0x10, 0xFF, 0x4F, 0x00, 0x00, 0x00, 0x00, 0x00, 0x00, 0x00, 0x10, 0xFF, 0x4F,
    0x00, 0x00, 0x00, 0x00, 0x00, 0x00, 0x00, 0x10, 0xFF, 0x4F, 0x00, 0x00, 0x00, 0x00, 0x00, 0x00,
    0x00, 0x10, 0xFF, 0x4F, 0x00, 0x00, 0x00, 0x00, 0x00, 0x00, 0x00, 0x10, 0xFF, 0x4F, 0x00, 0x00,
    0x00, 0x00, 0x00, 0x00, 0x00, 0x10, 0xFF, 0x4F, 0x00, 0x00, 0x00, 0x00, 0x00, 0x00, 0x00, 0x10,
    0xFF, 0x4F, 0x00, 0x00, 0x00, 0x00, 0x00, 0x00, 0x00, 0x10, 0xFF, 0x4F, 0x00, 0x00, 0x00, 0x00,
    0x00, 0x00, 0x00, 0x10, 0xFF, 0x4F, 0x00, 0x00, 0x00, 0x00, 0x00, 0x00, 0x00, 0x10, 0xFF, 0x4F,
    0x00, 0x00, 0x00, 0x00, 0x00, 0x00, 0x00, 0x10, 0xFF, 0x4F, 0x00, 0x00, 0x00, 0x00, 0x00, 0x00,
    0x00, 0x10, 0xFF, 0x4F, 0x00, 0x00, 0x00, 0x00, 0x00, 0x00, 0x00, 0x10, 0xFF, 0x4F, 0x00, 0x00,
    0x00, 0x00, 0x00, 0x00, 0x00, 0x10, 0xFF, 0x4F, 0x00, 0x00, 0x00, 0x00, 0x00, 0x00, 0x00, 0x10,
    0xFF, 0x4F, 0x00, 0x00, 0x00, 0x00, 0x00, 0x00, 0x00, 0x00, 0x00, 0x00, 0x00, 0x00, 0x00, 0x00,
    0x00, 0x00, 0x00, 0x00, 0x00, 0x00, 0x00, 0x00, 0x00, 0x00, 0x00, 0x00, 0x00, 0x10, 0x88, 0x28,
    0x00, 0x00, 0x00, 0x00, 0x00, 0x00, 0x00, 0x20, 0xFF, 0x5F, 0x00, 0x00, 0x00, 0x00, 0x00, 0x00,
    0x00, 0x20, 0xFF, 0x5F, 0x00, 0x00, 0x00, 0x00, 0x00, 0x00, 0x00, 0x10, 0xBB, 0x3B, 0x00, 0x00,
    0x00, 0x00, 0x00, 0x00, 0x94, 0xFD, 0xEF, 0x7C, 0x00, 0x00, 0x00, 0x00, 0xC2, 0xFF, 0xFF, 0xFF,
    0xFF, 0x1D, 0x00, 0x00, 0x00, 0xF6, 0xFF, 0xEF, 0xFF, 0xFF, 0x9F, 0x00, 0x00, 0x00, 0xF4, 0x28,
    0x00, 0x20, 0xFB, 0xFF, 0x01, 0x00, 0x00, 0x20, 0x00, 0x00, 0x00, 0xF0, 0xFF, 0x04, 0x00, 0x00,
    0x00, 0x00, 0x00, 0x00, 0xB0, 0xFF, 0x07, 0x00, 0x00, 0x00, 0x00, 0x00, 0x00, 0xA0, 0xFF, 0x09,
    0x00, 0x00, 0x00, 0x20, 0xA6, 0xED, 0xFF, 0xFF, 0x0A, 0x00, 0x00, 0x30, 0xFC, 0xFF, 0xFF, 0xFF,
    0xFF, 0x0A, 0x00, 0x00, 0xF7, 0xFF, 0xAE, 0x56, 0xA3, 0xFF, 0x0A, 0x00, 0x50, 0xFF, 0x7F, 0x00,
    0x00, 0x90, 0xFF, 0x0A, 0x00, 0xD0, 0xFF, 0x08, 0x00, 0x00, 0x90, 0xFF, 0x0A, 0x00, 0xF1, 0xFF,
    0x03, 0x00, 0x00, 0x90, 0xFF, 0x0A, 0x00, 0xF2, 0xFF, 0x03, 0x00, 0x00, 0xB0, 0xFF, 0x0B, 0x00,
    0xF0, 0xFF, 0x07, 0x00, 0x00, 0xFA, 0xFF, 0x0D, 0x00, 0xA0, 0xFF, 0x8F, 0x44, 0xE8, 0xFF, 0xFF,
    0x9F, 0x03, 0x10, 0xFE, 0xFF, 0xFF, 0xFF, 0x2D, 0xFE, 0xFF, 0x0D, 0x00, 0xB1, 0xFF, 0xFF, 0x8F,
    0x00, 0xE3, 0xFF, 0x0A, 0x00, 0x00, 0x41, 0x45, 0x00, 0x00, 0x00, 0x53, 0x03, 0x00, 0x00, 0x00,
    0x00, 0x00, 0x00, 0x00, 0x00, 0x00, 0x00, 0x00, 0x00, 0x80, 0x88, 0x03, 0x00, 0x00, 0x00, 0x00,
    0x00, 0x00, 0xF1, 0xFF, 0x06, 0x00, 0x00, 0x00, 0x00, 0x00, 0x00, 0xF1, 0xFF, 0x06, 0x00, 0x00,
    0x00, 0x00, 0x00, 0x00, 0xB1, 0xBB, 0x04, 0x00, 0x00, 0x00, 0x00, 0x00, 0x00, 0x00, 0x00, 0x00,
    0x00, 0x00, 0x00, 0x00, 0x00, 0x00, 0x00, 0x00, 0x00, 0xC0, 0xFF, 0x09, 0x00, 0x00, 0x00, 0x00,
    0x00, 0x00, 0xF5, 0xBF, 0x00, 0x00, 0x00, 0x00, 0x00, 0x00, 0x00, 0xFE, 0x1D, 0x00, 0x00, 0x00,
    0x00, 0x00, 0x00, 0x70, 0xFF, 0x02, 0x00, 0x00, 0x00, 0x00, 0x50, 0x3C, 0x20, 0x13, 0x00, 0x00,
    0x00, 0x00, 0x00, 0xFA, 0xFF, 0x08, 0x00, 0x00, 0x00, 0x00, 0x00, 0xD3, 0xFF, 0xFF, 0xCF, 0x02,
    0x00, 0x00, 0x00, 0x20, 0xFF, 0x8F, 0xA3, 0xFF, 0x0F, 0x00, 0x00, 0x00, 0x20, 0x9F, 0x01, 0x00,
    0xA2, 0x0F, 0x00, 0x00, 0x00, 0x10, 0x02, 0x00, 0x00, 0x00, 0x03, 0x00, 0x00, 0x00, 0x00, 0x00,
    0x00, 0x00, 0x00, 0x00, 0x00, 0x00, 0x00, 0x00, 0x94, 0xFD, 0xEF, 0x7C, 0x00, 0x00, 0x00, 0x00,
    0xC2, 0xFF, 0xFF, 0xFF, 0xFF, 0x1D, 0x00, 0x00, 0x00, 0xF6, 0xFF, 0xEF, 0xFF, 0xFF, 0x9F, 0x00,
    0x00, 0x00, 0xF4, 0x28, 0x00, 0x20, 0xFB, 0xFF, 0x01, 0x00, 0x00, 0x20, 0x00, 0x00, 0x00, 0xF0,
    0xFF, 0x04, 0x00, 0x00, 0x00, 0x00, 0x00, 0x00, 0xB0, 0xFF, 0x07, 0x00, 0x00, 0x00, 0x00, 0x00,
    0x00, 0xA0, 0xFF, 0x09, 0x00, 0x00, 0x00, 0x20, 0xA6, 0xED, 0xFF, 0xFF, 0x0A, 0x00, 0x00, 0x30,
    0xFC, 0xFF, 0xFF, 0xFF, 0xFF, 0x0A, 0x00, 0x00, 0xF7, 0xFF, 0xAE, 0x56, 0xA3, 0xFF, 0x0A, 0x00,
    0x50, 0xFF, 0x7F, 0x00, 0x00, 0x90, 0xFF, 0x0A, 0x00, 0xD0, 0xFF, 0x08, 0x00, 0x00, 0x90, 0xFF,
    0x0A, 0x00, 0xF1, 0xFF, 0x03, 0x00, 0x00, 0x90, 0xFF, 0x0A, 0x00, 0xF2, 0xFF, 0x03, 0x00, 0x00,
    0xB0, 0xFF, 0x0B, 0x00, 0xF0, 0xFF, 0x07, 0x00, 0x00, 0xFA, 0xFF, 0x0D, 0x00, 0xA0, 0xFF, 0x8F,
    0x44, 0xE8, 0xFF, 0xFF, 0x9F, 0x03, 0x10, 0xFE, 0xFF, 0xFF, 0xFF, 0x2D, 0xFE, 0xFF, 0x0D, 0x00,
    0xB1, 0xFF, 0xFF, 0x8F, 0x00, 0xE3, 0xFF, 0x0A, 0x00, 0x00, 0x41, 0x45, 0x00, 0x00, 0x00, 0x53,
    0x03, 0xCC, 0xCC, 0xCC, 0xCC, 0xCC, 0xCC, 0xCC, 0xCC, 0xCC, 0x6C, 0xFF, 0xFF, 0xFF, 0xFF, 0xFF,
    0xFF, 0xFF, 0xFF, 0xFF, 0x9F, 0xFF, 0xFF, 0xFF, 0xFF, 0xFF, 0xFF, 0xFF, 0xFF, 0xFF, 0x9F, 0x55,
    0x55, 0x55, 0x55, 0x55, 0x55, 0x55, 0x55, 0x55, 0x35, 0xCC, 0xCC, 0xCC, 0xCC, 0xCC, 0xCC, 0xCC,
    0xCC, 0xCC, 0xCC, 0xCC, 0xCC, 0x9C, 0xFF, 0xFF, 0xFF, 0xFF, 0xFF, 0xFF, 0xFF, 0xFF, 0xFF, 0xFF,
    0xFF, 0xFF, 0xCF, 0xFF, 0xFF, 0xFF, 0xFF, 0xFF, 0xFF, 0xFF, 0xFF, 0xFF, 0xFF, 0xFF, 0xFF, 0xCF,
    0x55, 0x55, 0x55, 0x55, 0x55, 0x55, 0x55, 0x55, 0x55, 0x55, 0x55, 0x55, 0x45, 0x30, 0xBD, 0xA0,
    0x8F, 0xF2, 0x3F, 0xF8, 0x0D, 0xFE, 0xFF, 0xFF, 0xFF, 0xFF, 0xFF, 0xDC, 0xCD, 0xDB, 0xDD, 0xFE,
    0xFF, 0xFE, 0xFF, 0xFE, 0xFF, 0xC0, 0x9F, 0xF2, 0x2F, 0xF7, 0x0B, 0xDA, 0x04, 0x30, 0xBD, 0x00,
    0x70, 0x8D, 0xA0, 0x8F, 0x00, 0xE0, 0x4F, 0xF2, 0x3F, 0x00, 0xF5, 0x0E, 0xF8, 0x0D, 0x00, 0xFC,
    0x09, 0xFE, 0xFF, 0x20, 0xFF, 0xBF, 0xFF, 0xFF, 0x30, 0xFF, 0xBF, 0xFF, 0xFF, 0x30, 0xFF, 0xBF,
    0xDC, 0xCD, 0x20, 0xDD, 0x8D, 0xDB, 0xDD, 0x10, 0xDD, 0x9D, 0xFE, 0xFF, 0x20, 0xFF, 0xCF, 0xFE,
    0xFF, 0x20, 0xFF, 0xCF, 0xFE, 0xFF, 0x20, 0xFF, 0xBF, 0xC0, 0x9F, 0x00, 0xF1, 0x5F, 0xF2, 0x2F,
    0x00, 0xF6, 0x0E, 0xF7, 0x0B, 0x00, 0xFB, 0x07, 0xDA, 0x04, 0x00, 0xDD, 0x01, 0xD2, 0xDD, 0x08,
    0x10, 0xDD, 0xAD, 0x00, 0xC0, 0xDD, 0x0C, 0xF3, 0xFF, 0x0B, 0x10, 0xFF, 0xDF, 0x00, 0xF0, 0xFF,
    0x0F, 0xF3, 0xFF, 0x0B, 0x10, 0xFF, 0xDF, 0x00, 0xF0, 0xFF, 0x0F, 0xF3, 0xFF, 0x0B, 0x10, 0xFF,
    0xDF, 0x00, 0xF0, 0xFF, 0x0F,
};

const GFXglyph FontLargeGlyphs[] = {
    { 0, 0, 8, 0, 0, 0, 0 },
    { 5, 26, 9, 2, 26, 0, 0 },
    { 10, 9, 12, 1, 26, 0, 78 },
    { 24, 27, 25, 1, 26, 0, 123 },
    { 19, 37, 21, 1, 31, 0, 447 },
    { 30, 27, 32, 1, 26, 0, 817 },
    { 21, 27, 22, 1, 26, 0, 1222 },
    { 4, 9, 6, 1, 26, 0, 1519 },
    { 9, 32, 11, 2, 27, 0, 1537 },
    { 8, 32, 11, 1, 27, 0, 1697 },
    { 14, 14, 15, 1, 27, 0, 1825 },
    { 14, 14, 16, 1, 17, 0, 1923 },
    { 4, 8, 8, 2, 4, 0, 2021 },
    { 12, 4, 15, 2, 13, 0, 2037 },
    { 5, 4, 7, 1, 4, 0, 2061 },
    { 14, 30, 12, -1, 26, 0, 2073 },
    { 23, 27, 25, 1, 26, 0, 2283 },
    { 8, 26, 12, 1, 26, 0, 2607 },
    { 15, 26, 19, 2, 26, 0, 2711 },
    { 17, 27, 19, 1, 26, 0, 2919 },
    { 20, 26, 21, 0, 26, 0, 3162 },
    { 17, 27, 19, 1, 26, 0, 3422 },
    { 17, 27, 20, 2, 26, 0, 3665 },
    { 17, 26, 18, 1, 26, 0, 3908 },
    { 18, 27, 22, 2, 26, 0, 4142 },
    { 18, 26, 20, 1, 26, 0, 4385 },
    { 5, 18, 7, 1, 18, 0, 4619 },
    { 4, 22, 8, 2, 18, 0, 4673 },
    { 14, 16, 15, 1, 18, 0, 4717 },
    { 14, 10, 16, 1, 15, 0, 4829 },
    { 14, 16, 15, 0, 18, 0, 4899 },
    { 13, 26, 17, 2, 26, 0, 5011 },
    { 24, 24, 26, 1, 20, 0, 5193 },
    { 22, 26, 22, 0, 26, 0, 5481 },
    { 19, 26, 21, 2, 26, 0, 5767 },
    { 20, 27, 22, 1, 26, 0, 6027 },
    { 23, 26, 26, 2, 26, 0, 6297 },
    { 17, 26, 20, 2, 26, 0, 6609 },
    { 17, 26, 19, 2, 26, 0, 6843 },
    { 22, 27, 24, 1, 26, 0, 7077 },
    { 21, 26, 25, 2, 26, 0, 7374 },
    { 5, 26, 9, 2, 26, 0, 7660 },
    { 8, 33, 9, -1, 26, 0, 7738 },
    { 19, 26, 20, 2, 26, 0, 7870 },
    { 16, 26, 18, 2, 26, 0, 8130 },
    { 27, 26, 29, 1, 26, 0, 8338 },
    { 21, 26, 25, 2, 26, 0, 8702 },
    { 26, 27, 28, 1, 26, 0, 8988 },
    { 18, 26, 21, 2, 26, 0, 9339 },
    { 26, 27, 28, 1, 26, 0, 9573 },
    { 20, 26, 22, 2, 26, 0, 9924 },
    { 19, 27, 21, 1, 26, 0, 10184 },
    { 19, 26, 19, 0, 26, 0, 10454 },
    { 22, 27, 26, 2, 26, 0, 10714 },
    { 22, 26, 22, 0, 26, 0, 11011 },
    { 34, 26, 34, 0, 26, 0, 11297 },
    { 22, 26, 21, 0, 26, 0, 11739 },
    { 22, 26, 20, -1, 26, 0, 12025 },
    { 20, 26, 20, 0, 26, 0, 12311 },
    { 10, 32, 12, 2, 27, 0, 12571 },
    { 13, 30, 11, -1, 26, 0, 12731 },
    { 10, 32, 12, 0, 27, 0, 12941 },
    { 16, 13, 18, 1, 28, 0, 13101 },
    { 21, 4, 20, 0, -1, 0, 13205 },
    { 7, 7, 17, 5, 27, 0, 13249 },
    { 17, 19, 17, 0, 18, 0, 13277 },
    { 17, 28, 20, 2, 27, 0, 13448 },
    { 15, 19, 16, 1, 18, 0, 13700 },
    { 17, 28, 20, 1, 27, 0, 13852 },
    { 17, 19, 18, 1, 18, 0, 14104 },
    { 12, 27, 12, 0, 27, 0, 14275 },
    { 19, 27, 18, 0, 18, 0, 14437 },
    { 16, 27, 20, 2, 27, 0, 14707 },
    { 4, 26, 8, 2, 26, 0, 14923 },
    { 7, 35, 8, -1, 26, 0, 14975 },
    { 15, 27, 16, 2, 27, 0, 15115 },
    { 7, 28, 9, 2, 27, 0, 15331 },
    { 28, 18, 32, 2, 18, 0, 15443 },
    { 17, 18, 20, 2, 18, 0, 15695 },
    { 18, 19, 20, 1, 18, 0, 15857 },
    { 17, 27, 20, 2, 18, 0, 16028 },
    { 17, 27, 20, 1, 18, 0, 16271 },
    { 10, 18, 11, 2, 18, 0, 16514 },
    { 13, 19, 15, 1, 18, 0, 16604 },
    { 12, 24, 12, 0, 23, 0, 16737 },
    { 15, 19, 19, 2, 18, 0, 16881 },
    { 18, 18, 18, 0, 18, 0, 17033 },
    { 26, 18, 26, 0, 18, 0, 17195 },
    { 17, 18, 17, 0, 18, 0, 17429 },
    { 18, 27, 18, 0, 18, 0, 17591 },
    { 17, 18, 17, 0, 18, 0, 17834 },
    { 12, 32, 11, 0, 27, 0, 17996 },
    { 4, 35, 8, 2, 27, 0, 18188 },
    { 11, 32, 11, 0, 27, 0, 18258 },
    { 14, 6, 17, 1, 16, 0, 18450 },
    { 0, 0, 8, 0, 0, 0, 18492 },
    { 5, 26, 9, 2, 18, 0, 18492 },
    { 15, 29, 16, 1, 23, 0, 18570 },
    { 17, 26, 19, 1, 26, 0, 18802 },
    { 21, 21, 25, 2, 23, 0, 19036 },
    { 22, 26, 20, -1, 26, 0, 19267 },
    { 4, 35, 8, 2, 27, 0, 19553 },
    { 15, 31, 16, 1, 27, 0, 19623 },
    { 11, 4, 17, 3, 25, 0, 19871 },
    { 24, 24, 26, 1, 25, 0, 19895 },
    { 11, 12, 13, 1, 27, 0, 20183 },
    { 20, 16, 21, 0, 18, 0, 20255 },
    { 17, 10, 19, 1, 15, 0, 20415 },
    { 12, 4, 16, 2, 13, 0, 20505 },
    { 24, 24, 26, 1, 25, 0, 20529 },
    { 13, 3, 19, 3, 24, 0, 20817 },
    { 11, 11, 10, 0, 28, 0, 20838 },
    { 13, 17, 17, 2, 19, 0, 20904 },
    { 10, 14, 12, 1, 28, 0, 21023 },
    { 10, 15, 13, 1, 28, 0, 21093 },
    { 7, 7, 17, 5, 27, 0, 21168 },
    { 19, 27, 22, 2, 18, 0, 21196 },
    { 20, 26, 22, 1, 26, 0, 21466 },
    { 5, 6, 9, 2, 13, 0, 21726 },
    { 8, 9, 14, 3, 0, 0, 21744 },
    { 6, 14, 9, 1, 28, 0, 21780 },
    { 12, 12, 13, 1, 27, 0, 21822 },
    { 20, 16, 21, 1, 18, 0, 21894 },
    { 21, 26, 23, 1, 26, 0, 22054 },
    { 23, 26, 24, 1, 26, 0, 22340 },
    { 23, 26, 25, 1, 26, 0, 22652 },
    { 13, 26, 14, 1, 18, 0, 22964 },
    { 22, 34, 22, 0, 34, 0, 23146 },
    { 22, 34, 22, 0, 34, 0, 23520 },
    { 22, 33, 22, 0, 33, 0, 23894 },
    { 22, 33, 22, 0, 33, 0, 24257 },
    { 22, 32, 22, 0, 32, 0, 24620 },
    { 22, 35, 22, 0, 35, 0, 24972 },
    { 31, 26, 31, -1, 26, 0, 25357 },
    { 20, 35, 22, 1, 26, 0, 25773 },
    { 17, 34, 20, 2, 34, 0, 26123 },
    { 17, 34, 20, 2, 34, 0, 26429 },
    { 17, 33, 20, 2, 33, 0, 26735 },
    { 17, 32, 20, 2, 32, 0, 27032 },
    { 7, 34, 9, 1, 34, 0, 27320 },
    { 7, 34, 9, 1, 34, 0, 27456 },
    { 10, 33, 9, 0, 33, 0, 27592 },
    { 11, 32, 9, -1, 32, 0, 27757 },
    { 25, 26, 26, 0, 26, 0, 27949 },
    { 21, 33, 25, 2, 33, 0, 28287 },
    { 26, 35, 28, 1, 34, 0, 28650 },
    { 26, 35, 28, 1, 34, 0, 29105 },
    { 26, 34, 28, 1, 33, 0, 29560 },
    { 26, 34, 28, 1, 33, 0, 30002 },
    { 26, 33, 28, 1, 32, 0, 30444 },
    { 13, 14, 15, 1, 17, 0, 30873 },
    { 26, 29, 28, 1, 27, 0, 30971 },
    { 22, 35, 26, 2, 34, 0, 31348 },
    { 22, 35, 26, 2, 34, 0, 31733 },
    { 22, 34, 26, 2, 33, 0, 32118 },
    { 22, 33, 26, 2, 32, 0, 32492 },
    { 22, 34, 20, -1, 34, 0, 32855 },
    { 18, 26, 21, 2, 26, 0, 33229 },
    { 20, 29, 21, 0, 28, 0, 33463 },
    { 17, 28, 17, 0, 27, 0, 33753 },
    { 17, 28, 17, 0, 27, 0, 34005 },
    { 17, 28, 17, 0, 27, 0, 34257 },
    { 17, 27, 17, 0, 26, 0, 34509 },
    { 17, 26, 17, 0, 25, 0, 34752 },
    { 17, 29, 17, 0, 28, 0, 34986 },
    { 27, 19, 28, 0, 18, 0, 35247 },
    { 15, 27, 16, 1, 18, 0, 35513 },
    { 17, 28, 18, 1, 27, 0, 35729 },
    { 17, 28, 18, 1, 27, 0, 35981 },
    { 17, 28, 18, 1, 27, 0, 36233 },
    { 17, 26, 18, 1, 25, 0, 36485 },
    { 8, 27, 8, 0, 27, 0, 36719 },
    { 8, 27, 8, 0, 27, 0, 36827 },
    { 10, 27, 8, -1, 27, 0, 36935 },
    { 11, 25, 8, -2, 25, 0, 37070 },
    { 17, 27, 19, 1, 26, 0, 37220 },
    { 17, 26, 20, 2, 26, 0, 37463 },
    { 18, 28, 20, 1, 27, 0, 37697 },
    { 18, 28, 20, 1, 27, 0, 37949 },
    { 18, 28, 20, 1, 27, 0, 38201 },
    { 18, 27, 20, 1, 26, 0, 38453 },
    { 18, 26, 20, 1, 25, 0, 38696 },
    { 15, 17, 17, 1, 19, 0, 38930 },
    { 18, 22, 20, 1, 20, 0, 39066 },
    { 15, 28, 19, 2, 27, 0, 39264 },
    { 15, 28, 19, 2, 27, 0, 39488 },
    { 15, 28, 19, 2, 27, 0, 39712 },
    { 15, 26, 19, 2, 25, 0, 39936 },
    { 18, 36, 18, 0, 27, 0, 40144 },
    { 18, 36, 21, 2, 27, 0, 40468 },
    { 18, 34, 18, 0, 25, 0, 40792 },
    { 17, 25, 17, 0, 24, 0, 41098 },
    { 18, 26, 17, 0, 18, 0, 41323 },
    { 20, 35, 22, 1, 34, 0, 41557 },
    { 15, 28, 16, 1, 27, 0, 41907 },
    { 18, 25, 18, 1, 18, 0, 42131 },
    { 13, 26, 8, -3, 26, 0, 42356 },
    { 13, 32, 9, -2, 32, 0, 42538 },
    { 12, 24, 8, -2, 24, 0, 42762 },
    { 4, 18, 8, 2, 18, 0, 42906 },
    { 10, 28, 9, -1, 27, 0, 42942 },
    { 21, 34, 25, 2, 34, 0, 43082 },
    { 17, 27, 20, 2, 27, 0, 43456 },
    { 26, 33, 28, 1, 32, 0, 43699 },
    { 18, 25, 20, 1, 24, 0, 44128 },
    { 31, 19, 32, 1, 18, 0, 44353 },
    { 13, 28, 15, 1, 27, 0, 44657 },
    { 13, 28, 15, 1, 27, 0, 44853 },
    { 15, 27, 19, 2, 26, 0, 45049 },
    { 22, 33, 26, 2, 32, 0, 45265 },
    { 15, 25, 19, 2, 24, 0, 45628 },
    { 22, 34, 26, 2, 33, 0, 45828 },
    { 15, 27, 19, 2, 26, 0, 46202 },
    { 17, 25, 17, 0, 25, 0, 46418 },
    { 20, 34, 20, 0, 34, 0, 46643 },
    { 17, 27, 17, 0, 27, 0, 46983 },
    { 5, 8, 8, 1, 25, 0, 47226 },
    { 19, 32, 19, 0, 26, 0, 47250 },
    { 17, 24, 17, 0, 18, 0, 47570 },
    { 18, 31, 17, 0, 30, 0, 47786 },
    { 20, 4, 20, 0, 13, 0, 48065 },
    { 26, 4, 26, 0, 13, 0, 48105 },
    { 4, 8, 7, 2, 25, 0, 48157 },
    { 4, 8, 7, 1, 25, 0, 48173 },
    { 10, 8, 13, 2, 25, 0, 48189 },
    { 10, 8, 13, 1, 25, 0, 48229 },
    { 19, 4, 22, 1, 4, 0, 48269 },
};

const UnicodeInterval FontLargeIntervals[] = {
    { 0x20, 0x7E, 0x0 },
    { 0xA0, 0xFF, 0x5F },
    { 0x101, 0x101, 0xBF },
    { 0x105, 0x107, 0xC0 },
    { 0x119, 0x119, 0xC3 },
    { 0x129, 0x12B, 0xC4 },
    { 0x131, 0x131, 0xC7 },
    { 0x142, 0x144, 0xC8 },
    { 0x14C, 0x14D, 0xCB },
    { 0x153, 0x153, 0xCD },
    { 0x15B, 0x15B, 0xCE },
    { 0x161, 0x161, 0xCF },
    { 0x169, 0x16D, 0xD0 },
    { 0x17C, 0x17E, 0xD5 },
    { 0x2BC, 0x2BC, 0xD8 },
    { 0x1E6C, 0x1E6C, 0xD9 },
    { 0x1EA1, 0x1EA1, 0xDA },
    { 0x1EA5, 0x1EA5, 0xDB },
    { 0x2013, 0x2014, 0xDC },
    { 0x2018, 0x2019, 0xDE },
    { 0x201C, 0x201D, 0xE0 },
    { 0x2026, 0x2026, 0xE2 },
};

const GFXfont FontLarge = {
    (uint8_t *)FontLargeBitmaps,
    (GFXglyph *)FontLargeGlyphs,
    (UnicodeInterval *)FontLargeIntervals,
    22,
    false,
    44,
    35,
    -9,
};
