// Generated by firmware/tools/fontconvert.py - do not edit.
#pragma once
#include "epd_driver.h"

const uint8_t FontBodyBoldBitmaps[23918] = {
    0xF5, 0xFF, 0x08, 0xF4, 0xFF, 0x08, 0xF4, 0xFF, 0x07, 0xF3, 0xFF, 0x06, 0xF3, 0xFF, 0x06, 0xF2,
    0xFF, 0x05, 0xF2, 0xFF, 0x05, 0xF1, 0xFF, 0x04, 0xF1, 0xFF, 0x04, 0xF0, 0xFF, 0x03, 0xF0, 0xFF,
    0x03, 0xF0, 0xFF, 0x02, 0xF0, 0xFF, 0x02, 0x00, 0x00, 0x00, 0x00, 0x00, 0x00, 0xA0, 0xCF, 0x01,
    0xF5, 0xFF, 0x09, 0xF5, 0xFF, 0x09, 0xA0, 0xCF, 0x01, 0xF3, 0x5F, 0xF1, 0x7F, 0xF3, 0x5F, 0xF1,
    0x7F, 0xF3, 0x4F, 0xF1, 0x6F, 0xF3, 0x2F, 0xF1, 0x4F, 0xF3, 0x1F, 0xF1, 0x3F, 0xF3, 0x0F, 0xF1,
    0x1F, 0xF3, 0x0E, 0xF1, 0x0F, 0x00, 0x00, 0x20, 0xFF, 0x02, 0xF5, 0x0F, 0x00, 0x00, 0x00, 0x40,
    0xFF, 0x00, 0xF8, 0x0C, 0x00, 0x00, 0x00, 0x70, 0xDF, 0x00, 0xFB, 0x09, 0x00, 0x00, 0x00, 0xA0,
    0xAF, 0x00, 0xFD, 0x06, 0x00, 0x00, 0x00, 0xC0, 0x7F, 0x00, 0xFF, 0x04, 0x00, 0x00, 0x22, 0xF2,
    0x6F, 0x52, 0xFF, 0x23, 0x02, 0x40, 0xFF, 0xFF, 0xFF, 0xFF, 0xFF, 0xFF, 0x0E, 0x40, 0xFF, 0xFF,
    0xFF, 0xFF, 0xFF, 0xFF, 0x0E, 0x00, 0x00, 0xF7, 0x0C, 0xB0, 0x9F, 0x00, 0x00, 0x00, 0x00, 0xFA,
    0x0A, 0xE0, 0x6F, 0x00, 0x00, 0x00, 0x00, 0xFD, 0x07, 0xF1, 0x3F, 0x00, 0x00, 0xF4, 0xFF, 0xFF,
    0xFF, 0xFF, 0xFF, 0xFF, 0x00, 0xF4, 0xFF, 0xFF, 0xFF, 0xFF, 0xFF, 0xFF, 0x00, 0x20, 0x72, 0xFF,
    0x22, 0xFA, 0x2C, 0x22, 0x00, 0x00, 0x80, 0xCF, 0x00, 0xFB, 0x08, 0x00, 0x00, 0x00, 0xA0, 0xAF,
    0x00, 0xFE, 0x06, 0x00, 0x00, 0x00, 0xD0, 0x7F, 0x10, 0xFF, 0x03, 0x00, 0x00, 0x00, 0xF0, 0x4F,
    0x40, 0xFF, 0x00, 0x00, 0x00, 0x00, 0xF2, 0x1F, 0x60, 0xDF, 0x00, 0x00, 0x00, 0x00, 0x00, 0x10,
    0xEF, 0x00, 0x00, 0x00, 0x00, 0x00, 0x10, 0xEF, 0x00, 0x00, 0x00, 0x00, 0x00, 0x10, 0xEF, 0x00,
    0x00, 0x00, 0x00, 0x40, 0xEA, 0xFF, 0x7C, 0x00, 0x00, 0x00, 0xF9, 0xFF, 0xFF, 0xFF, 0x2D, 0x00,
    0x60, 0xFF, 0xFF, 0xFE, 0xFF, 0xCF, 0x00, 0xE0, 0xFF, 0x2F, 0x00, 0xFB, 0xFF, 0x04, 0xF1, 0xFF,
    0x09, 0x00, 0xF2, 0xFF, 0x09, 0xF1, 0xFF, 0x08, 0x00, 0xF0, 0xFF, 0x0B, 0xF0, 0xFF, 0x0D, 0x00,
    0x00, 0x00, 0x00, 0xA0, 0xFF, 0xDF, 0x05, 0x00, 0x00, 0x00, 0x10, 0xFD, 0xFF, 0xEF, 0x07, 0x00,
    0x00, 0x00, 0xA1, 0xFF, 0xFF, 0xEF, 0x05, 0x00, 0x00, 0x00, 0xA2, 0xFF, 0xFF, 0x7F, 0x00, 0x00,
    0x00, 0x00, 0x71, 0xFF, 0xFF, 0x03, 0x00, 0x00, 0x00, 0x00, 0xF5, 0xFF, 0x09, 0xFC, 0xDF, 0x00,
    0x00, 0xF0, 0xFF, 0x0B, 0xFB, 0xFF, 0x01, 0x00, 0xF0, 0xFF, 0x0A, 0xF6, 0xFF, 0x1B, 0x00, 0xF9,
    0xFF, 0x07, 0xD0, 0xFF, 0xFF, 0xFE, 0xFF, 0xEF, 0x01, 0x20, 0xFD, 0xFF, 0xFF, 0xFF, 0x4E, 0x00,
    0x00, 0x60, 0xFB, 0xFF, 0x8C, 0x01, 0x00, 0x00, 0x00, 0x50, 0xAF, 0x00, 0x00, 0x00, 0x00, 0x00,
    0x50, 0xAF, 0x00, 0x00, 0x00, 0x20, 0xFA, 0xDF, 0x06, 0x00, 0x00, 0x00, 0x00, 0x00, 0xE1, 0xFF,
    0xFF, 0x7F, 0x00, 0x00, 0x00, 0x00, 0x00, 0xF8, 0x4F, 0xB1, 0xFF, 0x00, 0x20, 0x5D, 0x00, 0x00,
    0xFB, 0x0B, 0x40, 0xFF, 0x03, 0xB0, 0x9F, 0x00, 0x00, 0xFC, 0x0A, 0x30, 0xFF, 0x03, 0xF6, 0x1E,
    0x00, 0x00, 0xFB, 0x0B, 0x40, 0xFF, 0x13, 0xFE, 0x05, 0x00, 0x00, 0xF8, 0x4F, 0xB1, 0xFF, 0xA0,
    0xBF, 0x00, 0x00, 0x00, 0xE1, 0xFF, 0xFF, 0x7F, 0xF4, 0x2F, 0x00, 0x00, 0x00, 0x20, 0xFA, 0xDF,
    0x06, 0xFD, 0x07, 0x00, 0x00, 0x00, 0x00, 0x00, 0x00, 0x80, 0xDF, 0x00, 0x00, 0x00, 0x00, 0x00,
    0x00, 0x00, 0xF2, 0x3F, 0xB3, 0xFF, 0x4C, 0x00, 0x00, 0x00, 0x00, 0xFB, 0x29, 0xFF, 0xFF, 0xFF,
    0x04, 0x00, 0x00, 0x60, 0xEF, 0xA1, 0xEF, 0x23, 0xFD, 0x0D, 0x00, 0x00, 0xE1, 0x5F, 0xE0, 0x9F,
    0x00, 0xF6, 0x0F, 0x00, 0x00, 0xFA, 0x0B, 0xF0, 0x8F, 0x00, 0xF5, 0x1F, 0x00, 0x40, 0xFF, 0x02,
    0xE0, 0x9F, 0x00, 0xF5, 0x0F, 0x00, 0x70, 0x7F, 0x00, 0xA0, 0xFF, 0x13, 0xFC, 0x0D, 0x00, 0x00,
    0x02, 0x00, 0x20, 0xFF, 0xFF, 0xFF, 0x05, 0x00, 0x00, 0x00, 0x00, 0x00, 0xB3, 0xFF, 0x4C, 0x00,
    0x00, 0x00, 0xA2, 0xFE, 0xAE, 0x02, 0x00, 0x00, 0x00, 0x00, 0x40, 0xFF, 0xFF, 0xFF, 0x3F, 0x00,
    0x00, 0x00, 0x00, 0xE0, 0xFF, 0xEF, 0xFF, 0xDF, 0x00, 0x00, 0x00, 0x00, 0xF5, 0xFF, 0x03, 0xF3,
    0xFF, 0x02, 0x00, 0x00, 0x00, 0xF7, 0xCF, 0x00, 0xD0, 0xFF, 0x03, 0x00, 0x00, 0x00, 0xF7, 0xEF,
    0x00, 0xF1, 0xFF, 0x00, 0x00, 0x00, 0x00, 0xF2, 0xFF, 0x36, 0xFD, 0x8F, 0x00, 0x00, 0x00, 0x00,
    0xA0, 0xFF, 0xFF, 0xFF, 0x0B, 0x00, 0x00, 0x00, 0x00, 0x10, 0xFE, 0xFF, 0x8F, 0x00, 0x00, 0x00,
    0x00, 0x00, 0x80, 0xFF, 0xFF, 0x0D, 0x00, 0x00, 0x00, 0x00, 0x00, 0xFA, 0xFF, 0xFF, 0xAF, 0x00,
    0xF7, 0xAF, 0x00, 0x70, 0xFF, 0x7F, 0xFA, 0xFF, 0x07, 0xF9, 0x9F, 0x00, 0xE0, 0xFF, 0x0C, 0xC0,
    0xFF, 0x5F, 0xFE, 0x6F, 0x00, 0xF1, 0xFF, 0x09, 0x10, 0xFE, 0xFF, 0xFF, 0x2F, 0x00, 0xF0, 0xFF,
    0x0B, 0x00, 0xF3, 0xFF, 0xFF, 0x0B, 0x00, 0xC0, 0xFF, 0x6F, 0x00, 0xB1, 0xFF, 0xFF, 0x02, 0x00,
    0x50, 0xFF, 0xFF, 0xEE, 0xFF, 0xFF, 0xFF, 0x0A, 0x00, 0x00, 0xF7, 0xFF, 0xFF, 0xFF, 0xEF, 0xFF,
    0x8F, 0x00, 0x00, 0x30, 0xEA, 0xFF, 0xAD, 0x04, 0xFC, 0xFF, 0x05, 0xF3, 0x7F, 0xF3, 0x7F, 0xF3,
    0x7F, 0xF3, 0x5F, 0xF3, 0x4F, 0xF3, 0x3F, 0xF3, 0x2F, 0x00, 0x00, 0x20, 0x1C, 0x00, 0x00, 0xF3,
    0x6F, 0x00, 0x20, 0xFF, 0x2E, 0x00, 0xC0, 0xFF, 0x03, 0x00, 0xF6, 0x8F, 0x00, 0x00, 0xFD, 0x1F,
    0x00, 0x40, 0xFF, 0x0A, 0x00, 0x90, 0xFF, 0x05, 0x00, 0xD0, 0xFF, 0x01, 0x00, 0xF1, 0xEF, 0x00,
    0x00, 0xF3, 0xCF, 0x00, 0x00, 0xF5, 0xBF, 0x00, 0x00, 0xF6, 0xAF, 0x00, 0x00, 0xF6, 0xAF, 0x00,
    0x00, 0xF6, 0xAF, 0x00, 0x00, 0xF5, 0xBF, 0x00, 0x00, 0xF3, 0xCF, 0x00, 0x00, 0xF1, 0xEF, 0x00,
    0x00, 0xD0, 0xFF, 0x01, 0x00, 0x90, 0xFF, 0x05, 0x00, 0x40, 0xFF, 0x0A, 0x00, 0x00, 0xFD, 0x1F,
    0x00, 0x00, 0xF6, 0x8F, 0x00, 0x00, 0xC0, 0xFF, 0x02, 0x00, 0x20, 0xFF, 0x1D, 0x00, 0x00, 0xF3,
    0x6F, 0x00, 0x00, 0x20, 0x1C, 0xC0, 0x03, 0x00, 0x00, 0xF5, 0x5F, 0x00, 0x00, 0xD1, 0xFF, 0x04,
    0x00, 0x20, 0xFF, 0x1E, 0x00, 0x00, 0xF7, 0x8F, 0x00, 0x00, 0xE0, 0xFF, 0x01, 0x00, 0x90, 0xFF,
    0x07, 0x00, 0x40, 0xFF, 0x0D, 0x00, 0x00, 0xFF, 0x1F, 0x00, 0x00, 0xFD, 0x5F, 0x00, 0x00, 0xFB,
    0x8F, 0x00, 0x00, 0xF9, 0x9F, 0x00, 0x00, 0xF9, 0xAF, 0x00, 0x00, 0xF9, 0xBF, 0x00, 0x00, 0xF9,
    0xAF, 0x00, 0x00, 0xF9, 0x9F, 0x00, 0x00, 0xFB, 0x8F, 0x00, 0x00, 0xFD, 0x5F, 0x00, 0x00, 0xFF,
    0x1F, 0x00, 0x40, 0xFF, 0x0D, 0x00, 0x80, 0xFF, 0x07, 0x00, 0xE0, 0xFF, 0x01, 0x00, 0xF7, 0x9F,
    0x00, 0x10, 0xFF, 0x1E, 0x00, 0xC1, 0xFF, 0x04, 0x00, 0xF5, 0x5F, 0x00, 0x00, 0xC0, 0x03, 0x00,
    0x00, 0x00, 0x00, 0xF2, 0x4F, 0x00, 0x00, 0x00, 0x00, 0xF1, 0x3F, 0x00, 0x00, 0x00, 0x00, 0xF0,
    0x2F, 0x00, 0x00, 0xF2, 0x3A, 0xF0, 0x1F, 0x82, 0x1E, 0xF7, 0xFF, 0xFD, 0xCF, 0xFF, 0x7F, 0x51,
    0xE9, 0xFF, 0xFF, 0xBF, 0x27, 0x00, 0x10, 0xFE, 0xDF, 0x00, 0x00, 0x00, 0xB0, 0xDF, 0xFE, 0x08,
    0x00, 0x00, 0xF8, 0x2F, 0xF5, 0x5F, 0x00, 0x20, 0xFF, 0x08, 0xB0, 0xEF, 0x00, 0x00, 0xA3, 0x00,
    0x10, 0x2C, 0x00, 0x00, 0x00, 0xB0, 0xFF, 0x0C, 0x00, 0x00, 0x00, 0x00, 0xB0, 0xFF, 0x0C, 0x00,
    0x00, 0x00, 0x00, 0xB0, 0xFF, 0x0C, 0x00, 0x00, 0x00, 0x00, 0xB0, 0xFF, 0x0C, 0x00, 0x00, 0x30,
    0x33, 0xC3, 0xFF, 0x3D, 0x33, 0x13, 0xF4, 0xFF, 0xFF, 0xFF, 0xFF, 0xFF, 0x6F, 0xF4, 0xFF, 0xFF,
    0xFF, 0xFF, 0xFF, 0x6F, 0xF4, 0xFF, 0xFF, 0xFF, 0xFF, 0xFF, 0x6F, 0x00, 0x00, 0xB0, 0xFF, 0x0C,
    0x00, 0x00, 0x00, 0x00, 0xB0, 0xFF, 0x0C, 0x00, 0x00, 0x00, 0x00, 0xB0, 0xFF, 0x0C, 0x00, 0x00,
    0x00, 0x00, 0xB0, 0xFF, 0x0C, 0x00, 0x00, 0x00, 0x00, 0xB0, 0xFF, 0x0C, 0x00, 0x00, 0x30, 0xFF,
    0x0E, 0x30, 0xFF, 0x0E, 0x30, 0xFF, 0x0D, 0x30, 0xFF, 0x0C, 0x60, 0xFF, 0x09, 0xC0, 0xFF, 0x02,
    0xF4, 0xAF, 0x00, 0x81, 0x0C, 0x00, 0xE7, 0xEE, 0xEE, 0x9E, 0xF8, 0xFF, 0xFF, 0xAF, 0xF8, 0xFF,
    0xFF, 0xAF, 0x70, 0xAC, 0x01, 0xF4, 0xFF, 0x09, 0xF5, 0xFF, 0x0A, 0xA0, 0xDF, 0x02, 0x00, 0x00,
    0x00, 0x80, 0xFF, 0x02, 0x00, 0x00, 0x00, 0xD0, 0xDF, 0x00, 0x00, 0x00, 0x00, 0xF3, 0x8F, 0x00,
    0x00, 0x00, 0x00, 0xF8, 0x2F, 0x00, 0x00, 0x00, 0x00, 0xFD, 0x0D, 0x00, 0x00, 0x00, 0x20, 0xFF,
    0x08, 0x00, 0x00, 0x00, 0x70, 0xFF, 0x03, 0x00, 0x00, 0x00, 0xD0, 0xEF, 0x00, 0x00, 0x00, 0x00,
    0xF2, 0x9F, 0x00, 0x00, 0x00, 0x00, 0xF7, 0x4F, 0x00, 0x00, 0x00, 0x00, 0xFC, 0x0E, 0x00, 0x00,
    0x00, 0x10, 0xFF, 0x09, 0x00, 0x00, 0x00, 0x60, 0xFF, 0x04, 0x00, 0x00, 0x00, 0xC0, 0xFF, 0x00,
    0x00, 0x00, 0x00, 0xF1, 0xAF, 0x00, 0x00, 0x00, 0x00, 0xF6, 0x5F, 0x00, 0x00, 0x00, 0x00, 0xFB,
    0x0F, 0x00, 0x00, 0x00, 0x10, 0xFF, 0x0A, 0x00, 0x00, 0x00, 0x50, 0xFF, 0x05, 0x00, 0x00, 0x00,
    0xA0, 0xFF, 0x00, 0x00, 0x00, 0x00, 0xF0, 0xBF, 0x00, 0x00, 0x00, 0x00, 0x00, 0x50, 0xEB, 0xEF,
    0x4B, 0x00, 0x00, 0x00, 0xFA, 0xFF, 0xFF, 0xFF, 0x09, 0x00, 0x80, 0xFF, 0xFF, 0xFE, 0xFF, 0x7F,
    0x00, 0xF1, 0xFF, 0x1C, 0x20, 0xFD, 0xEF, 0x00, 0xF6, 0xFF, 0x04, 0x00, 0xF5, 0xFF, 0x04, 0xF9,
    0xFF, 0x00, 0x00, 0xF1, 0xFF, 0x08, 0xFB, 0xEF, 0x00, 0x00, 0xF0, 0xFF, 0x0A, 0xFC, 0xEF, 0x00,
    0x00, 0xF0, 0xFF, 0x0B, 0xFC, 0xEF, 0x00, 0x00, 0xF0, 0xFF, 0x0B, 0xFC, 0xEF, 0x00, 0x00, 0xF0,
    0xFF, 0x0B, 0xFC, 0xEF, 0x00, 0x00, 0xF0, 0xFF, 0x0B, 0xFC, 0xEF, 0x00, 0x00, 0xF0, 0xFF, 0x0B,
    0xFB, 0xEF, 0x00, 0x00, 0xF0, 0xFF, 0x0A, 0xF9, 0xFF, 0x00, 0x00, 0xF1, 0xFF, 0x08, 0xF6, 0xFF,
    0x04, 0x00, 0xF5, 0xFF, 0x04, 0xF1, 0xFF, 0x1D, 0x10, 0xFD, 0xEF, 0x00, 0x70, 0xFF, 0xFF, 0xFE,
    0xFF, 0x7F, 0x00, 0x00, 0xFA, 0xFF, 0xFF, 0xFF, 0x09, 0x00, 0x00, 0x50, 0xEB, 0xEF, 0x4B, 0x00,
    0x00, 0x00, 0x00, 0x20, 0xE8, 0x02, 0x00, 0x61, 0xFC, 0xFF, 0x02, 0xB4, 0xFF, 0xFF, 0xFF, 0x02,
    0xFD, 0xFF, 0xFF, 0xFF, 0x02, 0xFD, 0xAF, 0xFB, 0xFF, 0x02, 0x48, 0x00, 0xF7, 0xFF, 0x02, 0x00,
    0x00, 0xF7, 0xFF, 0x02, 0x00, 0x00, 0xF7, 0xFF, 0x02, 0x00, 0x00, 0xF7, 0xFF, 0x02, 0x00, 0x00,
    0xF7, 0xFF, 0x02, 0x00, 0x00, 0xF7, 0xFF, 0x02, 0x00, 0x00, 0xF7, 0xFF, 0x02, 0x00, 0x00, 0xF7,
    0xFF, 0x02, 0x00, 0x00, 0xF7, 0xFF, 0x02, 0x00, 0x00, 0xF7, 0xFF, 0x02, 0x00, 0x00, 0xF7, 0xFF,
    0x02, 0x00, 0x00, 0xF7, 0xFF, 0x02, 0x00, 0x00, 0xF7, 0xFF, 0x02, 0x00, 0x00, 0xF7, 0xFF, 0x02,
    0x00, 0x00, 0xC7, 0xFF, 0xBE, 0x06, 0x00, 0x00, 0xD2, 0xFF, 0xFF, 0xFF, 0xCF, 0x00, 0x10, 0xFE,
    0xFF, 0xEF, 0xFF, 0xFF, 0x09, 0x80, 0xFF, 0x8F, 0x00, 0xE3, 0xFF, 0x1F, 0xE0, 0xFF, 0x0D, 0x00,
    0x80, 0xFF, 0x4F, 0xF1, 0xFF, 0x09, 0x00, 0x50, 0xFF, 0x4F, 0x00, 0x00, 0x00, 0x00, 0x70, 0xFF,
    0x2F, 0x00, 0x00, 0x00, 0x00, 0xD0, 0xFF, 0x0D, 0x00, 0x00, 0x00, 0x00, 0xF8, 0xFF, 0x06, 0x00,
    0x00, 0x00, 0x40, 0xFF, 0xCF, 0x00, 0x00, 0x00, 0x00, 0xF3, 0xFF, 0x1E, 0x00, 0x00, 0x00, 0x20,
    0xFE, 0xFF, 0x02, 0x00, 0x00, 0x00, 0xE1, 0xFF, 0x3F, 0x00, 0x00, 0x00, 0x10, 0xFD, 0xFF, 0x05,
    0x00, 0x00, 0x00, 0xC0, 0xFF, 0x7F, 0x00, 0x00, 0x00, 0x00, 0xFB, 0xFF, 0x09, 0x00, 0x00, 0x00,
    0x90, 0xFF, 0xFF, 0xDD, 0xDD, 0xDD, 0xCD, 0xB0, 0xFF, 0xFF, 0xFF, 0xFF, 0xFF, 0xEF, 0xB0, 0xFF,
    0xFF, 0xFF, 0xFF, 0xFF, 0xEF, 0x00, 0x10, 0xD8, 0xFF, 0xAE, 0x05, 0x00, 0x00, 0xF5, 0xFF, 0xFF,
    0xFF, 0xBF, 0x00, 0x30, 0xFF, 0xFF, 0xEF, 0xFF, 0xFF, 0x09, 0xB0, 0xFF, 0x7F, 0x00, 0xE2, 0xFF,
    0x1F, 0xE0, 0xFF, 0x0C, 0x00, 0x60, 0xFF, 0x4F, 0x00, 0x00, 0x00, 0x00, 0x40, 0xFF, 0x5F, 0x00,
    0x00, 0x00, 0x00, 0x70, 0xFF, 0x3F, 0x00, 0x00, 0x00, 0x00, 0xE2, 0xFF, 0x0C, 0x00, 0x00, 0xC0,
    0xDC, 0xFF, 0xDF, 0x01, 0x00, 0x00, 0xF0, 0xFF, 0xFF, 0x2E, 0x00, 0x00, 0x00, 0xF0, 0xFF, 0xFF,
    0xEF, 0x04, 0x00, 0x00, 0x00, 0x00, 0xD4, 0xFF, 0x2F, 0x00, 0x00, 0x00, 0x00, 0x30, 0xFF, 0x8F,
    0x00, 0x00, 0x00, 0x00, 0x00, 0xFF, 0xAF, 0xF2, 0xFF, 0x09, 0x00, 0x20, 0xFF, 0xAF, 0xF0, 0xFF,
    0x5F, 0x00, 0xB1, 0xFF, 0x6F, 0x70, 0xFF, 0xFF, 0xEE, 0xFF, 0xFF, 0x0D, 0x00, 0xF8, 0xFF, 0xFF,
    0xFF, 0xCF, 0x01, 0x00, 0x30, 0xD9, 0xFF, 0xBE, 0x05, 0x00, 0x00, 0x00, 0x00, 0x00, 0xFD, 0xFF,
    0x02, 0x00, 0x00, 0x00, 0x00, 0x70, 0xFF, 0xFF, 0x02, 0x00, 0x00, 0x00, 0x00, 0xF1, 0xFF, 0xFF,
    0x02, 0x00, 0x00, 0x00, 0x00, 0xFA, 0xFF, 0xFF, 0x02, 0x00, 0x00, 0x00, 0x40, 0xFF, 0xFF, 0xFF,
    0x02, 0x00, 0x00, 0x00, 0xD0, 0xFF, 0xFB, 0xFF, 0x02, 0x00, 0x00, 0x00, 0xF7, 0x9F, 0xF8, 0xFF,
    0x02, 0x00, 0x00, 0x20, 0xFF, 0x1F, 0xF8, 0xFF, 0x02, 0x00, 0x00, 0xB0, 0xFF, 0x07, 0xF8, 0xFF,
    0x02, 0x00, 0x00, 0xF4, 0xDF, 0x00, 0xF8, 0xFF, 0x02, 0x00, 0x00, 0xFD, 0x4F, 0x00, 0xF8, 0xFF,
    0x02, 0x00, 0x80, 0xFF, 0x0B, 0x00, 0xF8, 0xFF, 0x02, 0x00, 0xF2, 0xFF, 0xEE, 0xEE, 0xFF, 0xFF,
    0xEE, 0x03, 0xF3, 0xFF, 0xFF, 0xFF, 0xFF, 0xFF, 0xFF, 0x03, 0xF2, 0xFF, 0xFF, 0xFF, 0xFF, 0xFF,
    0xFF, 0x03, 0x00, 0x00, 0x00, 0x00, 0xF8, 0xFF, 0x02, 0x00, 0x00, 0x00, 0x00, 0x00, 0xF8, 0xFF,
    0x02, 0x00, 0x00, 0x00, 0x00, 0x00, 0xF8, 0xFF, 0x02, 0x00, 0x00, 0x00, 0x00, 0x00, 0xF8, 0xFF,
    0x02, 0x00, 0x30, 0xFF, 0xFF, 0xFF, 0xFF, 0xFF, 0x03, 0x50, 0xFF, 0xFF, 0xFF, 0xFF, 0xFF, 0x03,
    0x70, 0xFF, 0xFF, 0xFF, 0xFF, 0xFF, 0x03, 0x90, 0xFF, 0x0C, 0x00, 0x00, 0x00, 0x00, 0xA0, 0xFF,
    0x0A, 0x00, 0x00, 0x00, 0x00, 0xC0, 0xFF, 0x08, 0x00, 0x00, 0x00, 0x00, 0xE0, 0xFF, 0xBB, 0xFF,
    0x9D, 0x01, 0x00, 0xF0, 0xFF, 0xFF, 0xFF, 0xFF, 0x3E, 0x00, 0xF2, 0xFF, 0xCF, 0xEB, 0xFF, 0xDF,
    0x00, 0x30, 0x96, 0x02, 0x00, 0xFB, 0xFF, 0x05, 0x00, 0x00, 0x00, 0x00, 0xF2, 0xFF, 0x0A, 0x00,
    0x00, 0x00, 0x00, 0xE0, 0xFF, 0x0C, 0x00, 0x00, 0x00, 0x00, 0xD0, 0xFF, 0x0D, 0x00, 0x00, 0x00,
    0x00, 0xE0, 0xFF, 0x0C, 0xF9, 0xFF, 0x01, 0x00, 0xF3, 0xFF, 0x09, 0xF6, 0xFF, 0x1B, 0x10, 0xFC,
    0xFF, 0x04, 0xD0, 0xFF, 0xFF, 0xFE, 0xFF, 0xBF, 0x00, 0x10, 0xFC, 0xFF, 0xFF, 0xFF, 0x1C, 0x00,
    0x00, 0x60, 0xEB, 0xFF, 0x6C, 0x00, 0x00, 0x00, 0x00, 0x20, 0xC8, 0xFE, 0x03, 0x00, 0x00, 0x00,
    0xF8, 0xFF, 0xFF, 0x03, 0x00, 0x00, 0xC0, 0xFF, 0xFF, 0xFF, 0x03, 0x00, 0x00, 0xFA, 0xFF, 0x5D,
    0x01, 0x00, 0x00, 0x50, 0xFF, 0xAF, 0x00, 0x00, 0x00, 0x00, 0xD0, 0xFF, 0x0D, 0x00, 0x00, 0x00,
    0x00, 0xF3, 0xFF, 0x86, 0xFD, 0xBF, 0x03, 0x00, 0xF7, 0xFF, 0xFE, 0xFF, 0xFF, 0x5F, 0x00, 0xFA,
    0xFF, 0xFF, 0xFD, 0xFF, 0xFF, 0x01, 0xFB, 0xFF, 0x1B, 0x00, 0xFB, 0xFF, 0x08, 0xFB, 0xFF, 0x00,
    0x00, 0xF1, 0xFF, 0x0C, 0xFB, 0xEF, 0x00, 0x00, 0xB0, 0xFF, 0x0F, 0xFB, 0xFF, 0x00, 0x00, 0xA0,
    0xFF, 0x0F, 0xF8, 0xFF, 0x00, 0x00, 0xB0, 0xFF, 0x0F, 0xF4, 0xFF, 0x05, 0x00, 0xF1, 0xFF, 0x0B,
    0xD0, 0xFF, 0x3E, 0x00, 0xFB, 0xFF, 0x06, 0x40, 0xFF, 0xFF, 0xFE, 0xFF, 0xCF, 0x00, 0x00, 0xF5,
    0xFF, 0xFF, 0xFF, 0x1C, 0x00, 0x00, 0x20, 0xE9, 0xFF, 0x6C, 0x00, 0x00, 0xF3, 0xFF, 0xFF, 0xFF,
    0xFF, 0xFF, 0xDF, 0xF3, 0xFF, 0xFF, 0xFF, 0xFF, 0xFF, 0xDF, 0xD3, 0xDD, 0xDD, 0xDD, 0xDD, 0xFF,
    0x9F, 0x00, 0x00, 0x00, 0x00, 0x50, 0xFF, 0x2F, 0x00, 0x00, 0x00, 0x00, 0xC0, 0xFF, 0x0C, 0x00,
    0x00, 0x00, 0x00, 0xF3, 0xFF, 0x05, 0x00, 0x00, 0x00, 0x00, 0xFA, 0xEF, 0x00, 0x00, 0x00, 0x00,
    0x10, 0xFF, 0x8F, 0x00, 0x00, 0x00, 0x00, 0x80, 0xFF, 0x1F, 0x00, 0x00, 0x00, 0x00, 0xE0, 0xFF,
    0x0A, 0x00, 0x00, 0x00, 0x00, 0xF6, 0xFF, 0x03, 0x00, 0x00, 0x00, 0x00, 0xFD, 0xDF, 0x00, 0x00,
    0x00, 0x00, 0x40, 0xFF, 0x6F, 0x00, 0x00, 0x00, 0x00, 0xB0, 0xFF, 0x0F, 0x00, 0x00, 0x00, 0x00,
    0xF3, 0xFF, 0x08, 0x00, 0x00, 0x00, 0x00, 0xFA, 0xFF, 0x02, 0x00, 0x00, 0x00, 0x10, 0xFF, 0xBF,
    0x00, 0x00, 0x00, 0x00, 0x80, 0xFF, 0x4F, 0x00, 0x00, 0x00, 0x00, 0xE0, 0xFF, 0x0D, 0x00, 0x00,
    0x00, 0x00, 0x60, 0xEC, 0xEF, 0x5B, 0x00, 0x00, 0x10, 0xFC, 0xFF, 0xFF, 0xFF, 0x0B, 0x00, 0xA0,
    0xFF, 0xFF, 0xFE, 0xFF, 0x9F, 0x00, 0xF2, 0xFF, 0x1D, 0x20, 0xFE, 0xFF, 0x01, 0xF5, 0xFF, 0x06,
    0x00, 0xF7, 0xFF, 0x04, 0xF6, 0xFF, 0x04, 0x00, 0xF5, 0xFF, 0x05, 0xF4, 0xFF, 0x06, 0x00, 0xF7,
    0xFF, 0x02, 0xD0, 0xFF, 0x2E, 0x20, 0xFE, 0xCF, 0x00, 0x30, 0xFE, 0xFF, 0xFE, 0xFF, 0x2E, 0x00,
    0x00, 0xF4, 0xFF, 0xFF, 0xFF, 0x03, 0x00, 0x50, 0xFF, 0xFF, 0xFF, 0xFF, 0x4F, 0x00, 0xF2, 0xFF,
    0x2C, 0x30, 0xFD, 0xFF, 0x02, 0xF9, 0xFF, 0x01, 0x00, 0xF2, 0xFF, 0x08, 0xFC, 0xEF, 0x00, 0x00,
    0xF0, 0xFF, 0x0B, 0xFC, 0xFF, 0x00, 0x00, 0xF1, 0xFF, 0x0A, 0xF8, 0xFF, 0x0A, 0x10, 0xFB, 0xFF,
    0x07, 0xF2, 0xFF, 0xFF, 0xFD, 0xFF, 0xEF, 0x01, 0x40, 0xFE, 0xFF, 0xFF, 0xFF, 0x3E, 0x00, 0x00,
    0x71, 0xFC, 0xEF, 0x7C, 0x01, 0x00, 0x00, 0x50, 0xFB, 0xEF, 0x29, 0x00, 0x00, 0x00, 0xFB, 0xFF,
    0xFF, 0xFF, 0x04, 0x00, 0x90, 0xFF, 0xFF, 0xFE, 0xFF, 0x2F, 0x00, 0xF3, 0xFF, 0x1C, 0x40, 0xFF,
    0xBF, 0x00, 0xF9, 0xFF, 0x03, 0x00, 0xF8, 0xFF, 0x02, 0xFC, 0xDF, 0x00, 0x00, 0xF3, 0xFF, 0x06,
    0xFE, 0xCF, 0x00, 0x00, 0xF1, 0xFF, 0x08, 0xFD, 0xDF, 0x00, 0x00, 0xF1, 0xFF, 0x09, 0xFB, 0xFF,
    0x01, 0x00, 0xF2, 0xFF, 0x09, 0xF6, 0xFF, 0x0A, 0x00, 0xFA, 0xFF, 0x08, 0xE0, 0xFF, 0xEF, 0xEB,
    0xFF, 0xFF, 0x07, 0x30, 0xFF, 0xFF, 0xFF, 0xFE, 0xFF, 0x05, 0x00, 0xA2, 0xFE, 0x8E, 0xF6, 0xFF,
    0x01, 0x00, 0x00, 0x00, 0x00, 0xFB, 0xCF, 0x00, 0x00, 0x00, 0x00, 0x60, 0xFF, 0x5F, 0x00, 0x00,
    0x00, 0x40, 0xFA, 0xFF, 0x0B, 0x00, 0x00, 0xF2, 0xFF, 0xFF, 0xCF, 0x01, 0x00, 0x00, 0xF2, 0xFF,
    0xFF, 0x09, 0x00, 0x00, 0x00, 0xF2, 0xCE, 0x28, 0x00, 0x00, 0x00, 0x70, 0xAC, 0x01, 0xF5, 0xFF,
    0x09, 0xF5, 0xFF, 0x0A, 0xA0, 0xDF, 0x02, 0x00, 0x00, 0x00, 0x00, 0x00, 0x00, 0x00, 0x00, 0x00,
    0x00, 0x00, 0x00, 0x00, 0x00, 0x00, 0x00, 0x00, 0x00, 0x70, 0xAC, 0x01, 0xF5, 0xFF, 0x09, 0xF5,
    0xFF, 0x0A, 0xA0, 0xDF, 0x02, 0x00, 0xC9, 0x08, 0x80, 0xFF, 0x6F, 0x90, 0xFF, 0x6F, 0x10, 0xFC,
    0x0B, 0x00, 0x00, 0x00, 0x00, 0x00, 0x00, 0x00, 0x00, 0x00, 0x00, 0x00, 0x00, 0x00, 0x00, 0x00,
    0x00, 0x00, 0x00, 0x00, 0x00, 0x00, 0x00, 0xFE, 0x2F, 0x00, 0xFE, 0x2F, 0x00, 0xFE, 0x2F, 0x00,
    0xFF, 0x0F, 0x20, 0xFF, 0x0D, 0x80, 0xFF, 0x07, 0xF1, 0xDF, 0x00, 0x60, 0x3D, 0x00, 0x00, 0x00,
    0x00, 0x00, 0x10, 0x98, 0x00, 0x00, 0x00, 0x40, 0xFA, 0xAF, 0x00, 0x00, 0x60, 0xFD, 0xFF, 0xAF,
    0x00, 0x92, 0xFF, 0xFF, 0xFF, 0x5C, 0xC2, 0xFF, 0xFF, 0xEF, 0x28, 0x00, 0xF6, 0xFF, 0x9F, 0x04,
    0x00, 0x00, 0xF6, 0xFF, 0x9E, 0x03, 0x00, 0x00, 0xC2, 0xFF, 0xFF, 0xDF, 0x28, 0x00, 0x00, 0x92,
    0xFF, 0xFF, 0xFF, 0x5C, 0x00, 0x00, 0x60, 0xFD, 0xFF, 0xAF, 0x00, 0x00, 0x00, 0x40, 0xFA, 0xAF,
    0x00, 0x00, 0x00, 0x00, 0x10, 0x98, 0xE3, 0xEE, 0xEE, 0xEE, 0xEE, 0xEE, 0x01, 0xF4, 0xFF, 0xFF,
    0xFF, 0xFF, 0xFF, 0x01, 0xF4, 0xFF, 0xFF, 0xFF, 0xFF, 0xFF, 0x01, 0x00, 0x00, 0x00, 0x00, 0x00,
    0x00, 0x00, 0x00, 0x00, 0x00, 0x00, 0x00, 0x00, 0x00, 0x00, 0x00, 0x00, 0x00, 0x00, 0x00, 0x00,
    0xF4, 0xFF, 0xFF, 0xFF, 0xFF, 0xFF, 0x01, 0xF4, 0xFF, 0xFF, 0xFF, 0xFF, 0xFF, 0x01, 0xE3, 0xEE,
    0xEE, 0xEE, 0xEE, 0xEE, 0x01, 0x96, 0x02, 0x00, 0x00, 0x00, 0x00, 0xF7, 0xCF, 0x05, 0x00, 0x00,
    0x00, 0xF7, 0xFF, 0xEF, 0x18, 0x00, 0x00, 0xB3, 0xFF, 0xFF, 0xFF, 0x4B, 0x00, 0x00, 0x61, 0xFC,
    0xFF, 0xFF, 0x4D, 0x00, 0x00, 0x20, 0xD7, 0xFF, 0xAF, 0x00, 0x00, 0x20, 0xE8, 0xFF, 0xAF, 0x00,
    0x71, 0xFC, 0xFF, 0xFF, 0x4D, 0xB3, 0xFF, 0xFF, 0xFF, 0x4B, 0x00, 0xF7, 0xFF, 0xEF, 0x18, 0x00,
    0x00, 0xF7, 0xCF, 0x05, 0x00, 0x00, 0x00, 0x97, 0x02, 0x00, 0x00, 0x00, 0x00, 0x00, 0x70, 0xFC,
    0xEF, 0x5B, 0x00, 0x00, 0x20, 0xFD, 0xFF, 0xFF, 0xFF, 0x0B, 0x00, 0xC0, 0xFF, 0xFF, 0xFE, 0xFF,
    0x7F, 0x00, 0xF3, 0xFF, 0x1C, 0x30, 0xFF, 0xDF, 0x00, 0xF6, 0xFF, 0x05, 0x00, 0xFB, 0xFF, 0x00,
    0x00, 0x00, 0x00, 0x00, 0xFB, 0xFF, 0x00, 0x00, 0x00, 0x00, 0x20, 0xFF, 0xBF, 0x00, 0x00, 0x00,
    0x00, 0xD1, 0xFF, 0x3F, 0x00, 0x00, 0x00, 0x10, 0xFD, 0xFF, 0x06, 0x00, 0x00, 0x00, 0xB0, 0xFF,
    0x6F, 0x00, 0x00, 0x00, 0x00, 0xF3, 0xFF, 0x06, 0x00, 0x00, 0x00, 0x00, 0xF7, 0xEF, 0x00, 0x00,
    0x00, 0x00, 0x00, 0xF8, 0xBF, 0x00, 0x00, 0x00, 0x00, 0x00, 0x00, 0x00, 0x00, 0x00, 0x00, 0x00,
    0x00, 0x00, 0x00, 0x00, 0x00, 0x00, 0x00, 0x00, 0xB2, 0x4B, 0x00, 0x00, 0x00, 0x00, 0x00, 0xFD,
    0xFF, 0x01, 0x00, 0x00, 0x00, 0x00, 0xFE, 0xFF, 0x01, 0x00, 0x00, 0x00, 0x00, 0xE5, 0x7F, 0x00,
    0x00, 0x00, 0x00, 0x00, 0x00, 0x00, 0xA5, 0xFD, 0xFF, 0x9C, 0x03, 0x00, 0x00, 0x00, 0x00, 0x00,
    0x00, 0xE6, 0xFF, 0xFF, 0xFF, 0xFF, 0xCF, 0x02, 0x00, 0x00, 0x00, 0x00, 0xA0, 0xFF, 0x7D, 0x03,
    0x10, 0x94, 0xFF, 0x4F, 0x00, 0x00, 0x00, 0x00, 0xFB, 0x8F, 0x00, 0x00, 0x00, 0x00, 0xB1, 0xFF,
    0x03, 0x00, 0x00, 0x80, 0xFF, 0x06, 0x00, 0x00, 0x00, 0x00, 0x00, 0xFB, 0x0D, 0x00, 0x00, 0xF2,
    0x9F, 0x00, 0x00, 0xE8, 0xEF, 0x3B, 0x00, 0xF1, 0x5F, 0x00, 0x00, 0xFA, 0x1E, 0x00, 0xD1, 0xFF,
    0xFF, 0xFF, 0x04, 0xA0, 0xAF, 0x00, 0x10, 0xFF, 0x08, 0x00, 0xFC, 0x7F, 0x63, 0xFF, 0x05, 0x50,
    0xEF, 0x00, 0x50, 0xFF, 0x02, 0x50, 0xFF, 0x07, 0x50, 0xFF, 0x03, 0x20, 0xFF, 0x01, 0x90, 0xEF,
    0x00, 0xC0, 0xEF, 0x00, 0x60, 0xFF, 0x02, 0x10, 0xFF, 0x03, 0xC0, 0xBF, 0x00, 0xF1, 0xAF, 0x00,
    0x70, 0xFF, 0x00, 0x00, 0xFF, 0x03, 0xE0, 0x9F, 0x00, 0xF4, 0x7F, 0x00, 0x90, 0xFF, 0x00, 0x10,
    0xFF, 0x02, 0xF0, 0x8F, 0x00, 0xF6, 0x5F, 0x00, 0xA0, 0xEF, 0x00, 0x30, 0xFF, 0x00, 0xF0, 0x8F,
    0x00, 0xF7, 0x6F, 0x00, 0xC0, 0xCF, 0x00, 0x70, 0xDF, 0x00, 0xE0, 0x9F, 0x00, 0xF5, 0x9F, 0x00,
    0xF3, 0xCF, 0x00, 0xD0, 0x8F, 0x00, 0xC0, 0xBF, 0x00, 0xF1, 0xFF, 0x56, 0xFE, 0xFF, 0x02, 0xF9,
    0x1F, 0x00, 0x90, 0xFF, 0x00, 0x90, 0xFF, 0xFF, 0x8F, 0xFF, 0xFF, 0xFF, 0x04, 0x00, 0x50, 0xFF,
    0x04, 0x00, 0xE8, 0xCF, 0x04, 0xD4, 0xFF, 0x3B, 0x00, 0x00, 0x00, 0xFE, 0x0C, 0x00, 0x00, 0x00,
    0x00, 0x00, 0x00, 0x00, 0x00, 0x00, 0x00, 0xF7, 0x8F, 0x00, 0x00, 0x00, 0x00, 0x00, 0x00, 0x00,
    0x00, 0x00, 0x00, 0xC0, 0xFF, 0x09, 0x00, 0x00, 0x00, 0x00, 0x00, 0x00, 0x00, 0x00, 0x00, 0x10,
    0xFC, 0xEF, 0x48, 0x22, 0x63, 0xA9, 0x00, 0x00, 0x00, 0x00, 0x00, 0x00, 0x80, 0xFF, 0xFF, 0xFF,
    0xFF, 0xEF, 0x00, 0x00, 0x00, 0x00, 0x00, 0x00, 0x00, 0x71, 0xEB, 0xFF, 0xCE, 0x28, 0x00, 0x00,
    0x00, 0x00, 0x00, 0x00, 0x00, 0xF3, 0xFF, 0x0A, 0x00, 0x00, 0x00, 0x00, 0x00, 0x00, 0xF9, 0xFF,
    0x1F, 0x00, 0x00, 0x00, 0x00, 0x00, 0x00, 0xFE, 0xFF, 0x6F, 0x00, 0x00, 0x00, 0x00, 0x00, 0x50,
    0xFF, 0xFF, 0xCF, 0x00, 0x00, 0x00, 0x00, 0x00, 0xA0, 0xFF, 0xFF, 0xFF, 0x02, 0x00, 0x00, 0x00,
    0x00, 0xF1, 0xFF, 0xF7, 0xFF, 0x08, 0x00, 0x00, 0x00, 0x00, 0xF6, 0xFF, 0xA2, 0xFF, 0x0D, 0x00,
    0x00, 0x00, 0x00, 0xFC, 0xDF, 0x50, 0xFF, 0x3F, 0x00, 0x00, 0x00, 0x10, 0xFF, 0x7F, 0x00, 0xFF,
    0x9F, 0x00, 0x00, 0x00, 0x70, 0xFF, 0x2F, 0x00, 0xFB, 0xEF, 0x00, 0x00, 0x00, 0xD0, 0xFF, 0x0D,
    0x00, 0xF6, 0xFF, 0x05, 0x00, 0x00, 0xF3, 0xFF, 0x08, 0x00, 0xF1, 0xFF, 0x0A, 0x00, 0x00, 0xF9,
    0xFF, 0xFF, 0xFF, 0xFF, 0xFF, 0x1F, 0x00, 0x00, 0xFE, 0xFF, 0xFF, 0xFF, 0xFF, 0xFF, 0x6F, 0x00,
    0x40, 0xFF, 0xFF, 0xFF, 0xFF, 0xFF, 0xFF, 0xCF, 0x00, 0xA0, 0xFF, 0x4F, 0x00, 0x00, 0x00, 0xFC,
    0xFF, 0x02, 0xF0, 0xFF, 0x0E, 0x00, 0x00, 0x00, 0xF7, 0xFF, 0x08, 0xF5, 0xFF, 0x09, 0x00, 0x00,
    0x00, 0xF2, 0xFF, 0x0D, 0xFB, 0xFF, 0x04, 0x00, 0x00, 0x00, 0xD0, 0xFF, 0x3F, 0xF5, 0xFF, 0xFF,
    0xFF, 0xCE, 0x18, 0x00, 0x00, 0xF5, 0xFF, 0xFF, 0xFF, 0xFF, 0xFF, 0x06, 0x00, 0xF5, 0xFF, 0xFF,
    0xFF, 0xFF, 0xFF, 0x3F, 0x00, 0xF5, 0xFF, 0x07, 0x00, 0xB2, 0xFF, 0xBF, 0x00, 0xF5, 0xFF, 0x07,
    0x00, 0x00, 0xFF, 0xEF, 0x00, 0xF5, 0xFF, 0x07, 0x00, 0x00, 0xFD, 0xFF, 0x00, 0xF5, 0xFF, 0x07,
    0x00, 0x00, 0xFE, 0xDF, 0x00, 0xF5, 0xFF, 0x07, 0x00, 0x70, 0xFF, 0x8F, 0x00, 0xF5, 0xFF, 0xCD,
    0xCC, 0xFD, 0xFF, 0x0C, 0x00, 0xF5, 0xFF, 0xFF, 0xFF, 0xFF, 0xDF, 0x01, 0x00, 0xF5, 0xFF, 0xFF,
    0xFF, 0xFF, 0xFF, 0x2E, 0x00, 0xF5, 0xFF, 0x07, 0x00, 0x60, 0xFF, 0xDF, 0x00, 0xF5, 0xFF, 0x07,
    0x00, 0x00, 0xF9, 0xFF, 0x04, 0xF5, 0xFF, 0x07, 0x00, 0x00, 0xF6, 0xFF, 0x06, 0xF5, 0xFF, 0x07,
    0x00, 0x00, 0xF9, 0xFF, 0x05, 0xF5, 0xFF, 0x07, 0x00, 0x60, 0xFF, 0xFF, 0x02, 0xF5, 0xFF, 0xFF,
    0xFF, 0xFF, 0xFF, 0xAF, 0x00, 0xF5, 0xFF, 0xFF, 0xFF, 0xFF, 0xFF, 0x0B, 0x00, 0xF5, 0xFF, 0xFF,
    0xFF, 0xDF, 0x5A, 0x00, 0x00, 0x00, 0x00, 0xA4, 0xFE, 0xDF, 0x29, 0x00, 0x00, 0x00, 0xB1, 0xFF,
    0xFF, 0xFF, 0xFF, 0x08, 0x00, 0x00, 0xFD, 0xFF, 0xFF, 0xFF, 0xFF, 0x8F, 0x00, 0x90, 0xFF, 0xCF,
    0x03, 0x51, 0xFE, 0xFF, 0x03, 0xF1, 0xFF, 0x0D, 0x00, 0x00, 0xF4, 0xFF, 0x0A, 0xF7, 0xFF, 0x06,
    0x00, 0x00, 0xD0, 0xFF, 0x0E, 0xFB, 0xFF, 0x02, 0x00, 0x00, 0xA0, 0xFF, 0x2F, 0xFD, 0xFF, 0x00,
    0x00, 0x00, 0x00, 0x00, 0x00, 0xFE, 0xFF, 0x00, 0x00, 0x00, 0x00, 0x00, 0x00, 0xFE, 0xFF, 0x00,
    0x00, 0x00, 0x00, 0x00, 0x00, 0xFE, 0xFF, 0x00, 0x00, 0x00, 0x00, 0x00, 0x00, 0xFD, 0xFF, 0x00,
    0x00, 0x00, 0x00, 0x00, 0x00, 0xFB, 0xFF, 0x02, 0x00, 0x00, 0x00, 0x00, 0x00, 0xF7, 0xFF, 0x06,
    0x00, 0x00, 0xB0, 0xFF, 0x1F, 0xF2, 0xFF, 0x0D, 0x00, 0x00, 0xF1, 0xFF, 0x0E, 0xA0, 0xFF, 0xBF,
    0x02, 0x40, 0xFD, 0xFF, 0x07, 0x10, 0xFD, 0xFF, 0xFF, 0xFF, 0xFF, 0xCF, 0x00, 0x00, 0xC1, 0xFF,
    0xFF, 0xFF, 0xFF, 0x1B, 0x00, 0x00, 0x00, 0xB5, 0xFE, 0xDF, 0x4A, 0x00, 0x00, 0xF5, 0xFF, 0xFF,
    0xEF, 0x7C, 0x00, 0x00, 0x00, 0xF5, 0xFF, 0xFF, 0xFF, 0xFF, 0x5E, 0x00, 0x00, 0xF5, 0xFF, 0xFF,
    0xFF, 0xFF, 0xFF, 0x06, 0x00, 0xF5, 0xFF, 0x07, 0x10, 0xF7, 0xFF, 0x3F, 0x00, 0xF5, 0xFF, 0x07,
    0x00, 0x40, 0xFF, 0xCF, 0x00, 0xF5, 0xFF, 0x07, 0x00, 0x00, 0xFB, 0xFF, 0x03, 0xF5, 0xFF, 0x07,
    0x00, 0x00, 0xF5, 0xFF, 0x08, 0xF5, 0xFF, 0x07, 0x00, 0x00, 0xF2, 0xFF, 0x0B, 0xF5, 0xFF, 0x07,
    0x00, 0x00, 0xF1, 0xFF, 0x0C, 0xF5, 0xFF, 0x07, 0x00, 0x00, 0xF1, 0xFF, 0x0C, 0xF5, 0xFF, 0x07,
    0x00, 0x00, 0xF1, 0xFF, 0x0C, 0xF5, 0xFF, 0x07, 0x00, 0x00, 0xF2, 0xFF, 0x0B, 0xF5, 0xFF, 0x07,
    0x00, 0x00, 0xF5, 0xFF, 0x08, 0xF5, 0xFF, 0x07, 0x00, 0x00, 0xFB, 0xFF, 0x03, 0xF5, 0xFF, 0x07,
    0x00, 0x50, 0xFF, 0xCF, 0x00, 0xF5, 0xFF, 0x07, 0x10, 0xF7, 0xFF, 0x3F, 0x00, 0xF5, 0xFF, 0xFF,
    0xFF, 0xFF, 0xFF, 0x06, 0x00, 0xF5, 0xFF, 0xFF, 0xFF, 0xFF, 0x5E, 0x00, 0x00, 0xF5, 0xFF, 0xFF,
    0xEF, 0x7B, 0x00, 0x00, 0x00, 0xF5, 0xFF, 0xFF, 0xFF, 0xFF, 0xFF, 0x0F, 0xF5, 0xFF, 0xFF, 0xFF,
    0xFF, 0xFF, 0x0F, 0xF5, 0xFF, 0xFF, 0xFF, 0xFF, 0xFF, 0x0F, 0xF5, 0xFF, 0x07, 0x00, 0x00, 0x00,
    0x00, 0xF5, 0xFF, 0x07, 0x00, 0x00, 0x00, 0x00, 0xF5, 0xFF, 0x07, 0x00, 0x00, 0x00, 0x00, 0xF5,
    0xFF, 0x07, 0x00, 0x00, 0x00, 0x00, 0xF5, 0xFF, 0x07, 0x00, 0x00, 0x00, 0x00, 0xF5, 0xFF, 0xEF,
    0xEE, 0xEE, 0xAE, 0x00, 0xF5, 0xFF, 0xFF, 0xFF, 0xFF, 0xCF, 0x00, 0xF5, 0xFF, 0xFF, 0xFF, 0xFF,
    0xCF, 0x00, 0xF5, 0xFF, 0x07, 0x00, 0x00, 0x00, 0x00, 0xF5, 0xFF, 0x07, 0x00, 0x00, 0x00, 0x00,
    0xF5, 0xFF, 0x07, 0x00, 0x00, 0x00, 0x00, 0xF5, 0xFF, 0x07, 0x00, 0x00, 0x00, 0x00, 0xF5, 0xFF,
    0x07, 0x00, 0x00, 0x00, 0x00, 0xF5, 0xFF, 0xFF, 0xFF, 0xFF, 0xFF, 0x0F, 0xF5, 0xFF, 0xFF, 0xFF,
    0xFF, 0xFF, 0x0F, 0xF5, 0xFF, 0xFF, 0xFF, 0xFF, 0xFF, 0x0F, 0xF5, 0xFF, 0xFF, 0xFF, 0xFF, 0xFF,
    0x0B, 0xF5, 0xFF, 0xFF, 0xFF, 0xFF, 0xFF, 0x0B, 0xF5, 0xFF, 0xFF, 0xFF, 0xFF, 0xFF, 0x0B, 0xF5,
    0xFF, 0x07, 0x00, 0x00, 0x00, 0x00, 0xF5, 0xFF, 0x07, 0x00, 0x00, 0x00, 0x00, 0xF5, 0xFF, 0x07,
    0x00, 0x00, 0x00, 0x00, 0xF5, 0xFF, 0x07, 0x00, 0x00, 0x00, 0x00, 0xF5, 0xFF, 0x07, 0x00, 0x00,
    0x00, 0x00, 0xF5, 0xFF, 0xFF, 0xFF, 0xFF, 0xCF, 0x00, 0xF5, 0xFF, 0xFF, 0xFF, 0xFF, 0xDF, 0x00,
    0xF5, 0xFF, 0xFF, 0xFF, 0xFF, 0xDF, 0x00, 0xF5, 0xFF, 0x07, 0x00, 0x00, 0x00, 0x00, 0xF5, 0xFF,
    0x07, 0x00, 0x00, 0x00, 0x00, 0xF5, 0xFF, 0x07, 0x00, 0x00, 0x00, 0x00, 0xF5, 0xFF, 0x07, 0x00,
    0x00, 0x00, 0x00, 0xF5, 0xFF, 0x07, 0x00, 0x00, 0x00, 0x00, 0xF5, 0xFF, 0x07, 0x00, 0x00, 0x00,
    0x00, 0xF5, 0xFF, 0x07, 0x00, 0x00, 0x00, 0x00, 0xF5, 0xFF, 0x07, 0x00, 0x00, 0x00, 0x00, 0x00,
    0x00, 0xA4, 0xFE, 0xEF, 0x6B, 0x00, 0x00, 0x00, 0xA0, 0xFF, 0xFF, 0xFF, 0xFF, 0x2D, 0x00, 0x00,
    0xFC, 0xFF, 0xFF, 0xFF, 0xFF, 0xEF, 0x01, 0x70, 0xFF, 0xEF, 0x05, 0x30, 0xFB, 0xFF, 0x09, 0xF0,
    0xFF, 0x2F, 0x00, 0x00, 0xE0, 0xFF, 0x0F, 0xF5, 0xFF, 0x09, 0x00, 0x00, 0x80, 0xFF, 0x3F, 0xF9,
    0xFF, 0x04, 0x00, 0x00, 0x00, 0x00, 0x00, 0xFB, 0xFF, 0x02, 0x00, 0x00, 0x00, 0x00, 0x00, 0xFC,
    0xFF, 0x01, 0x00, 0x00, 0x00, 0x00, 0x00, 0xFC, 0xFF, 0x01, 0x00, 0xBB, 0xBB, 0xBB, 0x3B, 0xFC,
    0xFF, 0x01, 0x00, 0xFF, 0xFF, 0xFF, 0x4F, 0xFB, 0xFF, 0x02, 0x00, 0xFF, 0xFF, 0xFF, 0x4F, 0xF9,
    0xFF, 0x05, 0x00, 0x00, 0x80, 0xFF, 0x4F, 0xF5, 0xFF, 0x0A, 0x00, 0x00, 0x80, 0xFF, 0x4F, 0xE0,
    0xFF, 0x3F, 0x00, 0x00, 0x80, 0xFF, 0x4F, 0x70, 0xFF, 0xEF, 0x16, 0x00, 0xD4, 0xFF, 0x4F, 0x00,
    0xFB, 0xFF, 0xFF, 0xFF, 0xFF, 0xFF, 0x3F, 0x00, 0x90, 0xFF, 0xFF, 0xFF, 0xFF, 0xDF, 0x03, 0x00,
    0x00, 0x93, 0xFD, 0xFF, 0x9D, 0x04, 0x00, 0xF5, 0xFF, 0x07, 0x00, 0x00, 0x10, 0xFF, 0xBF, 0xF5,
    0xFF, 0x07, 0x00, 0x00, 0x10, 0xFF, 0xBF, 0xF5, 0xFF, 0x07, 0x00, 0x00, 0x10, 0xFF, 0xBF, 0xF5,
    0xFF, 0x07, 0x00, 0x00, 0x10, 0xFF, 0xBF, 0xF5, 0xFF, 0x07, 0x00, 0x00, 0x10, 0xFF, 0xBF, 0xF5,
    0xFF, 0x07, 0x00, 0x00, 0x10, 0xFF, 0xBF, 0xF5, 0xFF, 0x07, 0x00, 0x00, 0x10, 0xFF, 0xBF, 0xF5,
    0xFF, 0x07, 0x00, 0x00, 0x10, 0xFF, 0xBF, 0xF5, 0xFF, 0xFF, 0xFF, 0xFF, 0xFF, 0xFF, 0xBF, 0xF5,
    0xFF, 0xFF, 0xFF, 0xFF, 0xFF, 0xFF, 0xBF, 0xF5, 0xFF, 0xFF, 0xFF, 0xFF, 0xFF, 0xFF, 0xBF, 0xF5,
    0xFF, 0x07, 0x00, 0x00, 0x10, 0xFF, 0xBF, 0xF5, 0xFF, 0x07, 0x00, 0x00, 0x10, 0xFF, 0xBF, 0xF5,
    0xFF, 0x07, 0x00, 0x00, 0x10, 0xFF, 0xBF, 0xF5, 0xFF, 0x07, 0x00, 0x00, 0x10, 0xFF, 0xBF, 0xF5,
    0xFF, 0x07, 0x00, 0x00, 0x10, 0xFF, 0xBF, 0xF5, 0xFF, 0x07, 0x00, 0x00, 0x10, 0xFF, 0xBF, 0xF5,
    0xFF, 0x07, 0x00, 0x00, 0x10, 0xFF, 0xBF, 0xF5, 0xFF, 0x07, 0x00, 0x00, 0x10, 0xFF, 0xBF, 0xF1,
    0xFF, 0x0B, 0xF1, 0xFF, 0x0B, 0xF1, 0xFF, 0x0B, 0xF1, 0xFF, 0x0B, 0xF1, 0xFF, 0x0B, 0xF1, 0xFF,
    0x0B, 0xF1, 0xFF, 0x0B, 0xF1, 0xFF, 0x0B, 0xF1, 0xFF, 0x0B, 0xF1, 0xFF, 0x0B, 0xF1, 0xFF, 0x0B,
    0xF1, 0xFF, 0x0B, 0xF1, 0xFF, 0x0B, 0xF1, 0xFF, 0x0B, 0xF1, 0xFF, 0x0B, 0xF1, 0xFF, 0x0B, 0xF1,
    0xFF, 0x0B, 0xF1, 0xFF, 0x0B, 0xF1, 0xFF, 0x0B, 0x00, 0x00, 0x00, 0x00, 0xE0, 0xFF, 0x0E, 0x00,
    0x00, 0x00, 0x00, 0xE0, 0xFF, 0x0E, 0x00, 0x00, 0x00, 0x00, 0xE0, 0xFF, 0x0E, 0x00, 0x00, 0x00,
    0x00, 0xE0, 0xFF, 0x0E, 0x00, 0x00, 0x00, 0x00, 0xE0, 0xFF, 0x0E, 0x00, 0x00, 0x00, 0x00, 0xE0,
    0xFF, 0x0E, 0x00, 0x00, 0x00, 0x00, 0xE0, 0xFF, 0x0E, 0x00, 0x00, 0x00, 0x00, 0xE0, 0xFF, 0x0E,
    0x00, 0x00, 0x00, 0x00, 0xE0, 0xFF, 0x0E, 0x00, 0x00, 0x00, 0x00, 0xE0, 0xFF, 0x0E, 0x00, 0x00,
    0x00, 0x00, 0xE0, 0xFF, 0x0E, 0x00, 0x00, 0x00, 0x00, 0xE0, 0xFF, 0x0E, 0x00, 0x00, 0x00, 0x00,
    0xE0, 0xFF, 0x0E, 0xF7, 0xFF, 0x06, 0x00, 0xE0, 0xFF, 0x0E, 0xF5, 0xFF, 0x08, 0x00, 0xF2, 0xFF,
    0x0C, 0xF1, 0xFF, 0x4F, 0x10, 0xFC, 0xFF, 0x07, 0x90, 0xFF, 0xFF, 0xFF, 0xFF, 0xDF, 0x00, 0x00,
    0xFB, 0xFF, 0xFF, 0xFF, 0x2D, 0x00, 0x00, 0x50, 0xEB, 0xFF, 0x7C, 0x00, 0x00, 0xF5, 0xFF, 0x07,
    0x00, 0x00, 0xF8, 0xFF, 0x2F, 0xF5, 0xFF, 0x07, 0x00, 0x40, 0xFF, 0xFF, 0x05, 0xF5, 0xFF, 0x07,
    0x00, 0xE1, 0xFF, 0x9F, 0x00, 0xF5, 0xFF, 0x07, 0x00, 0xFB, 0xFF, 0x0C, 0x00, 0xF5, 0xFF, 0x07,
    0x70, 0xFF, 0xEF, 0x01, 0x00, 0xF5, 0xFF, 0x07, 0xF4, 0xFF, 0x3F, 0x00, 0x00, 0xF5, 0xFF, 0x17,
    0xFE, 0xFF, 0x07, 0x00, 0x00, 0xF5, 0xFF, 0xA7, 0xFF, 0xAF, 0x00, 0x00, 0x00, 0xF5, 0xFF, 0xFD,
    0xFF, 0x2F, 0x00, 0x00, 0x00, 0xF5, 0xFF, 0xFF, 0xFF, 0xAF, 0x00, 0x00, 0x00, 0xF5, 0xFF, 0xFF,
    0xFF, 0xFF, 0x04, 0x00, 0x00, 0xF5, 0xFF, 0xFF, 0xFA, 0xFF, 0x0E, 0x00, 0x00, 0xF5, 0xFF, 0x6F,
    0xD0, 0xFF, 0x9F, 0x00, 0x00, 0xF5, 0xFF, 0x09, 0x30, 0xFF, 0xFF, 0x03, 0x00, 0xF5, 0xFF, 0x07,
    0x00, 0xF9, 0xFF, 0x0D, 0x00, 0xF5, 0xFF, 0x07, 0x00, 0xE1, 0xFF, 0x7F, 0x00, 0xF5, 0xFF, 0x07,
    0x00, 0x50, 0xFF, 0xFF, 0x02, 0xF5, 0xFF, 0x07, 0x00, 0x00, 0xFB, 0xFF, 0x0B, 0xF5, 0xFF, 0x07,
    0x00, 0x00, 0xF2, 0xFF, 0x6F, 0xF5, 0xFF, 0x07, 0x00, 0x00, 0x00, 0x00, 0xF5, 0xFF, 0x07, 0x00,
    0x00, 0x00, 0x00, 0xF5, 0xFF, 0x07, 0x00, 0x00, 0x00, 0x00, 0xF5, 0xFF, 0x07, 0x00, 0x00, 0x00,
    0x00, 0xF5, 0xFF, 0x07, 0x00, 0x00, 0x00, 0x00, 0xF5, 0xFF, 0x07, 0x00, 0x00, 0x00, 0x00, 0xF5,
    0xFF, 0x07, 0x00, 0x00, 0x00, 0x00, 0xF5, 0xFF, 0x07, 0x00, 0x00, 0x00, 0x00, 0xF5, 0xFF, 0x07,
    0x00, 0x00, 0x00, 0x00, 0xF5, 0xFF, 0x07, 0x00, 0x00, 0x00, 0x00, 0xF5, 0xFF, 0x07, 0x00, 0x00,
    0x00, 0x00, 0xF5, 0xFF, 0x07, 0x00, 0x00, 0x00, 0x00, 0xF5, 0xFF, 0x07, 0x00, 0x00, 0x00, 0x00,
    0xF5, 0xFF, 0x07, 0x00, 0x00, 0x00, 0x00, 0xF5, 0xFF, 0x07, 0x00, 0x00, 0x00, 0x00, 0xF5, 0xFF,
    0x07, 0x00, 0x00, 0x00, 0x00, 0xF5, 0xFF, 0xFF, 0xFF, 0xFF, 0xFF, 0x08, 0xF5, 0xFF, 0xFF, 0xFF,
    0xFF, 0xFF, 0x08, 0xF5, 0xFF, 0xFF, 0xFF, 0xFF, 0xFF, 0x08, 0xF5, 0xFF, 0xCF, 0x00, 0x00, 0x00,
    0x00, 0xF1, 0xFF, 0xFF, 0x01, 0xF5, 0xFF, 0xFF, 0x01, 0x00, 0x00, 0x00, 0xF6, 0xFF, 0xFF, 0x01,
    0xF5, 0xFF, 0xFF, 0x07, 0x00, 0x00, 0x00, 0xFB, 0xFF, 0xFF, 0x01, 0xF5, 0xFF, 0xFF, 0x0C, 0x00,
    0x00, 0x10, 0xFF, 0xFF, 0xFF, 0x01, 0xF5, 0xFF, 0xFF, 0x2F, 0x00, 0x00, 0x60, 0xFF, 0xFF, 0xFF,
    0x01, 0xF5, 0xFF, 0xFC, 0x7F, 0x00, 0x00, 0xC0, 0xFF, 0xFC, 0xFF, 0x01, 0xF5, 0xFF, 0xF7, 0xDF,
    0x00, 0x00, 0xF1, 0xFF, 0xF7, 0xFF, 0x01, 0xF5, 0xFF, 0xF3, 0xFF, 0x02, 0x00, 0xF7, 0xBF, 0xF7,
    0xFF, 0x01, 0xF5, 0xFF, 0xA3, 0xFF, 0x08, 0x00, 0xFC, 0x5F, 0xF8, 0xFF, 0x01, 0xF5, 0xFF, 0x44,
    0xFF, 0x0D, 0x20, 0xFF, 0x0F, 0xF8, 0xFF, 0x01, 0xF5, 0xFF, 0x05, 0xFE, 0x2F, 0x70, 0xFF, 0x0A,
    0xF9, 0xFF, 0x01, 0xF5, 0xFF, 0x05, 0xF9, 0x8F, 0xC0, 0xFF, 0x04, 0xFA, 0xFF, 0x01, 0xF5, 0xFF,
    0x06, 0xF3, 0xDF, 0xF2, 0xEF, 0x00, 0xFA, 0xFF, 0x01, 0xF5, 0xFF, 0x07, 0xD0, 0xFF, 0xFB, 0x9F,
    0x00, 0xFB, 0xFF, 0x01, 0xF5, 0xFF, 0x07, 0x80, 0xFF, 0xFF, 0x3F, 0x00, 0xFB, 0xFF, 0x01, 0xF5,
    0xFF, 0x07, 0x20, 0xFF, 0xFF, 0x0E, 0x00, 0xFB, 0xFF, 0x01, 0xF5, 0xFF, 0x07, 0x00, 0xFD, 0xFF,
    0x08, 0x00, 0xFB, 0xFF, 0x01, 0xF5, 0xFF, 0x07, 0x00, 0xF7, 0xFF, 0x02, 0x00, 0xFB, 0xFF, 0x01,
    0xF5, 0xFF, 0x07, 0x00, 0xF1, 0xDF, 0x00, 0x00, 0xFB, 0xFF, 0x01, 0xF5, 0xFF, 0x0B, 0x00, 0x00,
    0x10, 0xFF, 0xBF, 0xF5, 0xFF, 0x5F, 0x00, 0x00, 0x10, 0xFF, 0xBF, 0xF5, 0xFF, 0xEF, 0x00, 0x00,
    0x10, 0xFF, 0xBF, 0xF5, 0xFF, 0xFF, 0x08, 0x00, 0x10, 0xFF, 0xBF, 0xF5, 0xFF, 0xFF, 0x1F, 0x00,
    0x10, 0xFF, 0xBF, 0xF5, 0xFF, 0xFF, 0xAF, 0x00, 0x10, 0xFF, 0xBF, 0xF5, 0xFF, 0xFD, 0xFF, 0x04,
    0x10, 0xFF, 0xBF, 0xF5, 0xFF, 0xD7, 0xFF, 0x0D, 0x10, 0xFF, 0xBF, 0xF5, 0xFF, 0x37, 0xFF, 0x6F,
    0x10, 0xFF, 0xBF, 0xF5, 0xFF, 0x07, 0xFA, 0xEF, 0x11, 0xFF, 0xBF, 0xF5, 0xFF, 0x07, 0xF1, 0xFF,
    0x19, 0xFF, 0xBF, 0xF5, 0xFF, 0x07, 0x70, 0xFF, 0x4F, 0xFF, 0xBF, 0xF5, 0xFF, 0x07, 0x00, 0xFD,
    0xDF, 0xFF, 0xBF, 0xF5, 0xFF, 0x07, 0x00, 0xF5, 0xFF, 0xFF, 0xBF, 0xF5, 0xFF, 0x07, 0x00, 0xB0,
    0xFF, 0xFF, 0xBF, 0xF5, 0xFF, 0x07, 0x00, 0x20, 0xFF, 0xFF, 0xBF, 0xF5, 0xFF, 0x07, 0x00, 0x00,
    0xF9, 0xFF, 0xBF, 0xF5, 0xFF, 0x07, 0x00, 0x00, 0xE1, 0xFF, 0xBF, 0xF5, 0xFF, 0x07, 0x00, 0x00,
    0x60, 0xFF, 0xBF, 0x00, 0x00, 0xA3, 0xFD, 0xDF, 0x39, 0x00, 0x00, 0x00, 0xA0, 0xFF, 0xFF, 0xFF,
    0xFF, 0x09, 0x00, 0x00, 0xFB, 0xFF, 0xFF, 0xFF, 0xFF, 0xAF, 0x00, 0x70, 0xFF, 0xEF, 0x15, 0x51,
    0xFE, 0xFF, 0x06, 0xF1, 0xFF, 0x1F, 0x00, 0x00, 0xF2, 0xFF, 0x0E, 0xF6, 0xFF, 0x08, 0x00, 0x00,
    0x90, 0xFF, 0x4F, 0xFA, 0xFF, 0x03, 0x00, 0x00, 0x40, 0xFF, 0x9F, 0xFD, 0xFF, 0x00, 0x00, 0x00,
    0x10, 0xFF, 0xBF, 0xFE, 0xFF, 0x00, 0x00, 0x00, 0x00, 0xFF, 0xCF, 0xFE, 0xFF, 0x00, 0x00, 0x00,
    0x00, 0xFF, 0xDF, 0xFE, 0xFF, 0x00, 0x00, 0x00, 0x00, 0xFF, 0xCF, 0xFD, 0xFF, 0x00, 0x00, 0x00,
    0x10, 0xFF, 0xBF, 0xFA, 0xFF, 0x03, 0x00, 0x00, 0x40, 0xFF, 0x9F, 0xF6, 0xFF, 0x08, 0x00, 0x00,
    0x90, 0xFF, 0x5F, 0xF1, 0xFF, 0x1F, 0x00, 0x00, 0xF2, 0xFF, 0x0E, 0x70, 0xFF, 0xEF, 0x05, 0x50,
    0xFE, 0xFF, 0x06, 0x00, 0xFB, 0xFF, 0xFF, 0xFF, 0xFF, 0xBF, 0x00, 0x00, 0xA0, 0xFF, 0xFF, 0xFF,
    0xFF, 0x09, 0x00, 0x00, 0x00, 0xA3, 0xFD, 0xDF, 0x39, 0x00, 0x00, 0xF5, 0xFF, 0xFF, 0xFF, 0xDF,
    0x39, 0x00, 0x00, 0xF5, 0xFF, 0xFF, 0xFF, 0xFF, 0xFF, 0x09, 0x00, 0xF5, 0xFF, 0xFF, 0xFF, 0xFF,
    0xFF, 0x9F, 0x00, 0xF5, 0xFF, 0x07, 0x00, 0x60, 0xFF, 0xFF, 0x03, 0xF5, 0xFF, 0x07, 0x00, 0x00,
    0xF7, 0xFF, 0x09, 0xF5, 0xFF, 0x07, 0x00, 0x00, 0xF1, 0xFF, 0x0B, 0xF5, 0xFF, 0x07, 0x00, 0x00,
    0xF1, 0xFF, 0x0C, 0xF5, 0xFF, 0x07, 0x00, 0x00, 0xF5, 0xFF, 0x0A, 0xF5, 0xFF, 0x07, 0x00, 0x40,
    0xFE, 0xFF, 0x05, 0xF5, 0xFF, 0xFF, 0xFF, 0xFF, 0xFF, 0xBF, 0x00, 0xF5, 0xFF, 0xFF, 0xFF, 0xFF,
    0xFF, 0x0B, 0x00, 0xF5, 0xFF, 0xFF, 0xFF, 0xDF, 0x4A, 0x00, 0x00, 0xF5, 0xFF, 0x07, 0x00, 0x00,
    0x00, 0x00, 0x00, 0xF5, 0xFF, 0x07, 0x00, 0x00, 0x00, 0x00, 0x00, 0xF5, 0xFF, 0x07, 0x00, 0x00,
    0x00, 0x00, 0x00, 0xF5, 0xFF, 0x07, 0x00, 0x00, 0x00, 0x00, 0x00, 0xF5, 0xFF, 0x07, 0x00, 0x00,
    0x00, 0x00, 0x00, 0xF5, 0xFF, 0x07, 0x00, 0x00, 0x00, 0x00, 0x00, 0xF5, 0xFF, 0x07, 0x00, 0x00,
    0x00, 0x00, 0x00, 0x00, 0x00, 0xA3, 0xFE, 0xDF, 0x39, 0x00, 0x00, 0x00, 0xA0, 0xFF, 0xFF, 0xFF,
    0xFF, 0x09, 0x00, 0x00, 0xFC, 0xFF, 0xFF, 0xFF, 0xFF, 0xAF, 0x00, 0x80, 0xFF, 0xDF, 0x15, 0x51,
    0xFE, 0xFF, 0x06, 0xF1, 0xFF, 0x1E, 0x00, 0x00, 0xF3, 0xFF, 0x0E, 0xF6, 0xFF, 0x07, 0x00, 0x00,
    0x90, 0xFF, 0x4F, 0xFA, 0xFF, 0x02, 0x00, 0x00, 0x40, 0xFF, 0x9F, 0xFD, 0xFF, 0x00, 0x00, 0x00,
    0x20, 0xFF, 0xBF, 0xFE, 0xFF, 0x00, 0x00, 0x00, 0x00, 0xFF, 0xCF, 0xFF, 0xEF, 0x00, 0x00, 0x00,
    0x00, 0xFF, 0xDF, 0xFE, 0xFF, 0x00, 0x00, 0x00, 0x00, 0xFF, 0xCF, 0xFD, 0xFF, 0x00, 0x00, 0x00,
    0x20, 0xFF, 0xBF, 0xFA, 0xFF, 0x03, 0x00, 0x00, 0x40, 0xFF, 0x9F, 0xF6, 0xFF, 0x08, 0x00, 0x00,
    0x90, 0xFF, 0x5F, 0xF1, 0xFF, 0x1E, 0x00, 0x00, 0xF2, 0xFF, 0x0E, 0x80, 0xFF, 0xDF, 0x05, 0x51,
    0xFE, 0xFF, 0x06, 0x00, 0xFB, 0xFF, 0xFF, 0xFF, 0xFF, 0xAF, 0x00, 0x00, 0xA0, 0xFF, 0xFF, 0xFF,
    0xFF, 0x0E, 0x00, 0x00, 0x00, 0xA3, 0xFD, 0xFF, 0xFF, 0xCF, 0x01, 0x00, 0x00, 0x00, 0x00, 0x10,
    0xFC, 0xFF, 0x3E, 0x00, 0x00, 0x00, 0x00, 0x00, 0x90, 0xFF, 0x2E, 0x00, 0x00, 0x00, 0x00, 0x00,
    0x00, 0xC5, 0x01, 0xF5, 0xFF, 0xFF, 0xFF, 0xDF, 0x39, 0x00, 0x00, 0xF5, 0xFF, 0xFF, 0xFF, 0xFF,
    0xFF, 0x08, 0x00, 0xF5, 0xFF, 0xFF, 0xFF, 0xFF, 0xFF, 0x7F, 0x00, 0xF5, 0xFF, 0x07, 0x00, 0x81,
    0xFF, 0xFF, 0x00, 0xF5, 0xFF, 0x07, 0x00, 0x00, 0xFB, 0xFF, 0x04, 0xF5, 0xFF, 0x07, 0x00, 0x00,
    0xF7, 0xFF, 0x05, 0xF5, 0xFF, 0x07, 0x00, 0x00, 0xF7, 0xFF, 0x05, 0xF5, 0xFF, 0x07, 0x00, 0x00,
    0xFC, 0xFF, 0x02, 0xF5, 0xFF, 0x07, 0x00, 0x81, 0xFF, 0xCF, 0x00, 0xF5, 0xFF, 0xFF, 0xFF, 0xFF,
    0xFF, 0x3F, 0x00, 0xF5, 0xFF, 0xFF, 0xFF, 0xFF, 0xDF, 0x03, 0x00, 0xF5, 0xFF, 0xFF, 0xFF, 0xFF,
    0x4F, 0x00, 0x00, 0xF5, 0xFF, 0x07, 0x40, 0xFF, 0xCF, 0x00, 0x00, 0xF5, 0xFF, 0x07, 0x00, 0xFC,
    0xFF, 0x04, 0x00, 0xF5, 0xFF, 0x07, 0x00, 0xF4, 0xFF, 0x0D, 0x00, 0xF5, 0xFF, 0x07, 0x00, 0xC0,
    0xFF, 0x5F, 0x00, 0xF5, 0xFF, 0x07, 0x00, 0x40, 0xFF, 0xDF, 0x00, 0xF5, 0xFF, 0x07, 0x00, 0x00,
    0xFC, 0xFF, 0x06, 0xF5, 0xFF, 0x07, 0x00, 0x00, 0xF4, 0xFF, 0x0D, 0x00, 0x00, 0x93, 0xFD, 0xEF,
    0x5B, 0x00, 0x00, 0x00, 0xA0, 0xFF, 0xFF, 0xFF, 0xFF, 0x2D, 0x00, 0x00, 0xFA, 0xFF, 0xFF, 0xFF,
    0xFF, 0xDF, 0x00, 0x30, 0xFF, 0xEF, 0x04, 0x20, 0xFC, 0xFF, 0x08, 0x70, 0xFF, 0x6F, 0x00, 0x00,
    0xF1, 0xFF, 0x0D, 0x80, 0xFF, 0x5F, 0x00, 0x00, 0xC0, 0xFF, 0x0F, 0x50, 0xFF, 0xDF, 0x02, 0x00,
    0x00, 0x00, 0x00, 0x00, 0xFD, 0xFF, 0x9F, 0x03, 0x00, 0x00, 0x00, 0x00, 0xE2, 0xFF, 0xFF, 0xEF,
    0x28, 0x00, 0x00, 0x00, 0x10, 0xF9, 0xFF, 0xFF, 0xFF, 0x08, 0x00, 0x00, 0x00, 0x10, 0xD8, 0xFF,
    0xFF, 0xBF, 0x00, 0x00, 0x00, 0x00, 0x00, 0xA3, 0xFF, 0xFF, 0x08, 0x00, 0x00, 0x00, 0x00, 0x00,
    0xF4, 0xFF, 0x0E, 0xF1, 0xFF, 0x0B, 0x00, 0x00, 0xC0, 0xFF, 0x0F, 0xE0, 0xFF, 0x1F, 0x00, 0x00,
    0xD0, 0xFF, 0x0F, 0x80, 0xFF, 0xCF, 0x03, 0x00, 0xF8, 0xFF, 0x0D, 0x00, 0xFD, 0xFF, 0xFF, 0xFE,
    0xFF, 0xFF, 0x05, 0x00, 0xB1, 0xFF, 0xFF, 0xFF, 0xFF, 0x6F, 0x00, 0x00, 0x00, 0x93, 0xFD, 0xFF,
    0x8C, 0x02, 0x00, 0xF7, 0xFF, 0xFF, 0xFF, 0xFF, 0xFF, 0xFF, 0x9F, 0xF7, 0xFF, 0xFF, 0xFF, 0xFF,
    0xFF, 0xFF, 0x9F, 0xF7, 0xFF, 0xFF, 0xFF, 0xFF, 0xFF, 0xFF, 0x9F, 0x00, 0x00, 0x00, 0xFE, 0xEF,
    0x00, 0x00, 0x00, 0x00, 0x00, 0x00, 0xFE, 0xEF, 0x00, 0x00, 0x00, 0x00, 0x00, 0x00, 0xFE, 0xEF,
    0x00, 0x00, 0x00, 0x00, 0x00, 0x00, 0xFE, 0xEF, 0x00, 0x00, 0x00, 0x00, 0x00, 0x00, 0xFE, 0xEF,
    0x00, 0x00, 0x00, 0x00, 0x00, 0x00, 0xFE, 0xEF, 0x00, 0x00, 0x00, 0x00, 0x00, 0x00, 0xFE, 0xEF,
    0x00, 0x00, 0x00, 0x00, 0x00, 0x00, 0xFE, 0xEF, 0x00, 0x00, 0x00, 0x00, 0x00, 0x00, 0xFE, 0xEF,
    0x00, 0x00, 0x00, 0x00, 0x00, 0x00, 0xFE, 0xEF, 0x00, 0x00, 0x00, 0x00, 0x00, 0x00, 0xFE, 0xEF,
    0x00, 0x00, 0x00, 0x00, 0x00, 0x00, 0xFE, 0xEF, 0x00, 0x00, 0x00, 0x00, 0x00, 0x00, 0xFE, 0xEF,
    0x00, 0x00, 0x00, 0x00, 0x00, 0x00, 0xFE, 0xEF, 0x00, 0x00, 0x00, 0x00, 0x00, 0x00, 0xFE, 0xEF,
    0x00, 0x00, 0x00, 0x00, 0x00, 0x00, 0xFE, 0xEF, 0x00, 0x00, 0x00, 0xF8, 0xFF, 0x04, 0x00, 0x00,
    0xF2, 0xFF, 0x0A, 0xF8, 0xFF, 0x04, 0x00, 0x00, 0xF2, 0xFF, 0x0A, 0xF8, 0xFF, 0x04, 0x00, 0x00,
    0xF2, 0xFF, 0x0A, 0xF8, 0xFF, 0x04, 0x00, 0x00, 0xF2, 0xFF, 0x0A, 0xF8, 0xFF, 0x04, 0x00, 0x00,
    0xF2, 0xFF, 0x0A, 0xF8, 0xFF, 0x04, 0x00, 0x00, 0xF2, 0xFF, 0x0A, 0xF8, 0xFF, 0x04, 0x00, 0x00,
    0xF2, 0xFF, 0x0A, 0xF8, 0xFF, 0x04, 0x00, 0x00, 0xF2, 0xFF, 0x0A, 0xF8, 0xFF, 0x04, 0x00, 0x00,
    0xF2, 0xFF, 0x0A, 0xF8, 0xFF, 0x04, 0x00, 0x00, 0xF2, 0xFF, 0x0A, 0xF8, 0xFF, 0x04, 0x00, 0x00,
    0xF2, 0xFF, 0x0A, 0xF8, 0xFF, 0x04, 0x00, 0x00, 0xF2, 0xFF, 0x0A, 0xF8, 0xFF, 0x04, 0x00, 0x00,
    0xF2, 0xFF, 0x0A, 0xF6, 0xFF, 0x06, 0x00, 0x00, 0xF3, 0xFF, 0x09, 0xF3, 0xFF, 0x0B, 0x00, 0x00,
    0xF9, 0xFF, 0x06, 0xD0, 0xFF, 0x9F, 0x01, 0x71, 0xFF, 0xFF, 0x01, 0x40, 0xFF, 0xFF, 0xFF, 0xFF,
    0xFF, 0x6F, 0x00, 0x00, 0xF5, 0xFF, 0xFF, 0xFF, 0xFF, 0x06, 0x00, 0x00, 0x10, 0xC7, 0xFE, 0xCF,
    0x28, 0x00, 0x00, 0xFB, 0xFF, 0x07, 0x00, 0x00, 0x00, 0xF7, 0xFF, 0x0B, 0xF6, 0xFF, 0x0B, 0x00,
    0x00, 0x00, 0xFC, 0xFF, 0x06, 0xF1, 0xFF, 0x0F, 0x00, 0x00, 0x10, 0xFF, 0xFF, 0x01, 0xB0, 0xFF,
    0x4F, 0x00, 0x00, 0x50, 0xFF, 0xBF, 0x00, 0x60, 0xFF, 0x9F, 0x00, 0x00, 0xA0, 0xFF, 0x6F, 0x00,
    0x10, 0xFF, 0xEF, 0x00, 0x00, 0xE0, 0xFF, 0x1F, 0x00, 0x00, 0xFB, 0xFF, 0x02, 0x00, 0xF3, 0xFF,
    0x0B, 0x00, 0x00, 0xF6, 0xFF, 0x07, 0x00, 0xF8, 0xFF, 0x05, 0x00, 0x00, 0xF1, 0xFF, 0x0C, 0x00,
    0xFC, 0xFF, 0x00, 0x00, 0x00, 0xB0, 0xFF, 0x1F, 0x10, 0xFF, 0xBF, 0x00, 0x00, 0x00, 0x60, 0xFF,
    0x5F, 0x60, 0xFF, 0x5F, 0x00, 0x00, 0x00, 0x10, 0xFF, 0x9F, 0xA0, 0xFF, 0x0F, 0x00, 0x00, 0x00,
    0x00, 0xFB, 0xEF, 0xF0, 0xFF, 0x0A, 0x00, 0x00, 0x00, 0x00, 0xF5, 0xFF, 0xF7, 0xFF, 0x05, 0x00,
    0x00, 0x00, 0x00, 0xF0, 0xFF, 0xFE, 0xFF, 0x00, 0x00, 0x00, 0x00, 0x00, 0xB0, 0xFF, 0xFF, 0xAF,
    0x00, 0x00, 0x00, 0x00, 0x00, 0x50, 0xFF, 0xFF, 0x5F, 0x00, 0x00, 0x00, 0x00, 0x00, 0x00, 0xFF,
    0xFF, 0x0F, 0x00, 0x00, 0x00, 0x00, 0x00, 0x00, 0xFA, 0xFF, 0x0A, 0x00, 0x00, 0x00, 0xF7, 0xFF,
    0x05, 0x00, 0x50, 0xFF, 0x1F, 0x00, 0x00, 0xF8, 0xFF, 0x03, 0xF3, 0xFF, 0x08, 0x00, 0x90, 0xFF,
    0x5F, 0x00, 0x00, 0xFB, 0xFF, 0x00, 0xF0, 0xFF, 0x0B, 0x00, 0xC0, 0xFF, 0x9F, 0x00, 0x00, 0xFE,
    0xCF, 0x00, 0xC0, 0xFF, 0x0E, 0x00, 0xF0, 0xFF, 0xCF, 0x00, 0x10, 0xFF, 0x9F, 0x00, 0x90, 0xFF,
    0x1F, 0x00, 0xF4, 0xFF, 0xFF, 0x00, 0x40, 0xFF, 0x5F, 0x00, 0x60, 0xFF, 0x4F, 0x00, 0xF7, 0xFF,
    0xFF, 0x04, 0x70, 0xFF, 0x2F, 0x00, 0x20, 0xFF, 0x7F, 0x00, 0xFB, 0xFF, 0xFF, 0x08, 0xA0, 0xFF,
    0x0E, 0x00, 0x00, 0xFE, 0xAF, 0x00, 0xFE, 0x8F, 0xFF, 0x0B, 0xD0, 0xFF, 0x0B, 0x00, 0x00, 0xFB,
    0xDF, 0x20, 0xFF, 0x2E, 0xFF, 0x0F, 0xF0, 0xFF, 0x08, 0x00, 0x00, 0xF8, 0xFF, 0x60, 0xFF, 0x0A,
    0xFE, 0x3F, 0xF3, 0xFF, 0x04, 0x00, 0x00, 0xF4, 0xFF, 0xA3, 0xFF, 0x06, 0xFA, 0x6F, 0xF6, 0xFF,
    0x01, 0x00, 0x00, 0xF1, 0xFF, 0xD6, 0xFF, 0x03, 0xF6, 0xAF, 0xF9, 0xDF, 0x00, 0x00, 0x00, 0xD0,
    0xFF, 0xFB, 0xFF, 0x00, 0xF2, 0xEF, 0xFC, 0xAF, 0x00, 0x00, 0x00, 0xA0, 0xFF, 0xFF, 0xBF, 0x00,
    0xE0, 0xFF, 0xFF, 0x6F, 0x00, 0x00, 0x00, 0x60, 0xFF, 0xFF, 0x7F, 0x00, 0xB0, 0xFF, 0xFF, 0x3F,
    0x00, 0x00, 0x00, 0x30, 0xFF, 0xFF, 0x3F, 0x00, 0x70, 0xFF, 0xFF, 0x0F, 0x00, 0x00, 0x00, 0x00,
    0xFF, 0xFF, 0x0F, 0x00, 0x30, 0xFF, 0xFF, 0x0C, 0x00, 0x00, 0x00, 0x00, 0xFC, 0xFF, 0x0C, 0x00,
    0x00, 0xFF, 0xFF, 0x09, 0x00, 0x00, 0x00, 0x00, 0xF9, 0xFF, 0x08, 0x00, 0x00, 0xFB, 0xFF, 0x05,
    0x00, 0x00, 0xF4, 0xFF, 0x1F, 0x00, 0x00, 0x80, 0xFF, 0xCF, 0x00, 0xB0, 0xFF, 0x9F, 0x00, 0x00,
    0xF1, 0xFF, 0x3F, 0x00, 0x20, 0xFF, 0xFF, 0x01, 0x00, 0xF9, 0xFF, 0x0A, 0x00, 0x00, 0xF9, 0xFF,
    0x09, 0x10, 0xFF, 0xFF, 0x02, 0x00, 0x00, 0xF1, 0xFF, 0x2F, 0x90, 0xFF, 0x8F, 0x00, 0x00, 0x00,
    0x70, 0xFF, 0xAF, 0xF2, 0xFF, 0x0E, 0x00, 0x00, 0x00, 0x00, 0xFD, 0xFF, 0xFC, 0xFF, 0x06, 0x00,
    0x00, 0x00, 0x00, 0xF4, 0xFF, 0xFF, 0xDF, 0x00, 0x00, 0x00, 0x00, 0x00, 0xB0, 0xFF, 0xFF, 0x4F,
    0x00, 0x00, 0x00, 0x00, 0x00, 0x50, 0xFF, 0xFF, 0x0E, 0x00, 0x00, 0x00, 0x00, 0x00, 0xD0, 0xFF,
    0xFF, 0x5F, 0x00, 0x00, 0x00, 0x00, 0x00, 0xF6, 0xFF, 0xFF, 0xEF, 0x00, 0x00, 0x00, 0x00, 0x10,
    0xFE, 0xFF, 0xFB, 0xFF, 0x08, 0x00, 0x00, 0x00, 0x80, 0xFF, 0x9F, 0xF1, 0xFF, 0x1F, 0x00, 0x00,
    0x00, 0xF2, 0xFF, 0x1F, 0x80, 0xFF, 0xAF, 0x00, 0x00, 0x00, 0xFB, 0xFF, 0x08, 0x10, 0xFF, 0xFF,
    0x03, 0x00, 0x40, 0xFF, 0xFF, 0x01, 0x00, 0xF7, 0xFF, 0x0C, 0x00, 0xD0, 0xFF, 0x7F, 0x00, 0x00,
    0xE0, 0xFF, 0x5F, 0x00, 0xF7, 0xFF, 0x0E, 0x00, 0x00, 0x60, 0xFF, 0xEF, 0x00, 0xFB, 0xFF, 0x06,
    0x00, 0x00, 0x50, 0xFF, 0xCF, 0x00, 0xF3, 0xFF, 0x0D, 0x00, 0x00, 0xC0, 0xFF, 0x5F, 0x00, 0xB0,
    0xFF, 0x4F, 0x00, 0x00, 0xF3, 0xFF, 0x0C, 0x00, 0x30, 0xFF, 0xBF, 0x00, 0x00, 0xFA, 0xFF, 0x04,
    0x00, 0x00, 0xFB, 0xFF, 0x03, 0x10, 0xFF, 0xCF, 0x00, 0x00, 0x00, 0xF3, 0xFF, 0x0A, 0x80, 0xFF,
    0x4F, 0x00, 0x00, 0x00, 0xB0, 0xFF, 0x1F, 0xF0, 0xFF, 0x0C, 0x00, 0x00, 0x00, 0x30, 0xFF, 0x8F,
    0xF6, 0xFF, 0x04, 0x00, 0x00, 0x00, 0x00, 0xFB, 0xEF, 0xFD, 0xCF, 0x00, 0x00, 0x00, 0x00, 0x00,
    0xF2, 0xFF, 0xFF, 0x4F, 0x00, 0x00, 0x00, 0x00, 0x00, 0xA0, 0xFF, 0xFF, 0x0C, 0x00, 0x00, 0x00,
    0x00, 0x00, 0x20, 0xFF, 0xFF, 0x04, 0x00, 0x00, 0x00, 0x00, 0x00, 0x00, 0xFE, 0xFF, 0x00, 0x00,
    0x00, 0x00, 0x00, 0x00, 0x00, 0xFE, 0xFF, 0x00, 0x00, 0x00, 0x00, 0x00, 0x00, 0x00, 0xFE, 0xFF,
    0x00, 0x00, 0x00, 0x00, 0x00, 0x00, 0x00, 0xFE, 0xFF, 0x00, 0x00, 0x00, 0x00, 0x00, 0x00, 0x00,
    0xFE, 0xFF, 0x00, 0x00, 0x00, 0x00, 0x00, 0x00, 0x00, 0xFE, 0xFF, 0x00, 0x00, 0x00, 0x00, 0x00,
    0x00, 0x00, 0xFE, 0xFF, 0x00, 0x00, 0x00, 0x00, 0xF1, 0xFF, 0xFF, 0xFF, 0xFF, 0xFF, 0xFF, 0x0D,
    0xF1, 0xFF, 0xFF, 0xFF, 0xFF, 0xFF, 0xFF, 0x0D, 0xF1, 0xFF, 0xFF, 0xFF, 0xFF, 0xFF, 0xFF, 0x09,
    0x00, 0x00, 0x00, 0x00, 0x20, 0xFF, 0xDF, 0x00, 0x00, 0x00, 0x00, 0x00, 0xC0, 0xFF, 0x4F, 0x00,
    0x00, 0x00, 0x00, 0x00, 0xF7, 0xFF, 0x09, 0x00, 0x00, 0x00, 0x00, 0x20, 0xFF, 0xEF, 0x00, 0x00,
    0x00, 0x00, 0x00, 0xC0, 0xFF, 0x4F, 0x00, 0x00, 0x00, 0x00, 0x00, 0xF7, 0xFF, 0x09, 0x00, 0x00,
    0x00, 0x00, 0x20, 0xFF, 0xEF, 0x00, 0x00, 0x00, 0x00, 0x00, 0xD0, 0xFF, 0x4F, 0x00, 0x00, 0x00,
    0x00, 0x00, 0xF8, 0xFF, 0x09, 0x00, 0x00, 0x00, 0x00, 0x30, 0xFF, 0xEF, 0x00, 0x00, 0x00, 0x00,
    0x00, 0xD0, 0xFF, 0x4F, 0x00, 0x00, 0x00, 0x00, 0x00, 0xF8, 0xFF, 0x09, 0x00, 0x00, 0x00, 0x00,
    0x30, 0xFF, 0xEF, 0x00, 0x00, 0x00, 0x00, 0x00, 0xD0, 0xFF, 0xFF, 0xFF, 0xFF, 0xFF, 0xFF, 0x0F,
    0xF1, 0xFF, 0xFF, 0xFF, 0xFF, 0xFF, 0xFF, 0x0F, 0xF1, 0xFF, 0xFF, 0xFF, 0xFF, 0xFF, 0xFF, 0x0F,
    0xF7, 0xFF, 0xFF, 0xF7, 0xFF, 0xFF, 0xF7, 0xFF, 0xBC, 0xF7, 0xFF, 0x03, 0xF7, 0xFF, 0x03, 0xF7,
    0xFF, 0x03, 0xF7, 0xFF, 0x03, 0xF7, 0xFF, 0x03, 0xF7, 0xFF, 0x03, 0xF7, 0xFF, 0x03, 0xF7, 0xFF,
    0x03, 0xF7, 0xFF, 0x03, 0xF7, 0xFF, 0x03, 0xF7, 0xFF, 0x03, 0xF7, 0xFF, 0x03, 0xF7, 0xFF, 0x03,
    0xF7, 0xFF, 0x03, 0xF7, 0xFF, 0x03, 0xF7, 0xFF, 0x03, 0xF7, 0xFF, 0x03, 0xF7, 0xFF, 0x03, 0xF7,
    0xFF, 0x03, 0xF7, 0xFF, 0xBC, 0xF7, 0xFF, 0xFF, 0xF7, 0xFF, 0xFF, 0xD0, 0xFF, 0x0E, 0x00, 0x00,
    0x00, 0x00, 0x70, 0xFF, 0x4F, 0x00, 0x00, 0x00, 0x00, 0x10, 0xFF, 0xAF, 0x00, 0x00, 0x00, 0x00,
    0x00, 0xFB, 0xFF, 0x01, 0x00, 0x00, 0x00, 0x00, 0xF5, 0xFF, 0x06, 0x00, 0x00, 0x00, 0x00, 0xF0,
    0xFF, 0x0C, 0x00, 0x00, 0x00, 0x00, 0xA0, 0xFF, 0x2F, 0x00, 0x00, 0x00, 0x00, 0x40, 0xFF, 0x8F,
    0x00, 0x00, 0x00, 0x00, 0x00, 0xFE, 0xDF, 0x00, 0x00, 0x00, 0x00, 0x00, 0xF8, 0xFF, 0x03, 0x00,
    0x00, 0x00, 0x00, 0xF2, 0xFF, 0x09, 0x00, 0x00, 0x00, 0x00, 0xC0, 0xFF, 0x0F, 0x00, 0x00, 0x00,
    0x00, 0x60, 0xFF, 0x5F, 0x00, 0x00, 0x00, 0x00, 0x10, 0xFF, 0xBF, 0x00, 0x00, 0x00, 0x00, 0x00,
    0xFB, 0xFF, 0x01, 0x00, 0x00, 0x00, 0x00, 0xF5, 0xFF, 0x07, 0x00, 0x00, 0x00, 0x00, 0xF0, 0xFF,
    0x0D, 0x00, 0x00, 0x00, 0x00, 0x90, 0xFF, 0x2F, 0x00, 0x00, 0x00, 0x00, 0x30, 0xFF, 0x8F, 0x00,
    0x00, 0x00, 0x00, 0x00, 0xFD, 0xEF, 0x00, 0x00, 0x00, 0x00, 0x00, 0xF8, 0xFF, 0x04, 0xFD, 0xFF,
    0xAF, 0xFD, 0xFF, 0xAF, 0xB9, 0xFF, 0xAF, 0x00, 0xFF, 0xAF, 0x00, 0xFF, 0xAF, 0x00, 0xFF, 0xAF,
    0x00, 0xFF, 0xAF, 0x00, 0xFF, 0xAF, 0x00, 0xFF, 0xAF, 0x00, 0xFF, 0xAF, 0x00, 0xFF, 0xAF, 0x00,
    0xFF, 0xAF, 0x00, 0xFF, 0xAF, 0x00, 0xFF, 0xAF, 0x00, 0xFF, 0xAF, 0x00, 0xFF, 0xAF, 0x00, 0xFF,
    0xAF, 0x00, 0xFF, 0xAF, 0x00, 0xFF, 0xAF, 0x00, 0xFF, 0xAF, 0x00, 0xFF, 0xAF, 0x00, 0xFF, 0xAF,
    0xB9, 0xFF, 0xAF, 0xFD, 0xFF, 0xAF, 0xFD, 0xFF, 0xAF, 0x00, 0x00, 0xFD, 0x4F, 0x00, 0x00, 0x00,
    0x40, 0xFF, 0xAF, 0x00, 0x00, 0x00, 0xA0, 0xFF, 0xFF, 0x01, 0x00, 0x00, 0xF1, 0xCF, 0xFF, 0x08,
    0x00, 0x00, 0xF8, 0x3F, 0xFD, 0x0E, 0x00, 0x00, 0xFE, 0x0D, 0xF6, 0x5F, 0x00, 0x50, 0xFF, 0x07,
    0xF1, 0xCF, 0x00, 0xC0, 0xFF, 0x01, 0xA0, 0xFF, 0x03, 0xF3, 0xAF, 0x00, 0x30, 0xFF, 0x09, 0xFF,
    0xFF, 0xFF, 0xFF, 0xFF, 0x8F, 0xFF, 0xFF, 0xFF, 0xFF, 0xFF, 0x8F, 0xCC, 0xCC, 0xCC, 0xCC, 0xCC,
    0x6C, 0xC0, 0xFF, 0x1E, 0x00, 0x10, 0xFE, 0xAF, 0x00, 0x00, 0xF2, 0xFF, 0x04, 0x00, 0x40, 0xFF,
    0x0D, 0x00, 0x30, 0xD9, 0xFF, 0x9D, 0x02, 0x00, 0x00, 0xF7, 0xFF, 0xFF, 0xFF, 0x4F, 0x00, 0x50,
    0xFF, 0xEF, 0xBA, 0xFF, 0xEF, 0x00, 0xB0, 0xFF, 0x1F, 0x00, 0xF8, 0xFF, 0x05, 0x40, 0x55, 0x04,
    0x00, 0xF2, 0xFF, 0x07, 0x00, 0x00, 0x00, 0x00, 0xF2, 0xFF, 0x08, 0x00, 0x70, 0xEB, 0xFF, 0xFF,
    0xFF, 0x08, 0x20, 0xFE, 0xFF, 0xFF, 0xFF, 0xFF, 0x08, 0xC0, 0xFF, 0x6F, 0x12, 0xF3, 0xFF, 0x08,
    0xF1, 0xFF, 0x09, 0x00, 0xF2, 0xFF, 0x08, 0xF2, 0xFF, 0x0B, 0x00, 0xF8, 0xFF, 0x08, 0xE0, 0xFF,
    0xDF, 0xEB, 0xFF, 0xFF, 0x08, 0x40, 0xFF, 0xFF, 0xFF, 0xFD, 0xFF, 0x0A, 0x00, 0xA2, 0xFE, 0x9E,
    0xC1, 0xFF, 0x0E, 0xF9, 0xFF, 0x01, 0x00, 0x00, 0x00, 0x00, 0xF9, 0xFF, 0x01, 0x00, 0x00, 0x00,
    0x00, 0xF9, 0xFF, 0x01, 0x00, 0x00, 0x00, 0x00, 0xF9, 0xFF, 0x01, 0x00, 0x00, 0x00, 0x00, 0xF9,
    0xFF, 0x01, 0x00, 0x00, 0x00, 0x00, 0xF9, 0xFF, 0x01, 0x00, 0x00, 0x00, 0x00, 0xF9, 0xFF, 0x92,
    0xFE, 0x9E, 0x01, 0x00, 0xF9, 0xFF, 0xFE, 0xFF, 0xFF, 0x2E, 0x00, 0xF9, 0xFF, 0xFF, 0xFE, 0xFF,
    0xCF, 0x00, 0xF9, 0xFF, 0x0A, 0x10, 0xFC, 0xFF, 0x04, 0xF9, 0xFF, 0x02, 0x00, 0xF3, 0xFF, 0x08,
    0xF9, 0xFF, 0x01, 0x00, 0xF0, 0xFF, 0x0B, 0xF9, 0xFF, 0x01, 0x00, 0xE0, 0xFF, 0x0C, 0xF9, 0xFF,
    0x01, 0x00, 0xE0, 0xFF, 0x0C, 0xF9, 0xFF, 0x01, 0x00, 0xF0, 0xFF, 0x0B, 0xF9, 0xFF, 0x02, 0x00,
    0xF3, 0xFF, 0x08, 0xF9, 0xFF, 0x0A, 0x10, 0xFC, 0xFF, 0x04, 0xF9, 0xFF, 0xFF, 0xFD, 0xFF, 0xCF,
    0x00, 0xF9, 0xEF, 0xFD, 0xFF, 0xFF, 0x2E, 0x00, 0xF9, 0xCF, 0x91, 0xFE, 0x9E, 0x01, 0x00, 0x00,
    0x10, 0xD8, 0xFF, 0x9E, 0x02, 0x00, 0x00, 0xE3, 0xFF, 0xFF, 0xFF, 0x6F, 0x00, 0x10, 0xFE, 0xFF,
    0xEE, 0xFF, 0xFF, 0x03, 0x80, 0xFF, 0x7F, 0x00, 0xF4, 0xFF, 0x0A, 0xD0, 0xFF, 0x0D, 0x00, 0xA0,
    0xFF, 0x0D, 0xF0, 0xFF, 0x09, 0x00, 0x00, 0x00, 0x00, 0xF2, 0xFF, 0x08, 0x00, 0x00, 0x00, 0x00,
    0xF2, 0xFF, 0x08, 0x00, 0x00, 0x00, 0x00, 0xF0, 0xFF, 0x09, 0x00, 0x00, 0x00, 0x00, 0xD0, 0xFF,
    0x0D, 0x00, 0xA0, 0xFF, 0x0D, 0x80, 0xFF, 0x7F, 0x00, 0xF4, 0xFF, 0x09, 0x10, 0xFE, 0xFF, 0xEE,
    0xFF, 0xFF, 0x02, 0x00, 0xE3, 0xFF, 0xFF, 0xFF, 0x4F, 0x00, 0x00, 0x10, 0xD8, 0xFF, 0x9D, 0x02,
    0x00, 0x00, 0x00, 0x00, 0x00, 0x70, 0xFF, 0x3F, 0x00, 0x00, 0x00, 0x00, 0x70, 0xFF, 0x3F, 0x00,
    0x00, 0x00, 0x00, 0x70, 0xFF, 0x3F, 0x00, 0x00, 0x00, 0x00, 0x70, 0xFF, 0x3F, 0x00, 0x00, 0x00,
    0x00, 0x70, 0xFF, 0x3F, 0x00, 0x00, 0x00, 0x00, 0x70, 0xFF, 0x3F, 0x00, 0x30, 0xFB, 0xDF, 0x76,
    0xFF, 0x3F, 0x00, 0xF6, 0xFF, 0xFF, 0xEF, 0xFF, 0x3F, 0x20, 0xFF, 0xFF, 0xEF, 0xFF, 0xFF, 0x3F,
    0x90, 0xFF, 0x9F, 0x00, 0xE3, 0xFF, 0x3F, 0xE0, 0xFF, 0x0E, 0x00, 0x80, 0xFF, 0x3F, 0xF1, 0xFF,
    0x0A, 0x00, 0x70, 0xFF, 0x3F, 0xF2, 0xFF, 0x08, 0x00, 0x70, 0xFF, 0x3F, 0xF2, 0xFF, 0x08, 0x00,
    0x70, 0xFF, 0x3F, 0xF1, 0xFF, 0x09, 0x00, 0x70, 0xFF, 0x3F, 0xE0, 0xFF, 0x0E, 0x00, 0x80, 0xFF,
    0x3F, 0x90, 0xFF, 0x8F, 0x00, 0xE3, 0xFF, 0x3F, 0x20, 0xFF, 0xFF, 0xEF, 0xFF, 0xFF, 0x3F, 0x00,
    0xF5, 0xFF, 0xFF, 0xCF, 0xFF, 0x3F, 0x00, 0x30, 0xFB, 0xDF, 0x26, 0xFF, 0x3F, 0x00, 0x00, 0xC6,
    0xFF, 0xAE, 0x03, 0x00, 0x00, 0xC1, 0xFF, 0xFF, 0xFF, 0x8F, 0x00, 0x00, 0xFC, 0xFF, 0xDF, 0xFF,
    0xFF, 0x05, 0x60, 0xFF, 0xAF, 0x00, 0xD1, 0xFF, 0x0D, 0xC0, 0xFF, 0x0F, 0x00, 0x50, 0xFF, 0x2F,
    0xF0, 0xFF, 0x7D, 0x77, 0x97, 0xFF, 0x5F, 0xF1, 0xFF, 0xFF, 0xFF, 0xFF, 0xFF, 0x5F, 0xF1, 0xFF,
    0xFF, 0xFF, 0xFF, 0xFF, 0x6F, 0xF0, 0xFF, 0x0B, 0x00, 0x00, 0x00, 0x00, 0xC0, 0xFF, 0x1F, 0x00,
    0x00, 0x20, 0x00, 0x60, 0xFF, 0xDF, 0x02, 0x20, 0xFA, 0x03, 0x00, 0xFC, 0xFF, 0xEF, 0xFE, 0xFF,
    0x0D, 0x00, 0xB0, 0xFF, 0xFF, 0xFF, 0xEF, 0x03, 0x00, 0x00, 0xB4, 0xFE, 0xCF, 0x17, 0x00, 0x00,
    0x00, 0xB4, 0xFE, 0x3E, 0x00, 0x70, 0xFF, 0xFF, 0x4F, 0x00, 0xF2, 0xFF, 0xFF, 0x4E, 0x00, 0xF7,
    0xFF, 0x09, 0x00, 0x00, 0xF9, 0xFF, 0x01, 0x00, 0x00, 0xF9, 0xFF, 0x01, 0x00, 0xFA, 0xFF, 0xFF,
    0xFF, 0x0D, 0xFA, 0xFF, 0xFF, 0xFF, 0x0D, 0x96, 0xFD, 0xFF, 0x9A, 0x07, 0x00, 0xF9, 0xFF, 0x01,
    0x00, 0x00, 0xF9, 0xFF, 0x01, 0x00, 0x00, 0xF9, 0xFF, 0x01, 0x00, 0x00, 0xF9, 0xFF, 0x01, 0x00,
    0x00, 0xF9, 0xFF, 0x01, 0x00, 0x00, 0xF9, 0xFF, 0x01, 0x00, 0x00, 0xF9, 0xFF, 0x01, 0x00, 0x00,
    0xF9, 0xFF, 0x01, 0x00, 0x00, 0xF9, 0xFF, 0x01, 0x00, 0x00, 0xF9, 0xFF, 0x01, 0x00, 0x00, 0xF9,
    0xFF, 0x01, 0x00, 0x00, 0x20, 0xEA, 0xEF, 0x19, 0xFE, 0x7F, 0x00, 0xF4, 0xFF, 0xFF, 0xDF, 0xFF,
    0x7F, 0x10, 0xFF, 0xFF, 0xEF, 0xFF, 0xFF, 0x7F, 0x80, 0xFF, 0xBF, 0x00, 0xB1, 0xFF, 0x7F, 0xD0,
    0xFF, 0x1F, 0x00, 0x40, 0xFF, 0x7F, 0xF0, 0xFF, 0x0B, 0x00, 0x30, 0xFF, 0x7F, 0xF1, 0xFF, 0x08,
    0x00, 0x30, 0xFF, 0x7F, 0xF1, 0xFF, 0x08, 0x00, 0x30, 0xFF, 0x7F, 0xF0, 0xFF, 0x0A, 0x00, 0x30,
    0xFF, 0x7F, 0xD0, 0xFF, 0x0E, 0x00, 0x40, 0xFF, 0x7F, 0x80, 0xFF, 0xAF, 0x00, 0xB1, 0xFF, 0x7F,
    0x10, 0xFE, 0xFF, 0xEF, 0xFF, 0xFF, 0x7F, 0x00, 0xF4, 0xFF, 0xFF, 0xEF, 0xFF, 0x7F, 0x00, 0x20,
    0xEA, 0xEF, 0x48, 0xFF, 0x6F, 0x00, 0x10, 0x00, 0x00, 0x70, 0xFF, 0x4F, 0x00, 0xE4, 0x05, 0x00,
    0xF3, 0xFF, 0x0F, 0x10, 0xFE, 0xEF, 0xDC, 0xFF, 0xFF, 0x07, 0x00, 0xF9, 0xFF, 0xFF, 0xFF, 0x8F,
    0x00, 0x00, 0x30, 0xDA, 0xFF, 0x9D, 0x03, 0x00, 0xFA, 0xFF, 0x00, 0x00, 0x00, 0x00, 0x00, 0xFA,
    0xFF, 0x00, 0x00, 0x00, 0x00, 0x00, 0xFA, 0xFF, 0x00, 0x00, 0x00, 0x00, 0x00, 0xFA, 0xFF, 0x00,
    0x00, 0x00, 0x00, 0x00, 0xFA, 0xFF, 0x00, 0x00, 0x00, 0x00, 0x00, 0xFA, 0xFF, 0x00, 0x00, 0x00,
    0x00, 0x00, 0xFA, 0xFF, 0x70, 0xFD, 0xBE, 0x03, 0x00, 0xFA, 0xFF, 0xFB, 0xFF, 0xFF, 0x3F, 0x00,
    0xFA, 0xFF, 0xFF, 0xFE, 0xFF, 0xCF, 0x00, 0xFA, 0xFF, 0x08, 0x10, 0xFE, 0xFF, 0x00, 0xFA, 0xFF,
    0x00, 0x00, 0xF8, 0xFF, 0x02, 0xFA, 0xFF, 0x00, 0x00, 0xF7, 0xFF, 0x03, 0xFA, 0xFF, 0x00, 0x00,
    0xF7, 0xFF, 0x03, 0xFA, 0xFF, 0x00, 0x00, 0xF7, 0xFF, 0x03, 0xFA, 0xFF, 0x00, 0x00, 0xF7, 0xFF,
    0x03, 0xFA, 0xFF, 0x00, 0x00, 0xF7, 0xFF, 0x03, 0xFA, 0xFF, 0x00, 0x00, 0xF7, 0xFF, 0x03, 0xFA,
    0xFF, 0x00, 0x00, 0xF7, 0xFF, 0x03, 0xFA, 0xFF, 0x00, 0x00, 0xF7, 0xFF, 0x03, 0xFA, 0xFF, 0x00,
    0x00, 0xF7, 0xFF, 0x03, 0x70, 0x6A, 0x00, 0xF7, 0xFF, 0x05, 0xF8, 0xFF, 0x07, 0xC1, 0xBF, 0x01,
    0x00, 0x00, 0x00, 0x00, 0x00, 0x00, 0xF6, 0xFF, 0x04, 0xF6, 0xFF, 0x04, 0xF6, 0xFF, 0x04, 0xF6,
    0xFF, 0x04, 0xF6, 0xFF, 0x04, 0xF6, 0xFF, 0x04, 0xF6, 0xFF, 0x04, 0xF6, 0xFF, 0x04, 0xF6, 0xFF,
    0x04, 0xF6, 0xFF, 0x04, 0xF6, 0xFF, 0x04, 0xF6, 0xFF, 0x04, 0xF6, 0xFF, 0x04, 0xF6, 0xFF, 0x04,
    0x00, 0x00, 0xA8, 0x06, 0x00, 0x80, 0xFF, 0x4F, 0x00, 0x90, 0xFF, 0x6F, 0x00, 0x20, 0xFD, 0x0B,
    0x00, 0x00, 0x00, 0x00, 0x00, 0x00, 0x00, 0x00, 0x00, 0x60, 0xFF, 0x4F, 0x00, 0x60, 0xFF, 0x4F,
    0x00, 0x60, 0xFF, 0x4F, 0x00, 0x60, 0xFF, 0x4F, 0x00, 0x60, 0xFF, 0x4F, 0x00, 0x60, 0xFF, 0x4F,
    0x00, 0x60, 0xFF, 0x4F, 0x00, 0x60, 0xFF, 0x4F, 0x00, 0x60, 0xFF, 0x4F, 0x00, 0x60, 0xFF, 0x4F,
    0x00, 0x60, 0xFF, 0x4F, 0x00, 0x60, 0xFF, 0x4F, 0x00, 0x60, 0xFF, 0x4F, 0x00, 0x60, 0xFF, 0x4F,
    0x00, 0x60, 0xFF, 0x4F, 0x00, 0xB0, 0xFF, 0x3F, 0xE4, 0xFF, 0xFF, 0x0E, 0xF4, 0xFF, 0xFF, 0x04,
    0xE3, 0xEF, 0x3B, 0x00, 0xF9, 0xFF, 0x01, 0x00, 0x00, 0x00, 0x00, 0xF9, 0xFF, 0x01, 0x00, 0x00,
    0x00, 0x00, 0xF9, 0xFF, 0x01, 0x00, 0x00, 0x00, 0x00, 0xF9, 0xFF, 0x01, 0x00, 0x00, 0x00, 0x00,
    0xF9, 0xFF, 0x01, 0x00, 0x00, 0x00, 0x00, 0xF9, 0xFF, 0x01, 0x00, 0x00, 0x00, 0x00, 0xF9, 0xFF,
    0x01, 0x20, 0xFE, 0xFF, 0x04, 0xF9, 0xFF, 0x01, 0xD1, 0xFF, 0x7F, 0x00, 0xF9, 0xFF, 0x01, 0xFB,
    0xFF, 0x09, 0x00, 0xF9, 0xFF, 0x91, 0xFF, 0xBF, 0x00, 0x00, 0xF9, 0xFF, 0xF7, 0xFF, 0x0C, 0x00,
    0x00, 0xF9, 0xFF, 0xFF, 0xEF, 0x01, 0x00, 0x00, 0xF9, 0xFF, 0xFF, 0xFF, 0x03, 0x00, 0x00, 0xF9,
    0xFF, 0xFF, 0xFF, 0x0D, 0x00, 0x00, 0xF9, 0xFF, 0xBF, 0xFF, 0x8F, 0x00, 0x00, 0xF9, 0xFF, 0x05,
    0xFD, 0xFF, 0x03, 0x00, 0xF9, 0xFF, 0x01, 0xF4, 0xFF, 0x0D, 0x00, 0xF9, 0xFF, 0x01, 0xA0, 0xFF,
    0x8F, 0x00, 0xF9, 0xFF, 0x01, 0x10, 0xFE, 0xFF, 0x02, 0xF9, 0xFF, 0x01, 0x00, 0xF6, 0xFF, 0x0C,
    0xF6, 0xFF, 0x04, 0xF6, 0xFF, 0x04, 0xF6, 0xFF, 0x04, 0xF6, 0xFF, 0x04, 0xF6, 0xFF, 0x04, 0xF6,
    0xFF, 0x04, 0xF6, 0xFF, 0x04, 0xF6, 0xFF, 0x04, 0xF6, 0xFF, 0x04, 0xF6, 0xFF, 0x04, 0xF6, 0xFF,
    0x04, 0xF6, 0xFF, 0x04, 0xF6, 0xFF, 0x04, 0xF6, 0xFF, 0x04, 0xF6, 0xFF, 0x04, 0xF6, 0xFF, 0x04,
    0xF6, 0xFF, 0x04, 0xF6, 0xFF, 0x04, 0xF6, 0xFF, 0x04, 0xF6, 0xFF, 0x04, 0xF9, 0xEF, 0x60, 0xFD,
    0xBF, 0x04, 0x80, 0xFD, 0xBF, 0x03, 0x00, 0xF9, 0xFF, 0xFB, 0xFF, 0xFF, 0x4F, 0xFD, 0xFF, 0xFF,
    0x2F, 0x00, 0xF9, 0xFF, 0xFF, 0xFE, 0xFF, 0xFF, 0xFF, 0xFE, 0xFF, 0xAF, 0x00, 0xF9, 0xFF, 0x0A,
    0x20, 0xFE, 0xFF, 0x1B, 0x10, 0xFE, 0xFF, 0x00, 0xF9, 0xFF, 0x02, 0x00, 0xFA, 0xFF, 0x02, 0x00,
    0xF9, 0xFF, 0x01, 0xF9, 0xFF, 0x01, 0x00, 0xF9, 0xFF, 0x01, 0x00, 0xF9, 0xFF, 0x01, 0xF9, 0xFF,
    0x01, 0x00, 0xF9, 0xFF, 0x01, 0x00, 0xF9, 0xFF, 0x01, 0xF9, 0xFF, 0x01, 0x00, 0xF9, 0xFF, 0x01,
    0x00, 0xF9, 0xFF, 0x01, 0xF9, 0xFF, 0x01, 0x00, 0xF9, 0xFF, 0x01, 0x00, 0xF9, 0xFF, 0x01, 0xF9,
    0xFF, 0x01, 0x00, 0xF9, 0xFF, 0x01, 0x00, 0xF9, 0xFF, 0x01, 0xF9, 0xFF, 0x01, 0x00, 0xF9, 0xFF,
    0x01, 0x00, 0xF9, 0xFF, 0x01, 0xF9, 0xFF, 0x01, 0x00, 0xF9, 0xFF, 0x01, 0x00, 0xF9, 0xFF, 0x01,
    0xF9, 0xFF, 0x01, 0x00, 0xF9, 0xFF, 0x01, 0x00, 0xF9, 0xFF, 0x01, 0xF9, 0xFF, 0x01, 0x00, 0xF9,
    0xFF, 0x01, 0x00, 0xF9, 0xFF, 0x01, 0xFA, 0xDF, 0x60, 0xFD, 0xCF, 0x04, 0x00, 0xFA, 0xEF, 0xFB,
    0xFF, 0xFF, 0x4F, 0x00, 0xFA, 0xFF, 0xFF, 0xFE, 0xFF, 0xCF, 0x00, 0xFA, 0xFF, 0x09, 0x10, 0xFD,
    0xFF, 0x01, 0xFA, 0xFF, 0x00, 0x00, 0xF8, 0xFF, 0x03, 0xFA, 0xFF, 0x00, 0x00, 0xF7, 0xFF, 0x03,
    0xFA, 0xFF, 0x00, 0x00, 0xF7, 0xFF, 0x03, 0xFA, 0xFF, 0x00, 0x00, 0xF7, 0xFF, 0x03, 0xFA, 0xFF,
    0x00, 0x00, 0xF7, 0xFF, 0x03, 0xFA, 0xFF, 0x00, 0x00, 0xF7, 0xFF, 0x03, 0xFA, 0xFF, 0x00, 0x00,
    0xF7, 0xFF, 0x03, 0xFA, 0xFF, 0x00, 0x00, 0xF7, 0xFF, 0x03, 0xFA, 0xFF, 0x00, 0x00, 0xF7, 0xFF,
    0x03, 0xFA, 0xFF, 0x00, 0x00, 0xF7, 0xFF, 0x03, 0x00, 0x00, 0xC7, 0xFF, 0xBE, 0x04, 0x00, 0x00,
    0xD2, 0xFF, 0xFF, 0xFF, 0xAF, 0x00, 0x00, 0xFD, 0xFF, 0xDF, 0xFF, 0xFF, 0x09, 0x70, 0xFF, 0x9F,
    0x00, 0xD2, 0xFF, 0x2F, 0xD0, 0xFF, 0x0E, 0x00, 0x40, 0xFF, 0x8F, 0xF0, 0xFF, 0x0A, 0x00, 0x00,
    0xFF, 0xBF, 0xF2, 0xFF, 0x08, 0x00, 0x00, 0xFD, 0xDF, 0xF2, 0xFF, 0x08, 0x00, 0x00, 0xFD, 0xDF,
    0xF0, 0xFF, 0x0A, 0x00, 0x00, 0xFF, 0xBF, 0xD0, 0xFF, 0x0E, 0x00, 0x40, 0xFF, 0x8F, 0x70, 0xFF,
    0x9F, 0x00, 0xD2, 0xFF, 0x2F, 0x00, 0xFD, 0xFF, 0xEF, 0xFF, 0xFF, 0x09, 0x00, 0xD2, 0xFF, 0xFF,
    0xFF, 0xAF, 0x00, 0x00, 0x00, 0xC7, 0xFF, 0xBE, 0x04, 0x00, 0xF9, 0xDF, 0x91, 0xFE, 0x9E, 0x01,
    0x00, 0xF9, 0xFF, 0xFD, 0xFF, 0xFF, 0x2E, 0x00, 0xF9, 0xFF, 0xFF, 0xFE, 0xFF, 0xCF, 0x00, 0xF9,
    0xFF, 0x0A, 0x10, 0xFD, 0xFF, 0x03, 0xF9, 0xFF, 0x01, 0x00, 0xF4, 0xFF, 0x08, 0xF9, 0xFF, 0x01,
    0x00, 0xF0, 0xFF, 0x0B, 0xF9, 0xFF, 0x01, 0x00, 0xE0, 0xFF, 0x0C, 0xF9, 0xFF, 0x01, 0x00, 0xE0,
    0xFF, 0x0C, 0xF9, 0xFF, 0x01, 0x00, 0xF0, 0xFF, 0x0B, 0xF9, 0xFF, 0x02, 0x00, 0xF4, 0xFF, 0x08,
    0xF9, 0xFF, 0x0A, 0x10, 0xFD, 0xFF, 0x03, 0xF9, 0xFF, 0xFF, 0xFD, 0xFF, 0xBF, 0x00, 0xF9, 0xFF,
    0xFE, 0xFF, 0xFF, 0x1E, 0x00, 0xF9, 0xFF, 0x92, 0xFE, 0x9E, 0x01, 0x00, 0xF9, 0xFF, 0x01, 0x00,
    0x00, 0x00, 0x00, 0xF9, 0xFF, 0x01, 0x00, 0x00, 0x00, 0x00, 0xF9, 0xFF, 0x01, 0x00, 0x00, 0x00,
    0x00, 0xF9, 0xFF, 0x01, 0x00, 0x00, 0x00, 0x00, 0xF9, 0xFF, 0x01, 0x00, 0x00, 0x00, 0x00, 0x00,
    0x40, 0xFB, 0xDF, 0x16, 0xFF, 0x3F, 0x00, 0xF6, 0xFF, 0xFF, 0xCF, 0xFF, 0x3F, 0x20, 0xFF, 0xFF,
    0xEE, 0xFF, 0xFF, 0x3F, 0x90, 0xFF, 0x8F, 0x00, 0xE2, 0xFF, 0x3F, 0xE0, 0xFF, 0x0E, 0x00, 0x70,
    0xFF, 0x3F, 0xF1, 0xFF, 0x09, 0x00, 0x70, 0xFF, 0x3F, 0xF2, 0xFF, 0x08, 0x00, 0x70, 0xFF, 0x3F,
    0xF2, 0xFF, 0x08, 0x00, 0x70, 0xFF, 0x3F, 0xF1, 0xFF, 0x09, 0x00, 0x70, 0xFF, 0x3F, 0xE0, 0xFF,
    0x0E, 0x00, 0x70, 0xFF, 0x3F, 0x90, 0xFF, 0x8F, 0x00, 0xE2, 0xFF, 0x3F, 0x20, 0xFF, 0xFF, 0xEF,
    0xFF, 0xFF, 0x3F, 0x00, 0xF5, 0xFF, 0xFF, 0xEF, 0xFF, 0x3F, 0x00, 0x30, 0xFB, 0xDF, 0x76, 0xFF,
    0x3F, 0x00, 0x00, 0x00, 0x00, 0x70, 0xFF, 0x3F, 0x00, 0x00, 0x00, 0x00, 0x70, 0xFF, 0x3F, 0x00,
    0x00, 0x00, 0x00, 0x70, 0xFF, 0x3F, 0x00, 0x00, 0x00, 0x00, 0x70, 0xFF, 0x3F, 0x00, 0x00, 0x00,
    0x00, 0x70, 0xFF, 0x3F, 0xF9, 0xEF, 0x90, 0xFF, 0x02, 0xF9, 0xFF, 0xFB, 0xFF, 0x03, 0xF9, 0xFF,
    0xFF, 0xFF, 0x02, 0xF9, 0xFF, 0xAF, 0x77, 0x01, 0xF9, 0xFF, 0x06, 0x00, 0x00, 0xF9, 0xFF, 0x01,
    0x00, 0x00, 0xF9, 0xFF, 0x01, 0x00, 0x00, 0xF9, 0xFF, 0x01, 0x00, 0x00, 0xF9, 0xFF, 0x01, 0x00,
    0x00, 0xF9, 0xFF, 0x01, 0x00, 0x00, 0xF9, 0xFF, 0x01, 0x00, 0x00, 0xF9, 0xFF, 0x01, 0x00, 0x00,
    0xF9, 0xFF, 0x01, 0x00, 0x00, 0xF9, 0xFF, 0x01, 0x00, 0x00, 0x00, 0x50, 0xEB, 0xFF, 0x7C, 0x01,
    0x00, 0x00, 0xFA, 0xFF, 0xFF, 0xFF, 0x2E, 0x00, 0x70, 0xFF, 0xCF, 0xA8, 0xFF, 0xDF, 0x00, 0xC0,
    0xFF, 0x0C, 0x00, 0xF8, 0xFF, 0x03, 0xD0, 0xFF, 0x0C, 0x00, 0x62, 0x66, 0x02, 0x90, 0xFF, 0xDF,
    0x47, 0x00, 0x00, 0x00, 0x10, 0xFC, 0xFF, 0xFF, 0xBF, 0x03, 0x00, 0x00, 0x60, 0xFD, 0xFF, 0xFF,
    0x7F, 0x00, 0x00, 0x00, 0x10, 0xA5, 0xFF, 0xFF, 0x02, 0x92, 0x99, 0x02, 0x00, 0xF5, 0xFF, 0x06,
    0xF1, 0xFF, 0x08, 0x00, 0xF4, 0xFF, 0x05, 0xA0, 0xFF, 0xCF, 0xA8, 0xFF, 0xEF, 0x01, 0x00, 0xFB,
    0xFF, 0xFF, 0xFF, 0x4F, 0x00, 0x00, 0x50, 0xEB, 0xFF, 0x8D, 0x01, 0x00, 0x00, 0xFD, 0xCF, 0x00,
    0x00, 0x00, 0xFD, 0xCF, 0x00, 0x00, 0x00, 0xFD, 0xCF, 0x00, 0x00, 0xFD, 0xFF, 0xFF, 0xFF, 0x02,
    0xFD, 0xFF, 0xFF, 0xFF, 0x02, 0x98, 0xFF, 0xEF, 0x99, 0x01, 0x00, 0xFD, 0xCF, 0x00, 0x00, 0x00,
    0xFD, 0xCF, 0x00, 0x00, 0x00, 0xFD, 0xCF, 0x00, 0x00, 0x00, 0xFD, 0xCF, 0x00, 0x00, 0x00, 0xFD,
    0xCF, 0x00, 0x00, 0x00, 0xFD, 0xCF, 0x00, 0x00, 0x00, 0xFD, 0xCF, 0x00, 0x00, 0x00, 0xFD, 0xEF,
    0x01, 0x00, 0x00, 0xFB, 0xFF, 0xEF, 0x04, 0x00, 0xF4, 0xFF, 0xFF, 0x04, 0x00, 0x40, 0xFC, 0xDF,
    0x03, 0xFA, 0xFF, 0x00, 0x00, 0xF7, 0xFF, 0x03, 0xFA, 0xFF, 0x00, 0x00, 0xF7, 0xFF, 0x03, 0xFA,
    0xFF, 0x00, 0x00, 0xF7, 0xFF, 0x03, 0xFA, 0xFF, 0x00, 0x00, 0xF7, 0xFF, 0x03, 0xFA, 0xFF, 0x00,
    0x00, 0xF7, 0xFF, 0x03, 0xFA, 0xFF, 0x00, 0x00, 0xF7, 0xFF, 0x03, 0xFA, 0xFF, 0x00, 0x00, 0xF7,
    0xFF, 0x03, 0xFA, 0xFF, 0x00, 0x00, 0xF7, 0xFF, 0x03, 0xFA, 0xFF, 0x00, 0x00, 0xF7, 0xFF, 0x03,
    0xFA, 0xFF, 0x00, 0x00, 0xF8, 0xFF, 0x03, 0xF8, 0xFF, 0x07, 0x30, 0xFE, 0xFF, 0x03, 0xF3, 0xFF,
    0xEF, 0xFE, 0xFF, 0xFF, 0x03, 0xA0, 0xFF, 0xFF, 0xFF, 0xFC, 0xFF, 0x03, 0x00, 0xD7, 0xFF, 0x5C,
    0xF4, 0xFF, 0x03, 0xFA, 0xFF, 0x02, 0x00, 0xF0, 0xFF, 0x0C, 0xF5, 0xFF, 0x06, 0x00, 0xF4, 0xFF,
    0x07, 0xF0, 0xFF, 0x0A, 0x00, 0xF8, 0xFF, 0x02, 0xA0, 0xFF, 0x0F, 0x00, 0xFC, 0xCF, 0x00, 0x50,
    0xFF, 0x3F, 0x10, 0xFF, 0x7F, 0x00, 0x00, 0xFF, 0x7F, 0x50, 0xFF, 0x2F, 0x00, 0x00, 0xFA, 0xCF,
    0x90, 0xFF, 0x0D, 0x00, 0x00, 0xF5, 0xFF, 0xE0, 0xFF, 0x07, 0x00, 0x00, 0xF0, 0xFF, 0xF7, 0xFF,
    0x02, 0x00, 0x00, 0xB0, 0xFF, 0xFE, 0xDF, 0x00, 0x00, 0x00, 0x50, 0xFF, 0xFF, 0x7F, 0x00, 0x00,
    0x00, 0x00, 0xFF, 0xFF, 0x2F, 0x00, 0x00, 0x00, 0x00, 0xFB, 0xFF, 0x0D, 0x00, 0x00, 0x00, 0x00,
    0xF5, 0xFF, 0x07, 0x00, 0x00, 0xF8, 0xFF, 0x00, 0x00, 0xFE, 0x0F, 0x00, 0xF0, 0xFF, 0x08, 0xF4,
    0xFF, 0x03, 0x30, 0xFF, 0x4F, 0x00, 0xF2, 0xFF, 0x04, 0xF0, 0xFF, 0x06, 0x70, 0xFF, 0x8F, 0x00,
    0xF5, 0xFF, 0x00, 0xC0, 0xFF, 0x09, 0xC0, 0xFF, 0xCF, 0x00, 0xF8, 0xCF, 0x00, 0x80, 0xFF, 0x0C,
    0xF0, 0xFF, 0xFF, 0x01, 0xFB, 0x9F, 0x00, 0x40, 0xFF, 0x0F, 0xF5, 0xBF, 0xFF, 0x05, 0xFE, 0x5F,
    0x00, 0x00, 0xFF, 0x2F, 0xF9, 0x2F, 0xFF, 0x2A, 0xFF, 0x1F, 0x00, 0x00, 0xFC, 0x5F, 0xFD, 0x0C,
    0xFC, 0x5E, 0xFF, 0x0D, 0x00, 0x00, 0xF8, 0xBF, 0xFF, 0x08, 0xF7, 0xBF, 0xFF, 0x09, 0x00, 0x00,
    0xF4, 0xFF, 0xFF, 0x03, 0xF2, 0xFF, 0xFF, 0x05, 0x00, 0x00, 0xF0, 0xFF, 0xEF, 0x00, 0xE0, 0xFF,
    0xFF, 0x01, 0x00, 0x00, 0xC0, 0xFF, 0xAF, 0x00, 0x90, 0xFF, 0xDF, 0x00, 0x00, 0x00, 0x80, 0xFF,
    0x5F, 0x00, 0x50, 0xFF, 0x9F, 0x00, 0x00, 0x00, 0x40, 0xFF, 0x1F, 0x00, 0x00, 0xFF, 0x5F, 0x00,
    0x00, 0xF4, 0xFF, 0x0A, 0x00, 0xF4, 0xFF, 0x09, 0xB0, 0xFF, 0x2F, 0x00, 0xFD, 0xFF, 0x01, 0x20,
    0xFF, 0xBF, 0x60, 0xFF, 0x7F, 0x00, 0x00, 0xF8, 0xFF, 0xE4, 0xFF, 0x0D, 0x00, 0x00, 0xE1, 0xFF,
    0xFF, 0xFF, 0x05, 0x00, 0x00, 0x60, 0xFF, 0xFF, 0xBF, 0x00, 0x00, 0x00, 0x00, 0xFD, 0xFF, 0x3F,
    0x00, 0x00, 0x00, 0x10, 0xFF, 0xFF, 0x5F, 0x00, 0x00, 0x00, 0x90, 0xFF, 0xFF, 0xEF, 0x00, 0x00,
    0x00, 0xF2, 0xFF, 0xFD, 0xFF, 0x07, 0x00, 0x00, 0xFB, 0xFF, 0xC2, 0xFF, 0x1F, 0x00, 0x40, 0xFF,
    0x9F, 0x30, 0xFF, 0xAF, 0x00, 0xD0, 0xFF, 0x1F, 0x00, 0xFA, 0xFF, 0x03, 0xF6, 0xFF, 0x07, 0x00,
    0xF2, 0xFF, 0x0C, 0xFC, 0xFF, 0x01, 0x00, 0xF0, 0xFF, 0x0E, 0xF6, 0xFF, 0x06, 0x00, 0xF5, 0xFF,
    0x08, 0xF1, 0xFF, 0x0B, 0x00, 0xF9, 0xFF, 0x02, 0xB0, 0xFF, 0x0F, 0x00, 0xFE, 0xDF, 0x00, 0x50,
    0xFF, 0x5F, 0x30, 0xFF, 0x7F, 0x00, 0x00, 0xFF, 0xAF, 0x80, 0xFF, 0x1F, 0x00, 0x00, 0xFA, 0xEF,
    0xD0, 0xFF, 0x0C, 0x00, 0x00, 0xF4, 0xFF, 0xF6, 0xFF, 0x06, 0x00, 0x00, 0xE0, 0xFF, 0xFE, 0xFF,
    0x01, 0x00, 0x00, 0x90, 0xFF, 0xFF, 0xBF, 0x00, 0x00, 0x00, 0x30, 0xFF, 0xFF, 0x5F, 0x00, 0x00,
    0x00, 0x00, 0xFD, 0xFF, 0x0F, 0x00, 0x00, 0x00, 0x00, 0xF8, 0xFF, 0x0A, 0x00, 0x00, 0x00, 0x00,
    0xF4, 0xFF, 0x04, 0x00, 0x00, 0x00, 0x00, 0xF8, 0xEF, 0x00, 0x00, 0x00, 0x00, 0x30, 0xFE, 0x9F,
    0x00, 0x00, 0x00, 0x60, 0xFE, 0xFF, 0x2F, 0x00, 0x00, 0x00, 0x70, 0xFF, 0xFF, 0x07, 0x00, 0x00,
    0x00, 0x60, 0xFF, 0x6D, 0x00, 0x00, 0x00, 0x00, 0xD0, 0xFF, 0xFF, 0xFF, 0xFF, 0xFF, 0x02, 0xD0,
    0xFF, 0xFF, 0xFF, 0xFF, 0xFF, 0x02, 0xB0, 0xDD, 0xDD, 0xED, 0xFF, 0xDF, 0x00, 0x00, 0x00, 0x00,
    0xD0, 0xFF, 0x2F, 0x00, 0x00, 0x00, 0x00, 0xFA, 0xFF, 0x06, 0x00, 0x00, 0x00, 0x60, 0xFF, 0xAF,
    0x00, 0x00, 0x00, 0x00, 0xF2, 0xFF, 0x0D, 0x00, 0x00, 0x00, 0x00, 0xFD, 0xFF, 0x03, 0x00, 0x00,
    0x00, 0x90, 0xFF, 0x7F, 0x00, 0x00, 0x00, 0x00, 0xF5, 0xFF, 0x0B, 0x00, 0x00, 0x00, 0x20, 0xFF,
    0xEF, 0x01, 0x00, 0x00, 0x00, 0xC0, 0xFF, 0xFF, 0xDD, 0xDD, 0xDD, 0x04, 0xF1, 0xFF, 0xFF, 0xFF,
    0xFF, 0xFF, 0x05, 0xF1, 0xFF, 0xFF, 0xFF, 0xFF, 0xFF, 0x05, 0x00, 0x00, 0x30, 0x9A, 0x00, 0x00,
    0x00, 0xF6, 0xFF, 0x00, 0x00, 0x30, 0xFF, 0x5F, 0x00, 0x00, 0xB0, 0xFF, 0x09, 0x00, 0x00, 0xF0,
    0xFF, 0x04, 0x00, 0x00, 0xF1, 0xFF, 0x02, 0x00, 0x00, 0xF2, 0xFF, 0x02, 0x00, 0x00, 0xF2, 0xFF,
    0x02, 0x00, 0x00, 0xF2, 0xFF, 0x02, 0x00, 0x00, 0xF3, 0xFF, 0x01, 0x00, 0x00, 0xF8, 0xCF, 0x00,
    0x00, 0xB3, 0xFF, 0x4F, 0x00, 0x00, 0xF8, 0xFF, 0x05, 0x00, 0x00, 0xF6, 0xFF, 0x1D, 0x00, 0x00,
    0x20, 0xFD, 0xAF, 0x00, 0x00, 0x00, 0xF4, 0xFF, 0x00, 0x00, 0x00, 0xF2, 0xFF, 0x02, 0x00, 0x00,
    0xF2, 0xFF, 0x02, 0x00, 0x00, 0xF2, 0xFF, 0x02, 0x00, 0x00, 0xF1, 0xFF, 0x02, 0x00, 0x00, 0xF0,
    0xFF, 0x04, 0x00, 0x00, 0xC0, 0xFF, 0x09, 0x00, 0x00, 0x40, 0xFF, 0x5F, 0x00, 0x00, 0x00, 0xF7,
    0xFF, 0x00, 0x00, 0x00, 0x30, 0x9A, 0x00, 0xFC, 0x06, 0xFC, 0x06, 0xFC, 0x06, 0xFC, 0x06, 0xFC,
    0x06, 0xFC, 0x06, 0xFC, 0x06, 0xFC, 0x06, 0xFC, 0x06, 0xFC, 0x06, 0xFC, 0x06, 0xFC, 0x06, 0xFC,
    0x06, 0xFC, 0x06, 0xFC, 0x06, 0xFC, 0x06, 0xFC, 0x06, 0xFC, 0x06, 0xFC, 0x06, 0xFC, 0x06, 0xFC,
    0x06, 0xFC, 0x06, 0xD1, 0x07, 0x00, 0x00, 0xF6, 0xDF, 0x01, 0x00, 0xB1, 0xFF, 0x0C, 0x00, 0x10,
    0xFF, 0x4F, 0x00, 0x00, 0xFB, 0x8F, 0x00, 0x00, 0xF9, 0xAF, 0x00, 0x00, 0xF9, 0xBF, 0x00, 0x00,
    0xF9, 0xBF, 0x00, 0x00, 0xF9, 0xBF, 0x00, 0x00, 0xF8, 0xCF, 0x00, 0x00, 0xF4, 0xFF, 0x02, 0x00,
    0xB0, 0xFF, 0x9E, 0x00, 0x00, 0xFA, 0xFF, 0x00, 0x50, 0xFF, 0xFF, 0x00, 0xF2, 0xFF, 0x08, 0x00,
    0xF7, 0xDF, 0x00, 0x00, 0xF9, 0xBF, 0x00, 0x00, 0xF9, 0xBF, 0x00, 0x00, 0xF9, 0xBF, 0x00, 0x00,
    0xF9, 0xBF, 0x00, 0x00, 0xFB, 0x9F, 0x00, 0x00, 0xFF, 0x5F, 0x00, 0xA1, 0xFF, 0x0D, 0x00, 0xF6,
    0xDF, 0x02, 0x00, 0xD1, 0x08, 0x00, 0x00, 0x00, 0xD5, 0xDF, 0x07, 0x00, 0x40, 0xFF, 0x07, 0x60,
    0xFF, 0xFF, 0xAF, 0x00, 0x60, 0xFF, 0x05, 0xF0, 0xFF, 0xFF, 0xFF, 0x1B, 0xD1, 0xFF, 0x02, 0xF5,
    0xBF, 0x10, 0xFC, 0xFF, 0xFF, 0xCF, 0x00, 0xF8, 0x4F, 0x00, 0xC1, 0xFF, 0xFF, 0x3F, 0x00, 0xF9,
    0x1F, 0x00, 0x00, 0xE8, 0xCF, 0x03, 0x00, 0xA0, 0xDF, 0x02, 0xF4, 0xFF, 0x0A, 0xF4, 0xFF, 0x0A,
    0xA0, 0xDF, 0x02, 0x00, 0x00, 0x00, 0x00, 0x00, 0x00, 0xD0, 0xFF, 0x03, 0xE0, 0xFF, 0x04, 0xE0,
    0xFF, 0x04, 0xF0, 0xFF, 0x05, 0xF0, 0xFF, 0x05, 0xF0, 0xFF, 0x06, 0xF0, 0xFF, 0x06, 0xF1, 0xFF,
    0x07, 0xF1, 0xFF, 0x07, 0xF2, 0xFF, 0x08, 0xF2, 0xFF, 0x08, 0xF3, 0xFF, 0x09, 0xF4, 0xFF, 0x0A,
    0x00, 0x00, 0xA0, 0xDF, 0x00, 0x00, 0x00, 0x00, 0x00, 0xA0, 0xDF, 0x00, 0x00, 0x00, 0x00, 0x00,
    0xA0, 0xDF, 0x00, 0x00, 0x00, 0x00, 0x40, 0xFB, 0xFF, 0x6C, 0x00, 0x00, 0x00, 0xFA, 0xFF, 0xFF,
    0xFF, 0x0C, 0x00, 0x80, 0xFF, 0xFF, 0xFD, 0xFF, 0xAF, 0x00, 0xF1, 0xFF, 0x1D, 0x10, 0xFB, 0xFF,
    0x01, 0xF6, 0xFF, 0x04, 0x00, 0xF3, 0xFF, 0x04, 0xF9, 0xFF, 0x00, 0x00, 0x00, 0x00, 0x00, 0xFB,
    0xFF, 0x00, 0x00, 0x00, 0x00, 0x00, 0xFB, 0xFF, 0x00, 0x00, 0x00, 0x00, 0x00, 0xF9, 0xFF, 0x00,
    0x00, 0x00, 0x00, 0x00, 0xF6, 0xFF, 0x04, 0x00, 0xF3, 0xFF, 0x04, 0xF1, 0xFF, 0x1D, 0x10, 0xFB,
    0xFF, 0x01, 0x80, 0xFF, 0xFF, 0xFE, 0xFF, 0x9F, 0x00, 0x00, 0xFA, 0xFF, 0xFF, 0xFF, 0x0A, 0x00,
    0x00, 0x40, 0xFB, 0xFF, 0x5B, 0x00, 0x00, 0x00, 0x00, 0xA0, 0xDF, 0x00, 0x00, 0x00, 0x00, 0x00,
    0xA0, 0xDF, 0x00, 0x00, 0x00, 0x00, 0x00, 0xA0, 0xDF, 0x00, 0x00, 0x00, 0x00, 0x00, 0x92, 0xFD,
    0xDF, 0x18, 0x00, 0x00, 0x40, 0xFF, 0xFF, 0xFF, 0xFF, 0x03, 0x00, 0xF1, 0xFF, 0xFF, 0xFF, 0xFF,
    0x0E, 0x00, 0xF8, 0xFF, 0x0A, 0x90, 0xFF, 0x6F, 0x00, 0xFC, 0xFF, 0x01, 0x10, 0xFF, 0x9F, 0x00,
    0xFD, 0xFF, 0x00, 0x00, 0x43, 0x24, 0x00, 0xFD, 0xFF, 0x00, 0x00, 0x00, 0x00, 0x00, 0xFC, 0xFF,
    0x00, 0x00, 0x00, 0x00, 0x00, 0xFC, 0xFF, 0x00, 0x00, 0x00, 0x00, 0xEA, 0xFF, 0xFF, 0xEE, 0xEE,
    0x00, 0x00, 0xFC, 0xFF, 0xFF, 0xFF, 0xFF, 0x00, 0x00, 0xFC, 0xFF, 0xFF, 0xFF, 0xFF, 0x00, 0x00,
    0x00, 0xFA, 0xFF, 0x03, 0x00, 0x00, 0x00, 0x00, 0xF9, 0xFF, 0x04, 0x00, 0x00, 0x00, 0x00, 0xFA,
    0xFF, 0x02, 0x00, 0x00, 0x00, 0x00, 0xFE, 0xCF, 0x00, 0x00, 0x00, 0x00, 0xFA, 0xFF, 0xFF, 0xFF,
    0xFF, 0xFF, 0xBF, 0xFB, 0xFF, 0xFF, 0xFF, 0xFF, 0xFF, 0xBF, 0xFB, 0xFF, 0xFF, 0xFF, 0xFF, 0xFF,
    0xBF, 0x00, 0x00, 0x00, 0x00, 0x00, 0x00, 0x00, 0x00, 0x00, 0xB0, 0x05, 0x81, 0xFD, 0xDF, 0x28,
    0x40, 0x1C, 0x00, 0xFA, 0x9F, 0xFF, 0xFF, 0xFF, 0xFF, 0xF9, 0xCF, 0x00, 0xF4, 0xFF, 0xFF, 0x69,
    0x96, 0xFF, 0xFF, 0x5F, 0x00, 0x70, 0xFF, 0x1C, 0x00, 0x00, 0xB1, 0xFF, 0x08, 0x00, 0xC0, 0xDF,
    0x00, 0x00, 0x00, 0x00, 0xFD, 0x0D, 0x00, 0xF2, 0x4F, 0x00, 0x00, 0x00, 0x00, 0xF4, 0x3F, 0x00,
    0xF6, 0x0F, 0x00, 0x00, 0x00, 0x00, 0xE0, 0x7F, 0x00, 0xF8, 0x0C, 0x00, 0x00, 0x00, 0x00, 0xC0,
    0x8F, 0x00, 0xF8, 0x0C, 0x00, 0x00, 0x00, 0x00, 0xC0, 0x8F, 0x00, 0xF6, 0x0F, 0x00, 0x00, 0x00,
    0x00, 0xE0, 0x7F, 0x00, 0xF2, 0x5F, 0x00, 0x00, 0x00, 0x00, 0xF4, 0x3F, 0x00, 0xC0, 0xDF, 0x00,
    0x00, 0x00, 0x00, 0xFD, 0x0D, 0x00, 0x50, 0xFF, 0x1C, 0x00, 0x00, 0xB1, 0xFF, 0x06, 0x00, 0xD1,
    0xFF, 0xFF, 0x69, 0x96, 0xFF, 0xFF, 0x2E, 0x00, 0xFB, 0xBF, 0xFF, 0xFF, 0xFF, 0xFF, 0xFA, 0xDF,
    0x00, 0xE2, 0x09, 0x81, 0xFD, 0xDF, 0x29, 0x70, 0x3F, 0x00, 0x10, 0x00, 0x00, 0x00, 0x00, 0x00,
    0x00, 0x01, 0x00, 0xFA, 0xFF, 0x04, 0x00, 0x50, 0xFF, 0x9F, 0xF3, 0xFF, 0x0A, 0x00, 0xB0, 0xFF,
    0x2F, 0xC0, 0xFF, 0x0F, 0x00, 0xF1, 0xFF, 0x0B, 0x50, 0xFF, 0x6F, 0x00, 0xF6, 0xFF, 0x04, 0x00,
    0xFE, 0xCF, 0x00, 0xFC, 0xDF, 0x00, 0x00, 0xF8, 0xFF, 0x21, 0xFF, 0x7F, 0x00, 0x00, 0xF1, 0xFF,
    0x87, 0xFF, 0x1F, 0x00, 0x00, 0xA0, 0xFF, 0xED, 0xFF, 0x09, 0x00, 0x00, 0x30, 0xFF, 0xFF, 0xFF,
    0x02, 0x00, 0x20, 0x22, 0xFD, 0xFF, 0xDF, 0x22, 0x01, 0xE0, 0xFF, 0xFF, 0xFF, 0xFF, 0xFF, 0x08,
    0xE0, 0xFF, 0xFF, 0xFF, 0xFF, 0xFF, 0x08, 0x00, 0x00, 0xF0, 0xFF, 0x0D, 0x00, 0x00, 0x00, 0x00,
    0xF0, 0xFF, 0x0D, 0x00, 0x00, 0xE0, 0xFF, 0xFF, 0xFF, 0xFF, 0xFF, 0x08, 0xE0, 0xFF, 0xFF, 0xFF,
    0xFF, 0xFF, 0x08, 0x20, 0x22, 0xF2, 0xFF, 0x2D, 0x22, 0x01, 0x00, 0x00, 0xF0, 0xFF, 0x0D, 0x00,
    0x00, 0x00, 0x00, 0xF0, 0xFF, 0x0D, 0x00, 0x00, 0xF6, 0xEF, 0xF6, 0xEF, 0xF6, 0xEF, 0xF6, 0xEF,
    0xF6, 0xEF, 0xF6, 0xEF, 0xF6, 0xEF, 0xF6, 0xEF, 0xF6, 0xEF, 0xF6, 0xEF, 0x00, 0x00, 0x00, 0x00,
    0xF6, 0xEF, 0xF6, 0xEF, 0xF6, 0xEF, 0xF6, 0xEF, 0xF6, 0xEF, 0xF6, 0xEF, 0xF6, 0xEF, 0xF6, 0xEF,
    0xF6, 0xEF, 0xF6, 0xEF, 0x00, 0x50, 0xEA, 0xFF, 0xBE, 0x06, 0x00, 0x10, 0xFC, 0xFF, 0xFF, 0xFF,
    0xDF, 0x02, 0xC0, 0xFF, 0xFF, 0xEE, 0xFF, 0xFF, 0x0E, 0xF4, 0xFF, 0x1C, 0x00, 0xC1, 0xFF, 0x6F,
    0xF7, 0xFF, 0x03, 0x00, 0x10, 0xFF, 0xAF, 0xF6, 0xFF, 0x06, 0x00, 0x00, 0x66, 0x46, 0xF2, 0xFF,
    0x9F, 0x03, 0x00, 0x00, 0x00, 0x80, 0xFF, 0xFF, 0xEF, 0x5A, 0x00, 0x00, 0x20, 0xFF, 0xFF, 0xFF,
    0xFF, 0x8F, 0x00, 0xF2, 0xFF, 0xBC, 0xFF, 0xFF, 0xFF, 0x0C, 0xF9, 0xFF, 0x01, 0x51, 0xFB, 0xFF,
    0x9F, 0xFC, 0xEF, 0x00, 0x00, 0x40, 0xFF, 0xEF, 0xFB, 0xFF, 0x04, 0x00, 0x00, 0xFB, 0xFF, 0xF6,
    0xFF, 0xBF, 0x05, 0x00, 0xFC, 0xCF, 0xB0, 0xFF, 0xFF, 0xFF, 0xAB, 0xFF, 0x5F, 0x00, 0xF7, 0xFF,
    0xFF, 0xFF, 0xFF, 0x05, 0x00, 0x00, 0xB6, 0xFF, 0xFF, 0xFF, 0x0B, 0x00, 0x00, 0x00, 0x40, 0xFA,
    0xFF, 0x5F, 0x54, 0x45, 0x00, 0x00, 0x50, 0xFF, 0x9F, 0xFC, 0xFF, 0x00, 0x00, 0x00, 0xFF, 0xAF,
    0xF8, 0xFF, 0x1A, 0x00, 0x91, 0xFF, 0x8F, 0xE1, 0xFF, 0xFF, 0xEE, 0xFF, 0xFF, 0x2F, 0x30, 0xFE,
    0xFF, 0xFF, 0xFF, 0xEF, 0x04, 0x00, 0x60, 0xEB, 0xFF, 0xCE, 0x17, 0x00, 0x10, 0x01, 0x00, 0x00,
    0x01, 0xF6, 0x5F, 0x00, 0xF3, 0x8F, 0xFB, 0xBF, 0x00, 0xF8, 0xEF, 0xE4, 0x4E, 0x00, 0xD2, 0x7F,
    0x00, 0x00, 0x30, 0xD9, 0xFF, 0xAE, 0x05, 0x00, 0x00, 0x00, 0x00, 0x10, 0xFA, 0xCF, 0x99, 0xEB,
    0xDF, 0x03, 0x00, 0x00, 0x00, 0xD2, 0x8F, 0x01, 0x00, 0x00, 0xE6, 0x4F, 0x00, 0x00, 0x00, 0xFD,
    0x04, 0x00, 0x22, 0x00, 0x10, 0xFD, 0x02, 0x00, 0x90, 0x4F, 0x00, 0xE7, 0xFF, 0x8F, 0x00, 0xE1,
    0x0C, 0x00, 0xF1, 0x0A, 0x70, 0xEF, 0x88, 0xFE, 0x09, 0x60, 0x5F, 0x00, 0xF7, 0x02, 0xF1, 0x1F,
    0x00, 0xF1, 0x0F, 0x00, 0xBE, 0x00, 0xDA, 0x00, 0xF5, 0x09, 0x00, 0x90, 0x2C, 0x00, 0xF9, 0x00,
    0xBD, 0x00, 0xF7, 0x07, 0x00, 0x00, 0x00, 0x00, 0xF7, 0x01, 0xAD, 0x00, 0xF7, 0x07, 0x00, 0x00,
    0x00, 0x00, 0xF6, 0x02, 0xBD, 0x00, 0xF7, 0x07, 0x00, 0x00, 0x00, 0x00, 0xF7, 0x01, 0xEA, 0x00,
    0xF5, 0x09, 0x00, 0xA0, 0x2D, 0x00, 0xFA, 0x00, 0xF6, 0x03, 0xF1, 0x2F, 0x00, 0xF1, 0x0F, 0x00,
    0xBE, 0x00, 0xF1, 0x0A, 0x70, 0xEF, 0x99, 0xFE, 0x09, 0x60, 0x4F, 0x00, 0x80, 0x4F, 0x00, 0xE7,
    0xFF, 0x8E, 0x00, 0xE1, 0x0C, 0x00, 0x00, 0xFD, 0x04, 0x00, 0x12, 0x00, 0x10, 0xFD, 0x02, 0x00,
    0x00, 0xD1, 0x8F, 0x01, 0x00, 0x00, 0xE6, 0x4F, 0x00, 0x00, 0x00, 0x10, 0xFA, 0xCF, 0x99, 0xEB,
    0xCF, 0x02, 0x00, 0x00, 0x00, 0x00, 0x30, 0xD9, 0xFF, 0xAE, 0x05, 0x00, 0x00, 0x00, 0x00, 0xD7,
    0xFF, 0x2B, 0x00, 0x90, 0xFF, 0xFE, 0xEF, 0x01, 0xF0, 0x5F, 0x00, 0xFD, 0x07, 0x00, 0x01, 0x00,
    0xF9, 0x09, 0x00, 0x51, 0x76, 0xFC, 0x09, 0x70, 0xFF, 0xFF, 0xFF, 0x09, 0xF1, 0x6F, 0x00, 0xF9,
    0x09, 0xF3, 0x0F, 0x00, 0xFB, 0x09, 0xE0, 0xDF, 0xEA, 0xFF, 0x09, 0x30, 0xFC, 0xAF, 0xF8, 0x0C,
    0x00, 0x00, 0xFD, 0x09, 0xE1, 0x7F, 0x00, 0x90, 0xEF, 0x00, 0xFA, 0x0D, 0x00, 0xF4, 0x5F, 0x60,
    0xFF, 0x04, 0x10, 0xFE, 0x0B, 0xF2, 0xAF, 0x00, 0xC0, 0xFF, 0x02, 0xFD, 0x1E, 0x00, 0xB0, 0xFF,
    0x02, 0xFD, 0x1F, 0x00, 0x10, 0xFE, 0x0B, 0xF2, 0xAF, 0x00, 0x00, 0xF4, 0x5F, 0x60, 0xFF, 0x04,
    0x00, 0x90, 0xEF, 0x00, 0xFA, 0x0D, 0x00, 0x00, 0xFD, 0x09, 0xE1, 0x7F, 0xF6, 0xFF, 0xFF, 0xFF,
    0xFF, 0x3F, 0xF6, 0xFF, 0xFF, 0xFF, 0xFF, 0x4F, 0x20, 0x22, 0x22, 0x22, 0xF6, 0x3F, 0x00, 0x00,
    0x00, 0x00, 0xF4, 0x3F, 0x00, 0x00, 0x00, 0x00, 0xF4, 0x3F, 0xE7, 0xEE, 0xEE, 0x9E, 0xF8, 0xFF,
    0xFF, 0xAF, 0xF8, 0xFF, 0xFF, 0xAF, 0x00, 0x00, 0x30, 0xD9, 0xFF, 0xAE, 0x05, 0x00, 0x00, 0x00,
    0x00, 0x10, 0xFA, 0xCF, 0x99, 0xEB, 0xDF, 0x03, 0x00, 0x00, 0x00, 0xD2, 0x8F, 0x01, 0x00, 0x00,
    0xE6, 0x4F, 0x00, 0x00, 0x00, 0xFD, 0x04, 0x00, 0x00, 0x00, 0x10, 0xFD, 0x02, 0x00, 0x90, 0x4F,
    0x90, 0xFF, 0xFF, 0x6C, 0x00, 0xE1, 0x0C, 0x00, 0xF1, 0x0A, 0x90, 0xCF, 0xBA, 0xFE, 0x07, 0x60,
    0x4F, 0x00, 0xF7, 0x02, 0x90, 0x4F, 0x00, 0xF1, 0x0E, 0x00, 0xAE, 0x00, 0xDA, 0x00, 0x90, 0x4F,
    0x00, 0xD0, 0x0F, 0x00, 0xEA, 0x00, 0xBD, 0x00, 0x90, 0x4F, 0x00, 0xF2, 0x0E, 0x00, 0xF7, 0x01,
    0xAD, 0x00, 0x90, 0xCF, 0xCB, 0xFF, 0x04, 0x00, 0xF6, 0x01, 0xBD, 0x00, 0x90, 0xFF, 0xFF, 0xFF,
    0x04, 0x00, 0xF7, 0x01, 0xDA, 0x00, 0x90, 0x4F, 0x00, 0xF4, 0x0D, 0x00, 0xEA, 0x00, 0xF6, 0x02,
    0x90, 0x4F, 0x00, 0xD0, 0x0F, 0x00, 0xAE, 0x00, 0xF1, 0x0A, 0x90, 0x4F, 0x00, 0xD0, 0x0F, 0x60,
    0x4F, 0x00, 0x80, 0x4F, 0x90, 0x4F, 0x00, 0xC0, 0x2F, 0xE2, 0x0C, 0x00, 0x00, 0xFD, 0x04, 0x00,
    0x00, 0x00, 0x10, 0xFD, 0x02, 0x00, 0x00, 0xD1, 0x8F, 0x01, 0x00, 0x00, 0xE6, 0x4F, 0x00, 0x00,
    0x00, 0x10, 0xFA, 0xCF, 0x99, 0xEB, 0xCF, 0x02, 0x00, 0x00, 0x00, 0x00, 0x30, 0xD9, 0xFF, 0xAE,
    0x05, 0x00, 0x00, 0x00, 0x10, 0x11, 0x11, 0x11, 0x00, 0xFD, 0xFF, 0xFF, 0xFF, 0x0D, 0xFD, 0xFF,
    0xFF, 0xFF, 0x0D, 0x00, 0xE9, 0xAF, 0x01, 0xB0, 0xFF, 0xFE, 0x0C, 0xF3, 0x0C, 0xB0, 0x4F, 0xF5,
    0x07, 0x60, 0x7F, 0xF3, 0x0C, 0xB0, 0x5F, 0xB0, 0xEF, 0xFE, 0x0D, 0x00, 0xE9, 0xAF, 0x01, 0x00,
    0x00, 0xFA, 0x9F, 0x00, 0x00, 0x00, 0x00, 0xFA, 0x9F, 0x00, 0x00, 0x00, 0x00, 0xFA, 0x9F, 0x00,
    0x00, 0x00, 0x00, 0xFA, 0x9F, 0x00, 0x00, 0xFE, 0xFF, 0xFF, 0xFF, 0xFF, 0xCF, 0xFE, 0xFF, 0xFF,
    0xFF, 0xFF, 0xCF, 0xFD, 0xFF, 0xFF, 0xFF, 0xFF, 0xBF, 0x00, 0x00, 0xFA, 0x9F, 0x00, 0x00, 0x00,
    0x00, 0xFA, 0x9F, 0x00, 0x00, 0x00, 0x00, 0xFA, 0x9F, 0x00, 0x00, 0x00, 0x00, 0xFA, 0x9F, 0x00,
    0x00, 0x00, 0x00, 0xFA, 0x9F, 0x00, 0x00, 0x00, 0x00, 0x10, 0x01, 0x00, 0x00, 0xE8, 0xEE, 0xEE,
    0xEE, 0xEE, 0x5E, 0xF9, 0xFF, 0xFF, 0xFF, 0xFF, 0x6F, 0xF9, 0xFF, 0xFF, 0xFF, 0xFF, 0x6F, 0x00,
    0xD7, 0xEF, 0x2B, 0x00, 0xA0, 0xFF, 0xFF, 0xFF, 0x01, 0xF2, 0xAF, 0x51, 0xFF, 0x06, 0x72, 0x27,
    0x30, 0xFF, 0x07, 0x00, 0x00, 0xC0, 0xFF, 0x02, 0x00, 0x10, 0xFC, 0x5F, 0x00, 0x00, 0xD2, 0xEF,
    0x03, 0x00, 0x30, 0xFE, 0x2D, 0x00, 0x00, 0xF0, 0xFF, 0xFF, 0xFF, 0x0C, 0xF0, 0xFF, 0xFF, 0xFF,
    0x0C, 0x00, 0xE8, 0xFF, 0x3B, 0x00, 0xB0, 0xFF, 0xFF, 0xFF, 0x03, 0xF2, 0xAF, 0x41, 0xFF, 0x09,
    0x00, 0x00, 0x10, 0xFF, 0x08, 0x00, 0x50, 0xEB, 0xCF, 0x01, 0x00, 0x80, 0xFF, 0xAF, 0x01, 0x00,
    0x00, 0x20, 0xFE, 0x0A, 0xF5, 0x8F, 0x21, 0xFE, 0x0C, 0xE0, 0xFF, 0xFF, 0xFF, 0x06, 0x10, 0xE9,
    0xFF, 0x5B, 0x00, 0x00, 0xF8, 0xFF, 0x05, 0x30, 0xFF, 0x7F, 0x00, 0xC0, 0xFF, 0x09, 0x00, 0xF6,
    0xAF, 0x00, 0x00, 0xF3, 0xFF, 0x07, 0x00, 0xA0, 0xFF, 0x0F, 0xF3, 0xFF, 0x07, 0x00, 0xA0, 0xFF,
    0x0F, 0xF3, 0xFF, 0x07, 0x00, 0xA0, 0xFF, 0x0F, 0xF3, 0xFF, 0x07, 0x00, 0xA0, 0xFF, 0x0F, 0xF3,
    0xFF, 0x07, 0x00, 0xA0, 0xFF, 0x0F, 0xF3, 0xFF, 0x07, 0x00, 0xA0, 0xFF, 0x0F, 0xF3, 0xFF, 0x07,
    0x00, 0xA0, 0xFF, 0x0F, 0xF3, 0xFF, 0x07, 0x00, 0xA0, 0xFF, 0x0F, 0xF3, 0xFF, 0x08, 0x00, 0xA0,
    0xFF, 0x0F, 0xF3, 0xFF, 0x09, 0x00, 0xB0, 0xFF, 0x0F, 0xF3, 0xFF, 0x3F, 0x00, 0xF5, 0xFF, 0x0F,
    0xF3, 0xFF, 0xFF, 0xFE, 0xFF, 0xFF, 0x0F, 0xF3, 0xFF, 0xFF, 0xFF, 0xFF, 0xFF, 0x0F, 0xF3, 0xFF,
    0xDC, 0xEF, 0x79, 0xFF, 0x0F, 0xF3, 0xFF, 0x07, 0x00, 0x00, 0x00, 0x00, 0xF3, 0xFF, 0x07, 0x00,
    0x00, 0x00, 0x00, 0xF3, 0xFF, 0x07, 0x00, 0x00, 0x00, 0x00, 0xF3, 0xFF, 0x07, 0x00, 0x00, 0x00,
    0x00, 0xF3, 0xFF, 0x07, 0x00, 0x00, 0x00, 0x00, 0x00, 0x10, 0xD8, 0xFF, 0xFF, 0x0F, 0x00, 0xE3,
    0xFF, 0xFF, 0xFF, 0x0F, 0x10, 0xFE, 0xFF, 0xFF, 0xFF, 0x0F, 0x80, 0xFF, 0xFF, 0xFF, 0xFF, 0x0F,
    0xD0, 0xFF, 0xFF, 0xFF, 0xFF, 0x0F, 0xF0, 0xFF, 0xFF, 0xFF, 0xFF, 0x0F, 0xF0, 0xFF, 0xFF, 0xFF,
    0xFF, 0x0F, 0xD0, 0xFF, 0xFF, 0xFF, 0xFF, 0x0F, 0x80, 0xFF, 0xFF, 0xFF, 0xFF, 0x0F, 0x10, 0xFE,
    0xFF, 0xFF, 0xFF, 0x0F, 0x00, 0xE3, 0xFF, 0xFF, 0xFF, 0x0F, 0x00, 0x10, 0xD8, 0xFF, 0xFF, 0x0F,
    0x00, 0x00, 0x00, 0x00, 0xFB, 0x0F, 0x00, 0x00, 0x00, 0x00, 0xFB, 0x0F, 0x00, 0x00, 0x00, 0x00,
    0xFB, 0x0F, 0x00, 0x00, 0x00, 0x00, 0xFB, 0x0F, 0x00, 0x00, 0x00, 0x00, 0xFB, 0x0F, 0x00, 0x00,
    0x00, 0x00, 0xFB, 0x0F, 0x00, 0x00, 0x00, 0x00, 0xFB, 0x0F, 0x50, 0xBC, 0x02, 0xF1, 0xFF, 0x0D,
    0xF2, 0xFF, 0x0D, 0x80, 0xEF, 0x04, 0xF7, 0x6F, 0x00, 0xF9, 0xFF, 0x09, 0x10, 0xFF, 0x1F, 0x40,
    0xFF, 0x1F, 0xF5, 0xFF, 0x0A, 0xF5, 0x7C, 0x00, 0x00, 0x40, 0xAA, 0x91, 0xFE, 0xBF, 0xF4, 0xFF,
    0xBF, 0xA3, 0xE6, 0xBF, 0x00, 0xE0, 0xBF, 0x00, 0xE0, 0xBF, 0x00, 0xE0, 0xBF, 0x00, 0xE0, 0xBF,
    0x00, 0xE0, 0xBF, 0x00, 0xE0, 0xBF, 0x00, 0xE0, 0xBF, 0x00, 0xC5, 0xFF, 0x3B, 0x00, 0x70, 0xFF,
    0xEE, 0xFF, 0x04, 0xF1, 0x6F, 0x00, 0xF9, 0x0E, 0xF5, 0x0D, 0x00, 0xF1, 0x2F, 0xF7, 0x0B, 0x00,
    0xE0, 0x4F, 0xF7, 0x0B, 0x00, 0xE0, 0x4F, 0xF5, 0x0D, 0x00, 0xF0, 0x2F, 0xF1, 0x6F, 0x00, 0xF9,
    0x0E, 0x70, 0xFF, 0xEE, 0xFF, 0x04, 0x00, 0xC5, 0xFF, 0x3B, 0x00, 0xF9, 0x0C, 0x90, 0xCF, 0x00,
    0x00, 0xE1, 0x8F, 0x10, 0xFE, 0x08, 0x00, 0x60, 0xFF, 0x04, 0xF6, 0x4F, 0x00, 0x00, 0xFC, 0x1E,
    0xC0, 0xEF, 0x01, 0x00, 0xF2, 0xBF, 0x20, 0xFF, 0x0B, 0x00, 0xF3, 0xBF, 0x30, 0xFF, 0x0A, 0x00,
    0xFC, 0x1E, 0xC0, 0xEF, 0x01, 0x60, 0xFF, 0x04, 0xF6, 0x4F, 0x00, 0xE1, 0x8F, 0x10, 0xFE, 0x08,
    0x00, 0xF9, 0x0C, 0x90, 0xCF, 0x00, 0x00, 0x00, 0x82, 0x4D, 0x00, 0x00, 0x00, 0x00, 0x00, 0x00,
    0xD6, 0xFF, 0x4F, 0x00, 0x00, 0x40, 0x3C, 0x00, 0x00, 0xFB, 0xFF, 0x4F, 0x00, 0x00, 0xE0, 0x7F,
    0x00, 0x00, 0x34, 0xF5, 0x4F, 0x00, 0x00, 0xF8, 0x0C, 0x00, 0x00, 0x00, 0xF4, 0x4F, 0x00, 0x30,
    0xFF, 0x03, 0x00, 0x00, 0x00, 0xF4, 0x4F, 0x00, 0xD0, 0x8F, 0x00, 0x00, 0x00, 0x00, 0xF4, 0x4F,
    0x00, 0xF7, 0x0D, 0x00, 0x00, 0x00, 0x00, 0xF4, 0x4F, 0x20, 0xFF, 0x03, 0x00, 0x00, 0x00, 0x00,
    0xF4, 0x4F, 0xC0, 0x9F, 0x00, 0xF7, 0x7F, 0x00, 0x00, 0xF4, 0x4F, 0xF6, 0x0E, 0x30, 0xFF, 0x7F,
    0x00, 0x00, 0x00, 0x10, 0xFF, 0x05, 0xD0, 0xFF, 0x7F, 0x00, 0x00, 0x00, 0xB0, 0xAF, 0x00, 0xF9,
    0xFB, 0x7F, 0x00, 0x00, 0x00, 0xF5, 0x1F, 0x50, 0xDF, 0xF2, 0x7F, 0x00, 0x00, 0x10, 0xFE, 0x06,
    0xE1, 0x3F, 0xF2, 0x8F, 0x00, 0x00, 0xA0, 0xBF, 0x00, 0xF9, 0xFF, 0xFF, 0xFF, 0x09, 0x00, 0x40,
    0x2C, 0x00, 0xF8, 0xFF, 0xFF, 0xFF, 0x09, 0x00, 0x00, 0x00, 0x00, 0x00, 0x00, 0xF1, 0x7F, 0x00,
    0x00, 0x00, 0x00, 0x00, 0x00, 0x00, 0xF1, 0x7F, 0x00, 0x00, 0x94, 0x1E, 0x00, 0x00, 0x00, 0x00,
    0x00, 0x00, 0xE9, 0xFF, 0x1F, 0x00, 0x00, 0x00, 0x00, 0x00, 0x00, 0xFE, 0xFF, 0x1F, 0x00, 0x00,
    0xB0, 0x07, 0x00, 0x00, 0x25, 0xF8, 0x1F, 0x00, 0x00, 0xF7, 0x0E, 0x00, 0x00, 0x00, 0xF8, 0x1F,
    0x00, 0x20, 0xFF, 0x04, 0x00, 0x00, 0x00, 0xF8, 0x1F, 0x00, 0xB0, 0xAF, 0x00, 0x00, 0x00, 0x00,
    0xF8, 0x1F, 0x00, 0xF6, 0x1E, 0x00, 0x00, 0x00, 0x00, 0xF8, 0x1F, 0x10, 0xFE, 0x05, 0x00, 0x00,
    0x00, 0x00, 0xF8, 0x1F, 0xA0, 0xBF, 0x00, 0x00, 0x00, 0x00, 0x00, 0xF8, 0x1F, 0xF4, 0x1F, 0x80,
    0xFE, 0xAE, 0x02, 0x00, 0x00, 0x00, 0xFE, 0x06, 0xFB, 0xFF, 0xFF, 0x1E, 0x00, 0x00, 0x90, 0xCF,
    0x30, 0xFF, 0x19, 0xF7, 0x5F, 0x00, 0x00, 0xF3, 0x2F, 0x20, 0x77, 0x01, 0xF4, 0x6F, 0x00, 0x00,
    0xFD, 0x08, 0x00, 0x00, 0x10, 0xFD, 0x1F, 0x00, 0x80, 0xDF, 0x00, 0x00, 0x00, 0xD2, 0xFF, 0x04,
    0x00, 0xF2, 0x3F, 0x00, 0x00, 0x30, 0xFE, 0x2D, 0x00, 0x00, 0x91, 0x08, 0x00, 0x00, 0xF4, 0xCF,
    0x01, 0x00, 0x00, 0x00, 0x00, 0x00, 0x10, 0xFF, 0xFF, 0xFF, 0xBF, 0x00, 0x00, 0x00, 0x00, 0x20,
    0xFF, 0xFF, 0xFF, 0xBF, 0x30, 0xFB, 0xDF, 0x18, 0x00, 0x00, 0x00, 0x00, 0x00, 0x00, 0xF3, 0xFF,
    0xFF, 0xCF, 0x00, 0x00, 0x30, 0x4C, 0x00, 0x00, 0xD7, 0x3D, 0xA1, 0xFF, 0x02, 0x00, 0xD0, 0x8F,
    0x00, 0x00, 0x00, 0x00, 0x70, 0xFF, 0x01, 0x00, 0xF7, 0x0D, 0x00, 0x00, 0x00, 0xA0, 0xFB, 0x7F,
    0x00, 0x20, 0xFF, 0x04, 0x00, 0x00, 0x00, 0xF0, 0xFF, 0x6E, 0x00, 0xC0, 0x9F, 0x00, 0x00, 0x00,
    0x21, 0x01, 0x70, 0xFF, 0x03, 0xF6, 0x1E, 0x00, 0x00, 0x00, 0xFB, 0x3F, 0x71, 0xFF, 0x15, 0xFF,
    0x05, 0x00, 0x00, 0x00, 0xF5, 0xFF, 0xFF, 0xEF, 0xB1, 0xAF, 0x00, 0xF6, 0x9F, 0x00, 0x40, 0xFB,
    0xEF, 0x19, 0xF5, 0x1F, 0x20, 0xFF, 0x9F, 0x00, 0x00, 0x00, 0x00, 0x10, 0xFE, 0x06, 0xC0, 0xFF,
    0x9F, 0x00, 0x00, 0x00, 0x00, 0xA0, 0xBF, 0x00, 0xF8, 0xFB, 0x9F, 0x00, 0x00, 0x00, 0x00, 0xF4,
    0x2F, 0x40, 0xEF, 0xF1, 0x9F, 0x00, 0x00, 0x00, 0x00, 0xFD, 0x07, 0xE1, 0x4F, 0xF1, 0x9F, 0x00,
    0x00, 0x00, 0x80, 0xCF, 0x00, 0xF8, 0xFF, 0xFF, 0xFF, 0x0B, 0x00, 0x00, 0x40, 0x3C, 0x00, 0xF7,
    0xFF, 0xFF, 0xFF, 0x0B, 0x00, 0x00, 0x00, 0x00, 0x00, 0x00, 0x00, 0xF0, 0x9F, 0x00, 0x00, 0x00,
    0x00, 0x00, 0x00, 0x00, 0x00, 0xF0, 0x9F, 0x00, 0x00, 0x00, 0x70, 0xEF, 0x04, 0x00, 0x00, 0x00,
    0x00, 0xF1, 0xFF, 0x0D, 0x00, 0x00, 0x00, 0x00, 0xF1, 0xFF, 0x0D, 0x00, 0x00, 0x00, 0x00, 0x70,
    0xEF, 0x04, 0x00, 0x00, 0x00, 0x00, 0x00, 0x00, 0x00, 0x00, 0x00, 0x00, 0x00, 0x00, 0x00, 0x00,
    0x00, 0x00, 0x00, 0x00, 0xC0, 0xFF, 0x07, 0x00, 0x00, 0x00, 0x00, 0xF0, 0xFF, 0x05, 0x00, 0x00,
    0x00, 0x00, 0xF8, 0xFF, 0x02, 0x00, 0x00, 0x00, 0x80, 0xFF, 0xAF, 0x00, 0x00, 0x00, 0x00, 0xF8,
    0xFF, 0x0C, 0x00, 0x00, 0x00, 0x40, 0xFF, 0xCF, 0x00, 0x00, 0x00, 0x00, 0xD0, 0xFF, 0x1F, 0x00,
    0x00, 0x00, 0x00, 0xF0, 0xFF, 0x0A, 0x00, 0x00, 0x00, 0x00, 0xF1, 0xFF, 0x0A, 0x00, 0xF5, 0xFF,
    0x05, 0xE0, 0xFF, 0x2E, 0x10, 0xFD, 0xFF, 0x02, 0x80, 0xFF, 0xFF, 0xFE, 0xFF, 0xBF, 0x00, 0x00,
    0xFC, 0xFF, 0xFF, 0xFF, 0x1D, 0x00, 0x00, 0x60, 0xEB, 0xFF, 0x7C, 0x00, 0x00, 0x00, 0x00, 0x43,
    0x44, 0x00, 0x00, 0x00, 0x00, 0x00, 0x00, 0x00, 0xF4, 0xFF, 0x08, 0x00, 0x00, 0x00, 0x00, 0x00,
    0x00, 0x60, 0xFF, 0x2F, 0x00, 0x00, 0x00, 0x00, 0x00, 0x00, 0x00, 0xF8, 0xCF, 0x00, 0x00, 0x00,
    0x00, 0x00, 0x00, 0x00, 0x90, 0xCC, 0x03, 0x00, 0x00, 0x00, 0x00, 0x00, 0x00, 0x00, 0x00, 0x00,
    0x00, 0x00, 0x00, 0x00, 0x00, 0x00, 0xF3, 0xFF, 0x0A, 0x00, 0x00, 0x00, 0x00, 0x00, 0x00, 0xF9,
    0xFF, 0x1F, 0x00, 0x00, 0x00, 0x00, 0x00, 0x00, 0xFE, 0xFF, 0x6F, 0x00, 0x00, 0x00, 0x00, 0x00,
    0x50, 0xFF, 0xFF, 0xCF, 0x00, 0x00, 0x00, 0x00, 0x00, 0xA0, 0xFF, 0xFF, 0xFF, 0x02, 0x00, 0x00,
    0x00, 0x00, 0xF1, 0xFF, 0xF7, 0xFF, 0x08, 0x00, 0x00, 0x00, 0x00, 0xF6, 0xFF, 0xA2, 0xFF, 0x0D,
    0x00, 0x00, 0x00, 0x00, 0xFC, 0xDF, 0x50, 0xFF, 0x3F, 0x00, 0x00, 0x00, 0x10, 0xFF, 0x7F, 0x00,
    0xFF, 0x9F, 0x00, 0x00, 0x00, 0x70, 0xFF, 0x2F, 0x00, 0xFB, 0xEF, 0x00, 0x00, 0x00, 0xD0, 0xFF,
    0x0D, 0x00, 0xF6, 0xFF, 0x05, 0x00, 0x00, 0xF3, 0xFF, 0x08, 0x00, 0xF1, 0xFF, 0x0A, 0x00, 0x00,
    0xF9, 0xFF, 0xFF, 0xFF, 0xFF, 0xFF, 0x1F, 0x00, 0x00, 0xFE, 0xFF, 0xFF, 0xFF, 0xFF, 0xFF, 0x6F,
    0x00, 0x40, 0xFF, 0xFF, 0xFF, 0xFF, 0xFF, 0xFF, 0xCF, 0x00, 0xA0, 0xFF, 0x4F, 0x00, 0x00, 0x00,
    0xFC, 0xFF, 0x02, 0xF0, 0xFF, 0x0E, 0x00, 0x00, 0x00, 0xF7, 0xFF, 0x08, 0xF5, 0xFF, 0x09, 0x00,
    0x00, 0x00, 0xF2, 0xFF, 0x0D, 0xFB, 0xFF, 0x04, 0x00, 0x00, 0x00, 0xD0, 0xFF, 0x3F, 0x00, 0x00,
    0x00, 0x00, 0x20, 0x44, 0x14, 0x00, 0x00, 0x00, 0x00, 0x00, 0x00, 0xE1, 0xFF, 0x0C, 0x00, 0x00,
    0x00, 0x00, 0x00, 0x00, 0xF9, 0xDF, 0x01, 0x00, 0x00, 0x00, 0x00, 0x00, 0x30, 0xFF, 0x2E, 0x00,
    0x00, 0x00, 0x00, 0x00, 0x00, 0x90, 0xCC, 0x03, 0x00, 0x00, 0x00, 0x00, 0x00, 0x00, 0x00, 0x00,
    0x00, 0x00, 0x00, 0x00, 0x00, 0x00, 0x00, 0xF3, 0xFF, 0x0A, 0x00, 0x00, 0x00, 0x00, 0x00, 0x00,
    0xF9, 0xFF, 0x1F, 0x00, 0x00, 0x00, 0x00, 0x00, 0x00, 0xFE, 0xFF, 0x6F, 0x00, 0x00, 0x00, 0x00,
    0x00, 0x50, 0xFF, 0xFF, 0xCF, 0x00, 0x00, 0x00, 0x00, 0x00, 0xA0, 0xFF, 0xFF, 0xFF, 0x02, 0x00,
    0x00, 0x00, 0x00, 0xF1, 0xFF, 0xF7, 0xFF, 0x08, 0x00, 0x00, 0x00, 0x00, 0xF6, 0xFF, 0xA2, 0xFF,
    0x0D, 0x00, 0x00, 0x00, 0x00, 0xFC, 0xDF, 0x50, 0xFF, 0x3F, 0x00, 0x00, 0x00, 0x10, 0xFF, 0x7F,
    0x00, 0xFF, 0x9F, 0x00, 0x00, 0x00, 0x70, 0xFF, 0x2F, 0x00, 0xFB, 0xEF, 0x00, 0x00, 0x00, 0xD0,
    0xFF, 0x0D, 0x00, 0xF6, 0xFF, 0x05, 0x00, 0x00, 0xF3, 0xFF, 0x08, 0x00, 0xF1, 0xFF, 0x0A, 0x00,
    0x00, 0xF9, 0xFF, 0xFF, 0xFF, 0xFF, 0xFF, 0x1F, 0x00, 0x00, 0xFE, 0xFF, 0xFF, 0xFF, 0xFF, 0xFF,
    0x6F, 0x00, 0x40, 0xFF, 0xFF, 0xFF, 0xFF, 0xFF, 0xFF, 0xCF, 0x00, 0xA0, 0xFF, 0x4F, 0x00, 0x00,
    0x00, 0xFC, 0xFF, 0x02, 0xF0, 0xFF, 0x0E, 0x00, 0x00, 0x00, 0xF7, 0xFF, 0x08, 0xF5, 0xFF, 0x09,
    0x00, 0x00, 0x00, 0xF2, 0xFF, 0x0D, 0xFB, 0xFF, 0x04, 0x00, 0x00, 0x00, 0xD0, 0xFF, 0x3F, 0x00,
    0x00, 0x00, 0x40, 0x78, 0x00, 0x00, 0x00, 0x00, 0x00, 0x00, 0x00, 0xF4, 0xFF, 0x0C, 0x00, 0x00,
    0x00, 0x00, 0x00, 0x40, 0xFF, 0xFC, 0xCF, 0x00, 0x00, 0x00, 0x00, 0x00, 0xF4, 0xBF, 0x40, 0xFF,
    0x0C, 0x00, 0x00, 0x00, 0x00, 0x87, 0x07, 0x00, 0x83, 0x48, 0x00, 0x00, 0x00, 0x00, 0x00, 0x00,
    0x00, 0x00, 0x00, 0x00, 0x00, 0x00, 0x00, 0x00, 0xF3, 0xFF, 0x0A, 0x00, 0x00, 0x00, 0x00, 0x00,
    0x00, 0xF9, 0xFF, 0x1F, 0x00, 0x00, 0x00, 0x00, 0x00, 0x00, 0xFE, 0xFF, 0x6F, 0x00, 0x00, 0x00,
    0x00, 0x00, 0x50, 0xFF, 0xFF, 0xCF, 0x00, 0x00, 0x00, 0x00, 0x00, 0xA0, 0xFF, 0xFF, 0xFF, 0x02,
    0x00, 0x00, 0x00, 0x00, 0xF1, 0xFF, 0xF7, 0xFF, 0x08, 0x00, 0x00, 0x00, 0x00, 0xF6, 0xFF, 0xA2,
    0xFF, 0x0D, 0x00, 0x00, 0x00, 0x00, 0xFC, 0xDF, 0x50, 0xFF, 0x3F, 0x00, 0x00, 0x00, 0x10, 0xFF,
    0x7F, 0x00, 0xFF, 0x9F, 0x00, 0x00, 0x00, 0x70, 0xFF, 0x2F, 0x00, 0xFB, 0xEF, 0x00, 0x00, 0x00,
    0xD0, 0xFF, 0x0D, 0x00, 0xF6, 0xFF, 0x05, 0x00, 0x00, 0xF3, 0xFF, 0x08, 0x00, 0xF1, 0xFF, 0x0A,
    0x00, 0x00, 0xF9, 0xFF, 0xFF, 0xFF, 0xFF, 0xFF, 0x1F, 0x00, 0x00, 0xFE, 0xFF, 0xFF, 0xFF, 0xFF,
    0xFF, 0x6F, 0x00, 0x40, 0xFF, 0xFF, 0xFF, 0xFF, 0xFF, 0xFF, 0xCF, 0x00, 0xA0, 0xFF, 0x4F, 0x00,
    0x00, 0x00, 0xFC, 0xFF, 0x02, 0xF0, 0xFF, 0x0E, 0x00, 0x00, 0x00, 0xF7, 0xFF, 0x08, 0xF5, 0xFF,
    0x09, 0x00, 0x00, 0x00, 0xF2, 0xFF, 0x0D, 0xFB, 0xFF, 0x04, 0x00, 0x00, 0x00, 0xD0, 0xFF, 0x3F,
    0x00, 0x00, 0x00, 0x13, 0x00, 0x20, 0x24, 0x00, 0x00, 0x00, 0x00, 0xC0, 0xFF, 0x07, 0xB0, 0x7F,
    0x00, 0x00, 0x00, 0x00, 0xF8, 0xFF, 0xCF, 0xF9, 0x3F, 0x00, 0x00, 0x00, 0x00, 0xFD, 0x07, 0xF9,
    0xFF, 0x0C, 0x00, 0x00, 0x00, 0x00, 0xCB, 0x01, 0x60, 0x9B, 0x01, 0x00, 0x00, 0x00, 0x00, 0x00,
    0x00, 0x00, 0x00, 0x00, 0x00, 0x00, 0x00, 0x00, 0x00, 0xF3, 0xFF, 0x0A, 0x00, 0x00, 0x00, 0x00,
    0x00, 0x00, 0xF9, 0xFF, 0x1F, 0x00, 0x00, 0x00, 0x00, 0x00, 0x00, 0xFE, 0xFF, 0x6F, 0x00, 0x00,
    0x00, 0x00, 0x00, 0x50, 0xFF, 0xFF, 0xCF, 0x00, 0x00, 0x00, 0x00, 0x00, 0xA0, 0xFF, 0xFF, 0xFF,
    0x02, 0x00, 0x00, 0x00, 0x00, 0xF1, 0xFF, 0xF7, 0xFF, 0x08, 0x00, 0x00, 0x00, 0x00, 0xF6, 0xFF,
    0xA2, 0xFF, 0x0D, 0x00, 0x00, 0x00, 0x00, 0xFC, 0xDF, 0x50, 0xFF, 0x3F, 0x00, 0x00, 0x00, 0x10,
    0xFF, 0x7F, 0x00, 0xFF, 0x9F, 0x00, 0x00, 0x00, 0x70, 0xFF, 0x2F, 0x00, 0xFB, 0xEF, 0x00, 0x00,
    0x00, 0xD0, 0xFF, 0x0D, 0x00, 0xF6, 0xFF, 0x05, 0x00, 0x00, 0xF3, 0xFF, 0x08, 0x00, 0xF1, 0xFF,
    0x0A, 0x00, 0x00, 0xF9, 0xFF, 0xFF, 0xFF, 0xFF, 0xFF, 0x1F, 0x00, 0x00, 0xFE, 0xFF, 0xFF, 0xFF,
    0xFF, 0xFF, 0x6F, 0x00, 0x40, 0xFF, 0xFF, 0xFF, 0xFF, 0xFF, 0xFF, 0xCF, 0x00, 0xA0, 0xFF, 0x4F,
    0x00, 0x00, 0x00, 0xFC, 0xFF, 0x02, 0xF0, 0xFF, 0x0E, 0x00, 0x00, 0x00, 0xF7, 0xFF, 0x08, 0xF5,
    0xFF, 0x09, 0x00, 0x00, 0x00, 0xF2, 0xFF, 0x0D, 0xFB, 0xFF, 0x04, 0x00, 0x00, 0x00, 0xD0, 0xFF,
    0x3F, 0x00, 0x00, 0xA4, 0x06, 0x00, 0x92, 0x08, 0x00, 0x00, 0x00, 0x00, 0xFF, 0x4F, 0x00, 0xFC,
    0x8F, 0x00, 0x00, 0x00, 0x00, 0xFE, 0x3F, 0x00, 0xFB, 0x7F, 0x00, 0x00, 0x00, 0x00, 0x72, 0x04,
    0x00, 0x71, 0x06, 0x00, 0x00, 0x00, 0x00, 0x00, 0x00, 0x00, 0x00, 0x00, 0x00, 0x00, 0x00, 0x00,
    0x00, 0xF3, 0xFF, 0x0A, 0x00, 0x00, 0x00, 0x00, 0x00, 0x00, 0xF9, 0xFF, 0x1F, 0x00, 0x00, 0x00,
    0x00, 0x00, 0x00, 0xFE, 0xFF, 0x6F, 0x00, 0x00, 0x00, 0x00, 0x00, 0x50, 0xFF, 0xFF, 0xCF, 0x00,
    0x00, 0x00, 0x00, 0x00, 0xA0, 0xFF, 0xFF, 0xFF, 0x02, 0x00, 0x00, 0x00, 0x00, 0xF1, 0xFF, 0xF7,
    0xFF, 0x08, 0x00, 0x00, 0x00, 0x00, 0xF6, 0xFF, 0xA2, 0xFF, 0x0D, 0x00, 0x00, 0x00, 0x00, 0xFC,
    0xDF, 0x50, 0xFF, 0x3F, 0x00, 0x00, 0x00, 0x10, 0xFF, 0x7F, 0x00, 0xFF, 0x9F, 0x00, 0x00, 0x00,
    0x70, 0xFF, 0x2F, 0x00, 0xFB, 0xEF, 0x00, 0x00, 0x00, 0xD0, 0xFF, 0x0D, 0x00, 0xF6, 0xFF, 0x05,
    0x00, 0x00, 0xF3, 0xFF, 0x08, 0x00, 0xF1, 0xFF, 0x0A, 0x00, 0x00, 0xF9, 0xFF, 0xFF, 0xFF, 0xFF,
    0xFF, 0x1F, 0x00, 0x00, 0xFE, 0xFF, 0xFF, 0xFF, 0xFF, 0xFF, 0x6F, 0x00, 0x40, 0xFF, 0xFF, 0xFF,
    0xFF, 0xFF, 0xFF, 0xCF, 0x00, 0xA0, 0xFF, 0x4F, 0x00, 0x00, 0x00, 0xFC, 0xFF, 0x02, 0xF0, 0xFF,
    0x0E, 0x00, 0x00, 0x00, 0xF7, 0xFF, 0x08, 0xF5, 0xFF, 0x09, 0x00, 0x00, 0x00, 0xF2, 0xFF, 0x0D,
    0xFB, 0xFF, 0x04, 0x00, 0x00, 0x00, 0xD0, 0xFF, 0x3F, 0x00, 0x00, 0x00, 0xB1, 0xEF, 0x07, 0x00,
    0x00, 0x00, 0x00, 0x00, 0x00, 0xDC, 0x74, 0x5F, 0x00, 0x00, 0x00, 0x00, 0x00, 0x00, 0x7F, 0x00,
    0x9E, 0x00, 0x00, 0x00, 0x00, 0x00, 0x00, 0xDC, 0x64, 0x5F, 0x00, 0x00, 0x00, 0x00, 0x00, 0x00,
    0xB1, 0xEF, 0x07, 0x00, 0x00, 0x00, 0x00, 0x00, 0x00, 0x00, 0x00, 0x00, 0x00, 0x00, 0x00, 0x00,
    0x00, 0x00, 0xF3, 0xFF, 0x0A, 0x00, 0x00, 0x00, 0x00, 0x00, 0x00, 0xF9, 0xFF, 0x1F, 0x00, 0x00,
    0x00, 0x00, 0x00, 0x00, 0xFE, 0xFF, 0x6F, 0x00, 0x00, 0x00, 0x00, 0x00, 0x50, 0xFF, 0xFF, 0xCF,
    0x00, 0x00, 0x00, 0x00, 0x00, 0xA0, 0xFF, 0xFF, 0xFF, 0x02, 0x00, 0x00, 0x00, 0x00, 0xF1, 0xFF,
    0xF7, 0xFF, 0x08, 0x00, 0x00, 0x00, 0x00, 0xF6, 0xFF, 0xA2, 0xFF, 0x0D, 0x00, 0x00, 0x00, 0x00,
    0xFC, 0xDF, 0x50, 0xFF, 0x3F, 0x00, 0x00, 0x00, 0x10, 0xFF, 0x7F, 0x00, 0xFF, 0x9F, 0x00, 0x00,
    0x00, 0x70, 0xFF, 0x2F, 0x00, 0xFB, 0xEF, 0x00, 0x00, 0x00, 0xD0, 0xFF, 0x0D, 0x00, 0xF6, 0xFF,
    0x05, 0x00, 0x00, 0xF3, 0xFF, 0x08, 0x00, 0xF1, 0xFF, 0x0A, 0x00, 0x00, 0xF9, 0xFF, 0xFF, 0xFF,
    0xFF, 0xFF, 0x1F, 0x00, 0x00, 0xFE, 0xFF, 0xFF, 0xFF, 0xFF, 0xFF, 0x6F, 0x00, 0x40, 0xFF, 0xFF,
    0xFF, 0xFF, 0xFF, 0xFF, 0xCF, 0x00, 0xA0, 0xFF, 0x4F, 0x00, 0x00, 0x00, 0xFC, 0xFF, 0x02, 0xF0,
    0xFF, 0x0E, 0x00, 0x00, 0x00, 0xF7, 0xFF, 0x08, 0xF5, 0xFF, 0x09, 0x00, 0x00, 0x00, 0xF2, 0xFF,
    0x0D, 0xFB, 0xFF, 0x04, 0x00, 0x00, 0x00, 0xD0, 0xFF, 0x3F, 0x00, 0x00, 0x00, 0x00, 0x40, 0xFF,
    0xFF, 0xFF, 0xFF, 0xFF, 0xFF, 0x0D, 0x00, 0x00, 0x00, 0x00, 0xC0, 0xFF, 0xFF, 0xFF, 0xFF, 0xFF,
    0xFF, 0x0D, 0x00, 0x00, 0x00, 0x00, 0xF4, 0xFF, 0xFF, 0xEF, 0xEE, 0xEE, 0xEE, 0x0C, 0x00, 0x00,
    0x00, 0x00, 0xFD, 0xFF, 0xFF, 0x5F, 0x00, 0x00, 0x00, 0x00, 0x00, 0x00, 0x00, 0x50, 0xFF, 0xBF,
    0xFF, 0x5F, 0x00, 0x00, 0x00, 0x00, 0x00, 0x00, 0x00, 0xD0, 0xFF, 0x4E, 0xFF, 0x6F, 0x00, 0x00,
    0x00, 0x00, 0x00, 0x00, 0x00, 0xF6, 0xFF, 0x36, 0xFF, 0x7F, 0x00, 0x00, 0x00, 0x00, 0x00, 0x00,
    0x00, 0xFE, 0xEF, 0x20, 0xFF, 0x7F, 0x00, 0x00, 0x00, 0x00, 0x00, 0x00, 0x70, 0xFF, 0x7F, 0x20,
    0xFF, 0xFF, 0xEE, 0xEE, 0xBE, 0x00, 0x00, 0x00, 0xE0, 0xFF, 0x0E, 0x10, 0xFF, 0xFF, 0xFF, 0xFF,
    0xDF, 0x00, 0x00, 0x00, 0xF7, 0xFF, 0x07, 0x00, 0xFF, 0xFF, 0xFF, 0xFF, 0xDF, 0x00, 0x00, 0x10,
    0xFF, 0xFF, 0x01, 0x00, 0xFF, 0xAF, 0x00, 0x00, 0x00, 0x00, 0x00, 0x80, 0xFF, 0xFF, 0xFF, 0xFF,
    0xFF, 0xBF, 0x00, 0x00, 0x00, 0x00, 0x00, 0xF1, 0xFF, 0xFF, 0xFF, 0xFF, 0xFF, 0xBF, 0x00, 0x00,
    0x00, 0x00, 0x00, 0xF9, 0xFF, 0xFF, 0xFF, 0xFF, 0xFF, 0xCF, 0x00, 0x00, 0x00, 0x00, 0x10, 0xFF,
    0xFF, 0x01, 0x00, 0x00, 0xFD, 0xDF, 0x00, 0x00, 0x00, 0x00, 0x90, 0xFF, 0x9F, 0x00, 0x00, 0x00,
    0xFC, 0xFF, 0xEE, 0xEE, 0xEE, 0x8E, 0xF2, 0xFF, 0x1F, 0x00, 0x00, 0x00, 0xFC, 0xFF, 0xFF, 0xFF,
    0xFF, 0xAF, 0xFA, 0xFF, 0x09, 0x00, 0x00, 0x00, 0xFB, 0xFF, 0xFF, 0xFF, 0xFF, 0xAF, 0x00, 0x00,
    0xA4, 0xFE, 0xDF, 0x29, 0x00, 0x00, 0x00, 0xB1, 0xFF, 0xFF, 0xFF, 0xFF, 0x08, 0x00, 0x00, 0xFD,
    0xFF, 0xFF, 0xFF, 0xFF, 0x8F, 0x00, 0x90, 0xFF, 0xCF, 0x03, 0x51, 0xFE, 0xFF, 0x03, 0xF1, 0xFF,
    0x0D, 0x00, 0x00, 0xF4, 0xFF, 0x0A, 0xF7, 0xFF, 0x06, 0x00, 0x00, 0xD0, 0xFF, 0x0E, 0xFB, 0xFF,
    0x02, 0x00, 0x00, 0xA0, 0xFF, 0x2F, 0xFD, 0xFF, 0x00, 0x00, 0x00, 0x00, 0x00, 0x00, 0xFE, 0xFF,
    0x00, 0x00, 0x00, 0x00, 0x00, 0x00, 0xFE, 0xFF, 0x00, 0x00, 0x00, 0x00, 0x00, 0x00, 0xFE, 0xFF,
    0x00, 0x00, 0x00, 0x00, 0x00, 0x00, 0xFD, 0xFF, 0x00, 0x00, 0x00, 0x00, 0x00, 0x00, 0xFB, 0xFF,
    0x02, 0x00, 0x00, 0x00, 0x00, 0x00, 0xF7, 0xFF, 0x06, 0x00, 0x00, 0xB0, 0xFF, 0x1F, 0xF2, 0xFF,
    0x0D, 0x00, 0x00, 0xF1, 0xFF, 0x0E, 0xA0, 0xFF, 0xBF, 0x02, 0x40, 0xFD, 0xFF, 0x07, 0x10, 0xFD,
    0xFF, 0xFF, 0xFF, 0xFF, 0xCF, 0x00, 0x00, 0xC1, 0xFF, 0xFF, 0xFF, 0xFF, 0x1B, 0x00, 0x00, 0x00,
    0xB5, 0xFE, 0xDF, 0x4A, 0x00, 0x00, 0x00, 0x00, 0x00, 0xFC, 0x2F, 0x00, 0x00, 0x00, 0x00, 0x00,
    0x00, 0xFD, 0xFF, 0x06, 0x00, 0x00, 0x00, 0x00, 0x00, 0x50, 0xFF, 0x0D, 0x00, 0x00, 0x00, 0x00,
    0x00, 0x80, 0xFF, 0x0D, 0x00, 0x00, 0x00, 0x00, 0x00, 0xFA, 0xFF, 0x06, 0x00, 0x00, 0x00, 0x00,
    0x00, 0xE9, 0x5B, 0x00, 0x00, 0x00, 0x00, 0x83, 0x88, 0x04, 0x00, 0x00, 0x00, 0x00, 0xB0, 0xFF,
    0x1E, 0x00, 0x00, 0x00, 0x00, 0x00, 0xFC, 0xAF, 0x00, 0x00, 0x00, 0x00, 0x00, 0xE1, 0xFF, 0x04,
    0x00, 0x00, 0x00, 0x00, 0x20, 0x88, 0x05, 0x00, 0x00, 0x00, 0x00, 0x00, 0x00, 0x00, 0x00, 0x00,
    0xF5, 0xFF, 0xFF, 0xFF, 0xFF, 0xFF, 0x0F, 0xF5, 0xFF, 0xFF, 0xFF, 0xFF, 0xFF, 0x0F, 0xF5, 0xFF,
    0xFF, 0xFF, 0xFF, 0xFF, 0x0F, 0xF5, 0xFF, 0x07, 0x00, 0x00, 0x00, 0x00, 0xF5, 0xFF, 0x07, 0x00,
    0x00, 0x00, 0x00, 0xF5, 0xFF, 0x07, 0x00, 0x00, 0x00, 0x00, 0xF5, 0xFF, 0x07, 0x00, 0x00, 0x00,
    0x00, 0xF5, 0xFF, 0x07, 0x00, 0x00, 0x00, 0x00, 0xF5, 0xFF, 0xEF, 0xEE, 0xEE, 0xAE, 0x00, 0xF5,
    0xFF, 0xFF, 0xFF, 0xFF, 0xCF, 0x00, 0xF5, 0xFF, 0xFF, 0xFF, 0xFF, 0xCF, 0x00, 0xF5, 0xFF, 0x07,
    0x00, 0x00, 0x00, 0x00, 0xF5, 0xFF, 0x07, 0x00, 0x00, 0x00, 0x00, 0xF5, 0xFF, 0x07, 0x00, 0x00,
    0x00, 0x00, 0xF5, 0xFF, 0x07, 0x00, 0x00, 0x00, 0x00, 0xF5, 0xFF, 0x07, 0x00, 0x00, 0x00, 0x00,
    0xF5, 0xFF, 0xFF, 0xFF, 0xFF, 0xFF, 0x0F, 0xF5, 0xFF, 0xFF, 0xFF, 0xFF, 0xFF, 0x0F, 0xF5, 0xFF,
    0xFF, 0xFF, 0xFF, 0xFF, 0x0F, 0x00, 0x00, 0x00, 0x20, 0x88, 0x48, 0x00, 0x00, 0x00, 0x00, 0xC0,
    0xFF, 0x1D, 0x00, 0x00, 0x00, 0x00, 0xF6, 0xEF, 0x02, 0x00, 0x00, 0x00, 0x10, 0xFF, 0x3F, 0x00,
    0x00, 0x00, 0x00, 0x40, 0x88, 0x04, 0x00, 0x00, 0x00, 0x00, 0x00, 0x00, 0x00, 0x00, 0x00, 0xF5,
    0xFF, 0xFF, 0xFF, 0xFF, 0xFF, 0x0F, 0xF5, 0xFF, 0xFF, 0xFF, 0xFF, 0xFF, 0x0F, 0xF5, 0xFF, 0xFF,
    0xFF, 0xFF, 0xFF, 0x0F, 0xF5, 0xFF, 0x07, 0x00, 0x00, 0x00, 0x00, 0xF5, 0xFF, 0x07, 0x00, 0x00,
    0x00, 0x00, 0xF5, 0xFF, 0x07, 0x00, 0x00, 0x00, 0x00, 0xF5, 0xFF, 0x07, 0x00, 0x00, 0x00, 0x00,
    0xF5, 0xFF, 0x07, 0x00, 0x00, 0x00, 0x00, 0xF5, 0xFF, 0xEF, 0xEE, 0xEE, 0xAE, 0x00, 0xF5, 0xFF,
    0xFF, 0xFF, 0xFF, 0xCF, 0x00, 0xF5, 0xFF, 0xFF, 0xFF, 0xFF, 0xCF, 0x00, 0xF5, 0xFF, 0x07, 0x00,
    0x00, 0x00, 0x00, 0xF5, 0xFF, 0x07, 0x00, 0x00, 0x00, 0x00, 0xF5, 0xFF, 0x07, 0x00, 0x00, 0x00,
    0x00, 0xF5, 0xFF, 0x07, 0x00, 0x00, 0x00, 0x00, 0xF5, 0xFF, 0x07, 0x00, 0x00, 0x00, 0x00, 0xF5,
    0xFF, 0xFF, 0xFF, 0xFF, 0xFF, 0x0F, 0xF5, 0xFF, 0xFF, 0xFF, 0xFF, 0xFF, 0x0F, 0xF5, 0xFF, 0xFF,
    0xFF, 0xFF, 0xFF, 0x0F, 0x00, 0x00, 0x10, 0x88, 0x03, 0x00, 0x00, 0x00, 0x00, 0xD1, 0xFF, 0x3E,
    0x00, 0x00, 0x00, 0x10, 0xFD, 0xDE, 0xEF, 0x03, 0x00, 0x00, 0xD1, 0xEF, 0x12, 0xFD, 0x3E, 0x00,
    0x00, 0x85, 0x28, 0x00, 0x81, 0x68, 0x00, 0x00, 0x00, 0x00, 0x00, 0x00, 0x00, 0x00, 0xF5, 0xFF,
    0xFF, 0xFF, 0xFF, 0xFF, 0x0F, 0xF5, 0xFF, 0xFF, 0xFF, 0xFF, 0xFF, 0x0F, 0xF5, 0xFF, 0xFF, 0xFF,
    0xFF, 0xFF, 0x0F, 0xF5, 0xFF, 0x07, 0x00, 0x00, 0x00, 0x00, 0xF5, 0xFF, 0x07, 0x00, 0x00, 0x00,
    0x00, 0xF5, 0xFF, 0x07, 0x00, 0x00, 0x00, 0x00, 0xF5, 0xFF, 0x07, 0x00, 0x00, 0x00, 0x00, 0xF5,
    0xFF, 0x07, 0x00, 0x00, 0x00, 0x00, 0xF5, 0xFF, 0xEF, 0xEE, 0xEE, 0xAE, 0x00, 0xF5, 0xFF, 0xFF,
    0xFF, 0xFF, 0xCF, 0x00, 0xF5, 0xFF, 0xFF, 0xFF, 0xFF, 0xCF, 0x00, 0xF5, 0xFF, 0x07, 0x00, 0x00,
    0x00, 0x00, 0xF5, 0xFF, 0x07, 0x00, 0x00, 0x00, 0x00, 0xF5, 0xFF, 0x07, 0x00, 0x00, 0x00, 0x00,
    0xF5, 0xFF, 0x07, 0x00, 0x00, 0x00, 0x00, 0xF5, 0xFF, 0x07, 0x00, 0x00, 0x00, 0x00, 0xF5, 0xFF,
    0xFF, 0xFF, 0xFF, 0xFF, 0x0F, 0xF5, 0xFF, 0xFF, 0xFF, 0xFF, 0xFF, 0x0F, 0xF5, 0xFF, 0xFF, 0xFF,
    0xFF, 0xFF, 0x0F, 0x00, 0xD4, 0x2C, 0x00, 0xB1, 0x5D, 0x00, 0x00, 0xFC, 0xAF, 0x00, 0xF8, 0xEF,
    0x00, 0x00, 0xF7, 0x6F, 0x00, 0xF4, 0x9F, 0x00, 0x00, 0x20, 0x02, 0x00, 0x10, 0x03, 0x00, 0x00,
    0x00, 0x00, 0x00, 0x00, 0x00, 0x00, 0xF5, 0xFF, 0xFF, 0xFF, 0xFF, 0xFF, 0x0F, 0xF5, 0xFF, 0xFF,
    0xFF, 0xFF, 0xFF, 0x0F, 0xF5, 0xFF, 0xFF, 0xFF, 0xFF, 0xFF, 0x0F, 0xF5, 0xFF, 0x07, 0x00, 0x00,
    0x00, 0x00, 0xF5, 0xFF, 0x07, 0x00, 0x00, 0x00, 0x00, 0xF5, 0xFF, 0x07, 0x00, 0x00, 0x00, 0x00,
    0xF5, 0xFF, 0x07, 0x00, 0x00, 0x00, 0x00, 0xF5, 0xFF, 0x07, 0x00, 0x00, 0x00, 0x00, 0xF5, 0xFF,
    0xEF, 0xEE, 0xEE, 0xAE, 0x00, 0xF5, 0xFF, 0xFF, 0xFF, 0xFF, 0xCF, 0x00, 0xF5, 0xFF, 0xFF, 0xFF,
    0xFF, 0xCF, 0x00, 0xF5, 0xFF, 0x07, 0x00, 0x00, 0x00, 0x00, 0xF5, 0xFF, 0x07, 0x00, 0x00, 0x00,
    0x00, 0xF5, 0xFF, 0x07, 0x00, 0x00, 0x00, 0x00, 0xF5, 0xFF, 0x07, 0x00, 0x00, 0x00, 0x00, 0xF5,
    0xFF, 0x07, 0x00, 0x00, 0x00, 0x00, 0xF5, 0xFF, 0xFF, 0xFF, 0xFF, 0xFF, 0x0F, 0xF5, 0xFF, 0xFF,
    0xFF, 0xFF, 0xFF, 0x0F, 0xF5, 0xFF, 0xFF, 0xFF, 0xFF, 0xFF, 0x0F, 0x85, 0x88, 0x02, 0x00, 0xE1,
    0xFF, 0x0B, 0x00, 0x30, 0xFF, 0x5F, 0x00, 0x00, 0xF4, 0xEF, 0x01, 0x00, 0x50, 0x88, 0x03, 0x00,
    0x00, 0x00, 0x00, 0x00, 0xF1, 0xFF, 0x0B, 0x00, 0xF1, 0xFF, 0x0B, 0x00, 0xF1, 0xFF, 0x0B, 0x00,
    0xF1, 0xFF, 0x0B, 0x00, 0xF1, 0xFF, 0x0B, 0x00, 0xF1, 0xFF, 0x0B, 0x00, 0xF1, 0xFF, 0x0B, 0x00,
    0xF1, 0xFF, 0x0B, 0x00, 0xF1, 0xFF, 0x0B, 0x00, 0xF1, 0xFF, 0x0B, 0x00, 0xF1, 0xFF, 0x0B, 0x00,
    0xF1, 0xFF, 0x0B, 0x00, 0xF1, 0xFF, 0x0B, 0x00, 0xF1, 0xFF, 0x0B, 0x00, 0xF1, 0xFF, 0x0B, 0x00,
    0xF1, 0xFF, 0x0B, 0x00, 0xF1, 0xFF, 0x0B, 0x00, 0xF1, 0xFF, 0x0B, 0x00, 0xF1, 0xFF, 0x0B, 0x00,
    0x40, 0x88, 0x28, 0x00, 0xF1, 0xFF, 0x0A, 0x00, 0xFB, 0xCF, 0x00, 0x50, 0xFF, 0x1D, 0x00, 0x60,
    0x88, 0x02, 0x00, 0x00, 0x00, 0x00, 0x00, 0xF1, 0xFF, 0x0B, 0x00, 0xF1, 0xFF, 0x0B, 0x00, 0xF1,
    0xFF, 0x0B, 0x00, 0xF1, 0xFF, 0x0B, 0x00, 0xF1, 0xFF, 0x0B, 0x00, 0xF1, 0xFF, 0x0B, 0x00, 0xF1,
    0xFF, 0x0B, 0x00, 0xF1, 0xFF, 0x0B, 0x00, 0xF1, 0xFF, 0x0B, 0x00, 0xF1, 0xFF, 0x0B, 0x00, 0xF1,
    0xFF, 0x0B, 0x00, 0xF1, 0xFF, 0x0B, 0x00, 0xF1, 0xFF, 0x0B, 0x00, 0xF1, 0xFF, 0x0B, 0x00, 0xF1,
    0xFF, 0x0B, 0x00, 0xF1, 0xFF, 0x0B, 0x00, 0xF1, 0xFF, 0x0B, 0x00, 0xF1, 0xFF, 0x0B, 0x00, 0xF1,
    0xFF, 0x0B, 0x00, 0x00, 0x00, 0x84, 0x07, 0x00, 0x00, 0x00, 0x40, 0xFF, 0xCF, 0x00, 0x00, 0x00,
    0xF4, 0xCF, 0xFF, 0x0C, 0x00, 0x40, 0xFF, 0x0C, 0xF4, 0xCF, 0x00, 0x70, 0x78, 0x00, 0x30, 0x88,
    0x04, 0x00, 0x00, 0x00, 0x00, 0x00, 0x00, 0x00, 0x10, 0xFF, 0xBF, 0x00, 0x00, 0x00, 0x10, 0xFF,
    0xBF, 0x00, 0x00, 0x00, 0x10, 0xFF, 0xBF, 0x00, 0x00, 0x00, 0x10, 0xFF, 0xBF, 0x00, 0x00, 0x00,
    0x10, 0xFF, 0xBF, 0x00, 0x00, 0x00, 0x10, 0xFF, 0xBF, 0x00, 0x00, 0x00, 0x10, 0xFF, 0xBF, 0x00,
    0x00, 0x00, 0x10, 0xFF, 0xBF, 0x00, 0x00, 0x00, 0x10, 0xFF, 0xBF, 0x00, 0x00, 0x00, 0x10, 0xFF,
    0xBF, 0x00, 0x00, 0x00, 0x10, 0xFF, 0xBF, 0x00, 0x00, 0x00, 0x10, 0xFF, 0xBF, 0x00, 0x00, 0x00,
    0x10, 0xFF, 0xBF, 0x00, 0x00, 0x00, 0x10, 0xFF, 0xBF, 0x00, 0x00, 0x00, 0x10, 0xFF, 0xBF, 0x00,
    0x00, 0x00, 0x10, 0xFF, 0xBF, 0x00, 0x00, 0x00, 0x10, 0xFF, 0xBF, 0x00, 0x00, 0x00, 0x10, 0xFF,
    0xBF, 0x00, 0x00, 0x00, 0x10, 0xFF, 0xBF, 0x00, 0x00, 0x70, 0xBE, 0x00, 0x40, 0xCD, 0x02, 0xF0,
    0xFF, 0x05, 0xC0, 0xFF, 0x09, 0xC0, 0xFF, 0x02, 0x80, 0xFF, 0x05, 0x00, 0x13, 0x00, 0x00, 0x23,
    0x00, 0x00, 0x00, 0x00, 0x00, 0x00, 0x00, 0x00, 0x10, 0xFF, 0xBF, 0x00, 0x00, 0x00, 0x10, 0xFF,
    0xBF, 0x00, 0x00, 0x00, 0x10, 0xFF, 0xBF, 0x00, 0x00, 0x00, 0x10, 0xFF, 0xBF, 0x00, 0x00, 0x00,
    0x10, 0xFF, 0xBF, 0x00, 0x00, 0x00, 0x10, 0xFF, 0xBF, 0x00, 0x00, 0x00, 0x10, 0xFF, 0xBF, 0x00,
    0x00, 0x00, 0x10, 0xFF, 0xBF, 0x00, 0x00, 0x00, 0x10, 0xFF, 0xBF, 0x00, 0x00, 0x00, 0x10, 0xFF,
    0xBF, 0x00, 0x00, 0x00, 0x10, 0xFF, 0xBF, 0x00, 0x00, 0x00, 0x10, 0xFF, 0xBF, 0x00, 0x00, 0x00,
    0x10, 0xFF, 0xBF, 0x00, 0x00, 0x00, 0x10, 0xFF, 0xBF, 0x00, 0x00, 0x00, 0x10, 0xFF, 0xBF, 0x00,
    0x00, 0x00, 0x10, 0xFF, 0xBF, 0x00, 0x00, 0x00, 0x10, 0xFF, 0xBF, 0x00, 0x00, 0x00, 0x10, 0xFF,
    0xBF, 0x00, 0x00, 0x00, 0x10, 0xFF, 0xBF, 0x00, 0x00, 0x00, 0xFF, 0xFF, 0xFF, 0xDF, 0x39, 0x00,
    0x00, 0x00, 0x00, 0xFF, 0xFF, 0xFF, 0xFF, 0xFF, 0x09, 0x00, 0x00, 0x00, 0xFF, 0xFF, 0xFF, 0xFF,
    0xFF, 0xCF, 0x00, 0x00, 0x00, 0xFF, 0xDF, 0x00, 0x40, 0xFD, 0xFF, 0x09, 0x00, 0x00, 0xFF, 0xDF,
    0x00, 0x00, 0xD1, 0xFF, 0x3F, 0x00, 0x00, 0xFF, 0xDF, 0x00, 0x00, 0x50, 0xFF, 0x9F, 0x00, 0x00,
    0xFF, 0xDF, 0x00, 0x00, 0x00, 0xFF, 0xEF, 0x00, 0x00, 0xFF, 0xDF, 0x00, 0x00, 0x00, 0xFC, 0xFF,
    0x01, 0x43, 0xFF, 0xEF, 0x44, 0x04, 0x00, 0xFB, 0xFF, 0x02, 0xFD, 0xFF, 0xFF, 0xFF, 0x0F, 0x00,
    0xFB, 0xFF, 0x02, 0xFD, 0xFF, 0xFF, 0xFF, 0x0F, 0x00, 0xFB, 0xFF, 0x02, 0x00, 0xFF, 0xDF, 0x00,
    0x00, 0x00, 0xFC, 0xFF, 0x01, 0x00, 0xFF, 0xDF, 0x00, 0x00, 0x00, 0xFF, 0xEF, 0x00, 0x00, 0xFF,
    0xDF, 0x00, 0x00, 0x50, 0xFF, 0x9F, 0x00, 0x00, 0xFF, 0xDF, 0x00, 0x00, 0xD1, 0xFF, 0x3F, 0x00,
    0x00, 0xFF, 0xDF, 0x00, 0x40, 0xFD, 0xFF, 0x09, 0x00, 0x00, 0xFF, 0xFF, 0xFF, 0xFF, 0xFF, 0xCF,
    0x00, 0x00, 0x00, 0xFF, 0xFF, 0xFF, 0xFF, 0xFF, 0x09, 0x00, 0x00, 0x00, 0xFF, 0xFF, 0xFF, 0xDF,
    0x39, 0x00, 0x00, 0x00, 0x00, 0x00, 0x10, 0x03, 0x00, 0x40, 0x03, 0x00, 0x00, 0x00, 0xF5, 0xCF,
    0x01, 0xF3, 0x0E, 0x00, 0x00, 0x10, 0xFF, 0xFF, 0x8E, 0xFD, 0x0B, 0x00, 0x00, 0x60, 0xDF, 0x40,
    0xFE, 0xFF, 0x03, 0x00, 0x00, 0x60, 0x7C, 0x00, 0xA2, 0x4B, 0x00, 0x00, 0x00, 0x00, 0x00, 0x00,
    0x00, 0x00, 0x00, 0x00, 0xF5, 0xFF, 0x0B, 0x00, 0x00, 0x10, 0xFF, 0xBF, 0xF5, 0xFF, 0x5F, 0x00,
    0x00, 0x10, 0xFF, 0xBF, 0xF5, 0xFF, 0xEF, 0x00, 0x00, 0x10, 0xFF, 0xBF, 0xF5, 0xFF, 0xFF, 0x08,
    0x00, 0x10, 0xFF, 0xBF, 0xF5, 0xFF, 0xFF, 0x1F, 0x00, 0x10, 0xFF, 0xBF, 0xF5, 0xFF, 0xFF, 0xAF,
    0x00, 0x10, 0xFF, 0xBF, 0xF5, 0xFF, 0xFD, 0xFF, 0x04, 0x10, 0xFF, 0xBF, 0xF5, 0xFF, 0xD7, 0xFF,
    0x0D, 0x10, 0xFF, 0xBF, 0xF5, 0xFF, 0x37, 0xFF, 0x6F, 0x10, 0xFF, 0xBF, 0xF5, 0xFF, 0x07, 0xFA,
    0xEF, 0x11, 0xFF, 0xBF, 0xF5, 0xFF, 0x07, 0xF1, 0xFF, 0x19, 0xFF, 0xBF, 0xF5, 0xFF, 0x07, 0x70,
    0xFF, 0x4F, 0xFF, 0xBF, 0xF5, 0xFF, 0x07, 0x00, 0xFD, 0xDF, 0xFF, 0xBF, 0xF5, 0xFF, 0x07, 0x00,
    0xF5, 0xFF, 0xFF, 0xBF, 0xF5, 0xFF, 0x07, 0x00, 0xB0, 0xFF, 0xFF, 0xBF, 0xF5, 0xFF, 0x07, 0x00,
    0x20, 0xFF, 0xFF, 0xBF, 0xF5, 0xFF, 0x07, 0x00, 0x00, 0xF9, 0xFF, 0xBF, 0xF5, 0xFF, 0x07, 0x00,
    0x00, 0xE1, 0xFF, 0xBF, 0xF5, 0xFF, 0x07, 0x00, 0x00, 0x60, 0xFF, 0xBF, 0x00, 0x40, 0xFF, 0x9F,
    0x00, 0x00, 0x00, 0x00, 0x00, 0x00, 0xF6, 0xFF, 0x03, 0x00, 0x00, 0x00, 0x00, 0x00, 0x80, 0xFF,
    0x0C, 0x00, 0x00, 0x00, 0x00, 0x00, 0x00, 0xFA, 0x7F, 0x00, 0x00, 0x00, 0x00, 0x00, 0x00, 0x00,
    0x00, 0x00, 0x00, 0x00, 0x00, 0x00, 0xA3, 0xFD, 0xDF, 0x39, 0x00, 0x00, 0x00, 0xA0, 0xFF, 0xFF,
    0xFF, 0xFF, 0x09, 0x00, 0x00, 0xFB, 0xFF, 0xFF, 0xFF, 0xFF, 0xAF, 0x00, 0x70, 0xFF, 0xEF, 0x15,
    0x51, 0xFE, 0xFF, 0x06, 0xF1, 0xFF, 0x1F, 0x00, 0x00, 0xF2, 0xFF, 0x0E, 0xF6, 0xFF, 0x08, 0x00,
    0x00, 0x90, 0xFF, 0x4F, 0xFA, 0xFF, 0x03, 0x00, 0x00, 0x40, 0xFF, 0x9F, 0xFD, 0xFF, 0x00, 0x00,
    0x00, 0x10, 0xFF, 0xBF, 0xFE, 0xFF, 0x00, 0x00, 0x00, 0x00, 0xFF, 0xCF, 0xFE, 0xFF, 0x00, 0x00,
    0x00, 0x00, 0xFF, 0xDF, 0xFE, 0xFF, 0x00, 0x00, 0x00, 0x00, 0xFF, 0xCF, 0xFD, 0xFF, 0x00, 0x00,
    0x00, 0x10, 0xFF, 0xBF, 0xFA, 0xFF, 0x03, 0x00, 0x00, 0x40, 0xFF, 0x9F, 0xF6, 0xFF, 0x08, 0x00,
    0x00, 0x90, 0xFF, 0x5F, 0xF1, 0xFF, 0x1F, 0x00, 0x00, 0xF2, 0xFF, 0x0E, 0x70, 0xFF, 0xEF, 0x05,
    0x50, 0xFE, 0xFF, 0x06, 0x00, 0xFB, 0xFF, 0xFF, 0xFF, 0xFF, 0xBF, 0x00, 0x00, 0xA0, 0xFF, 0xFF,
    0xFF, 0xFF, 0x09, 0x00, 0x00, 0x00, 0xA3, 0xFD, 0xDF, 0x39, 0x00, 0x00, 0x00, 0x00, 0x00, 0x00,
    0xFA, 0xFF, 0x04, 0x00, 0x00, 0x00, 0x00, 0x40, 0xFF, 0x5F, 0x00, 0x00, 0x00, 0x00, 0x00, 0xD0,
    0xFF, 0x07, 0x00, 0x00, 0x00, 0x00, 0x00, 0xF7, 0x9F, 0x00, 0x00, 0x00, 0x00, 0x00, 0x00, 0x00,
    0x00, 0x00, 0x00, 0x00, 0x00, 0x00, 0xA3, 0xFD, 0xDF, 0x39, 0x00, 0x00, 0x00, 0xA0, 0xFF, 0xFF,
    0xFF, 0xFF, 0x09, 0x00, 0x00, 0xFB, 0xFF, 0xFF, 0xFF, 0xFF, 0xAF, 0x00, 0x70, 0xFF, 0xEF, 0x15,
    0x51, 0xFE, 0xFF, 0x06, 0xF1, 0xFF, 0x1F, 0x00, 0x00, 0xF2, 0xFF, 0x0E, 0xF6, 0xFF, 0x08, 0x00,
    0x00, 0x90, 0xFF, 0x4F, 0xFA, 0xFF, 0x03, 0x00, 0x00, 0x40, 0xFF, 0x9F, 0xFD, 0xFF, 0x00, 0x00,
    0x00, 0x10, 0xFF, 0xBF, 0xFE, 0xFF, 0x00, 0x00, 0x00, 0x00, 0xFF, 0xCF, 0xFE, 0xFF, 0x00, 0x00,
    0x00, 0x00, 0xFF, 0xDF, 0xFE, 0xFF, 0x00, 0x00, 0x00, 0x00, 0xFF, 0xCF, 0xFD, 0xFF, 0x00, 0x00,
    0x00, 0x10, 0xFF, 0xBF, 0xFA, 0xFF, 0x03, 0x00, 0x00, 0x40, 0xFF, 0x9F, 0xF6, 0xFF, 0x08, 0x00,
    0x00, 0x90, 0xFF, 0x5F, 0xF1, 0xFF, 0x1F, 0x00, 0x00, 0xF2, 0xFF, 0x0E, 0x70, 0xFF, 0xEF, 0x05,
    0x50, 0xFE, 0xFF, 0x06, 0x00, 0xFB, 0xFF, 0xFF, 0xFF, 0xFF, 0xBF, 0x00, 0x00, 0xA0, 0xFF, 0xFF,
    0xFF, 0xFF, 0x09, 0x00, 0x00, 0x00, 0xA3, 0xFD, 0xDF, 0x39, 0x00, 0x00, 0x00, 0x00, 0x00, 0x40,
    0x04, 0x00, 0x00, 0x00, 0x00, 0x00, 0x00, 0xFC, 0xBF, 0x00, 0x00, 0x00, 0x00, 0x00, 0xC0, 0xFF,
    0xFF, 0x0B, 0x00, 0x00, 0x00, 0x00, 0xFC, 0x3F, 0xF5, 0xBF, 0x00, 0x00, 0x00, 0x80, 0xCC, 0x04,
    0x50, 0xCC, 0x07, 0x00, 0x00, 0x00, 0x00, 0x00, 0x00, 0x00, 0x00, 0x00, 0x00, 0x00, 0xA3, 0xFD,
    0xDF, 0x39, 0x00, 0x00, 0x00, 0xA0, 0xFF, 0xFF, 0xFF, 0xFF, 0x09, 0x00, 0x00, 0xFB, 0xFF, 0xFF,
    0xFF, 0xFF, 0xAF, 0x00, 0x70, 0xFF, 0xEF, 0x15, 0x51, 0xFE, 0xFF, 0x06, 0xF1, 0xFF, 0x1F, 0x00,
    0x00, 0xF2, 0xFF, 0x0E, 0xF6, 0xFF, 0x08, 0x00, 0x00, 0x90, 0xFF, 0x4F, 0xFA, 0xFF, 0x03, 0x00,
    0x00, 0x40, 0xFF, 0x9F, 0xFD, 0xFF, 0x00, 0x00, 0x00, 0x10, 0xFF, 0xBF, 0xFE, 0xFF, 0x00, 0x00,
    0x00, 0x00, 0xFF, 0xCF, 0xFE, 0xFF, 0x00, 0x00, 0x00, 0x00, 0xFF, 0xDF, 0xFE, 0xFF, 0x00, 0x00,
    0x00, 0x00, 0xFF, 0xCF, 0xFD, 0xFF, 0x00, 0x00, 0x00, 0x10, 0xFF, 0xBF, 0xFA, 0xFF, 0x03, 0x00,
    0x00, 0x40, 0xFF, 0x9F, 0xF6, 0xFF, 0x08, 0x00, 0x00, 0x90, 0xFF, 0x5F, 0xF1, 0xFF, 0x1F, 0x00,
    0x00, 0xF2, 0xFF, 0x0E, 0x70, 0xFF, 0xEF, 0x05, 0x50, 0xFE, 0xFF, 0x06, 0x00, 0xFB, 0xFF, 0xFF,
    0xFF, 0xFF, 0xBF, 0x00, 0x00, 0xA0, 0xFF, 0xFF, 0xFF, 0xFF, 0x09, 0x00, 0x00, 0x00, 0xA3, 0xFD,
    0xDF, 0x39, 0x00, 0x00, 0x00, 0x00, 0x20, 0x02, 0x00, 0x41, 0x02, 0x00, 0x00, 0x00, 0xF9, 0x9F,
    0x00, 0xF8, 0x0A, 0x00, 0x00, 0x50, 0xFF, 0xFF, 0x8D, 0xFF, 0x06, 0x00, 0x00, 0xA0, 0x9F, 0x70,
    0xFF, 0xEF, 0x00, 0x00, 0x00, 0x90, 0x3C, 0x00, 0xB4, 0x2A, 0x00, 0x00, 0x00, 0x00, 0x00, 0x00,
    0x00, 0x00, 0x00, 0x00, 0x00, 0x00, 0xA3, 0xFD, 0xDF, 0x39, 0x00, 0x00, 0x00, 0xA0, 0xFF, 0xFF,
    0xFF, 0xFF, 0x09, 0x00, 0x00, 0xFB, 0xFF, 0xFF, 0xFF, 0xFF, 0xAF, 0x00, 0x70, 0xFF, 0xEF, 0x15,
    0x51, 0xFE, 0xFF, 0x06, 0xF1, 0xFF, 0x1F, 0x00, 0x00, 0xF2, 0xFF, 0x0E, 0xF6, 0xFF, 0x08, 0x00,
    0x00, 0x90, 0xFF, 0x4F, 0xFA, 0xFF, 0x03, 0x00, 0x00, 0x40, 0xFF, 0x9F, 0xFD, 0xFF, 0x00, 0x00,
    0x00, 0x10, 0xFF, 0xBF, 0xFE, 0xFF, 0x00, 0x00, 0x00, 0x00, 0xFF, 0xCF, 0xFE, 0xFF, 0x00, 0x00,
    0x00, 0x00, 0xFF, 0xDF, 0xFE, 0xFF, 0x00, 0x00, 0x00, 0x00, 0xFF, 0xCF, 0xFD, 0xFF, 0x00, 0x00,
    0x00, 0x10, 0xFF, 0xBF, 0xFA, 0xFF, 0x03, 0x00, 0x00, 0x40, 0xFF, 0x9F, 0xF6, 0xFF, 0x08, 0x00,
    0x00, 0x90, 0xFF, 0x5F, 0xF1, 0xFF, 0x1F, 0x00, 0x00, 0xF2, 0xFF, 0x0E, 0x70, 0xFF, 0xEF, 0x05,
    0x50, 0xFE, 0xFF, 0x06, 0x00, 0xFB, 0xFF, 0xFF, 0xFF, 0xFF, 0xBF, 0x00, 0x00, 0xA0, 0xFF, 0xFF,
    0xFF, 0xFF, 0x09, 0x00, 0x00, 0x00, 0xA3, 0xFD, 0xDF, 0x39, 0x00, 0x00, 0x00, 0x00, 0x45, 0x00,
    0x00, 0x54, 0x00, 0x00, 0x00, 0xB0, 0xFF, 0x05, 0x70, 0xFF, 0x09, 0x00, 0x00, 0xD0, 0xFF, 0x07,
    0xA0, 0xFF, 0x0B, 0x00, 0x00, 0x30, 0x9B, 0x01, 0x10, 0xAA, 0x02, 0x00, 0x00, 0x00, 0x00, 0x00,
    0x00, 0x00, 0x00, 0x00, 0x00, 0x00, 0xA3, 0xFD, 0xDF, 0x39, 0x00, 0x00, 0x00, 0xA0, 0xFF, 0xFF,
    0xFF, 0xFF, 0x09, 0x00, 0x00, 0xFB, 0xFF, 0xFF, 0xFF, 0xFF, 0xAF, 0x00, 0x70, 0xFF, 0xEF, 0x15,
    0x51, 0xFE, 0xFF, 0x06, 0xF1, 0xFF, 0x1F, 0x00, 0x00, 0xF2, 0xFF, 0x0E, 0xF6, 0xFF, 0x08, 0x00,
    0x00, 0x90, 0xFF, 0x4F, 0xFA, 0xFF, 0x03, 0x00, 0x00, 0x40, 0xFF, 0x9F, 0xFD, 0xFF, 0x00, 0x00,
    0x00, 0x10, 0xFF, 0xBF, 0xFE, 0xFF, 0x00, 0x00, 0x00, 0x00, 0xFF, 0xCF, 0xFE, 0xFF, 0x00, 0x00,
    0x00, 0x00, 0xFF, 0xDF, 0xFE, 0xFF, 0x00, 0x00, 0x00, 0x00, 0xFF, 0xCF, 0xFD, 0xFF, 0x00, 0x00,
    0x00, 0x10, 0xFF, 0xBF, 0xFA, 0xFF, 0x03, 0x00, 0x00, 0x40, 0xFF, 0x9F, 0xF6, 0xFF, 0x08, 0x00,
    0x00, 0x90, 0xFF, 0x5F, 0xF1, 0xFF, 0x1F, 0x00, 0x00, 0xF2, 0xFF, 0x0E, 0x70, 0xFF, 0xEF, 0x05,
    0x50, 0xFE, 0xFF, 0x06, 0x00, 0xFB, 0xFF, 0xFF, 0xFF, 0xFF, 0xBF, 0x00, 0x00, 0xA0, 0xFF, 0xFF,
    0xFF, 0xFF, 0x09, 0x00, 0x00, 0x00, 0xA3, 0xFD, 0xDF, 0x39, 0x00, 0x00, 0x00, 0x78, 0x00, 0x00,
    0x00, 0x4B, 0x00, 0x90, 0xFF, 0x07, 0x00, 0xB0, 0xFF, 0x04, 0xB0, 0xFF, 0x7F, 0x00, 0xFB, 0xFF,
    0x06, 0x00, 0xFB, 0xFF, 0xB8, 0xFF, 0x6F, 0x00, 0x00, 0xB0, 0xFF, 0xFF, 0xFF, 0x06, 0x00, 0x00,
    0x00, 0xFB, 0xFF, 0x6F, 0x00, 0x00, 0x00, 0x00, 0xFB, 0xFF, 0x7F, 0x00, 0x00, 0x00, 0xB0, 0xFF,
    0xFF, 0xFF, 0x06, 0x00, 0x00, 0xFB, 0xFF, 0xB7, 0xFF, 0x6F, 0x00, 0xB0, 0xFF, 0x7F, 0x00, 0xFB,
    0xFF, 0x06, 0x90, 0xFF, 0x07, 0x00, 0xB0, 0xFF, 0x05, 0x00, 0x78, 0x00, 0x00, 0x00, 0x4B, 0x00,
    0x00, 0x00, 0x00, 0x00, 0x00, 0x00, 0x81, 0x18, 0x00, 0x00, 0x93, 0xFD, 0xEF, 0x3A, 0xFA, 0x0B,
    0x00, 0x90, 0xFF, 0xFF, 0xFF, 0xFF, 0xFF, 0x02, 0x00, 0xFA, 0xFF, 0xFF, 0xFF, 0xFF, 0xDF, 0x00,
    0x60, 0xFF, 0xEF, 0x15, 0x51, 0xFE, 0xFF, 0x08, 0xE0, 0xFF, 0x2F, 0x00, 0x10, 0xFE, 0xFF, 0x1F,
    0xF4, 0xFF, 0x09, 0x00, 0x90, 0xFF, 0xFF, 0x6F, 0xF8, 0xFF, 0x04, 0x00, 0xF3, 0x5F, 0xFF, 0xAF,
    0xFB, 0xFF, 0x02, 0x00, 0xFC, 0x09, 0xFF, 0xDF, 0xFC, 0xFF, 0x01, 0x60, 0xEF, 0x01, 0xFE, 0xEF,
    0xFD, 0xFF, 0x00, 0xE0, 0x6F, 0x00, 0xFE, 0xFF, 0xFC, 0xFF, 0x01, 0xF9, 0x0C, 0x00, 0xFE, 0xEF,
    0xFB, 0xFF, 0x22, 0xFF, 0x03, 0x00, 0xFF, 0xDF, 0xF8, 0xFF, 0xB5, 0xAF, 0x00, 0x20, 0xFF, 0xBF,
    0xF4, 0xFF, 0xFD, 0x1F, 0x00, 0x70, 0xFF, 0x6F, 0xE0, 0xFF, 0xFF, 0x07, 0x00, 0xE1, 0xFF, 0x1F,
    0x60, 0xFF, 0xFF, 0x16, 0x40, 0xFD, 0xFF, 0x08, 0x00, 0xFA, 0xFF, 0xFF, 0xFF, 0xFF, 0xCF, 0x00,
    0x00, 0xFB, 0xFF, 0xFF, 0xFF, 0xFF, 0x0A, 0x00, 0x40, 0xFF, 0x94, 0xFD, 0xEF, 0x4A, 0x00, 0x00,
    0xC0, 0x7F, 0x00, 0x00, 0x00, 0x00, 0x00, 0x00, 0x00, 0x30, 0x44, 0x03, 0x00, 0x00, 0x00, 0x00,
    0x00, 0x70, 0xFF, 0x5F, 0x00, 0x00, 0x00, 0x00, 0x00, 0x00, 0xF9, 0xEF, 0x00, 0x00, 0x00, 0x00,
    0x00, 0x00, 0xB0, 0xFF, 0x09, 0x00, 0x00, 0x00, 0x00, 0x00, 0x00, 0xCA, 0x1B, 0x00, 0x00, 0x00,
    0x00, 0x00, 0x00, 0x00, 0x00, 0x00, 0x00, 0x00, 0xF8, 0xFF, 0x04, 0x00, 0x00, 0xF2, 0xFF, 0x0A,
    0xF8, 0xFF, 0x04, 0x00, 0x00, 0xF2, 0xFF, 0x0A, 0xF8, 0xFF, 0x04, 0x00, 0x00, 0xF2, 0xFF, 0x0A,
    0xF8, 0xFF, 0x04, 0x00, 0x00, 0xF2, 0xFF, 0x0A, 0xF8, 0xFF, 0x04, 0x00, 0x00, 0xF2, 0xFF, 0x0A,
    0xF8, 0xFF, 0x04, 0x00, 0x00, 0xF2, 0xFF, 0x0A, 0xF8, 0xFF, 0x04, 0x00, 0x00, 0xF2, 0xFF, 0x0A,
    0xF8, 0xFF, 0x04, 0x00, 0x00, 0xF2, 0xFF, 0x0A, 0xF8, 0xFF, 0x04, 0x00, 0x00, 0xF2, 0xFF, 0x0A,
    0xF8, 0xFF, 0x04, 0x00, 0x00, 0xF2, 0xFF, 0x0A, 0xF8, 0xFF, 0x04, 0x00, 0x00, 0xF2, 0xFF, 0x0A,
    0xF8, 0xFF, 0x04, 0x00, 0x00, 0xF2, 0xFF, 0x0A, 0xF8, 0xFF, 0x04, 0x00, 0x00, 0xF2, 0xFF, 0x0A,
    0xF6, 0xFF, 0x06, 0x00, 0x00, 0xF3, 0xFF, 0x09, 0xF3, 0xFF, 0x0B, 0x00, 0x00, 0xF9, 0xFF, 0x06,
    0xD0, 0xFF, 0x9F, 0x01, 0x71, 0xFF, 0xFF, 0x01, 0x40, 0xFF, 0xFF, 0xFF, 0xFF, 0xFF, 0x6F, 0x00,
    0x00, 0xF5, 0xFF, 0xFF, 0xFF, 0xFF, 0x06, 0x00, 0x00, 0x10, 0xC7, 0xFE, 0xCF, 0x28, 0x00, 0x00,
    0x00, 0x00, 0x00, 0x00, 0x43, 0x44, 0x00, 0x00, 0x00, 0x00, 0x00, 0x30, 0xFF, 0x9F, 0x00, 0x00,
    0x00, 0x00, 0x00, 0xC0, 0xFF, 0x0B, 0x00, 0x00, 0x00, 0x00, 0x00, 0xF6, 0xCF, 0x00, 0x00, 0x00,
    0x00, 0x00, 0x00, 0xCB, 0x1B, 0x00, 0x00, 0x00, 0x00, 0x00, 0x00, 0x00, 0x00, 0x00, 0x00, 0x00,
    0xF8, 0xFF, 0x04, 0x00, 0x00, 0xF2, 0xFF, 0x0A, 0xF8, 0xFF, 0x04, 0x00, 0x00, 0xF2, 0xFF, 0x0A,
    0xF8, 0xFF, 0x04, 0x00, 0x00, 0xF2, 0xFF, 0x0A, 0xF8, 0xFF, 0x04, 0x00, 0x00, 0xF2, 0xFF, 0x0A,
    0xF8, 0xFF, 0x04, 0x00, 0x00, 0xF2, 0xFF, 0x0A, 0xF8, 0xFF, 0x04, 0x00, 0x00, 0xF2, 0xFF, 0x0A,
    0xF8, 0xFF, 0x04, 0x00, 0x00, 0xF2, 0xFF, 0x0A, 0xF8, 0xFF, 0x04, 0x00, 0x00, 0xF2, 0xFF, 0x0A,
    0xF8, 0xFF, 0x04, 0x00, 0x00, 0xF2, 0xFF, 0x0A, 0xF8, 0xFF, 0x04, 0x00, 0x00, 0xF2, 0xFF, 0x0A,
    0xF8, 0xFF, 0x04, 0x00, 0x00, 0xF2, 0xFF, 0x0A, 0xF8, 0xFF, 0x04, 0x00, 0x00, 0xF2, 0xFF, 0x0A,
    0xF8, 0xFF, 0x04, 0x00, 0x00, 0xF2, 0xFF, 0x0A, 0xF6, 0xFF, 0x06, 0x00, 0x00, 0xF3, 0xFF, 0x09,
    0xF3, 0xFF, 0x0B, 0x00, 0x00, 0xF9, 0xFF, 0x06, 0xD0, 0xFF, 0x9F, 0x01, 0x71, 0xFF, 0xFF, 0x01,
    0x40, 0xFF, 0xFF, 0xFF, 0xFF, 0xFF, 0x6F, 0x00, 0x00, 0xF5, 0xFF, 0xFF, 0xFF, 0xFF, 0x06, 0x00,
    0x00, 0x10, 0xC7, 0xFE, 0xCF, 0x28, 0x00, 0x00, 0x00, 0x00, 0x00, 0x86, 0x06, 0x00, 0x00, 0x00,
    0x00, 0x00, 0x80, 0xFF, 0x9F, 0x00, 0x00, 0x00, 0x00, 0x00, 0xF8, 0xBF, 0xFF, 0x09, 0x00, 0x00,
    0x00, 0x80, 0xFF, 0x08, 0xF7, 0x9F, 0x00, 0x00, 0x00, 0x81, 0x68, 0x00, 0x50, 0x88, 0x02, 0x00,
    0x00, 0x00, 0x00, 0x00, 0x00, 0x00, 0x00, 0x00, 0xF8, 0xFF, 0x04, 0x00, 0x00, 0xF2, 0xFF, 0x0A,
    0xF8, 0xFF, 0x04, 0x00, 0x00, 0xF2, 0xFF, 0x0A, 0xF8, 0xFF, 0x04, 0x00, 0x00, 0xF2, 0xFF, 0x0A,
    0xF8, 0xFF, 0x04, 0x00, 0x00, 0xF2, 0xFF, 0x0A, 0xF8, 0xFF, 0x04, 0x00, 0x00, 0xF2, 0xFF, 0x0A,
    0xF8, 0xFF, 0x04, 0x00, 0x00, 0xF2, 0xFF, 0x0A, 0xF8, 0xFF, 0x04, 0x00, 0x00, 0xF2, 0xFF, 0x0A,
    0xF8, 0xFF, 0x04, 0x00, 0x00, 0xF2, 0xFF, 0x0A, 0xF8, 0xFF, 0x04, 0x00, 0x00, 0xF2, 0xFF, 0x0A,
    0xF8, 0xFF, 0x04, 0x00, 0x00, 0xF2, 0xFF, 0x0A, 0xF8, 0xFF, 0x04, 0x00, 0x00, 0xF2, 0xFF, 0x0A,
    0xF8, 0xFF, 0x04, 0x00, 0x00, 0xF2, 0xFF, 0x0A, 0xF8, 0xFF, 0x04, 0x00, 0x00, 0xF2, 0xFF, 0x0A,
    0xF6, 0xFF, 0x06, 0x00, 0x00, 0xF3, 0xFF, 0x09, 0xF3, 0xFF, 0x0B, 0x00, 0x00, 0xF9, 0xFF, 0x06,
    0xD0, 0xFF, 0x9F, 0x01, 0x71, 0xFF, 0xFF, 0x01, 0x40, 0xFF, 0xFF, 0xFF, 0xFF, 0xFF, 0x6F, 0x00,
    0x00, 0xF5, 0xFF, 0xFF, 0xFF, 0xFF, 0x06, 0x00, 0x00, 0x10, 0xC7, 0xFE, 0xCF, 0x28, 0x00, 0x00,
    0x00, 0x60, 0x4A, 0x00, 0x40, 0x69, 0x00, 0x00, 0x00, 0xF4, 0xFF, 0x01, 0xF0, 0xFF, 0x04, 0x00,
    0x00, 0xF3, 0xFF, 0x00, 0xE0, 0xFF, 0x03, 0x00, 0x00, 0x40, 0x27, 0x00, 0x20, 0x47, 0x00, 0x00,
    0x00, 0x00, 0x00, 0x00, 0x00, 0x00, 0x00, 0x00, 0xF8, 0xFF, 0x04, 0x00, 0x00, 0xF2, 0xFF, 0x0A,
    0xF8, 0xFF, 0x04, 0x00, 0x00, 0xF2, 0xFF, 0x0A, 0xF8, 0xFF, 0x04, 0x00, 0x00, 0xF2, 0xFF, 0x0A,
    0xF8, 0xFF, 0x04, 0x00, 0x00, 0xF2, 0xFF, 0x0A, 0xF8, 0xFF, 0x04, 0x00, 0x00, 0xF2, 0xFF, 0x0A,
    0xF8, 0xFF, 0x04, 0x00, 0x00, 0xF2, 0xFF, 0x0A, 0xF8, 0xFF, 0x04, 0x00, 0x00, 0xF2, 0xFF, 0x0A,
    0xF8, 0xFF, 0x04, 0x00, 0x00, 0xF2, 0xFF, 0x0A, 0xF8, 0xFF, 0x04, 0x00, 0x00, 0xF2, 0xFF, 0x0A,
    0xF8, 0xFF, 0x04, 0x00, 0x00, 0xF2, 0xFF, 0x0A, 0xF8, 0xFF, 0x04, 0x00, 0x00, 0xF2, 0xFF, 0x0A,
    0xF8, 0xFF, 0x04, 0x00, 0x00, 0xF2, 0xFF, 0x0A, 0xF8, 0xFF, 0x04, 0x00, 0x00, 0xF2, 0xFF, 0x0A,
    0xF6, 0xFF, 0x06, 0x00, 0x00, 0xF3, 0xFF, 0x09, 0xF3, 0xFF, 0x0B, 0x00, 0x00, 0xF9, 0xFF, 0x06,
    0xD0, 0xFF, 0x9F, 0x01, 0x71, 0xFF, 0xFF, 0x01, 0x40, 0xFF, 0xFF, 0xFF, 0xFF, 0xFF, 0x6F, 0x00,
    0x00, 0xF5, 0xFF, 0xFF, 0xFF, 0xFF, 0x06, 0x00, 0x00, 0x10, 0xC7, 0xFE, 0xCF, 0x28, 0x00, 0x00,
    0x00, 0x00, 0x00, 0x00, 0x41, 0x44, 0x02, 0x00, 0x00, 0x00, 0x00, 0x00, 0x00, 0xFA, 0xFF, 0x03,
    0x00, 0x00, 0x00, 0x00, 0x00, 0x40, 0xFF, 0x4F, 0x00, 0x00, 0x00, 0x00, 0x00, 0x00, 0xD0, 0xFF,
    0x06, 0x00, 0x00, 0x00, 0x00, 0x00, 0x00, 0xC5, 0x7C, 0x00, 0x00, 0x00, 0x00, 0x00, 0x00, 0x00,
    0x00, 0x00, 0x00, 0x00, 0x00, 0x00, 0xFB, 0xFF, 0x06, 0x00, 0x00, 0x50, 0xFF, 0xCF, 0x00, 0xF3,
    0xFF, 0x0D, 0x00, 0x00, 0xC0, 0xFF, 0x5F, 0x00, 0xB0, 0xFF, 0x4F, 0x00, 0x00, 0xF3, 0xFF, 0x0C,
    0x00, 0x30, 0xFF, 0xBF, 0x00, 0x00, 0xFA, 0xFF, 0x04, 0x00, 0x00, 0xFB, 0xFF, 0x03, 0x10, 0xFF,
    0xCF, 0x00, 0x00, 0x00, 0xF3, 0xFF, 0x0A, 0x80, 0xFF, 0x4F, 0x00, 0x00, 0x00, 0xB0, 0xFF, 0x1F,
    0xF0, 0xFF, 0x0C, 0x00, 0x00, 0x00, 0x30, 0xFF, 0x8F, 0xF6, 0xFF, 0x04, 0x00, 0x00, 0x00, 0x00,
    0xFB, 0xEF, 0xFD, 0xCF, 0x00, 0x00, 0x00, 0x00, 0x00, 0xF2, 0xFF, 0xFF, 0x4F, 0x00, 0x00, 0x00,
    0x00, 0x00, 0xA0, 0xFF, 0xFF, 0x0C, 0x00, 0x00, 0x00, 0x00, 0x00, 0x20, 0xFF, 0xFF, 0x04, 0x00,
    0x00, 0x00, 0x00, 0x00, 0x00, 0xFE, 0xFF, 0x00, 0x00, 0x00, 0x00, 0x00, 0x00, 0x00, 0xFE, 0xFF,
    0x00, 0x00, 0x00, 0x00, 0x00, 0x00, 0x00, 0xFE, 0xFF, 0x00, 0x00, 0x00, 0x00, 0x00, 0x00, 0x00,
    0xFE, 0xFF, 0x00, 0x00, 0x00, 0x00, 0x00, 0x00, 0x00, 0xFE, 0xFF, 0x00, 0x00, 0x00, 0x00, 0x00,
    0x00, 0x00, 0xFE, 0xFF, 0x00, 0x00, 0x00, 0x00, 0x00, 0x00, 0x00, 0xFE, 0xFF, 0x00, 0x00, 0x00,
    0x00, 0xF5, 0xFF, 0x05, 0x00, 0x00, 0x00, 0x00, 0x00, 0xF5, 0xFF, 0x05, 0x00, 0x00, 0x00, 0x00,
    0x00, 0xF5, 0xFF, 0x05, 0x00, 0x00, 0x00, 0x00, 0x00, 0xF5, 0xFF, 0x05, 0x00, 0x00, 0x00, 0x00,
    0x00, 0xF5, 0xFF, 0xFF, 0xFF, 0xCE, 0x07, 0x00, 0x00, 0xF5, 0xFF, 0xFF, 0xFF, 0xFF, 0xEF, 0x03,
    0x00, 0xF5, 0xFF, 0xDE, 0xDD, 0xFF, 0xFF, 0x2F, 0x00, 0xF5, 0xFF, 0x05, 0x00, 0x90, 0xFF, 0xAF,
    0x00, 0xF5, 0xFF, 0x05, 0x00, 0x00, 0xFD, 0xEF, 0x00, 0xF5, 0xFF, 0x05, 0x00, 0x00, 0xFA, 0xFF,
    0x00, 0xF5, 0xFF, 0x05, 0x00, 0x00, 0xFD, 0xEF, 0x00, 0xF5, 0xFF, 0x05, 0x00, 0x90, 0xFF, 0xAF,
    0x00, 0xF5, 0xFF, 0xDE, 0xDD, 0xFF, 0xFF, 0x2F, 0x00, 0xF5, 0xFF, 0xFF, 0xFF, 0xFF, 0xEF, 0x04,
    0x00, 0xF5, 0xFF, 0xFF, 0xFF, 0xCE, 0x17, 0x00, 0x00, 0xF5, 0xFF, 0x05, 0x00, 0x00, 0x00, 0x00,
    0x00, 0xF5, 0xFF, 0x05, 0x00, 0x00, 0x00, 0x00, 0x00, 0xF5, 0xFF, 0x05, 0x00, 0x00, 0x00, 0x00,
    0x00, 0xF5, 0xFF, 0x05, 0x00, 0x00, 0x00, 0x00, 0x00, 0x00, 0x40, 0xEB, 0xFF, 0x7C, 0x00, 0x00,
    0x00, 0x00, 0xF9, 0xFF, 0xFF, 0xFF, 0x1C, 0x00, 0x00, 0x70, 0xFF, 0xFF, 0xFD, 0xFF, 0x9F, 0x00,
    0x00, 0xE0, 0xFF, 0x2E, 0x20, 0xFE, 0xFF, 0x00, 0x00, 0xF2, 0xFF, 0x08, 0x00, 0xF9, 0xFF, 0x01,
    0x00, 0xF4, 0xFF, 0x06, 0x00, 0xF9, 0xFF, 0x00, 0x00, 0xF4, 0xFF, 0x06, 0x00, 0xFE, 0xCF, 0x00,
    0x00, 0xF4, 0xFF, 0x06, 0x70, 0xFF, 0x3F, 0x00, 0x00, 0xF4, 0xFF, 0x06, 0xD0, 0xFF, 0x0D, 0x00,
    0x00, 0xF4, 0xFF, 0x06, 0xE0, 0xFF, 0x0D, 0x00, 0x00, 0xF4, 0xFF, 0x06, 0xB0, 0xFF, 0x6F, 0x00,
    0x00, 0xF4, 0xFF, 0x06, 0x30, 0xFF, 0xFF, 0x06, 0x00, 0xF4, 0xFF, 0x06, 0x00, 0xF5, 0xFF, 0x6F,
    0x00, 0xF4, 0xFF, 0x06, 0x00, 0x30, 0xFF, 0xFF, 0x02, 0xF4, 0xFF, 0x06, 0x00, 0x00, 0xF5, 0xFF,
    0x07, 0xF4, 0xFF, 0x06, 0x00, 0x00, 0xF1, 0xFF, 0x08, 0xF4, 0xFF, 0x06, 0x05, 0x00, 0xF8, 0xFF,
    0x06, 0xF4, 0xFF, 0x36, 0xFF, 0xFE, 0xFF, 0xFF, 0x01, 0xF4, 0xFF, 0x76, 0xFF, 0xFF, 0xFF, 0x5F,
    0x00, 0xF4, 0xFF, 0x46, 0xEB, 0xFF, 0x9D, 0x02, 0x00, 0x00, 0xC4, 0xCC, 0x06, 0x00, 0x00, 0x00,
    0x00, 0x90, 0xFF, 0x1F, 0x00, 0x00, 0x00, 0x00, 0x00, 0xFB, 0xBF, 0x00, 0x00, 0x00, 0x00, 0x00,
    0xD0, 0xFF, 0x05, 0x00, 0x00, 0x00, 0x00, 0x10, 0x44, 0x02, 0x00, 0x00, 0x00, 0x00, 0x00, 0x00,
    0x00, 0x00, 0x00, 0x00, 0x30, 0xD9, 0xFF, 0x9D, 0x02, 0x00, 0x00, 0xF7, 0xFF, 0xFF, 0xFF, 0x4F,
    0x00, 0x50, 0xFF, 0xEF, 0xBA, 0xFF, 0xEF, 0x00, 0xB0, 0xFF, 0x1F, 0x00, 0xF8, 0xFF, 0x05, 0x40,
    0x55, 0x04, 0x00, 0xF2, 0xFF, 0x07, 0x00, 0x00, 0x00, 0x00, 0xF2, 0xFF, 0x08, 0x00, 0x70, 0xEB,
    0xFF, 0xFF, 0xFF, 0x08, 0x20, 0xFE, 0xFF, 0xFF, 0xFF, 0xFF, 0x08, 0xC0, 0xFF, 0x6F, 0x12, 0xF3,
    0xFF, 0x08, 0xF1, 0xFF, 0x09, 0x00, 0xF2, 0xFF, 0x08, 0xF2, 0xFF, 0x0B, 0x00, 0xF8, 0xFF, 0x08,
    0xE0, 0xFF, 0xDF, 0xEB, 0xFF, 0xFF, 0x08, 0x40, 0xFF, 0xFF, 0xFF, 0xFD, 0xFF, 0x0A, 0x00, 0xA2,
    0xFE, 0x9E, 0xC1, 0xFF, 0x0E, 0x00, 0x00, 0x00, 0x60, 0xCC, 0x4C, 0x00, 0x00, 0x00, 0x00, 0xF1,
    0xFF, 0x09, 0x00, 0x00, 0x00, 0x00, 0xFA, 0xBF, 0x00, 0x00, 0x00, 0x00, 0x40, 0xFF, 0x0D, 0x00,
    0x00, 0x00, 0x00, 0x20, 0x44, 0x01, 0x00, 0x00, 0x00, 0x00, 0x00, 0x00, 0x00, 0x00, 0x00, 0x00,
    0x30, 0xD9, 0xFF, 0x9D, 0x02, 0x00, 0x00, 0xF7, 0xFF, 0xFF, 0xFF, 0x4F, 0x00, 0x50, 0xFF, 0xEF,
    0xBA, 0xFF, 0xEF, 0x00, 0xB0, 0xFF, 0x1F, 0x00, 0xF8, 0xFF, 0x05, 0x40, 0x55, 0x04, 0x00, 0xF2,
    0xFF, 0x07, 0x00, 0x00, 0x00, 0x00, 0xF2, 0xFF, 0x08, 0x00, 0x70, 0xEB, 0xFF, 0xFF, 0xFF, 0x08,
    0x20, 0xFE, 0xFF, 0xFF, 0xFF, 0xFF, 0x08, 0xC0, 0xFF, 0x6F, 0x12, 0xF3, 0xFF, 0x08, 0xF1, 0xFF,
    0x09, 0x00, 0xF2, 0xFF, 0x08, 0xF2, 0xFF, 0x0B, 0x00, 0xF8, 0xFF, 0x08, 0xE0, 0xFF, 0xDF, 0xEB,
    0xFF, 0xFF, 0x08, 0x40, 0xFF, 0xFF, 0xFF, 0xFD, 0xFF, 0x0A, 0x00, 0xA2, 0xFE, 0x9E, 0xC1, 0xFF,
    0x0E, 0x00, 0x00, 0x80, 0xFF, 0x08, 0x00, 0x00, 0x00, 0x00, 0xF8, 0xFF, 0x8F, 0x00, 0x00, 0x00,
    0x80, 0xFF, 0x87, 0xFF, 0x08, 0x00, 0x00, 0xF8, 0x8F, 0x00, 0xF8, 0x8F, 0x00, 0x00, 0x00, 0x00,
    0x00, 0x00, 0x00, 0x00, 0x00, 0x00, 0x00, 0x00, 0x00, 0x00, 0x00, 0x00, 0x30, 0xD9, 0xFF, 0x9D,
    0x02, 0x00, 0x00, 0xF7, 0xFF, 0xFF, 0xFF, 0x4F, 0x00, 0x50, 0xFF, 0xEF, 0xBA, 0xFF, 0xEF, 0x00,
    0xB0, 0xFF, 0x1F, 0x00, 0xF8, 0xFF, 0x05, 0x40, 0x55, 0x04, 0x00, 0xF2, 0xFF, 0x07, 0x00, 0x00,
    0x00, 0x00, 0xF2, 0xFF, 0x08, 0x00, 0x70, 0xEB, 0xFF, 0xFF, 0xFF, 0x08, 0x20, 0xFE, 0xFF, 0xFF,
    0xFF, 0xFF, 0x08, 0xC0, 0xFF, 0x6F, 0x12, 0xF3, 0xFF, 0x08, 0xF1, 0xFF, 0x09, 0x00, 0xF2, 0xFF,
    0x08, 0xF2, 0xFF, 0x0B, 0x00, 0xF8, 0xFF, 0x08, 0xE0, 0xFF, 0xDF, 0xEB, 0xFF, 0xFF, 0x08, 0x40,
    0xFF, 0xFF, 0xFF, 0xFD, 0xFF, 0x0A, 0x00, 0xA2, 0xFE, 0x9E, 0xC1, 0xFF, 0x0E, 0x00, 0x50, 0xEE,
    0x06, 0x60, 0xBF, 0x00, 0x00, 0xF2, 0xFF, 0xAF, 0xD4, 0x8F, 0x00, 0x00, 0xF9, 0x4C, 0xFA, 0xFF,
    0x2F, 0x00, 0x00, 0xFC, 0x06, 0x70, 0xEF, 0x05, 0x00, 0x00, 0x00, 0x00, 0x00, 0x00, 0x00, 0x00,
    0x00, 0x00, 0x00, 0x00, 0x00, 0x00, 0x00, 0x00, 0x30, 0xD9, 0xFF, 0x9D, 0x02, 0x00, 0x00, 0xF7,
    0xFF, 0xFF, 0xFF, 0x4F, 0x00, 0x50, 0xFF, 0xEF, 0xBA, 0xFF, 0xEF, 0x00, 0xB0, 0xFF, 0x1F, 0x00,
    0xF8, 0xFF, 0x05, 0x40, 0x55, 0x04, 0x00, 0xF2, 0xFF, 0x07, 0x00, 0x00, 0x00, 0x00, 0xF2, 0xFF,
    0x08, 0x00, 0x70, 0xEB, 0xFF, 0xFF, 0xFF, 0x08, 0x20, 0xFE, 0xFF, 0xFF, 0xFF, 0xFF, 0x08, 0xC0,
    0xFF, 0x6F, 0x12, 0xF3, 0xFF, 0x08, 0xF1, 0xFF, 0x09, 0x00, 0xF2, 0xFF, 0x08, 0xF2, 0xFF, 0x0B,
    0x00, 0xF8, 0xFF, 0x08, 0xE0, 0xFF, 0xDF, 0xEB, 0xFF, 0xFF, 0x08, 0x40, 0xFF, 0xFF, 0xFF, 0xFD,
    0xFF, 0x0A, 0x00, 0xA2, 0xFE, 0x9E, 0xC1, 0xFF, 0x0E, 0x00, 0x10, 0x01, 0x00, 0x00, 0x01, 0x00,
    0x00, 0xF7, 0x4F, 0x00, 0xF4, 0x7F, 0x00, 0x00, 0xFD, 0x9F, 0x00, 0xF9, 0xDF, 0x00, 0x00, 0xF6,
    0x3E, 0x00, 0xE3, 0x5F, 0x00, 0x00, 0x00, 0x00, 0x00, 0x00, 0x00, 0x00, 0x00, 0x00, 0x00, 0x00,
    0x00, 0x00, 0x00, 0x00, 0x30, 0xD9, 0xFF, 0x9D, 0x02, 0x00, 0x00, 0xF7, 0xFF, 0xFF, 0xFF, 0x4F,
    0x00, 0x50, 0xFF, 0xEF, 0xBA, 0xFF, 0xEF, 0x00, 0xB0, 0xFF, 0x1F, 0x00, 0xF8, 0xFF, 0x05, 0x40,
    0x55, 0x04, 0x00, 0xF2, 0xFF, 0x07, 0x00, 0x00, 0x00, 0x00, 0xF2, 0xFF, 0x08, 0x00, 0x70, 0xEB,
    0xFF, 0xFF, 0xFF, 0x08, 0x20, 0xFE, 0xFF, 0xFF, 0xFF, 0xFF, 0x08, 0xC0, 0xFF, 0x6F, 0x12, 0xF3,
    0xFF, 0x08, 0xF1, 0xFF, 0x09, 0x00, 0xF2, 0xFF, 0x08, 0xF2, 0xFF, 0x0B, 0x00, 0xF8, 0xFF, 0x08,
    0xE0, 0xFF, 0xDF, 0xEB, 0xFF, 0xFF, 0x08, 0x40, 0xFF, 0xFF, 0xFF, 0xFD, 0xFF, 0x0A, 0x00, 0xA2,
    0xFE, 0x9E, 0xC1, 0xFF, 0x0E, 0x00, 0x00, 0x20, 0x77, 0x02, 0x00, 0x00, 0x00, 0x00, 0xF3, 0xDD,
    0x3F, 0x00, 0x00, 0x00, 0x00, 0xCB, 0x00, 0xBC, 0x00, 0x00, 0x00, 0x00, 0xCB, 0x00, 0xBC, 0x00,
    0x00, 0x00, 0x00, 0xF4, 0xDD, 0x4F, 0x00, 0x00, 0x00, 0x00, 0x20, 0x77, 0x02, 0x00, 0x00, 0x00,
    0x00, 0x00, 0x00, 0x00, 0x00, 0x00, 0x00, 0x30, 0xD9, 0xFF, 0x9D, 0x02, 0x00, 0x00, 0xF7, 0xFF,
    0xFF, 0xFF, 0x4F, 0x00, 0x50, 0xFF, 0xEF, 0xBA, 0xFF, 0xEF, 0x00, 0xB0, 0xFF, 0x1F, 0x00, 0xF8,
    0xFF, 0x05, 0x40, 0x55, 0x04, 0x00, 0xF2, 0xFF, 0x07, 0x00, 0x00, 0x00, 0x00, 0xF2, 0xFF, 0x08,
    0x00, 0x70, 0xEB, 0xFF, 0xFF, 0xFF, 0x08, 0x20, 0xFE, 0xFF, 0xFF, 0xFF, 0xFF, 0x08, 0xC0, 0xFF,
    0x6F, 0x12, 0xF3, 0xFF, 0x08, 0xF1, 0xFF, 0x09, 0x00, 0xF2, 0xFF, 0x08, 0xF2, 0xFF, 0x0B, 0x00,
    0xF8, 0xFF, 0x08, 0xE0, 0xFF, 0xDF, 0xEB, 0xFF, 0xFF, 0x08, 0x40, 0xFF, 0xFF, 0xFF, 0xFD, 0xFF,
    0x0A, 0x00, 0xA2, 0xFE, 0x9E, 0xC1, 0xFF, 0x0E, 0x00, 0x00, 0x00, 0x00, 0x00, 0x00, 0x00, 0x00,
    0x00, 0x00, 0x00, 0x00, 0x20, 0xD9, 0xFF, 0xAE, 0x04, 0xB5, 0xFF, 0xBE, 0x05, 0x00, 0x00, 0xF6,
    0xFF, 0xFF, 0xFF, 0xDF, 0xFF, 0xFF, 0xFF, 0x9F, 0x00, 0x30, 0xFF, 0xFF, 0xEE, 0xFF, 0xFF, 0xFF,
    0xDF, 0xFF, 0xFF, 0x06, 0x90, 0xFF, 0x7F, 0x00, 0xF4, 0xFF, 0xCF, 0x01, 0xD1, 0xFF, 0x0E, 0x30,
    0x65, 0x07, 0x00, 0xD0, 0xFF, 0x2F, 0x00, 0x60, 0xFF, 0x2F, 0x00, 0x00, 0x30, 0x54, 0xD5, 0xFF,
    0x6F, 0x66, 0x96, 0xFF, 0x4F, 0x00, 0xB3, 0xFF, 0xFF, 0xFF, 0xFF, 0xFF, 0xFF, 0xFF, 0xFF, 0x4F,
    0x50, 0xFF, 0xFF, 0xFF, 0xFF, 0xFF, 0xFF, 0xFF, 0xFF, 0xFF, 0x4F, 0xE0, 0xFF, 0x6F, 0x00, 0xC0,
    0xFF, 0x0E, 0x00, 0x00, 0x00, 0x00, 0xF2, 0xFF, 0x09, 0x00, 0xC0, 0xFF, 0x3F, 0x00, 0x00, 0x00,
    0x00, 0xF1, 0xFF, 0x0B, 0x00, 0xE1, 0xFF, 0xEF, 0x03, 0x00, 0xA3, 0x01, 0xD0, 0xFF, 0xDF, 0xBA,
    0xFF, 0xFF, 0xFF, 0xEF, 0xFD, 0xFF, 0x08, 0x30, 0xFF, 0xFF, 0xFF, 0xFF, 0xA9, 0xFF, 0xFF, 0xFF,
    0xFF, 0x0A, 0x00, 0x92, 0xFD, 0xEF, 0x3A, 0x00, 0xA4, 0xFE, 0xDF, 0x49, 0x00, 0x00, 0x10, 0xD8,
    0xFF, 0x9E, 0x02, 0x00, 0x00, 0xE3, 0xFF, 0xFF, 0xFF, 0x6F, 0x00, 0x10, 0xFE, 0xFF, 0xEE, 0xFF,
    0xFF, 0x03, 0x80, 0xFF, 0x7F, 0x00, 0xF4, 0xFF, 0x0A, 0xD0, 0xFF, 0x0D, 0x00, 0xA0, 0xFF, 0x0D,
    0xF0, 0xFF, 0x09, 0x00, 0x00, 0x00, 0x00, 0xF2, 0xFF, 0x08, 0x00, 0x00, 0x00, 0x00, 0xF2, 0xFF,
    0x08, 0x00, 0x00, 0x00, 0x00, 0xF0, 0xFF, 0x09, 0x00, 0x00, 0x00, 0x00, 0xD0, 0xFF, 0x0D, 0x00,
    0xA0, 0xFF, 0x0D, 0x80, 0xFF, 0x7F, 0x00, 0xF4, 0xFF, 0x09, 0x10, 0xFE, 0xFF, 0xEE, 0xFF, 0xFF,
    0x02, 0x00, 0xE3, 0xFF, 0xFF, 0xFF, 0x4F, 0x00, 0x00, 0x10, 0xD8, 0xFF, 0x9D, 0x02, 0x00, 0x00,
    0x00, 0x60, 0xFF, 0x07, 0x00, 0x00, 0x00, 0x00, 0x80, 0xFF, 0xBF, 0x00, 0x00, 0x00, 0x00, 0x00,
    0xE1, 0xFF, 0x03, 0x00, 0x00, 0x00, 0x00, 0xF3, 0xFF, 0x02, 0x00, 0x00, 0x00, 0x40, 0xFF, 0xCF,
    0x00, 0x00, 0x00, 0x00, 0x30, 0xDF, 0x08, 0x00, 0x00, 0x00, 0xC5, 0xCC, 0x05, 0x00, 0x00, 0x00,
    0x00, 0xA0, 0xFF, 0x1E, 0x00, 0x00, 0x00, 0x00, 0x00, 0xFC, 0xAF, 0x00, 0x00, 0x00, 0x00, 0x00,
    0xD1, 0xFF, 0x04, 0x00, 0x00, 0x00, 0x00, 0x10, 0x44, 0x02, 0x00, 0x00, 0x00, 0x00, 0x00, 0x00,
    0x00, 0x00, 0x00, 0x00, 0x00, 0xC6, 0xFF, 0xAE, 0x03, 0x00, 0x00, 0xC1, 0xFF, 0xFF, 0xFF, 0x8F,
    0x00, 0x00, 0xFC, 0xFF, 0xDF, 0xFF, 0xFF, 0x05, 0x60, 0xFF, 0xAF, 0x00, 0xD1, 0xFF, 0x0D, 0xC0,
    0xFF, 0x0F, 0x00, 0x50, 0xFF, 0x2F, 0xF0, 0xFF, 0x7D, 0x77, 0x97, 0xFF, 0x5F, 0xF1, 0xFF, 0xFF,
    0xFF, 0xFF, 0xFF, 0x5F, 0xF1, 0xFF, 0xFF, 0xFF, 0xFF, 0xFF, 0x6F, 0xF0, 0xFF, 0x0B, 0x00, 0x00,
    0x00, 0x00, 0xC0, 0xFF, 0x1F, 0x00, 0x00, 0x20, 0x00, 0x60, 0xFF, 0xDF, 0x02, 0x20, 0xFA, 0x03,
    0x00, 0xFC, 0xFF, 0xEF, 0xFE, 0xFF, 0x0D, 0x00, 0xB0, 0xFF, 0xFF, 0xFF, 0xEF, 0x03, 0x00, 0x00,
    0xB4, 0xFE, 0xCF, 0x17, 0x00, 0x00, 0x00, 0x00, 0x60, 0xCC, 0x3C, 0x00, 0x00, 0x00, 0x00, 0xF2,
    0xFF, 0x08, 0x00, 0x00, 0x00, 0x00, 0xFB, 0xAF, 0x00, 0x00, 0x00, 0x00, 0x50, 0xFF, 0x0C, 0x00,
    0x00, 0x00, 0x00, 0x30, 0x44, 0x01, 0x00, 0x00, 0x00, 0x00, 0x00, 0x00, 0x00, 0x00, 0x00, 0x00,
    0x00, 0xC6, 0xFF, 0xAE, 0x03, 0x00, 0x00, 0xC1, 0xFF, 0xFF, 0xFF, 0x8F, 0x00, 0x00, 0xFC, 0xFF,
    0xDF, 0xFF, 0xFF, 0x05, 0x60, 0xFF, 0xAF, 0x00, 0xD1, 0xFF, 0x0D, 0xC0, 0xFF, 0x0F, 0x00, 0x50,
    0xFF, 0x2F, 0xF0, 0xFF, 0x7D, 0x77, 0x97, 0xFF, 0x5F, 0xF1, 0xFF, 0xFF, 0xFF, 0xFF, 0xFF, 0x5F,
    0xF1, 0xFF, 0xFF, 0xFF, 0xFF, 0xFF, 0x6F, 0xF0, 0xFF, 0x0B, 0x00, 0x00, 0x00, 0x00, 0xC0, 0xFF,
    0x1F, 0x00, 0x00, 0x20, 0x00, 0x60, 0xFF, 0xDF, 0x02, 0x20, 0xFA, 0x03, 0x00, 0xFC, 0xFF, 0xEF,
    0xFE, 0xFF, 0x0D, 0x00, 0xB0, 0xFF, 0xFF, 0xFF, 0xEF, 0x03, 0x00, 0x00, 0xB4, 0xFE, 0xCF, 0x17,
    0x00, 0x00, 0x00, 0x90, 0xFF, 0x07, 0x00, 0x00, 0x00, 0x00, 0xF9, 0xFF, 0x7F, 0x00, 0x00, 0x00,
    0x90, 0xFF, 0x96, 0xFF, 0x07, 0x00, 0x00, 0xF9, 0x6F, 0x00, 0xF9, 0x7F, 0x00, 0x00, 0x00, 0x00,
    0x00, 0x00, 0x00, 0x00, 0x00, 0x00, 0x00, 0x00, 0x00, 0x00, 0x00, 0x00, 0x00, 0xC6, 0xFF, 0xAE,
    0x03, 0x00, 0x00, 0xC1, 0xFF, 0xFF, 0xFF, 0x8F, 0x00, 0x00, 0xFC, 0xFF, 0xDF, 0xFF, 0xFF, 0x05,
    0x60, 0xFF, 0xAF, 0x00, 0xD1, 0xFF, 0x0D, 0xC0, 0xFF, 0x0F, 0x00, 0x50, 0xFF, 0x2F, 0xF0, 0xFF,
    0x7D, 0x77, 0x97, 0xFF, 0x5F, 0xF1, 0xFF, 0xFF, 0xFF, 0xFF, 0xFF, 0x5F, 0xF1, 0xFF, 0xFF, 0xFF,
    0xFF, 0xFF, 0x6F, 0xF0, 0xFF, 0x0B, 0x00, 0x00, 0x00, 0x00, 0xC0, 0xFF, 0x1F, 0x00, 0x00, 0x20,
    0x00, 0x60, 0xFF, 0xDF, 0x02, 0x20, 0xFA, 0x03, 0x00, 0xFC, 0xFF, 0xEF, 0xFE, 0xFF, 0x0D, 0x00,
    0xB0, 0xFF, 0xFF, 0xFF, 0xEF, 0x03, 0x00, 0x00, 0xB4, 0xFE, 0xCF, 0x17, 0x00, 0x00, 0x10, 0x00,
    0x00, 0x10, 0x01, 0x00, 0x00, 0xF9, 0x3F, 0x00, 0xF5, 0x6F, 0x00, 0x00, 0xFF, 0x7F, 0x00, 0xFB,
    0xBF, 0x00, 0x00, 0xF7, 0x2D, 0x00, 0xE4, 0x4E, 0x00, 0x00, 0x00, 0x00, 0x00, 0x00, 0x00, 0x00,
    0x00, 0x00, 0x00, 0x00, 0x00, 0x00, 0x00, 0x00, 0x00, 0xC6, 0xFF, 0xAE, 0x03, 0x00, 0x00, 0xC1,
    0xFF, 0xFF, 0xFF, 0x8F, 0x00, 0x00, 0xFC, 0xFF, 0xDF, 0xFF, 0xFF, 0x05, 0x60, 0xFF, 0xAF, 0x00,
    0xD1, 0xFF, 0x0D, 0xC0, 0xFF, 0x0F, 0x00, 0x50, 0xFF, 0x2F, 0xF0, 0xFF, 0x7D, 0x77, 0x97, 0xFF,
    0x5F, 0xF1, 0xFF, 0xFF, 0xFF, 0xFF, 0xFF, 0x5F, 0xF1, 0xFF, 0xFF, 0xFF, 0xFF, 0xFF, 0x6F, 0xF0,
    0xFF, 0x0B, 0x00, 0x00, 0x00, 0x00, 0xC0, 0xFF, 0x1F, 0x00, 0x00, 0x20, 0x00, 0x60, 0xFF, 0xDF,
    0x02, 0x20, 0xFA, 0x03, 0x00, 0xFC, 0xFF, 0xEF, 0xFE, 0xFF, 0x0D, 0x00, 0xB0, 0xFF, 0xFF, 0xFF,
    0xEF, 0x03, 0x00, 0x00, 0xB4, 0xFE, 0xCF, 0x17, 0x00, 0xA0, 0xFF, 0x3F, 0x00, 0x00, 0xFC, 0xCF,
    0x00, 0x00, 0xD1, 0xFF, 0x06, 0x00, 0x20, 0xFE, 0x1F, 0x00, 0x00, 0x00, 0x00, 0x00, 0x00, 0x00,
    0x00, 0x00, 0x40, 0xFF, 0x6F, 0x00, 0x40, 0xFF, 0x6F, 0x00, 0x40, 0xFF, 0x6F, 0x00, 0x40, 0xFF,
    0x6F, 0x00, 0x40, 0xFF, 0x6F, 0x00, 0x40, 0xFF, 0x6F, 0x00, 0x40, 0xFF, 0x6F, 0x00, 0x40, 0xFF,
    0x6F, 0x00, 0x40, 0xFF, 0x6F, 0x00, 0x40, 0xFF, 0x6F, 0x00, 0x40, 0xFF, 0x6F, 0x00, 0x40, 0xFF,
    0x6F, 0x00, 0x40, 0xFF, 0x6F, 0x00, 0x40, 0xFF, 0x6F, 0x00, 0xE1, 0xFF, 0x0C, 0x00, 0xFA, 0xEF,
    0x01, 0x40, 0xFF, 0x2E, 0x00, 0xD0, 0xFF, 0x03, 0x00, 0x00, 0x00, 0x00, 0x00, 0x00, 0x00, 0x00,
    0x00, 0xF4, 0xFF, 0x06, 0x00, 0xF4, 0xFF, 0x06, 0x00, 0xF4, 0xFF, 0x06, 0x00, 0xF4, 0xFF, 0x06,
    0x00, 0xF4, 0xFF, 0x06, 0x00, 0xF4, 0xFF, 0x06, 0x00, 0xF4, 0xFF, 0x06, 0x00, 0xF4, 0xFF, 0x06,
    0x00, 0xF4, 0xFF, 0x06, 0x00, 0xF4, 0xFF, 0x06, 0x00, 0xF4, 0xFF, 0x06, 0x00, 0xF4, 0xFF, 0x06,
    0x00, 0xF4, 0xFF, 0x06, 0x00, 0xF4, 0xFF, 0x06, 0x00, 0x00, 0x00, 0x42, 0x02, 0x00, 0x00, 0x00,
    0x40, 0xFF, 0x5F, 0x00, 0x00, 0x00, 0xF4, 0xEF, 0xFF, 0x05, 0x00, 0x40, 0xFF, 0x0C, 0xFA, 0x5F,
    0x00, 0xB1, 0xAC, 0x00, 0x90, 0xBC, 0x02, 0x00, 0x00, 0x00, 0x00, 0x00, 0x00, 0x00, 0x00, 0x00,
    0x00, 0x00, 0x00, 0x00, 0x40, 0xFF, 0x6F, 0x00, 0x00, 0x00, 0x40, 0xFF, 0x6F, 0x00, 0x00, 0x00,
    0x40, 0xFF, 0x6F, 0x00, 0x00, 0x00, 0x40, 0xFF, 0x6F, 0x00, 0x00, 0x00, 0x40, 0xFF, 0x6F, 0x00,
    0x00, 0x00, 0x40, 0xFF, 0x6F, 0x00, 0x00, 0x00, 0x40, 0xFF, 0x6F, 0x00, 0x00, 0x00, 0x40, 0xFF,
    0x6F, 0x00, 0x00, 0x00, 0x40, 0xFF, 0x6F, 0x00, 0x00, 0x00, 0x40, 0xFF, 0x6F, 0x00, 0x00, 0x00,
    0x40, 0xFF, 0x6F, 0x00, 0x00, 0x00, 0x40, 0xFF, 0x6F, 0x00, 0x00, 0x00, 0x40, 0xFF, 0x6F, 0x00,
    0x00, 0x00, 0x40, 0xFF, 0x6F, 0x00, 0x00, 0x20, 0x16, 0x00, 0x10, 0x25, 0x00, 0xF2, 0xEF, 0x00,
    0xD0, 0xFF, 0x03, 0xF3, 0xFF, 0x01, 0xF0, 0xFF, 0x05, 0x70, 0x6B, 0x00, 0x50, 0x8B, 0x00, 0x00,
    0x00, 0x00, 0x00, 0x00, 0x00, 0x00, 0x00, 0x00, 0x00, 0x00, 0x00, 0x00, 0x40, 0xFF, 0x6F, 0x00,
    0x00, 0x00, 0x40, 0xFF, 0x6F, 0x00, 0x00, 0x00, 0x40, 0xFF, 0x6F, 0x00, 0x00, 0x00, 0x40, 0xFF,
    0x6F, 0x00, 0x00, 0x00, 0x40, 0xFF, 0x6F, 0x00, 0x00, 0x00, 0x40, 0xFF, 0x6F, 0x00, 0x00, 0x00,
    0x40, 0xFF, 0x6F, 0x00, 0x00, 0x00, 0x40, 0xFF, 0x6F, 0x00, 0x00, 0x00, 0x40, 0xFF, 0x6F, 0x00,
    0x00, 0x00, 0x40, 0xFF, 0x6F, 0x00, 0x00, 0x00, 0x40, 0xFF, 0x6F, 0x00, 0x00, 0x00, 0x40, 0xFF,
    0x6F, 0x00, 0x00, 0x00, 0x40, 0xFF, 0x6F, 0x00, 0x00, 0x00, 0x40, 0xFF, 0x6F, 0x00, 0x00, 0x00,
    0xE1, 0x4A, 0x00, 0x00, 0x00, 0x00, 0x00, 0xF7, 0xFF, 0x5D, 0x50, 0x1D, 0x00, 0x00, 0xFB, 0xFF,
    0xFF, 0xFD, 0x4F, 0x00, 0x00, 0x30, 0xFA, 0xFF, 0xFF, 0x02, 0x00, 0x00, 0x00, 0xD1, 0xFF, 0xFF,
    0x0B, 0x00, 0x00, 0x40, 0xFF, 0xDB, 0xFF, 0x6F, 0x00, 0x00, 0x10, 0x5D, 0x20, 0xFF, 0xEF, 0x00,
    0x00, 0x00, 0x00, 0x00, 0xF8, 0xFF, 0x05, 0x00, 0x92, 0xFE, 0xBF, 0xF6, 0xFF, 0x0A, 0x40, 0xFF,
    0xFF, 0xFF, 0xFF, 0xFF, 0x0D, 0xE1, 0xFF, 0xEF, 0xCB, 0xFF, 0xFF, 0x0F, 0xF7, 0xFF, 0x09, 0x00,
    0xD2, 0xFF, 0x0F, 0xFC, 0xFF, 0x00, 0x00, 0xA0, 0xFF, 0x0F, 0xFE, 0xCF, 0x00, 0x00, 0xA0, 0xFF,
    0x0F, 0xFE, 0xCF, 0x00, 0x00, 0xD0, 0xFF, 0x0D, 0xFB, 0xFF, 0x01, 0x00, 0xF2, 0xFF, 0x09, 0xF6,
    0xFF, 0x1B, 0x10, 0xFC, 0xFF, 0x02, 0xC0, 0xFF, 0xFF, 0xFE, 0xFF, 0x8F, 0x00, 0x10, 0xFC, 0xFF,
    0xFF, 0xFF, 0x09, 0x00, 0x00, 0x60, 0xEB, 0xEF, 0x4A, 0x00, 0x00, 0x00, 0x10, 0x03, 0x00, 0x40,
    0x04, 0x00, 0x00, 0xF4, 0xDF, 0x02, 0xF2, 0x0F, 0x00, 0x00, 0xFE, 0xFF, 0x9F, 0xFC, 0x0C, 0x00,
    0x50, 0xEF, 0x31, 0xFE, 0xFF, 0x04, 0x00, 0x50, 0x8C, 0x00, 0x91, 0x5B, 0x00, 0x00, 0x00, 0x00,
    0x00, 0x00, 0x00, 0x00, 0x00, 0x00, 0x00, 0x00, 0x00, 0x00, 0x00, 0x00, 0xFA, 0xDF, 0x60, 0xFD,
    0xCF, 0x04, 0x00, 0xFA, 0xEF, 0xFB, 0xFF, 0xFF, 0x4F, 0x00, 0xFA, 0xFF, 0xFF, 0xFE, 0xFF, 0xCF,
    0x00, 0xFA, 0xFF, 0x09, 0x10, 0xFD, 0xFF, 0x01, 0xFA, 0xFF, 0x00, 0x00, 0xF8, 0xFF, 0x03, 0xFA,
    0xFF, 0x00, 0x00, 0xF7, 0xFF, 0x03, 0xFA, 0xFF, 0x00, 0x00, 0xF7, 0xFF, 0x03, 0xFA, 0xFF, 0x00,
    0x00, 0xF7, 0xFF, 0x03, 0xFA, 0xFF, 0x00, 0x00, 0xF7, 0xFF, 0x03, 0xFA, 0xFF, 0x00, 0x00, 0xF7,
    0xFF, 0x03, 0xFA, 0xFF, 0x00, 0x00, 0xF7, 0xFF, 0x03, 0xFA, 0xFF, 0x00, 0x00, 0xF7, 0xFF, 0x03,
    0xFA, 0xFF, 0x00, 0x00, 0xF7, 0xFF, 0x03, 0xFA, 0xFF, 0x00, 0x00, 0xF7, 0xFF, 0x03, 0x00, 0xB1,
    0xCC, 0x0A, 0x00, 0x00, 0x00, 0x00, 0x40, 0xFF, 0x6F, 0x00, 0x00, 0x00, 0x00, 0x00, 0xF6, 0xFF,
    0x01, 0x00, 0x00, 0x00, 0x00, 0x80, 0xFF, 0x0A, 0x00, 0x00, 0x00, 0x00, 0x00, 0x43, 0x04, 0x00,
    0x00, 0x00, 0x00, 0x00, 0x00, 0x00, 0x00, 0x00, 0x00, 0x00, 0xC7, 0xFF, 0xBE, 0x04, 0x00, 0x00,
    0xD2, 0xFF, 0xFF, 0xFF, 0xAF, 0x00, 0x00, 0xFD, 0xFF, 0xDF, 0xFF, 0xFF, 0x09, 0x70, 0xFF, 0x9F,
    0x00, 0xD2, 0xFF, 0x2F, 0xD0, 0xFF, 0x0E, 0x00, 0x40, 0xFF, 0x8F, 0xF0, 0xFF, 0x0A, 0x00, 0x00,
    0xFF, 0xBF, 0xF2, 0xFF, 0x08, 0x00, 0x00, 0xFD, 0xDF, 0xF2, 0xFF, 0x08, 0x00, 0x00, 0xFD, 0xDF,
    0xF0, 0xFF, 0x0A, 0x00, 0x00, 0xFF, 0xBF, 0xD0, 0xFF, 0x0E, 0x00, 0x40, 0xFF, 0x8F, 0x70, 0xFF,
    0x9F, 0x00, 0xD2, 0xFF, 0x2F, 0x00, 0xFD, 0xFF, 0xEF, 0xFF, 0xFF, 0x09, 0x00, 0xD2, 0xFF, 0xFF,
    0xFF, 0xAF, 0x00, 0x00, 0x00, 0xC7, 0xFF, 0xBE, 0x04, 0x00, 0x00, 0x00, 0x00, 0x20, 0xCB, 0x8C,
    0x00, 0x00, 0x00, 0x00, 0xB0, 0xFF, 0x1D, 0x00, 0x00, 0x00, 0x00, 0xF5, 0xEF, 0x02, 0x00, 0x00,
    0x00, 0x00, 0xFE, 0x3F, 0x00, 0x00, 0x00, 0x00, 0x10, 0x44, 0x02, 0x00, 0x00, 0x00, 0x00, 0x00,
    0x00, 0x00, 0x00, 0x00, 0x00, 0x00, 0xC7, 0xFF, 0xBE, 0x04, 0x00, 0x00, 0xD2, 0xFF, 0xFF, 0xFF,
    0xAF, 0x00, 0x00, 0xFD, 0xFF, 0xDF, 0xFF, 0xFF, 0x09, 0x70, 0xFF, 0x9F, 0x00, 0xD2, 0xFF, 0x2F,
    0xD0, 0xFF, 0x0E, 0x00, 0x40, 0xFF, 0x8F, 0xF0, 0xFF, 0x0A, 0x00, 0x00, 0xFF, 0xBF, 0xF2, 0xFF,
    0x08, 0x00, 0x00, 0xFD, 0xDF, 0xF2, 0xFF, 0x08, 0x00, 0x00, 0xFD, 0xDF, 0xF0, 0xFF, 0x0A, 0x00,
    0x00, 0xFF, 0xBF, 0xD0, 0xFF, 0x0E, 0x00, 0x40, 0xFF, 0x8F, 0x70, 0xFF, 0x9F, 0x00, 0xD2, 0xFF,
    0x2F, 0x00, 0xFD, 0xFF, 0xEF, 0xFF, 0xFF, 0x09, 0x00, 0xD2, 0xFF, 0xFF, 0xFF, 0xAF, 0x00, 0x00,
    0x00, 0xC7, 0xFF, 0xBE, 0x04, 0x00, 0x00, 0x00, 0x40, 0xFF, 0x1C, 0x00, 0x00, 0x00, 0x00, 0xF4,
    0xFF, 0xCF, 0x01, 0x00, 0x00, 0x40, 0xFF, 0x4C, 0xFF, 0x1C, 0x00, 0x00, 0xF4, 0xCF, 0x00, 0xF3,
    0xCF, 0x00, 0x00, 0x00, 0x00, 0x00, 0x00, 0x00, 0x00, 0x00, 0x00, 0x00, 0x00, 0x00, 0x00, 0x00,
    0x00, 0x00, 0xC7, 0xFF, 0xBE, 0x04, 0x00, 0x00, 0xD2, 0xFF, 0xFF, 0xFF, 0xAF, 0x00, 0x00, 0xFD,
    0xFF, 0xDF, 0xFF, 0xFF, 0x09, 0x70, 0xFF, 0x9F, 0x00, 0xD2, 0xFF, 0x2F, 0xD0, 0xFF, 0x0E, 0x00,
    0x40, 0xFF, 0x8F, 0xF0, 0xFF, 0x0A, 0x00, 0x00, 0xFF, 0xBF, 0xF2, 0xFF, 0x08, 0x00, 0x00, 0xFD,
    0xDF, 0xF2, 0xFF, 0x08, 0x00, 0x00, 0xFD, 0xDF, 0xF0, 0xFF, 0x0A, 0x00, 0x00, 0xFF, 0xBF, 0xD0,
    0xFF, 0x0E, 0x00, 0x40, 0xFF, 0x8F, 0x70, 0xFF, 0x9F, 0x00, 0xD2, 0xFF, 0x2F, 0x00, 0xFD, 0xFF,
    0xEF, 0xFF, 0xFF, 0x09, 0x00, 0xD2, 0xFF, 0xFF, 0xFF, 0xAF, 0x00, 0x00, 0x00, 0xC7, 0xFF, 0xBE,
    0x04, 0x00, 0x00, 0x20, 0xFC, 0x09, 0x10, 0xFF, 0x00, 0x00, 0xD0, 0xFF, 0xDF, 0x95, 0xDF, 0x00,
    0x00, 0xF4, 0x5F, 0xF7, 0xFF, 0x7F, 0x00, 0x00, 0xF7, 0x0B, 0x40, 0xFD, 0x08, 0x00, 0x00, 0x00,
    0x00, 0x00, 0x00, 0x00, 0x00, 0x00, 0x00, 0x00, 0x00, 0x00, 0x00, 0x00, 0x00, 0x00, 0xC7, 0xFF,
    0xBE, 0x04, 0x00, 0x00, 0xD2, 0xFF, 0xFF, 0xFF, 0xAF, 0x00, 0x00, 0xFD, 0xFF, 0xDF, 0xFF, 0xFF,
    0x09, 0x70, 0xFF, 0x9F, 0x00, 0xD2, 0xFF, 0x2F, 0xD0, 0xFF, 0x0E, 0x00, 0x40, 0xFF, 0x8F, 0xF0,
    0xFF, 0x0A, 0x00, 0x00, 0xFF, 0xBF, 0xF2, 0xFF, 0x08, 0x00, 0x00, 0xFD, 0xDF, 0xF2, 0xFF, 0x08,
    0x00, 0x00, 0xFD, 0xDF, 0xF0, 0xFF, 0x0A, 0x00, 0x00, 0xFF, 0xBF, 0xD0, 0xFF, 0x0E, 0x00, 0x40,
    0xFF, 0x8F, 0x70, 0xFF, 0x9F, 0x00, 0xD2, 0xFF, 0x2F, 0x00, 0xFD, 0xFF, 0xEF, 0xFF, 0xFF, 0x09,
    0x00, 0xD2, 0xFF, 0xFF, 0xFF, 0xAF, 0x00, 0x00, 0x00, 0xC7, 0xFF, 0xBE, 0x04, 0x00, 0x00, 0x00,
    0x01, 0x00, 0x00, 0x01, 0x00, 0x00, 0xF3, 0x8F, 0x00, 0xD1, 0xCF, 0x00, 0x00, 0xF8, 0xEF, 0x00,
    0xF4, 0xFF, 0x02, 0x00, 0xD2, 0x6F, 0x00, 0xB0, 0x9F, 0x00, 0x00, 0x00, 0x00, 0x00, 0x00, 0x00,
    0x00, 0x00, 0x00, 0x00, 0x00, 0x00, 0x00, 0x00, 0x00, 0x00, 0xC7, 0xFF, 0xBE, 0x04, 0x00, 0x00,
    0xD2, 0xFF, 0xFF, 0xFF, 0xAF, 0x00, 0x00, 0xFD, 0xFF, 0xDF, 0xFF, 0xFF, 0x09, 0x70, 0xFF, 0x9F,
    0x00, 0xD2, 0xFF, 0x2F, 0xD0, 0xFF, 0x0E, 0x00, 0x40, 0xFF, 0x8F, 0xF0, 0xFF, 0x0A, 0x00, 0x00,
    0xFF, 0xBF, 0xF2, 0xFF, 0x08, 0x00, 0x00, 0xFD, 0xDF, 0xF2, 0xFF, 0x08, 0x00, 0x00, 0xFD, 0xDF,
    0xF0, 0xFF, 0x0A, 0x00, 0x00, 0xFF, 0xBF, 0xD0, 0xFF, 0x0E, 0x00, 0x40, 0xFF, 0x8F, 0x70, 0xFF,
    0x9F, 0x00, 0xD2, 0xFF, 0x2F, 0x00, 0xFD, 0xFF, 0xEF, 0xFF, 0xFF, 0x09, 0x00, 0xD2, 0xFF, 0xFF,
    0xFF, 0xAF, 0x00, 0x00, 0x00, 0xC7, 0xFF, 0xBE, 0x04, 0x00, 0x00, 0x00, 0x00, 0xB8, 0x06, 0x00,
    0x00, 0x00, 0x00, 0x90, 0xFF, 0x4F, 0x00, 0x00, 0x00, 0x00, 0xA0, 0xFF, 0x5F, 0x00, 0x00, 0x00,
    0x00, 0x20, 0xFD, 0x0B, 0x00, 0x00, 0x00, 0x00, 0x00, 0x00, 0x00, 0x00, 0x00, 0x00, 0x00, 0x00,
    0x00, 0x00, 0x00, 0x00, 0xF3, 0xFF, 0xFF, 0xFF, 0xFF, 0xFF, 0xEF, 0xF3, 0xFF, 0xFF, 0xFF, 0xFF,
    0xFF, 0xEF, 0xF3, 0xFF, 0xFF, 0xFF, 0xFF, 0xFF, 0xEF, 0x00, 0x00, 0x00, 0x00, 0x00, 0x00, 0x00,
    0x00, 0x00, 0x00, 0x00, 0x00, 0x00, 0x00, 0x00, 0x00, 0x20, 0xFD, 0x0B, 0x00, 0x00, 0x00, 0x00,
    0xA0, 0xFF, 0x5F, 0x00, 0x00, 0x00, 0x00, 0x90, 0xFF, 0x4F, 0x00, 0x00, 0x00, 0x00, 0x10, 0xB9,
    0x06, 0x00, 0x00, 0x00, 0x00, 0x00, 0x00, 0x00, 0xFA, 0x05, 0x00, 0x00, 0xC7, 0xFF, 0xBE, 0xDF,
    0x00, 0x00, 0xD2, 0xFF, 0xFF, 0xFF, 0xBF, 0x00, 0x00, 0xFD, 0xFF, 0xDF, 0xFF, 0xFF, 0x08, 0x70,
    0xFF, 0x9F, 0x00, 0xFA, 0xFF, 0x2F, 0xD0, 0xFF, 0x0E, 0x20, 0xFF, 0xFF, 0x8F, 0xF0, 0xFF, 0x0A,
    0xA0, 0x6F, 0xFF, 0xBF, 0xF2, 0xFF, 0x08, 0xF2, 0x0D, 0xFD, 0xDF, 0xF2, 0xFF, 0x08, 0xFA, 0x06,
    0xFD, 0xDF, 0xF0, 0xFF, 0x2A, 0xDF, 0x00, 0xFF, 0xBF, 0xD0, 0xFF, 0xAE, 0x6F, 0x40, 0xFF, 0x8F,
    0x70, 0xFF, 0xFF, 0x0D, 0xD2, 0xFF, 0x2F, 0x00, 0xFD, 0xFF, 0xEF, 0xFF, 0xFF, 0x08, 0x00, 0xD2,
    0xFF, 0xFF, 0xFF, 0xAF, 0x00, 0x00, 0x90, 0xDF, 0xFF, 0xBE, 0x04, 0x00, 0x00, 0xF2, 0x0E, 0x00,
    0x00, 0x00, 0x00, 0x00, 0xF9, 0x06, 0x00, 0x00, 0x00, 0x00, 0x10, 0xFD, 0xDF, 0x00, 0x00, 0x00,
    0x00, 0x00, 0xE2, 0xFF, 0x08, 0x00, 0x00, 0x00, 0x00, 0x30, 0xFF, 0x2F, 0x00, 0x00, 0x00, 0x00,
    0x00, 0xF5, 0xCF, 0x00, 0x00, 0x00, 0x00, 0x00, 0x00, 0x00, 0x00, 0x00, 0x00, 0x00, 0x00, 0x00,
    0x00, 0x00, 0x00, 0x00, 0xFA, 0xFF, 0x00, 0x00, 0xF7, 0xFF, 0x03, 0xFA, 0xFF, 0x00, 0x00, 0xF7,
    0xFF, 0x03, 0xFA, 0xFF, 0x00, 0x00, 0xF7, 0xFF, 0x03, 0xFA, 0xFF, 0x00, 0x00, 0xF7, 0xFF, 0x03,
    0xFA, 0xFF, 0x00, 0x00, 0xF7, 0xFF, 0x03, 0xFA, 0xFF, 0x00, 0x00, 0xF7, 0xFF, 0x03, 0xFA, 0xFF,
    0x00, 0x00, 0xF7, 0xFF, 0x03, 0xFA, 0xFF, 0x00, 0x00, 0xF7, 0xFF, 0x03, 0xFA, 0xFF, 0x00, 0x00,
    0xF7, 0xFF, 0x03, 0xFA, 0xFF, 0x00, 0x00, 0xF8, 0xFF, 0x03, 0xF8, 0xFF, 0x07, 0x30, 0xFE, 0xFF,
    0x03, 0xF3, 0xFF, 0xEF, 0xFE, 0xFF, 0xFF, 0x03, 0xA0, 0xFF, 0xFF, 0xFF, 0xFC, 0xFF, 0x03, 0x00,
    0xD7, 0xFF, 0x5C, 0xF4, 0xFF, 0x03, 0x00, 0x00, 0x00, 0xF4, 0xFF, 0x09, 0x00, 0x00, 0x00, 0x00,
    0xFE, 0xAF, 0x00, 0x00, 0x00, 0x00, 0x80, 0xFF, 0x0C, 0x00, 0x00, 0x00, 0x00, 0xF2, 0xDF, 0x01,
    0x00, 0x00, 0x00, 0x00, 0x00, 0x00, 0x00, 0x00, 0x00, 0x00, 0x00, 0x00, 0x00, 0x00, 0x00, 0x00,
    0xFA, 0xFF, 0x00, 0x00, 0xF7, 0xFF, 0x03, 0xFA, 0xFF, 0x00, 0x00, 0xF7, 0xFF, 0x03, 0xFA, 0xFF,
    0x00, 0x00, 0xF7, 0xFF, 0x03, 0xFA, 0xFF, 0x00, 0x00, 0xF7, 0xFF, 0x03, 0xFA, 0xFF, 0x00, 0x00,
    0xF7, 0xFF, 0x03, 0xFA, 0xFF, 0x00, 0x00, 0xF7, 0xFF, 0x03, 0xFA, 0xFF, 0x00, 0x00, 0xF7, 0xFF,
    0x03, 0xFA, 0xFF, 0x00, 0x00, 0xF7, 0xFF, 0x03, 0xFA, 0xFF, 0x00, 0x00, 0xF7, 0xFF, 0x03, 0xFA,
    0xFF, 0x00, 0x00, 0xF8, 0xFF, 0x03, 0xF8, 0xFF, 0x07, 0x30, 0xFE, 0xFF, 0x03, 0xF3, 0xFF, 0xEF,
    0xFE, 0xFF, 0xFF, 0x03, 0xA0, 0xFF, 0xFF, 0xFF, 0xFC, 0xFF, 0x03, 0x00, 0xD7, 0xFF, 0x5C, 0xF4,
    0xFF, 0x03, 0x00, 0x00, 0x30, 0x14, 0x00, 0x00, 0x00, 0x00, 0x00, 0xF8, 0xEF, 0x02, 0x00, 0x00,
    0x00, 0x80, 0xFF, 0xFE, 0x2E, 0x00, 0x00, 0x00, 0xF8, 0x8F, 0xD1, 0xEF, 0x02, 0x00, 0x40, 0xCC,
    0x08, 0x10, 0xCB, 0x0A, 0x00, 0x00, 0x00, 0x00, 0x00, 0x00, 0x00, 0x00, 0x00, 0x00, 0x00, 0x00,
    0x00, 0x00, 0x00, 0xFA, 0xFF, 0x00, 0x00, 0xF7, 0xFF, 0x03, 0xFA, 0xFF, 0x00, 0x00, 0xF7, 0xFF,
    0x03, 0xFA, 0xFF, 0x00, 0x00, 0xF7, 0xFF, 0x03, 0xFA, 0xFF, 0x00, 0x00, 0xF7, 0xFF, 0x03, 0xFA,
    0xFF, 0x00, 0x00, 0xF7, 0xFF, 0x03, 0xFA, 0xFF, 0x00, 0x00, 0xF7, 0xFF, 0x03, 0xFA, 0xFF, 0x00,
    0x00, 0xF7, 0xFF, 0x03, 0xFA, 0xFF, 0x00, 0x00, 0xF7, 0xFF, 0x03, 0xFA, 0xFF, 0x00, 0x00, 0xF7,
    0xFF, 0x03, 0xFA, 0xFF, 0x00, 0x00, 0xF8, 0xFF, 0x03, 0xF8, 0xFF, 0x07, 0x30, 0xFE, 0xFF, 0x03,
    0xF3, 0xFF, 0xEF, 0xFE, 0xFF, 0xFF, 0x03, 0xA0, 0xFF, 0xFF, 0xFF, 0xFC, 0xFF, 0x03, 0x00, 0xD7,
    0xFF, 0x5C, 0xF4, 0xFF, 0x03, 0x00, 0x54, 0x00, 0x00, 0x52, 0x01, 0x00, 0x60, 0xFF, 0x0B, 0x20,
    0xFF, 0x0E, 0x00, 0x80, 0xFF, 0x0D, 0x40, 0xFF, 0x1F, 0x00, 0x10, 0xB9, 0x03, 0x00, 0xB7, 0x05,
    0x00, 0x00, 0x00, 0x00, 0x00, 0x00, 0x00, 0x00, 0x00, 0x00, 0x00, 0x00, 0x00, 0x00, 0x00, 0xFA,
    0xFF, 0x00, 0x00, 0xF7, 0xFF, 0x03, 0xFA, 0xFF, 0x00, 0x00, 0xF7, 0xFF, 0x03, 0xFA, 0xFF, 0x00,
    0x00, 0xF7, 0xFF, 0x03, 0xFA, 0xFF, 0x00, 0x00, 0xF7, 0xFF, 0x03, 0xFA, 0xFF, 0x00, 0x00, 0xF7,
    0xFF, 0x03, 0xFA, 0xFF, 0x00, 0x00, 0xF7, 0xFF, 0x03, 0xFA, 0xFF, 0x00, 0x00, 0xF7, 0xFF, 0x03,
    0xFA, 0xFF, 0x00, 0x00, 0xF7, 0xFF, 0x03, 0xFA, 0xFF, 0x00, 0x00, 0xF7, 0xFF, 0x03, 0xFA, 0xFF,
    0x00, 0x00, 0xF8, 0xFF, 0x03, 0xF8, 0xFF, 0x07, 0x30, 0xFE, 0xFF, 0x03, 0xF3, 0xFF, 0xEF, 0xFE,
    0xFF, 0xFF, 0x03, 0xA0, 0xFF, 0xFF, 0xFF, 0xFC, 0xFF, 0x03, 0x00, 0xD7, 0xFF, 0x5C, 0xF4, 0xFF,
    0x03, 0x00, 0x00, 0x00, 0xE0, 0xFF, 0x1D, 0x00, 0x00, 0x00, 0x00, 0xF9, 0xEF, 0x02, 0x00, 0x00,
    0x00, 0x30, 0xFF, 0x3F, 0x00, 0x00, 0x00, 0x00, 0xC0, 0xFF, 0x04, 0x00, 0x00, 0x00, 0x00, 0x00,
    0x00, 0x00, 0x00, 0x00, 0x00, 0x00, 0x00, 0x00, 0x00, 0x00, 0x00, 0xFC, 0xFF, 0x01, 0x00, 0xF0,
    0xFF, 0x0E, 0xF6, 0xFF, 0x06, 0x00, 0xF5, 0xFF, 0x08, 0xF1, 0xFF, 0x0B, 0x00, 0xF9, 0xFF, 0x02,
    0xB0, 0xFF, 0x0F, 0x00, 0xFE, 0xDF, 0x00, 0x50, 0xFF, 0x5F, 0x30, 0xFF, 0x7F, 0x00, 0x00, 0xFF,
    0xAF, 0x80, 0xFF, 0x1F, 0x00, 0x00, 0xFA, 0xEF, 0xD0, 0xFF, 0x0C, 0x00, 0x00, 0xF4, 0xFF, 0xF6,
    0xFF, 0x06, 0x00, 0x00, 0xE0, 0xFF, 0xFE, 0xFF, 0x01, 0x00, 0x00, 0x90, 0xFF, 0xFF, 0xBF, 0x00,
    0x00, 0x00, 0x30, 0xFF, 0xFF, 0x5F, 0x00, 0x00, 0x00, 0x00, 0xFD, 0xFF, 0x0F, 0x00, 0x00, 0x00,
    0x00, 0xF8, 0xFF, 0x0A, 0x00, 0x00, 0x00, 0x00, 0xF4, 0xFF, 0x04, 0x00, 0x00, 0x00, 0x00, 0xF8,
    0xEF, 0x00, 0x00, 0x00, 0x00, 0x30, 0xFE, 0x9F, 0x00, 0x00, 0x00, 0x60, 0xFE, 0xFF, 0x2F, 0x00,
    0x00, 0x00, 0x70, 0xFF, 0xFF, 0x07, 0x00, 0x00, 0x00, 0x60, 0xFF, 0x6D, 0x00, 0x00, 0x00, 0x00,
    0xF9, 0xFF, 0x01, 0x00, 0x00, 0x00, 0x00, 0xF9, 0xFF, 0x01, 0x00, 0x00, 0x00, 0x00, 0xF9, 0xFF,
    0x01, 0x00, 0x00, 0x00, 0x00, 0xF9, 0xFF, 0x01, 0x00, 0x00, 0x00, 0x00, 0xF9, 0xFF, 0x01, 0x00,
    0x00, 0x00, 0x00, 0xF9, 0xFF, 0x01, 0x00, 0x00, 0x00, 0x00, 0xF9, 0xFF, 0x93, 0xFE, 0x9E, 0x01,
    0x00, 0xF9, 0xFF, 0xFE, 0xFF, 0xFF, 0x2E, 0x00, 0xF9, 0xFF, 0xFF, 0xFE, 0xFF, 0xCF, 0x00, 0xF9,
    0xFF, 0x0A, 0x10, 0xFD, 0xFF, 0x04, 0xF9, 0xFF, 0x02, 0x00, 0xF4, 0xFF, 0x08, 0xF9, 0xFF, 0x01,
    0x00, 0xF0, 0xFF, 0x0B, 0xF9, 0xFF, 0x01, 0x00, 0xE0, 0xFF, 0x0C, 0xF9, 0xFF, 0x01, 0x00, 0xE0,
    0xFF, 0x0C, 0xF9, 0xFF, 0x01, 0x00, 0xF0, 0xFF, 0x0B, 0xF9, 0xFF, 0x02, 0x00, 0xF4, 0xFF, 0x08,
    0xF9, 0xFF, 0x0A, 0x10, 0xFD, 0xFF, 0x03, 0xF9, 0xFF, 0xFF, 0xFE, 0xFF, 0xCF, 0x00, 0xF9, 0xFF,
    0xFE, 0xFF, 0xFF, 0x2E, 0x00, 0xF9, 0xFF, 0x93, 0xFE, 0x9E, 0x01, 0x00, 0xF9, 0xFF, 0x01, 0x00,
    0x00, 0x00, 0x00, 0xF9, 0xFF, 0x01, 0x00, 0x00, 0x00, 0x00, 0xF9, 0xFF, 0x01, 0x00, 0x00, 0x00,
    0x00, 0xF9, 0xFF, 0x01, 0x00, 0x00, 0x00, 0x00, 0xF9, 0xFF, 0x01, 0x00, 0x00, 0x00, 0x00, 0x00,
    0x62, 0x02, 0x00, 0x51, 0x03, 0x00, 0x10, 0xFF, 0x1F, 0x00, 0xFD, 0x4F, 0x00, 0x20, 0xFF, 0x2F,
    0x00, 0xFF, 0x6F, 0x00, 0x00, 0xB7, 0x06, 0x00, 0xB4, 0x08, 0x00, 0x00, 0x00, 0x00, 0x00, 0x00,
    0x00, 0x00, 0x00, 0x00, 0x00, 0x00, 0x00, 0x00, 0x00, 0xFC, 0xFF, 0x01, 0x00, 0xF0, 0xFF, 0x0E,
    0xF6, 0xFF, 0x06, 0x00, 0xF5, 0xFF, 0x08, 0xF1, 0xFF, 0x0B, 0x00, 0xF9, 0xFF, 0x02, 0xB0, 0xFF,
    0x0F, 0x00, 0xFE, 0xDF, 0x00, 0x50, 0xFF, 0x5F, 0x30, 0xFF, 0x7F, 0x00, 0x00, 0xFF, 0xAF, 0x80,
    0xFF, 0x1F, 0x00, 0x00, 0xFA, 0xEF, 0xD0, 0xFF, 0x0C, 0x00, 0x00, 0xF4, 0xFF, 0xF6, 0xFF, 0x06,
    0x00, 0x00, 0xE0, 0xFF, 0xFE, 0xFF, 0x01, 0x00, 0x00, 0x90, 0xFF, 0xFF, 0xBF, 0x00, 0x00, 0x00,
    0x30, 0xFF, 0xFF, 0x5F, 0x00, 0x00, 0x00, 0x00, 0xFD, 0xFF, 0x0F, 0x00, 0x00, 0x00, 0x00, 0xF8,
    0xFF, 0x0A, 0x00, 0x00, 0x00, 0x00, 0xF4, 0xFF, 0x04, 0x00, 0x00, 0x00, 0x00, 0xF8, 0xEF, 0x00,
    0x00, 0x00, 0x00, 0x30, 0xFE, 0x9F, 0x00, 0x00, 0x00, 0x60, 0xFE, 0xFF, 0x2F, 0x00, 0x00, 0x00,
    0x70, 0xFF, 0xFF, 0x07, 0x00, 0x00, 0x00, 0x60, 0xFF, 0x6D, 0x00, 0x00, 0x00, 0x00,
};

const GFXglyph FontBodyBoldGlyphs[] = {
    { 0, 0, 6, 0, 0, 0, 0 },
    { 5, 19, 7, 1, 19, 0, 0 },
    { 8, 7, 8, 0, 20, 0, 57 },
    { 15, 19, 15, 0, 19, 0, 85 },
    { 13, 24, 15, 1, 22, 0, 237 },
    { 18, 19, 19, 1, 19, 0, 405 },
    { 17, 19, 17, 0, 19, 0, 576 },
    { 4, 7, 4, 0, 20, 0, 747 },
    { 8, 27, 9, 1, 21, 0, 761 },
    { 8, 27, 9, 0, 21, 0, 869 },
    { 12, 11, 12, 0, 19, 0, 977 },
    { 14, 13, 14, 0, 15, 0, 1043 },
    { 5, 8, 6, 0, 3, 0, 1134 },
    { 8, 3, 10, 1, 10, 0, 1158 },
    { 5, 4, 8, 1, 4, 0, 1170 },
    { 11, 21, 10, -1, 19, 0, 1182 },
    { 13, 19, 15, 1, 19, 0, 1308 },
    { 9, 19, 15, 2, 19, 0, 1441 },
    { 14, 19, 15, 0, 19, 0, 1536 },
    { 14, 19, 15, 0, 19, 0, 1669 },
    { 15, 19, 15, 0, 19, 0, 1802 },
    { 13, 19, 15, 1, 19, 0, 1954 },
    { 14, 19, 15, 1, 19, 0, 2087 },
    { 14, 19, 15, 0, 19, 0, 2220 },
    { 13, 19, 15, 1, 19, 0, 2353 },
    { 13, 19, 15, 1, 19, 0, 2486 },
    { 5, 14, 7, 1, 14, 0, 2619 },
    { 6, 19, 7, 0, 14, 0, 2661 },
    { 12, 12, 13, 0, 14, 0, 2718 },
    { 13, 9, 15, 1, 13, 0, 2790 },
    { 12, 12, 13, 1, 14, 0, 2853 },
    { 13, 19, 13, 0, 19, 0, 2925 },
    { 23, 24, 23, 0, 18, 0, 3058 },
    { 18, 19, 17, 0, 19, 0, 3346 },
    { 15, 19, 17, 1, 19, 0, 3517 },
    { 16, 19, 17, 1, 19, 0, 3669 },
    { 15, 19, 17, 1, 19, 0, 3821 },
    { 14, 19, 15, 1, 19, 0, 3973 },
    { 13, 19, 14, 1, 19, 0, 4106 },
    { 16, 19, 18, 1, 19, 0, 4239 },
    { 16, 19, 18, 1, 19, 0, 4391 },
    { 5, 19, 8, 1, 19, 0, 4543 },
    { 13, 19, 15, 0, 19, 0, 4600 },
    { 16, 19, 17, 1, 19, 0, 4733 },
    { 13, 19, 14, 1, 19, 0, 4885 },
    { 21, 19, 23, 1, 19, 0, 5018 },
    { 16, 19, 18, 1, 19, 0, 5227 },
    { 16, 19, 18, 1, 19, 0, 5379 },
    { 15, 19, 17, 1, 19, 0, 5531 },
    { 16, 22, 18, 1, 19, 0, 5683 },
    { 16, 19, 17, 1, 19, 0, 5859 },
    { 16, 19, 16, 0, 19, 0, 6011 },
    { 16, 19, 16, 0, 19, 0, 6163 },
    { 15, 19, 17, 1, 19, 0, 6315 },
    { 17, 19, 17, 0, 19, 0, 6467 },
    { 23, 19, 23, 0, 19, 0, 6638 },
    { 17, 19, 17, 0, 19, 0, 6866 },
    { 17, 19, 16, 0, 19, 0, 7037 },
    { 16, 19, 16, 0, 19, 0, 7208 },
    { 6, 25, 7, 1, 21, 0, 7360 },
    { 13, 21, 11, -1, 19, 0, 7435 },
    { 6, 25, 7, 0, 21, 0, 7582 },
    { 11, 9, 11, 0, 19, 0, 7657 },
    { 12, 3, 12, 0, 0, 0, 7711 },
    { 8, 4, 9, 0, 20, 0, 7729 },
    { 14, 14, 14, 0, 14, 0, 7745 },
    { 13, 20, 15, 1, 20, 0, 7843 },
    { 13, 14, 14, 0, 14, 0, 7983 },
    { 14, 20, 15, 0, 20, 0, 8081 },
    { 14, 14, 14, 0, 14, 0, 8221 },
    { 10, 20, 9, 0, 20, 0, 8319 },
    { 14, 19, 15, 0, 14, 0, 8419 },
    { 13, 20, 15, 1, 20, 0, 8552 },
    { 5, 20, 7, 1, 20, 0, 8692 },
    { 8, 25, 7, -2, 20, 0, 8752 },
    { 14, 20, 14, 1, 20, 0, 8852 },
    { 5, 20, 7, 1, 20, 0, 8992 },
    { 21, 14, 23, 1, 14, 0, 9052 },
    { 13, 14, 15, 1, 14, 0, 9206 },
    { 14, 14, 15, 0, 14, 0, 9304 },
    { 13, 19, 15, 1, 14, 0, 9402 },
    { 14, 19, 15, 0, 14, 0, 9535 },
    { 9, 14, 10, 1, 14, 0, 9668 },
    { 13, 14, 13, 0, 14, 0, 9738 },
    { 9, 17, 9, 0, 17, 0, 9836 },
    { 13, 14, 15, 1, 14, 0, 9921 },
    { 13, 14, 13, 0, 14, 0, 10019 },
    { 19, 14, 19, 0, 14, 0, 10117 },
    { 14, 14, 13, 0, 14, 0, 10257 },
    { 14, 19, 13, 0, 14, 0, 10355 },
    { 13, 14, 13, 0, 14, 0, 10488 },
    { 9, 25, 9, 0, 20, 0, 10586 },
    { 3, 22, 7, 2, 19, 0, 10711 },
    { 8, 25, 9, 0, 20, 0, 10755 },
    { 15, 6, 17, 1, 11, 0, 10855 },
    { 0, 0, 6, 0, 0, 0, 10903 },
    { 5, 19, 7, 1, 14, 0, 10903 },
    { 13, 20, 15, 1, 17, 0, 10960 },
    { 14, 19, 15, 1, 19, 0, 11100 },
    { 17, 18, 18, 1, 17, 0, 11233 },
    { 14, 19, 14, 0, 19, 0, 11395 },
    { 4, 22, 7, 1, 19, 0, 11528 },
    { 14, 24, 16, 1, 18, 0, 11572 },
    { 10, 4, 12, 1, 20, 0, 11740 },
    { 19, 19, 20, 1, 19, 0, 11760 },
    { 9, 10, 12, 1, 19, 0, 11950 },
    { 12, 10, 13, 0, 12, 0, 12000 },
    { 12, 5, 14, 1, 10, 0, 12060 },
    { 8, 3, 10, 1, 10, 0, 12090 },
    { 19, 19, 20, 1, 19, 0, 12102 },
    { 9, 3, 13, 2, 19, 0, 12292 },
    { 8, 7, 10, 1, 19, 0, 12307 },
    { 12, 16, 14, 1, 16, 0, 12335 },
    { 9, 10, 10, 0, 19, 0, 12431 },
    { 9, 10, 10, 0, 19, 0, 12481 },
    { 7, 4, 9, 1, 20, 0, 12531 },
    { 14, 19, 16, 1, 14, 0, 12547 },
    { 12, 19, 13, 0, 19, 0, 12680 },
    { 5, 4, 8, 1, 11, 0, 12794 },
    { 6, 6, 7, 1, 0, 0, 12806 },
    { 6, 11, 10, 1, 19, 0, 12824 },
    { 10, 10, 12, 1, 19, 0, 12857 },
    { 11, 10, 13, 1, 12, 0, 12907 },
    { 17, 18, 19, 1, 18, 0, 12967 },
    { 18, 19, 20, 1, 19, 0, 13129 },
    { 19, 18, 21, 1, 18, 0, 13300 },
    { 13, 19, 13, 0, 14, 0, 13480 },
    { 18, 25, 17, 0, 25, 0, 13613 },
    { 18, 25, 17, 0, 25, 0, 13838 },
    { 18, 25, 17, 0, 25, 0, 14063 },
    { 18, 25, 17, 0, 25, 0, 14288 },
    { 18, 24, 17, 0, 24, 0, 14513 },
    { 18, 25, 17, 0, 25, 0, 14729 },
    { 24, 19, 24, 0, 19, 0, 14954 },
    { 16, 25, 17, 1, 19, 0, 15182 },
    { 14, 25, 15, 1, 25, 0, 15382 },
    { 14, 25, 15, 1, 25, 0, 15557 },
    { 14, 25, 15, 1, 25, 0, 15732 },
    { 14, 24, 15, 1, 24, 0, 15907 },
    { 7, 25, 8, -1, 25, 0, 16075 },
    { 8, 25, 8, 1, 25, 0, 16175 },
    { 11, 25, 8, -2, 25, 0, 16275 },
    { 11, 24, 8, -2, 24, 0, 16425 },
    { 17, 19, 17, 0, 19, 0, 16569 },
    { 16, 25, 18, 1, 25, 0, 16740 },
    { 16, 24, 18, 1, 24, 0, 16940 },
    { 16, 24, 18, 1, 24, 0, 17132 },
    { 16, 25, 18, 1, 25, 0, 17324 },
    { 16, 25, 18, 1, 25, 0, 17524 },
    { 16, 24, 18, 1, 24, 0, 17724 },
    { 13, 12, 14, 0, 15, 0, 17916 },
    { 16, 21, 18, 1, 20, 0, 18000 },
    { 15, 25, 17, 1, 25, 0, 18168 },
    { 15, 25, 17, 1, 25, 0, 18368 },
    { 15, 25, 17, 1, 25, 0, 18568 },
    { 15, 24, 17, 1, 24, 0, 18768 },
    { 17, 25, 16, 0, 25, 0, 18960 },
    { 15, 19, 16, 1, 19, 0, 19185 },
    { 15, 20, 16, 1, 20, 0, 19337 },
    { 14, 20, 14, 0, 20, 0, 19497 },
    { 14, 20, 14, 0, 20, 0, 19637 },
    { 14, 20, 14, 0, 20, 0, 19777 },
    { 14, 20, 14, 0, 20, 0, 19917 },
    { 14, 20, 14, 0, 20, 0, 20057 },
    { 14, 21, 14, 0, 21, 0, 20197 },
    { 22, 15, 22, 0, 15, 0, 20344 },
    { 13, 20, 14, 0, 14, 0, 20509 },
    { 14, 20, 14, 0, 20, 0, 20649 },
    { 14, 20, 14, 0, 20, 0, 20789 },
    { 14, 20, 14, 0, 20, 0, 20929 },
    { 14, 20, 14, 0, 20, 0, 21069 },
    { 8, 20, 7, -2, 20, 0, 21209 },
    { 8, 20, 7, 1, 20, 0, 21289 },
    { 11, 21, 7, -2, 21, 0, 21369 },
    { 11, 20, 7, -2, 20, 0, 21495 },
    { 14, 20, 15, 1, 20, 0, 21615 },
    { 13, 21, 15, 1, 21, 0, 21755 },
    { 14, 20, 15, 0, 20, 0, 21902 },
    { 14, 20, 15, 0, 20, 0, 22042 },
    { 14, 20, 15, 0, 20, 0, 22182 },
    { 14, 20, 15, 0, 20, 0, 22322 },
    { 14, 20, 15, 0, 20, 0, 22462 },
    { 14, 15, 15, 0, 16, 0, 22602 },
    { 14, 17, 15, 0, 15, 0, 22707 },
    { 13, 20, 15, 1, 20, 0, 22826 },
    { 13, 20, 15, 1, 20, 0, 22966 },
    { 13, 21, 15, 1, 21, 0, 23106 },
    { 13, 20, 15, 1, 20, 0, 23253 },
    { 14, 25, 13, 0, 20, 0, 23393 },
    { 13, 25, 15, 1, 20, 0, 23568 },
    { 14, 25, 13, 0, 20, 0, 23743 },
};

const UnicodeInterval FontBodyBoldIntervals[] = {
    { 0x20, 0x7E, 0x0 },
    { 0xA0, 0xFF, 0x5F },
};

const GFXfont FontBodyBold = {
    (uint8_t *)FontBodyBoldBitmaps,
    (GFXglyph *)FontBodyBoldGlyphs,
    (UnicodeInterval *)FontBodyBoldIntervals,
    2,
    false,
    30,
    25,
    -7,
};
