// Generated by firmware/tools/fontconvert.py - do not edit.
#pragma once
#include "epd_driver.h"

const uint8_t FontBodyBitmaps[20980] = {
    0x40, 0x5E, 0x00, 0xB0, 0xBF, 0x00, 0xD0, 0xEF, 0x00, 0xE0, 0xFF, 0x00, 0xE0, 0xEF, 0x00, 0xD0,
    0xEF, 0x00, 0xC0, 0xDF, 0x00, 0xA0, 0xBF, 0x00, 0x90, 0x9F, 0x00, 0x60, 0x7F, 0x00, 0x40, 0x4F,
    0x00, 0x10, 0x1F, 0x00, 0x00, 0x09, 0x00, 0x00, 0x00, 0x00, 0x00, 0x00, 0x00, 0x80, 0x9F, 0x00,
    0xF0, 0xFF, 0x00, 0x90, 0x9F, 0x00, 0xFD, 0x0C, 0xF9, 0x0F, 0xFD, 0x0C, 0xF9, 0x0F, 0xFD, 0x0C,
    0xF9, 0x0F, 0xFC, 0x0B, 0xF8, 0x0F, 0xF9, 0x09, 0xF6, 0x0D, 0xF7, 0x07, 0xF3, 0x0A, 0xF4, 0x04,
    0xF0, 0x08, 0x00, 0x00, 0xD0, 0x0B, 0x00, 0x00, 0x9F, 0x00, 0x00, 0x00, 0xF0, 0x07, 0x00, 0x20,
    0x5F, 0x00, 0x00, 0x00, 0xF4, 0x04, 0x00, 0x60, 0x2F, 0x00, 0x00, 0x00, 0xF7, 0x00, 0x00, 0x90,
    0x0E, 0x00, 0x00, 0x00, 0xDB, 0x00, 0x00, 0xD0, 0x0B, 0x00, 0xFF, 0xFF, 0xFF, 0xFF, 0xFF, 0xFF,
    0xFF, 0x2F, 0xFF, 0xFF, 0xFF, 0xFF, 0xFF, 0xFF, 0xFF, 0x2F, 0x00, 0x40, 0x4F, 0x00, 0x00, 0xF5,
    0x02, 0x00, 0x00, 0x80, 0x0F, 0x00, 0x00, 0xE9, 0x00, 0x00, 0x00, 0xC0, 0x0C, 0x00, 0x00, 0xBD,
    0x00, 0x00, 0x00, 0xF0, 0x08, 0x00, 0x10, 0x7F, 0x00, 0x00, 0xFF, 0xFF, 0xFF, 0xFF, 0xFF, 0xFF,
    0xFF, 0x2F, 0xFF, 0xFF, 0xFF, 0xFF, 0xFF, 0xFF, 0xFF, 0x2F, 0x00, 0xF9, 0x00, 0x00, 0x90, 0x0E,
    0x00, 0x00, 0x00, 0xCC, 0x00, 0x00, 0xD0, 0x0B, 0x00, 0x00, 0x00, 0x9F, 0x00, 0x00, 0xF0, 0x07,
    0x00, 0x00, 0x30, 0x5F, 0x00, 0x00, 0xF4, 0x04, 0x00, 0x00, 0x60, 0x2F, 0x00, 0x00, 0xF7, 0x01,
    0x00, 0x00, 0x00, 0x00, 0xC0, 0x5F, 0x00, 0x00, 0x00, 0x00, 0x81, 0xFD, 0xFF, 0x7C, 0x01, 0x00,
    0x50, 0xFF, 0xFF, 0xFF, 0xFF, 0x2F, 0x00, 0xF2, 0xCF, 0xC3, 0x6F, 0xC6, 0x3F, 0x00, 0xF8, 0x1F,
    0xC0, 0x5F, 0x00, 0x37, 0x00, 0xF9, 0x0E, 0xC0, 0x5F, 0x00, 0x00, 0x00, 0xF5, 0x6F, 0xC0, 0x5F,
    0x00, 0x00, 0x00, 0xB0, 0xFF, 0xEC, 0x5F, 0x00, 0x00, 0x00, 0x00, 0xF8, 0xFF, 0xCF, 0x05, 0x00,
    0x00, 0x00, 0x10, 0xE6, 0xFF, 0xCF, 0x01, 0x00, 0x00, 0x00, 0xC0, 0xAF, 0xFD, 0x1E, 0x00, 0x00,
    0x00, 0xC0, 0x5F, 0xD0, 0xAF, 0x00, 0x00, 0x00, 0xC0, 0x5F, 0x80, 0xFF, 0x00, 0x00, 0x00, 0xC0,
    0x5F, 0x80, 0xFF, 0x00, 0x48, 0x00, 0xC0, 0x5F, 0xC0, 0xDF, 0x00, 0xFA, 0x6C, 0xC2, 0x7F, 0xFA,
    0x6F, 0x00, 0xF7, 0xFF, 0xFF, 0xFF, 0xFF, 0x09, 0x00, 0x10, 0xB6, 0xFE, 0xFF, 0x5B, 0x00, 0x00,
    0x00, 0x00, 0xC0, 0x5F, 0x00, 0x00, 0x00, 0x00, 0x00, 0xC0, 0x5F, 0x00, 0x00, 0x00, 0x00, 0x00,
    0xC0, 0x5F, 0x00, 0x00, 0x00, 0x00, 0xD5, 0xDF, 0x07, 0x00, 0x00, 0xB0, 0x3F, 0x00, 0x70, 0xFF,
    0xFF, 0xAF, 0x00, 0x00, 0xF6, 0x09, 0x00, 0xF1, 0x5F, 0x40, 0xFE, 0x03, 0x10, 0xEE, 0x00, 0x00,
    0xF4, 0x0A, 0x00, 0xF7, 0x07, 0xA0, 0x4F, 0x00, 0x00, 0xF4, 0x0A, 0x00, 0xF7, 0x07, 0xF5, 0x0A,
    0x00, 0x00, 0xF1, 0x5F, 0x40, 0xFE, 0x13, 0xEE, 0x01, 0x00, 0x00, 0x70, 0xFF, 0xFF, 0xAF, 0xA0,
    0x5F, 0x00, 0x00, 0x00, 0x00, 0xD5, 0xEF, 0x07, 0xF4, 0x0A, 0x00, 0x00, 0x00, 0x00, 0x00, 0x00,
    0x00, 0xED, 0x01, 0x00, 0x00, 0x00, 0x00, 0x00, 0x00, 0x90, 0x6F, 0x00, 0x00, 0x00, 0x00, 0x00,
    0x00, 0x00, 0xF3, 0x0B, 0xB2, 0xFF, 0x1A, 0x00, 0x00, 0x00, 0x00, 0xFD, 0x22, 0xFE, 0xFF, 0xEF,
    0x01, 0x00, 0x00, 0x80, 0x7F, 0xB0, 0xAF, 0x11, 0xFB, 0x09, 0x00, 0x00, 0xF2, 0x0C, 0xF0, 0x0F,
    0x00, 0xF1, 0x0D, 0x00, 0x00, 0xFC, 0x02, 0xF0, 0x0F, 0x00, 0xF1, 0x0D, 0x00, 0x70, 0x7F, 0x00,
    0xB0, 0xAF, 0x11, 0xFB, 0x09, 0x00, 0xF2, 0x0D, 0x00, 0x20, 0xFF, 0xFF, 0xEF, 0x01, 0x00, 0xFB,
    0x03, 0x00, 0x00, 0xB2, 0xFF, 0x2A, 0x00, 0x00, 0x00, 0xA2, 0xFE, 0x8D, 0x00, 0x00, 0x00, 0x00,
    0x00, 0x20, 0xFF, 0xFF, 0xFF, 0x0C, 0x00, 0x00, 0x00, 0x00, 0xB0, 0xEF, 0x04, 0xF6, 0x6F, 0x00,
    0x00, 0x00, 0x00, 0xF0, 0x8F, 0x00, 0xC0, 0xAF, 0x00, 0x00, 0x00, 0x00, 0xF0, 0x7F, 0x00, 0xB0,
    0xBF, 0x00, 0x00, 0x00, 0x00, 0xD0, 0xCF, 0x00, 0xE1, 0x7F, 0x00, 0x00, 0x00, 0x00, 0x70, 0xFF,
    0x04, 0xFB, 0x0E, 0x00, 0x00, 0x00, 0x00, 0x00, 0xFD, 0xCE, 0xFF, 0x03, 0x00, 0x00, 0x00, 0x00,
    0x00, 0xF6, 0xFF, 0x3E, 0x00, 0x00, 0x00, 0x00, 0x00, 0x90, 0xFF, 0xFF, 0x0D, 0x00, 0xF6, 0x3F,
    0x00, 0x00, 0xFB, 0xDF, 0xF8, 0xBF, 0x00, 0xFE, 0x0B, 0x00, 0x80, 0xFF, 0x0B, 0x90, 0xFF, 0xA8,
    0xFF, 0x03, 0x00, 0xF0, 0xDF, 0x00, 0x00, 0xFB, 0xFF, 0x8F, 0x00, 0x00, 0xF3, 0x6F, 0x00, 0x00,
    0xE1, 0xFF, 0x0C, 0x00, 0x00, 0xF2, 0x6F, 0x00, 0x00, 0xF8, 0xFF, 0x2F, 0x00, 0x00, 0xD0, 0xEF,
    0x04, 0xB3, 0xFF, 0xFC, 0xEF, 0x01, 0x00, 0x30, 0xFF, 0xFF, 0xFF, 0x8F, 0x60, 0xFF, 0x0C, 0x00,
    0x00, 0xA2, 0xFF, 0x8D, 0x02, 0x00, 0xF8, 0xAF, 0x00, 0xFD, 0x0C, 0xFD, 0x0C, 0xFD, 0x0C, 0xFD,
    0x0B, 0xFA, 0x08, 0xF8, 0x06, 0xF5, 0x03, 0x00, 0x00, 0xB0, 0x0C, 0x00, 0x00, 0xF7, 0x02, 0x00,
    0x30, 0x9F, 0x00, 0x00, 0xD0, 0x1F, 0x00, 0x00, 0xF6, 0x0A, 0x00, 0x00, 0xFE, 0x04, 0x00, 0x50,
    0xFF, 0x00, 0x00, 0xA0, 0xCF, 0x00, 0x00, 0xE0, 0xAF, 0x00, 0x00, 0xF2, 0x8F, 0x00, 0x00, 0xF4,
    0x6F, 0x00, 0x00, 0xF5, 0x5F, 0x00, 0x00, 0xF5, 0x5F, 0x00, 0x00, 0xF4, 0x7F, 0x00, 0x00, 0xF2,
    0x8F, 0x00, 0x00, 0xE0, 0x9F, 0x00, 0x00, 0xA0, 0xDF, 0x00, 0x00, 0x50, 0xFF, 0x00, 0x00, 0x00,
    0xFE, 0x04, 0x00, 0x00, 0xF7, 0x0A, 0x00, 0x00, 0xE0, 0x1F, 0x00, 0x00, 0x40, 0x8F, 0x00, 0x00,
    0x00, 0xF8, 0x02, 0x00, 0x00, 0xB0, 0x0C, 0xF5, 0x03, 0x00, 0x00, 0xB0, 0x1D, 0x00, 0x00, 0x20,
    0xBF, 0x00, 0x00, 0x00, 0xFA, 0x05, 0x00, 0x00, 0xF4, 0x0E, 0x00, 0x00, 0xE0, 0x5F, 0x00, 0x00,
    0xA0, 0xBF, 0x00, 0x00, 0x60, 0xFF, 0x01, 0x00, 0x30, 0xFF, 0x05, 0x00, 0x10, 0xFF, 0x08, 0x00,
    0x00, 0xFF, 0x0A, 0x00, 0x00, 0xFF, 0x0B, 0x00, 0x00, 0xFF, 0x0B, 0x00, 0x00, 0xFF, 0x09, 0x00,
    0x10, 0xFF, 0x08, 0x00, 0x30, 0xFF, 0x04, 0x00, 0x60, 0xFF, 0x00, 0x00, 0xA0, 0xBF, 0x00, 0x00,
    0xE0, 0x5F, 0x00, 0x00, 0xF4, 0x0D, 0x00, 0x00, 0xFB, 0x04, 0x00, 0x30, 0x9F, 0x00, 0x00, 0xC0,
    0x0D, 0x00, 0x00, 0xF6, 0x02, 0x00, 0x00, 0x00, 0x00, 0xE4, 0x02, 0x00, 0x00, 0x00, 0x00, 0xF5,
    0x04, 0x00, 0x00, 0xE4, 0x05, 0xF2, 0x01, 0xE7, 0x03, 0xF4, 0x6F, 0xC0, 0x80, 0xEF, 0x02, 0x00,
    0xC6, 0xB7, 0xC8, 0x06, 0x00, 0x00, 0x00, 0xF8, 0x07, 0x00, 0x00, 0x10, 0xC7, 0xB7, 0xB8, 0x05,
    0x00, 0xF4, 0x6F, 0xD0, 0x80, 0xEF, 0x02, 0xE5, 0x04, 0xF3, 0x01, 0xE7, 0x03, 0x00, 0x00, 0xF6,
    0x03, 0x00, 0x00, 0x00, 0x00, 0xF5, 0x02, 0x00, 0x00, 0x00, 0x00, 0x70, 0xAF, 0x00, 0x00, 0x00,
    0x00, 0x00, 0x70, 0xAF, 0x00, 0x00, 0x00, 0x00, 0x00, 0x70, 0xAF, 0x00, 0x00, 0x00, 0x00, 0x00,
    0x70, 0xAF, 0x00, 0x00, 0x00, 0x00, 0x00, 0x70, 0xAF, 0x00, 0x00, 0x00, 0xF8, 0xFF, 0xFF, 0xFF,
    0xFF, 0xFF, 0x0B, 0xF8, 0xFF, 0xFF, 0xFF, 0xFF, 0xFF, 0x0B, 0x00, 0x00, 0x70, 0xAF, 0x00, 0x00,
    0x00, 0x00, 0x00, 0x70, 0xAF, 0x00, 0x00, 0x00, 0x00, 0x00, 0x70, 0xAF, 0x00, 0x00, 0x00, 0x00,
    0x00, 0x70, 0xAF, 0x00, 0x00, 0x00, 0x00, 0x00, 0x70, 0xAF, 0x00, 0x00, 0x00, 0x80, 0x9F, 0x00,
    0xF0, 0xFF, 0x02, 0x80, 0xFF, 0x04, 0x00, 0xFB, 0x01, 0x00, 0x8E, 0x00, 0x70, 0x06, 0x00, 0xFF,
    0xFF, 0xFF, 0x05, 0xFF, 0xFF, 0xFF, 0x05, 0xE4, 0x1C, 0xFA, 0x5F, 0xE4, 0x1C, 0x00, 0x00, 0xF0,
    0x0D, 0x00, 0x00, 0xF4, 0x09, 0x00, 0x00, 0xF8, 0x04, 0x00, 0x00, 0xFD, 0x00, 0x00, 0x10, 0xBF,
    0x00, 0x00, 0x60, 0x7F, 0x00, 0x00, 0xA0, 0x2F, 0x00, 0x00, 0xF0, 0x0E, 0x00, 0x00, 0xF3, 0x09,
    0x00, 0x00, 0xF8, 0x04, 0x00, 0x00, 0xFC, 0x00, 0x00, 0x10, 0xBF, 0x00, 0x00, 0x60, 0x7F, 0x00,
    0x00, 0xA0, 0x2F, 0x00, 0x00, 0xE0, 0x0E, 0x00, 0x00, 0xF3, 0x09, 0x00, 0x00, 0xF8, 0x05, 0x00,
    0x00, 0xFC, 0x01, 0x00, 0x00, 0x00, 0x00, 0xD7, 0xDF, 0x08, 0x00, 0x00, 0x00, 0xB0, 0xFF, 0xFF,
    0xCF, 0x00, 0x00, 0x00, 0xF8, 0x4F, 0x40, 0xFF, 0x08, 0x00, 0x20, 0xFF, 0x06, 0x00, 0xF6, 0x2F,
    0x00, 0x80, 0xEF, 0x00, 0x00, 0xF0, 0x8F, 0x00, 0xC0, 0xAF, 0x00, 0x00, 0xB0, 0xDF, 0x00, 0xF0,
    0x7F, 0x00, 0x00, 0x80, 0xFF, 0x00, 0xF1, 0x6F, 0x00, 0x00, 0x60, 0xFF, 0x02, 0xF2, 0x5F, 0x00,
    0x00, 0x50, 0xFF, 0x03, 0xF2, 0x5F, 0x00, 0x00, 0x50, 0xFF, 0x03, 0xF2, 0x6F, 0x00, 0x00, 0x60,
    0xFF, 0x02, 0xF0, 0x7F, 0x00, 0x00, 0x80, 0xFF, 0x00, 0xD0, 0xAF, 0x00, 0x00, 0xB0, 0xDF, 0x00,
    0x80, 0xEF, 0x00, 0x00, 0xE0, 0x8F, 0x00, 0x20, 0xFF, 0x05, 0x00, 0xF6, 0x2F, 0x00, 0x00, 0xFA,
    0x4E, 0x40, 0xFF, 0x09, 0x00, 0x00, 0xC0, 0xFF, 0xFF, 0xCF, 0x00, 0x00, 0x00, 0x00, 0xD8, 0xDF,
    0x07, 0x00, 0x00, 0xFC, 0x0C, 0xFC, 0x0C, 0xFC, 0x0C, 0xFC, 0x0C, 0xFC, 0x0C, 0xFC, 0x0C, 0xFC,
    0x0C, 0xFC, 0x0C, 0xFC, 0x0C, 0xFC, 0x0C, 0xFC, 0x0C, 0xFC, 0x0C, 0xFC, 0x0C, 0xFC, 0x0C, 0xFC,
    0x0C, 0xFC, 0x0C, 0xFC, 0x0C, 0xFC, 0x0C, 0x10, 0xC7, 0xFE, 0xAE, 0x02, 0x00, 0x00, 0xB0, 0xFF,
    0xFF, 0xFF, 0x4F, 0x00, 0x00, 0xA0, 0x38, 0x10, 0xE5, 0xEF, 0x01, 0x00, 0x00, 0x00, 0x00, 0x40,
    0xFF, 0x07, 0x00, 0x00, 0x00, 0x00, 0x00, 0xFD, 0x0B, 0x00, 0x00, 0x00, 0x00, 0x00, 0xFB, 0x0D,
    0x00, 0x00, 0x00, 0x00, 0x00, 0xFC, 0x0C, 0x00, 0x00, 0x00, 0x00, 0x00, 0xFF, 0x08, 0x00, 0x00,
    0x00, 0x00, 0x50, 0xFF, 0x03, 0x00, 0x00, 0x00, 0x00, 0xD0, 0xCF, 0x00, 0x00, 0x00, 0x00, 0x00,
    0xF6, 0x3F, 0x00, 0x00, 0x00, 0x00, 0x10, 0xFF, 0x09, 0x00, 0x00, 0x00, 0x00, 0xB0, 0xDF, 0x00,
    0x00, 0x00, 0x00, 0x00, 0xF6, 0x2F, 0x00, 0x00, 0x00, 0x00, 0x30, 0xFF, 0x05, 0x00, 0x00, 0x00,
    0x00, 0xE1, 0xAF, 0x00, 0x00, 0x00, 0x00, 0x00, 0xFC, 0xFF, 0xFF, 0xFF, 0xFF, 0x01, 0xB0, 0xFF,
    0xFF, 0xFF, 0xFF, 0xFF, 0x01, 0x60, 0xEB, 0xEF, 0x4B, 0x00, 0x00, 0xE0, 0xFF, 0xFF, 0xFF, 0x08,
    0x00, 0xB0, 0x15, 0x40, 0xFE, 0x4F, 0x00, 0x00, 0x00, 0x00, 0xF2, 0x9F, 0x00, 0x00, 0x00, 0x00,
    0xD0, 0xBF, 0x00, 0x00, 0x00, 0x00, 0xD0, 0xAF, 0x00, 0x00, 0x00, 0x00, 0xF2, 0x6F, 0x00, 0x00,
    0x00, 0x51, 0xFD, 0x0B, 0x00, 0x00, 0x50, 0xFF, 0xDF, 0x01, 0x00, 0x00, 0x50, 0xFF, 0xFF, 0x1D,
    0x00, 0x00, 0x00, 0x51, 0xFD, 0x9F, 0x00, 0x00, 0x00, 0x00, 0xF1, 0xEF, 0x00, 0x00, 0x00, 0x00,
    0xA0, 0xFF, 0x00, 0x00, 0x00, 0x00, 0xA0, 0xEF, 0x00, 0x44, 0x00, 0x00, 0xE0, 0xBF, 0x00, 0xF5,
    0x29, 0x20, 0xFB, 0x3F, 0x00, 0xF5, 0xFF, 0xFF, 0xFF, 0x06, 0x00, 0x50, 0xEB, 0xEF, 0x3A, 0x00,
    0x00, 0x00, 0x00, 0x00, 0x00, 0xF3, 0x04, 0x00, 0x00, 0x00, 0x00, 0x10, 0xFE, 0x04, 0x00, 0x00,
    0x00, 0x00, 0xC0, 0xFF, 0x04, 0x00, 0x00, 0x00, 0x00, 0xF9, 0xFF, 0x04, 0x00, 0x00, 0x00, 0x70,
    0xFF, 0xFF, 0x04, 0x00, 0x00, 0x00, 0xF4, 0x9F, 0xFF, 0x04, 0x00, 0x00, 0x20, 0xFE, 0x38, 0xFF,
    0x04, 0x00, 0x00, 0xD0, 0xBF, 0x30, 0xFF, 0x04, 0x00, 0x00, 0xFA, 0x1D, 0x30, 0xFF, 0x04, 0x00,
    0x80, 0xFF, 0x02, 0x30, 0xFF, 0x04, 0x00, 0xF5, 0xFF, 0xFF, 0xFF, 0xFF, 0xFF, 0x04, 0xFB, 0xFF,
    0xFF, 0xFF, 0xFF, 0xFF, 0x04, 0x00, 0x00, 0x00, 0x30, 0xFF, 0x04, 0x00, 0x00, 0x00, 0x00, 0x30,
    0xFF, 0x04, 0x00, 0x00, 0x00, 0x00, 0x30, 0xFF, 0x04, 0x00, 0x00, 0x00, 0x00, 0x30, 0xFF, 0x04,
    0x00, 0x00, 0x00, 0x00, 0x30, 0xFF, 0x04, 0x00, 0x00, 0x00, 0x00, 0x30, 0xFF, 0x04, 0x00, 0x60,
    0xFF, 0xFF, 0xFF, 0x8F, 0x00, 0x60, 0xFF, 0xFF, 0xFF, 0x8F, 0x00, 0x60, 0xFF, 0x00, 0x00, 0x00,
    0x00, 0x60, 0xFF, 0x00, 0x00, 0x00, 0x00, 0x60, 0xFF, 0x00, 0x00, 0x00, 0x00, 0x60, 0xFF, 0x00,
    0x00, 0x00, 0x00, 0x60, 0xFF, 0x00, 0x00, 0x00, 0x00, 0x60, 0xFF, 0xEF, 0x4B, 0x00, 0x00, 0x60,
    0xFF, 0xFF, 0xFF, 0x09, 0x00, 0x10, 0x01, 0x51, 0xFD, 0x8F, 0x00, 0x00, 0x00, 0x00, 0xD1, 0xFF,
    0x00, 0x00, 0x00, 0x00, 0x60, 0xFF, 0x04, 0x00, 0x00, 0x00, 0x30, 0xFF, 0x05, 0x00, 0x00, 0x00,
    0x50, 0xFF, 0x04, 0x00, 0x00, 0x00, 0xD0, 0xFF, 0x00, 0x89, 0x13, 0x41, 0xFD, 0x8F, 0x00, 0xFB,
    0xFF, 0xFF, 0xFF, 0x0A, 0x00, 0x82, 0xEC, 0xEF, 0x5B, 0x00, 0x00, 0x00, 0x00, 0x00, 0x97, 0x00,
    0x00, 0x00, 0x00, 0xA0, 0xFF, 0x06, 0x00, 0x00, 0x00, 0xFB, 0xDF, 0x03, 0x00, 0x00, 0xA0, 0xFF,
    0x0B, 0x00, 0x00, 0x00, 0xF6, 0xBF, 0x00, 0x00, 0x00, 0x10, 0xFF, 0x0D, 0x00, 0x00, 0x00, 0x90,
    0xFF, 0x03, 0x00, 0x00, 0x00, 0xF1, 0xBF, 0x00, 0x00, 0x00, 0x00, 0xF5, 0xDF, 0xFD, 0xCF, 0x06,
    0x00, 0xF9, 0xFF, 0xFF, 0xFF, 0xAF, 0x00, 0xFB, 0x9F, 0x02, 0xA2, 0xFF, 0x07, 0xFC, 0x0C, 0x00,
    0x00, 0xFC, 0x0E, 0xFC, 0x0B, 0x00, 0x00, 0xF7, 0x1F, 0xFA, 0x0D, 0x00, 0x00, 0xF7, 0x0F, 0xF5,
    0x4F, 0x00, 0x00, 0xFC, 0x0D, 0xD0, 0xEF, 0x15, 0xA2, 0xFF, 0x05, 0x20, 0xFE, 0xFF, 0xFF, 0x8F,
    0x00, 0x00, 0x81, 0xFD, 0xBE, 0x04, 0x00, 0xFB, 0xFF, 0xFF, 0xFF, 0xFF, 0x8F, 0xFB, 0xFF, 0xFF,
    0xFF, 0xFF, 0x1F, 0x00, 0x00, 0x00, 0x40, 0xFF, 0x09, 0x00, 0x00, 0x00, 0xB0, 0xFF, 0x02, 0x00,
    0x00, 0x00, 0xF2, 0xBF, 0x00, 0x00, 0x00, 0x00, 0xF8, 0x4F, 0x00, 0x00, 0x00, 0x00, 0xFF, 0x0C,
    0x00, 0x00, 0x00, 0x60, 0xFF, 0x05, 0x00, 0x00, 0x00, 0xD0, 0xEF, 0x00, 0x00, 0x00, 0x00, 0xF4,
    0x7F, 0x00, 0x00, 0x00, 0x00, 0xFB, 0x0F, 0x00, 0x00, 0x00, 0x20, 0xFF, 0x08, 0x00, 0x00, 0x00,
    0x90, 0xFF, 0x01, 0x00, 0x00, 0x00, 0xF0, 0xAF, 0x00, 0x00, 0x00, 0x00, 0xF7, 0x2F, 0x00, 0x00,
    0x00, 0x00, 0xFD, 0x0B, 0x00, 0x00, 0x00, 0x50, 0xFF, 0x04, 0x00, 0x00, 0x00, 0x10, 0x96, 0x00,
    0x00, 0x00, 0x00, 0x00, 0x20, 0xE9, 0xEF, 0x3B, 0x00, 0x00, 0x00, 0xF4, 0xFF, 0xFF, 0xFF, 0x07,
    0x00, 0x20, 0xFF, 0x4D, 0x30, 0xFC, 0x4F, 0x00, 0x80, 0xFF, 0x02, 0x00, 0xF1, 0xBF, 0x00, 0xB0,
    0xDF, 0x00, 0x00, 0xB0, 0xDF, 0x00, 0xA0, 0xDF, 0x00, 0x00, 0xB0, 0xCF, 0x00, 0x50, 0xFF, 0x03,
    0x00, 0xF1, 0x7F, 0x00, 0x00, 0xFA, 0x4E, 0x30, 0xFC, 0x0C, 0x00, 0x00, 0xE0, 0xFF, 0xFF, 0xEF,
    0x01, 0x00, 0x00, 0xFC, 0xFF, 0xFF, 0xFF, 0x0D, 0x00, 0x90, 0xFF, 0x2B, 0x30, 0xFB, 0x9F, 0x00,
    0xF0, 0xDF, 0x00, 0x00, 0xC0, 0xFF, 0x00, 0xF1, 0x7F, 0x00, 0x00, 0x70, 0xFF, 0x01, 0xF1, 0x7F,
    0x00, 0x00, 0x70, 0xFF, 0x01, 0xD0, 0xDF, 0x00, 0x00, 0xC0, 0xDF, 0x00, 0x50, 0xFF, 0x3B, 0x20,
    0xFA, 0x6F, 0x00, 0x00, 0xF7, 0xFF, 0xFF, 0xFF, 0x08, 0x00, 0x00, 0x30, 0xEA, 0xEF, 0x4B, 0x00,
    0x00, 0x00, 0x40, 0xEB, 0xDF, 0x18, 0x00, 0x00, 0xF7, 0xFF, 0xFF, 0xEF, 0x02, 0x50, 0xFF, 0x2B,
    0x40, 0xFE, 0x0D, 0xC0, 0xDF, 0x00, 0x00, 0xF3, 0x6F, 0xF0, 0x8F, 0x00, 0x00, 0xD0, 0xBF, 0xF0,
    0x8F, 0x00, 0x00, 0xA0, 0xEF, 0xD0, 0xDF, 0x00, 0x00, 0xB0, 0xFF, 0x60, 0xFF, 0x3C, 0x20, 0xF9,
    0xEF, 0x00, 0xF9, 0xFF, 0xFF, 0xFF, 0xBF, 0x00, 0x50, 0xFC, 0xDF, 0xFC, 0x7F, 0x00, 0x00, 0x00,
    0x00, 0xFA, 0x2F, 0x00, 0x00, 0x00, 0x20, 0xFF, 0x0B, 0x00, 0x00, 0x00, 0xD0, 0xFF, 0x02, 0x00,
    0x00, 0x00, 0xFA, 0x8F, 0x00, 0x00, 0x00, 0xA0, 0xFF, 0x0C, 0x00, 0x00, 0x20, 0xFD, 0xDF, 0x01,
    0x00, 0x00, 0x50, 0xFF, 0x1C, 0x00, 0x00, 0x00, 0x00, 0x98, 0x00, 0x00, 0x00, 0xE3, 0x1D, 0xF8,
    0x7F, 0xE3, 0x2D, 0x00, 0x00, 0x00, 0x00, 0x00, 0x00, 0x00, 0x00, 0x00, 0x00, 0x00, 0x00, 0xF5,
    0x0B, 0xFC, 0x3F, 0xF5, 0x0C, 0xD1, 0x3E, 0xF6, 0x9F, 0xD1, 0x3E, 0x00, 0x00, 0x00, 0x00, 0x00,
    0x00, 0x00, 0x00, 0x00, 0x00, 0x00, 0x00, 0xE4, 0x1C, 0xFA, 0x7F, 0xE4, 0x9F, 0x60, 0x6F, 0xA0,
    0x0C, 0x93, 0x00, 0x00, 0x00, 0x00, 0x00, 0x00, 0x70, 0x09, 0x00, 0x00, 0x00, 0x00, 0x81, 0xFF,
    0x0C, 0x00, 0x00, 0x00, 0xA3, 0xFF, 0xAF, 0x03, 0x00, 0x00, 0xC4, 0xFF, 0x9F, 0x02, 0x00, 0x00,
    0xD6, 0xFF, 0x7E, 0x01, 0x00, 0x00, 0xE5, 0xFF, 0x5D, 0x00, 0x00, 0x00, 0x00, 0xF9, 0x8F, 0x00,
    0x00, 0x00, 0x00, 0x00, 0xE5, 0xFF, 0x5D, 0x00, 0x00, 0x00, 0x00, 0x00, 0xD6, 0xFF, 0x7E, 0x01,
    0x00, 0x00, 0x00, 0x00, 0xC5, 0xFF, 0x9F, 0x02, 0x00, 0x00, 0x00, 0x00, 0xA3, 0xFF, 0xAF, 0x03,
    0x00, 0x00, 0x00, 0x00, 0x81, 0xFF, 0x0C, 0x00, 0x00, 0x00, 0x00, 0x00, 0x70, 0x0A, 0xF8, 0xFF,
    0xFF, 0xFF, 0xFF, 0xFF, 0x0B, 0xF8, 0xFF, 0xFF, 0xFF, 0xFF, 0xFF, 0x0B, 0x00, 0x00, 0x00, 0x00,
    0x00, 0x00, 0x00, 0x00, 0x00, 0x00, 0x00, 0x00, 0x00, 0x00, 0x00, 0x00, 0x00, 0x00, 0x00, 0x00,
    0x00, 0x00, 0x00, 0x00, 0x00, 0x00, 0x00, 0x00, 0xF8, 0xFF, 0xFF, 0xFF, 0xFF, 0xFF, 0x0B, 0xF8,
    0xFF, 0xFF, 0xFF, 0xFF, 0xFF, 0x0B, 0x88, 0x01, 0x00, 0x00, 0x00, 0x00, 0x00, 0xF9, 0x9F, 0x02,
    0x00, 0x00, 0x00, 0x00, 0x92, 0xFF, 0xBF, 0x04, 0x00, 0x00, 0x00, 0x00, 0x81, 0xFE, 0xDF, 0x05,
    0x00, 0x00, 0x00, 0x00, 0x60, 0xFD, 0xEF, 0x17, 0x00, 0x00, 0x00, 0x00, 0x40, 0xFB, 0xFF, 0x07,
    0x00, 0x00, 0x00, 0x00, 0x60, 0xFF, 0x0C, 0x00, 0x00, 0x00, 0x40, 0xFB, 0xFF, 0x07, 0x00, 0x00,
    0x60, 0xFD, 0xEF, 0x17, 0x00, 0x00, 0x81, 0xFE, 0xDF, 0x06, 0x00, 0x00, 0x92, 0xFF, 0xBF, 0x04,
    0x00, 0x00, 0x00, 0xF9, 0x9F, 0x02, 0x00, 0x00, 0x00, 0x00, 0x88, 0x01, 0x00, 0x00, 0x00, 0x00,
    0x00, 0x10, 0xCD, 0x07, 0x00, 0xA0, 0xFF, 0xCF, 0x00, 0x20, 0xA1, 0xFF, 0x05, 0x00, 0x20, 0xFF,
    0x08, 0x00, 0x30, 0xFF, 0x07, 0x00, 0x90, 0xFF, 0x03, 0x00, 0xF2, 0xCF, 0x00, 0x00, 0xFC, 0x3F,
    0x00, 0x50, 0xFF, 0x09, 0x00, 0xC0, 0xEF, 0x00, 0x00, 0xE0, 0x5F, 0x00, 0x00, 0xC0, 0x0D, 0x00,
    0x00, 0x30, 0x08, 0x00, 0x00, 0x00, 0x00, 0x00, 0x00, 0x00, 0x00, 0x00, 0x00, 0x20, 0xDD, 0x02,
    0x00, 0x70, 0xFF, 0x08, 0x00, 0x20, 0xDE, 0x02, 0x00, 0x00, 0x00, 0x00, 0x00, 0x94, 0xEC, 0xFF,
    0xCE, 0x38, 0x00, 0x00, 0x00, 0x00, 0x00, 0x00, 0x00, 0xE6, 0xFF, 0xFF, 0xFF, 0xFF, 0xFF, 0x3B,
    0x00, 0x00, 0x00, 0x00, 0x00, 0xC1, 0xFF, 0x8D, 0x14, 0x00, 0x52, 0xF9, 0xFF, 0x06, 0x00, 0x00,
    0x00, 0x10, 0xFD, 0x5E, 0x00, 0x00, 0x00, 0x00, 0x10, 0xFA, 0x6F, 0x00, 0x00, 0x00, 0xC0, 0xCF,
    0x01, 0x00, 0x00, 0x00, 0x00, 0x00, 0x70, 0xFF, 0x04, 0x00, 0x00, 0xF8, 0x0D, 0x00, 0x50, 0xFC,
    0x9E, 0x01, 0xFF, 0x04, 0xF8, 0x0D, 0x00, 0x10, 0xFF, 0x02, 0x00, 0xF9, 0xFF, 0xFF, 0x3D, 0xFF,
    0x01, 0xD0, 0x4F, 0x00, 0x80, 0x8F, 0x00, 0x90, 0xFF, 0x17, 0x81, 0xEF, 0xEF, 0x00, 0x70, 0x9F,
    0x00, 0xE0, 0x1F, 0x00, 0xF4, 0x5F, 0x00, 0x00, 0xF9, 0xBF, 0x00, 0x30, 0xCF, 0x00, 0xF3, 0x0B,
    0x00, 0xFD, 0x0A, 0x00, 0x00, 0xF3, 0x7F, 0x00, 0x10, 0xDF, 0x00, 0xF6, 0x07, 0x30, 0xFF, 0x02,
    0x00, 0x00, 0xF1, 0x4F, 0x00, 0x10, 0xDF, 0x00, 0xF8, 0x06, 0x80, 0xDF, 0x00, 0x00, 0x00, 0xF2,
    0x1F, 0x00, 0x30, 0xBF, 0x00, 0xF9, 0x05, 0xA0, 0xAF, 0x00, 0x00, 0x00, 0xF4, 0x0E, 0x00, 0x80,
    0x8F, 0x00, 0xF8, 0x05, 0xB0, 0xAF, 0x00, 0x00, 0x00, 0xFA, 0x0A, 0x00, 0xE0, 0x2F, 0x00, 0xF7,
    0x07, 0x90, 0xCF, 0x00, 0x00, 0x20, 0xFF, 0x07, 0x00, 0xF8, 0x0A, 0x00, 0xF5, 0x0B, 0x60, 0xFF,
    0x02, 0x00, 0xD0, 0xFF, 0x04, 0x60, 0xEF, 0x01, 0x00, 0xF0, 0x0F, 0x00, 0xFE, 0x2C, 0x40, 0xFD,
    0xFF, 0x16, 0xF9, 0x4F, 0x00, 0x00, 0xB0, 0x8F, 0x00, 0xF4, 0xFF, 0xFF, 0x4E, 0xFF, 0xFF, 0xEF,
    0x03, 0x00, 0x00, 0x20, 0xFF, 0x04, 0x30, 0xFB, 0x9E, 0x01, 0xE8, 0xDF, 0x18, 0x00, 0x00, 0x00,
    0x00, 0xF8, 0x4F, 0x00, 0x00, 0x00, 0x00, 0x00, 0x00, 0x00, 0x60, 0xFF, 0x02, 0x00, 0xA0, 0xFF,
    0x19, 0x00, 0x00, 0x00, 0x00, 0x00, 0x30, 0xFB, 0x4F, 0x00, 0x00, 0x00, 0xF7, 0xFF, 0x6B, 0x13,
    0x00, 0x21, 0x84, 0xFC, 0xDF, 0x03, 0x00, 0x00, 0x00, 0x30, 0xFA, 0xFF, 0xFF, 0xFF, 0xFF, 0xFF,
    0xEF, 0x06, 0x00, 0x00, 0x00, 0x00, 0x00, 0x10, 0x96, 0xEC, 0xFF, 0xDE, 0x8B, 0x04, 0x00, 0x00,
    0x00, 0x00, 0x00, 0x00, 0x90, 0x9F, 0x00, 0x00, 0x00, 0x00, 0x00, 0x00, 0x00, 0xF0, 0xFF, 0x01,
    0x00, 0x00, 0x00, 0x00, 0x00, 0x00, 0xF6, 0xFF, 0x08, 0x00, 0x00, 0x00, 0x00, 0x00, 0x00, 0xFD,
    0xFF, 0x0E, 0x00, 0x00, 0x00, 0x00, 0x00, 0x40, 0xFF, 0xF7, 0x6F, 0x00, 0x00, 0x00, 0x00, 0x00,
    0xB0, 0xCF, 0xC0, 0xDF, 0x00, 0x00, 0x00, 0x00, 0x00, 0xF2, 0x5F, 0x40, 0xFF, 0x04, 0x00, 0x00,
    0x00, 0x00, 0xF8, 0x0E, 0x00, 0xFD, 0x0B, 0x00, 0x00, 0x00, 0x00, 0xFE, 0x07, 0x00, 0xF5, 0x2F,
    0x00, 0x00, 0x00, 0x60, 0xFF, 0x01, 0x00, 0xD0, 0x9F, 0x00, 0x00, 0x00, 0xD0, 0xFF, 0xFF, 0xFF,
    0xFF, 0xFF, 0x01, 0x00, 0x00, 0xF3, 0xFF, 0xFF, 0xFF, 0xFF, 0xFF, 0x07, 0x00, 0x00, 0xFA, 0x0A,
    0x00, 0x00, 0x00, 0xF6, 0x0E, 0x00, 0x10, 0xFF, 0x04, 0x00, 0x00, 0x00, 0xF1, 0x5F, 0x00, 0x80,
    0xEF, 0x00, 0x00, 0x00, 0x00, 0xA0, 0xCF, 0x00, 0xE0, 0x8F, 0x00, 0x00, 0x00, 0x00, 0x40, 0xFF,
    0x03, 0xF5, 0x2F, 0x00, 0x00, 0x00, 0x00, 0x00, 0xFD, 0x0A, 0xFC, 0x0C, 0x00, 0x00, 0x00, 0x00,
    0x00, 0xF7, 0x2F, 0xF0, 0xFF, 0xFF, 0xDE, 0x28, 0x00, 0x00, 0xF0, 0xFF, 0xFF, 0xFF, 0xFF, 0x04,
    0x00, 0xF0, 0x8F, 0x00, 0x61, 0xFF, 0x0E, 0x00, 0xF0, 0x8F, 0x00, 0x00, 0xF6, 0x5F, 0x00, 0xF0,
    0x8F, 0x00, 0x00, 0xF2, 0x8F, 0x00, 0xF0, 0x8F, 0x00, 0x00, 0xF3, 0x7F, 0x00, 0xF0, 0x8F, 0x00,
    0x00, 0xF8, 0x2F, 0x00, 0xF0, 0x8F, 0x00, 0x72, 0xFF, 0x08, 0x00, 0xF0, 0xFF, 0xFF, 0xFF, 0x6F,
    0x00, 0x00, 0xF0, 0xFF, 0xFF, 0xFF, 0xFF, 0x2B, 0x00, 0xF0, 0x8F, 0x00, 0x10, 0xD5, 0xEF, 0x02,
    0xF0, 0x8F, 0x00, 0x00, 0x10, 0xFE, 0x0B, 0xF0, 0x8F, 0x00, 0x00, 0x00, 0xF9, 0x0F, 0xF0, 0x8F,
    0x00, 0x00, 0x00, 0xF9, 0x0F, 0xF0, 0x8F, 0x00, 0x00, 0x10, 0xFE, 0x0D, 0xF0, 0x8F, 0x00, 0x10,
    0xC4, 0xFF, 0x06, 0xF0, 0xFF, 0xFF, 0xFF, 0xFF, 0x8F, 0x00, 0xF0, 0xFF, 0xFF, 0xFF, 0x9D, 0x03,
    0x00, 0x00, 0x00, 0x10, 0xB7, 0xFE, 0xCF, 0x39, 0x00, 0x00, 0x00, 0x00, 0xF8, 0xFF, 0xFF, 0xFF,
    0xFF, 0x4C, 0x00, 0x00, 0xB0, 0xFF, 0x6D, 0x02, 0x20, 0xB6, 0xFF, 0x00, 0x00, 0xFB, 0x8F, 0x00,
    0x00, 0x00, 0x00, 0xB2, 0x00, 0x70, 0xFF, 0x08, 0x00, 0x00, 0x00, 0x00, 0x00, 0x00, 0xF0, 0xCF,
    0x00, 0x00, 0x00, 0x00, 0x00, 0x00, 0x00, 0xF5, 0x5F, 0x00, 0x00, 0x00, 0x00, 0x00, 0x00, 0x00,
    0xF9, 0x0F, 0x00, 0x00, 0x00, 0x00, 0x00, 0x00, 0x00, 0xFA, 0x0E, 0x00, 0x00, 0x00, 0x00, 0x00,
    0x00, 0x00, 0xFB, 0x0E, 0x00, 0x00, 0x00, 0x00, 0x00, 0x00, 0x00, 0xF9, 0x0F, 0x00, 0x00, 0x00,
    0x00, 0x00, 0x00, 0x00, 0xF6, 0x4F, 0x00, 0x00, 0x00, 0x00, 0x00, 0x00, 0x00, 0xF1, 0xBF, 0x00,
    0x00, 0x00, 0x00, 0x00, 0x00, 0x00, 0x80, 0xFF, 0x06, 0x00, 0x00, 0x00, 0x00, 0x00, 0x00, 0x00,
    0xFC, 0x7F, 0x00, 0x00, 0x00, 0x00, 0x91, 0x03, 0x00, 0xD1, 0xFF, 0x6C, 0x02, 0x20, 0xA5, 0xFF,
    0x03, 0x00, 0x00, 0xFA, 0xFF, 0xFF, 0xFF, 0xFF, 0x7F, 0x00, 0x00, 0x00, 0x30, 0xC8, 0xFE, 0xDF,
    0x6A, 0x00, 0x00, 0xF0, 0xFF, 0xFF, 0xFF, 0xDE, 0x5A, 0x00, 0x00, 0x00, 0xF0, 0xFF, 0xFF, 0xFF,
    0xFF, 0xFF, 0x6E, 0x00, 0x00, 0xF0, 0x8F, 0x00, 0x00, 0x31, 0xF8, 0xFF, 0x09, 0x00, 0xF0, 0x8F,
    0x00, 0x00, 0x00, 0x10, 0xFC, 0x7F, 0x00, 0xF0, 0x8F, 0x00, 0x00, 0x00, 0x00, 0xC0, 0xFF, 0x02,
    0xF0, 0x8F, 0x00, 0x00, 0x00, 0x00, 0x20, 0xFF, 0x09, 0xF0, 0x8F, 0x00, 0x00, 0x00, 0x00, 0x00,
    0xFB, 0x0E, 0xF0, 0x8F, 0x00, 0x00, 0x00, 0x00, 0x00, 0xF7, 0x2F, 0xF0, 0x8F, 0x00, 0x00, 0x00,
    0x00, 0x00, 0xF6, 0x3F, 0xF0, 0x8F, 0x00, 0x00, 0x00, 0x00, 0x00, 0xF6, 0x3F, 0xF0, 0x8F, 0x00,
    0x00, 0x00, 0x00, 0x00, 0xF8, 0x2F, 0xF0, 0x8F, 0x00, 0x00, 0x00, 0x00, 0x00, 0xFC, 0x0E, 0xF0,
    0x8F, 0x00, 0x00, 0x00, 0x00, 0x30, 0xFF, 0x08, 0xF0, 0x8F, 0x00, 0x00, 0x00, 0x00, 0xD0, 0xFF,
    0x01, 0xF0, 0x8F, 0x00, 0x00, 0x00, 0x10, 0xFC, 0x5F, 0x00, 0xF0, 0x8F, 0x00, 0x00, 0x31, 0xE8,
    0xFF, 0x07, 0x00, 0xF0, 0xFF, 0xFF, 0xFF, 0xFF, 0xFF, 0x4D, 0x00, 0x00, 0xF0, 0xFF, 0xFF, 0xFF,
    0xEF, 0x5B, 0x00, 0x00, 0x00, 0xF0, 0xFF, 0xFF, 0xFF, 0xFF, 0x0F, 0xF0, 0xFF, 0xFF, 0xFF, 0xFF,
    0x0F, 0xF0, 0x8F, 0x00, 0x00, 0x00, 0x00, 0xF0, 0x8F, 0x00, 0x00, 0x00, 0x00, 0xF0, 0x8F, 0x00,
    0x00, 0x00, 0x00, 0xF0, 0x8F, 0x00, 0x00, 0x00, 0x00, 0xF0, 0x8F, 0x00, 0x00, 0x00, 0x00, 0xF0,
    0x8F, 0x00, 0x00, 0x00, 0x00, 0xF0, 0xFF, 0xFF, 0xFF, 0xFF, 0x0C, 0xF0, 0xFF, 0xFF, 0xFF, 0xFF,
    0x0C, 0xF0, 0x8F, 0x00, 0x00, 0x00, 0x00, 0xF0, 0x8F, 0x00, 0x00, 0x00, 0x00, 0xF0, 0x8F, 0x00,
    0x00, 0x00, 0x00, 0xF0, 0x8F, 0x00, 0x00, 0x00, 0x00, 0xF0, 0x8F, 0x00, 0x00, 0x00, 0x00, 0xF0,
    0x8F, 0x00, 0x00, 0x00, 0x00, 0xF0, 0xFF, 0xFF, 0xFF, 0xFF, 0x4F, 0xF0, 0xFF, 0xFF, 0xFF, 0xFF,
    0x4F, 0xF0, 0xFF, 0xFF, 0xFF, 0xFF, 0x07, 0xF0, 0xFF, 0xFF, 0xFF, 0xFF, 0x07, 0xF0, 0x8F, 0x00,
    0x00, 0x00, 0x00, 0xF0, 0x8F, 0x00, 0x00, 0x00, 0x00, 0xF0, 0x8F, 0x00, 0x00, 0x00, 0x00, 0xF0,
    0x8F, 0x00, 0x00, 0x00, 0x00, 0xF0, 0x8F, 0x00, 0x00, 0x00, 0x00, 0xF0, 0xFF, 0xFF, 0xFF, 0xFF,
    0x07, 0xF0, 0xFF, 0xFF, 0xFF, 0xFF, 0x07, 0xF0, 0x8F, 0x00, 0x00, 0x00, 0x00, 0xF0, 0x8F, 0x00,
    0x00, 0x00, 0x00, 0xF0, 0x8F, 0x00, 0x00, 0x00, 0x00, 0xF0, 0x8F, 0x00, 0x00, 0x00, 0x00, 0xF0,
    0x8F, 0x00, 0x00, 0x00, 0x00, 0xF0, 0x8F, 0x00, 0x00, 0x00, 0x00, 0xF0, 0x8F, 0x00, 0x00, 0x00,
    0x00, 0xF0, 0x8F, 0x00, 0x00, 0x00, 0x00, 0xF0, 0x8F, 0x00, 0x00, 0x00, 0x00, 0x00, 0x00, 0x10,
    0xB7, 0xFE, 0xDF, 0x49, 0x00, 0x00, 0x00, 0x00, 0xF7, 0xFF, 0xFF, 0xFF, 0xFF, 0x5D, 0x00, 0x00,
    0xB0, 0xFF, 0x6D, 0x02, 0x20, 0xB6, 0xFF, 0x02, 0x00, 0xFB, 0x8F, 0x00, 0x00, 0x00, 0x00, 0xA2,
    0x02, 0x60, 0xFF, 0x08, 0x00, 0x00, 0x00, 0x00, 0x00, 0x00, 0xE0, 0xDF, 0x00, 0x00, 0x00, 0x00,
    0x00, 0x00, 0x00, 0xF4, 0x6F, 0x00, 0x00, 0x00, 0x00, 0x00, 0x00, 0x00, 0xF8, 0x1F, 0x00, 0x00,
    0x00, 0x00, 0x00, 0x00, 0x00, 0xF9, 0x0F, 0x00, 0x00, 0x00, 0x00, 0x00, 0x00, 0x00, 0xFA, 0x0F,
    0x00, 0x00, 0x00, 0xF7, 0xFF, 0xFF, 0x08, 0xF8, 0x1F, 0x00, 0x00, 0x00, 0xF7, 0xFF, 0xFF, 0x08,
    0xF5, 0x5F, 0x00, 0x00, 0x00, 0x00, 0x00, 0xFF, 0x08, 0xF1, 0xCF, 0x00, 0x00, 0x00, 0x00, 0x00,
    0xFF, 0x08, 0x80, 0xFF, 0x07, 0x00, 0x00, 0x00, 0x00, 0xFF, 0x08, 0x00, 0xFC, 0x8F, 0x00, 0x00,
    0x00, 0x00, 0xFF, 0x08, 0x00, 0xD1, 0xFF, 0x6D, 0x02, 0x20, 0xA6, 0xFF, 0x08, 0x00, 0x00, 0xF9,
    0xFF, 0xFF, 0xFF, 0xFF, 0xFF, 0x06, 0x00, 0x00, 0x20, 0xB7, 0xFE, 0xEF, 0x9C, 0x15, 0x00, 0xF0,
    0x8F, 0x00, 0x00, 0x00, 0x00, 0x80, 0xFF, 0xF0, 0x8F, 0x00, 0x00, 0x00, 0x00, 0x80, 0xFF, 0xF0,
    0x8F, 0x00, 0x00, 0x00, 0x00, 0x80, 0xFF, 0xF0, 0x8F, 0x00, 0x00, 0x00, 0x00, 0x80, 0xFF, 0xF0,
    0x8F, 0x00, 0x00, 0x00, 0x00, 0x80, 0xFF, 0xF0, 0x8F, 0x00, 0x00, 0x00, 0x00, 0x80, 0xFF, 0xF0,
    0x8F, 0x00, 0x00, 0x00, 0x00, 0x80, 0xFF, 0xF0, 0x8F, 0x00, 0x00, 0x00, 0x00, 0x80, 0xFF, 0xF0,
    0xFF, 0xFF, 0xFF, 0xFF, 0xFF, 0xFF, 0xFF, 0xF0, 0xFF, 0xFF, 0xFF, 0xFF, 0xFF, 0xFF, 0xFF, 0xF0,
    0x8F, 0x00, 0x00, 0x00, 0x00, 0x80, 0xFF, 0xF0, 0x8F, 0x00, 0x00, 0x00, 0x00, 0x80, 0xFF, 0xF0,
    0x8F, 0x00, 0x00, 0x00, 0x00, 0x80, 0xFF, 0xF0, 0x8F, 0x00, 0x00, 0x00, 0x00, 0x80, 0xFF, 0xF0,
    0x8F, 0x00, 0x00, 0x00, 0x00, 0x80, 0xFF, 0xF0, 0x8F, 0x00, 0x00, 0x00, 0x00, 0x80, 0xFF, 0xF0,
    0x8F, 0x00, 0x00, 0x00, 0x00, 0x80, 0xFF, 0xF0, 0x8F, 0x00, 0x00, 0x00, 0x00, 0x80, 0xFF, 0xF0,
    0x8F, 0xF0, 0x8F, 0xF0, 0x8F, 0xF0, 0x8F, 0xF0, 0x8F, 0xF0, 0x8F, 0xF0, 0x8F, 0xF0, 0x8F, 0xF0,
    0x8F, 0xF0, 0x8F, 0xF0, 0x8F, 0xF0, 0x8F, 0xF0, 0x8F, 0xF0, 0x8F, 0xF0, 0x8F, 0xF0, 0x8F, 0xF0,
    0x8F, 0xF0, 0x8F, 0x00, 0x00, 0xFF, 0x08, 0x00, 0x00, 0xFF, 0x08, 0x00, 0x00, 0xFF, 0x08, 0x00,
    0x00, 0xFF, 0x08, 0x00, 0x00, 0xFF, 0x08, 0x00, 0x00, 0xFF, 0x08, 0x00, 0x00, 0xFF, 0x08, 0x00,
    0x00, 0xFF, 0x08, 0x00, 0x00, 0xFF, 0x08, 0x00, 0x00, 0xFF, 0x08, 0x00, 0x00, 0xFF, 0x08, 0x00,
    0x00, 0xFF, 0x08, 0x00, 0x00, 0xFF, 0x08, 0x00, 0x00, 0xFF, 0x08, 0x00, 0x00, 0xFF, 0x08, 0x00,
    0x00, 0xFF, 0x08, 0x00, 0x00, 0xFF, 0x08, 0x00, 0x00, 0xFF, 0x08, 0x00, 0x00, 0xFF, 0x07, 0x00,
    0x10, 0xFF, 0x06, 0x00, 0x40, 0xFF, 0x04, 0x00, 0xD3, 0xEF, 0x00, 0xF7, 0xFF, 0x4F, 0x00, 0xF3,
    0xAE, 0x03, 0x00, 0xF0, 0x8F, 0x00, 0x00, 0x00, 0xF7, 0xBF, 0x00, 0x00, 0xF0, 0x8F, 0x00, 0x00,
    0x50, 0xFF, 0x0C, 0x00, 0x00, 0xF0, 0x8F, 0x00, 0x00, 0xF4, 0xDF, 0x01, 0x00, 0x00, 0xF0, 0x8F,
    0x00, 0x30, 0xFF, 0x1E, 0x00, 0x00, 0x00, 0xF0, 0x8F, 0x00, 0xE2, 0xEF, 0x02, 0x00, 0x00, 0x00,
    0xF0, 0x8F, 0x10, 0xFD, 0x3F, 0x00, 0x00, 0x00, 0x00, 0xF0, 0x8F, 0xC0, 0xFF, 0x04, 0x00, 0x00,
    0x00, 0x00, 0xF0, 0x8F, 0xFB, 0x5F, 0x00, 0x00, 0x00, 0x00, 0x00, 0xF0, 0xFF, 0xFF, 0x0B, 0x00,
    0x00, 0x00, 0x00, 0x00, 0xF0, 0xBF, 0xFF, 0x7F, 0x00, 0x00, 0x00, 0x00, 0x00, 0xF0, 0x8F, 0xF3,
    0xFF, 0x07, 0x00, 0x00, 0x00, 0x00, 0xF0, 0x8F, 0x30, 0xFE, 0x8F, 0x00, 0x00, 0x00, 0x00, 0xF0,
    0x8F, 0x00, 0xE3, 0xFF, 0x08, 0x00, 0x00, 0x00, 0xF0, 0x8F, 0x00, 0x20, 0xFE, 0x8F, 0x00, 0x00,
    0x00, 0xF0, 0x8F, 0x00, 0x00, 0xE2, 0xFF, 0x08, 0x00, 0x00, 0xF0, 0x8F, 0x00, 0x00, 0x20, 0xFE,
    0x8F, 0x00, 0x00, 0xF0, 0x8F, 0x00, 0x00, 0x00, 0xD1, 0xFF, 0x08, 0x00, 0xF0, 0x8F, 0x00, 0x00,
    0x00, 0x10, 0xFD, 0x8F, 0x00, 0xF0, 0x8F, 0x00, 0x00, 0x00, 0x00, 0xF0, 0x8F, 0x00, 0x00, 0x00,
    0x00, 0xF0, 0x8F, 0x00, 0x00, 0x00, 0x00, 0xF0, 0x8F, 0x00, 0x00, 0x00, 0x00, 0xF0, 0x8F, 0x00,
    0x00, 0x00, 0x00, 0xF0, 0x8F, 0x00, 0x00, 0x00, 0x00, 0xF0, 0x8F, 0x00, 0x00, 0x00, 0x00, 0xF0,
    0x8F, 0x00, 0x00, 0x00, 0x00, 0xF0, 0x8F, 0x00, 0x00, 0x00, 0x00, 0xF0, 0x8F, 0x00, 0x00, 0x00,
    0x00, 0xF0, 0x8F, 0x00, 0x00, 0x00, 0x00, 0xF0, 0x8F, 0x00, 0x00, 0x00, 0x00, 0xF0, 0x8F, 0x00,
    0x00, 0x00, 0x00, 0xF0, 0x8F, 0x00, 0x00, 0x00, 0x00, 0xF0, 0x8F, 0x00, 0x00, 0x00, 0x00, 0xF0,
    0x8F, 0x00, 0x00, 0x00, 0x00, 0xF0, 0xFF, 0xFF, 0xFF, 0xFF, 0x7F, 0xF0, 0xFF, 0xFF, 0xFF, 0xFF,
    0x7F, 0xF1, 0xAF, 0x00, 0x00, 0x00, 0x00, 0x00, 0xF4, 0x7F, 0xF1, 0xFF, 0x05, 0x00, 0x00, 0x00,
    0x10, 0xFE, 0x7F, 0xF1, 0xFF, 0x1E, 0x00, 0x00, 0x00, 0xA0, 0xFF, 0x7F, 0xF1, 0xFF, 0xBF, 0x00,
    0x00, 0x00, 0xF6, 0xFF, 0x7F, 0xF1, 0xAF, 0xFF, 0x07, 0x00, 0x20, 0xFF, 0xF9, 0x7F, 0xF1, 0x7F,
    0xF6, 0x2F, 0x00, 0xC0, 0xBF, 0xF2, 0x7F, 0xF1, 0x7F, 0x90, 0xDF, 0x00, 0xF7, 0x1D, 0xF2, 0x7F,
    0xF1, 0x7F, 0x00, 0xFC, 0x38, 0xFF, 0x03, 0xF2, 0x7F, 0xF1, 0x7F, 0x00, 0xE1, 0xEF, 0x5F, 0x00,
    0xF2, 0x7F, 0xF1, 0x7F, 0x00, 0x40, 0xFF, 0x09, 0x00, 0xF2, 0x7F, 0xF1, 0x7F, 0x00, 0x00, 0xC7,
    0x00, 0x00, 0xF2, 0x7F, 0xF1, 0x7F, 0x00, 0x00, 0x00, 0x00, 0x00, 0xF2, 0x7F, 0xF1, 0x7F, 0x00,
    0x00, 0x00, 0x00, 0x00, 0xF2, 0x7F, 0xF1, 0x7F, 0x00, 0x00, 0x00, 0x00, 0x00, 0xF2, 0x7F, 0xF1,
    0x7F, 0x00, 0x00, 0x00, 0x00, 0x00, 0xF2, 0x7F, 0xF1, 0x7F, 0x00, 0x00, 0x00, 0x00, 0x00, 0xF2,
    0x7F, 0xF1, 0x7F, 0x00, 0x00, 0x00, 0x00, 0x00, 0xF2, 0x7F, 0xF1, 0x7F, 0x00, 0x00, 0x00, 0x00,
    0x00, 0xF2, 0x7F, 0xFF, 0x07, 0x00, 0x00, 0x00, 0x00, 0x00, 0xFF, 0x07, 0xFF, 0x4F, 0x00, 0x00,
    0x00, 0x00, 0x00, 0xFF, 0x07, 0xFF, 0xEF, 0x01, 0x00, 0x00, 0x00, 0x00, 0xFF, 0x07, 0xFF, 0xE8,
    0x0C, 0x00, 0x00, 0x00, 0x00, 0xFF, 0x07, 0xFF, 0x36, 0x9F, 0x00, 0x00, 0x00, 0x00, 0xFF, 0x07,
    0xFF, 0x06, 0xF7, 0x05, 0x00, 0x00, 0x00, 0xFF, 0x07, 0xFF, 0x06, 0xA0, 0x2F, 0x00, 0x00, 0x00,
    0xFF, 0x07, 0xFF, 0x06, 0x00, 0xDD, 0x01, 0x00, 0x00, 0xFF, 0x07, 0xFF, 0x06, 0x00, 0xF2, 0x0B,
    0x00, 0x00, 0xFF, 0x07, 0xFF, 0x06, 0x00, 0x50, 0x7F, 0x00, 0x00, 0xFF, 0x07, 0xFF, 0x06, 0x00,
    0x00, 0xF8, 0x04, 0x00, 0xFF, 0x07, 0xFF, 0x06, 0x00, 0x00, 0xC0, 0x1E, 0x00, 0xFF, 0x07, 0xFF,
    0x06, 0x00, 0x00, 0x10, 0xCE, 0x00, 0xFF, 0x07, 0xFF, 0x06, 0x00, 0x00, 0x00, 0xF3, 0x09, 0xFF,
    0x07, 0xFF, 0x06, 0x00, 0x00, 0x00, 0x70, 0x6F, 0xFF, 0x07, 0xFF, 0x06, 0x00, 0x00, 0x00, 0x00,
    0xFA, 0xFF, 0x07, 0xFF, 0x06, 0x00, 0x00, 0x00, 0x00, 0xD0, 0xFF, 0x07, 0xFF, 0x06, 0x00, 0x00,
    0x00, 0x00, 0x20, 0xFF, 0x07, 0x00, 0x00, 0x20, 0xC8, 0xFE, 0xDE, 0x49, 0x00, 0x00, 0x00, 0x00,
    0x10, 0xFA, 0xFF, 0xFF, 0xFF, 0xFF, 0x3D, 0x00, 0x00, 0x00, 0xD2, 0xFF, 0x5C, 0x01, 0x31, 0xF8,
    0xFF, 0x06, 0x00, 0x10, 0xFD, 0x5F, 0x00, 0x00, 0x00, 0x20, 0xFD, 0x5F, 0x00, 0x90, 0xFF, 0x05,
    0x00, 0x00, 0x00, 0x00, 0xD1, 0xFF, 0x01, 0xF2, 0xAF, 0x00, 0x00, 0x00, 0x00, 0x00, 0x30, 0xFF,
    0x08, 0xF7, 0x3F, 0x00, 0x00, 0x00, 0x00, 0x00, 0x00, 0xFC, 0x0D, 0xFA, 0x0F, 0x00, 0x00, 0x00,
    0x00, 0x00, 0x00, 0xF8, 0x1F, 0xFC, 0x0D, 0x00, 0x00, 0x00, 0x00, 0x00, 0x00, 0xF6, 0x3F, 0xFC,
    0x0D, 0x00, 0x00, 0x00, 0x00, 0x00, 0x00, 0xF6, 0x3F, 0xFB, 0x0F, 0x00, 0x00, 0x00, 0x00, 0x00,
    0x00, 0xF8, 0x1F, 0xF7, 0x3F, 0x00, 0x00, 0x00, 0x00, 0x00, 0x00, 0xFC, 0x0E, 0xF2, 0xAF, 0x00,
    0x00, 0x00, 0x00, 0x00, 0x40, 0xFF, 0x08, 0xA0, 0xFF, 0x05, 0x00, 0x00, 0x00, 0x00, 0xD1, 0xFF,
    0x01, 0x10, 0xFE, 0x6F, 0x00, 0x00, 0x00, 0x20, 0xFD, 0x5F, 0x00, 0x00, 0xE2, 0xFF, 0x5B, 0x01,
    0x31, 0xF9, 0xFF, 0x06, 0x00, 0x00, 0x10, 0xFA, 0xFF, 0xFF, 0xFF, 0xFF, 0x3D, 0x00, 0x00, 0x00,
    0x00, 0x30, 0xC8, 0xFE, 0xDE, 0x49, 0x00, 0x00, 0x00, 0xF3, 0xFF, 0xFF, 0xEF, 0x4B, 0x00, 0xF3,
    0xFF, 0xFF, 0xFF, 0xFF, 0x09, 0xF3, 0x6F, 0x00, 0x31, 0xFC, 0x5F, 0xF3, 0x6F, 0x00, 0x00, 0xE0,
    0xCF, 0xF3, 0x6F, 0x00, 0x00, 0xB0, 0xFF, 0xF3, 0x6F, 0x00, 0x00, 0xB0, 0xEF, 0xF3, 0x6F, 0x00,
    0x00, 0xE1, 0xCF, 0xF3, 0x6F, 0x00, 0x30, 0xFC, 0x5F, 0xF3, 0xFF, 0xFF, 0xFF, 0xFF, 0x08, 0xF3,
    0xFF, 0xFF, 0xDF, 0x3A, 0x00, 0xF3, 0x6F, 0x00, 0x00, 0x00, 0x00, 0xF3, 0x6F, 0x00, 0x00, 0x00,
    0x00, 0xF3, 0x6F, 0x00, 0x00, 0x00, 0x00, 0xF3, 0x6F, 0x00, 0x00, 0x00, 0x00, 0xF3, 0x6F, 0x00,
    0x00, 0x00, 0x00, 0xF3, 0x6F, 0x00, 0x00, 0x00, 0x00, 0xF3, 0x6F, 0x00, 0x00, 0x00, 0x00, 0xF3,
    0x6F, 0x00, 0x00, 0x00, 0x00, 0x00, 0x00, 0x20, 0xC8, 0xFE, 0xDE, 0x49, 0x00, 0x00, 0x00, 0x00,
    0x00, 0xFA, 0xFF, 0xFF, 0xFF, 0xFF, 0x3D, 0x00, 0x00, 0x00, 0xD2, 0xFF, 0x5B, 0x01, 0x31, 0xF8,
    0xFF, 0x06, 0x00, 0x10, 0xFD, 0x6F, 0x00, 0x00, 0x00, 0x10, 0xFC, 0x5F, 0x00, 0x90, 0xFF, 0x05,
    0x00, 0x00, 0x00, 0x00, 0xD0, 0xEF, 0x01, 0xF2, 0xAF, 0x00, 0x00, 0x00, 0x00, 0x00, 0x30, 0xFF,
    0x08, 0xF7, 0x3F, 0x00, 0x00, 0x00, 0x00, 0x00, 0x00, 0xFC, 0x0D, 0xFB, 0x0F, 0x00, 0x00, 0x00,
    0x00, 0x00, 0x00, 0xF8, 0x1F, 0xFC, 0x0D, 0x00, 0x00, 0x00, 0x00, 0x00, 0x00, 0xF6, 0x3F, 0xFD,
    0x0D, 0x00, 0x00, 0x00, 0x00, 0x00, 0x00, 0xF6, 0x3F, 0xFB, 0x0E, 0x00, 0x00, 0x00, 0x00, 0x00,
    0x00, 0xF8, 0x2F, 0xF8, 0x3F, 0x00, 0x00, 0x00, 0x00, 0x00, 0x00, 0xFC, 0x0E, 0xF3, 0xAF, 0x00,
    0x00, 0x00, 0x00, 0x00, 0x40, 0xFF, 0x09, 0xB0, 0xFF, 0x05, 0x00, 0x00, 0x00, 0x00, 0xE1, 0xFF,
    0x02, 0x20, 0xFF, 0x5F, 0x00, 0x00, 0x00, 0x20, 0xFD, 0x7F, 0x00, 0x00, 0xF3, 0xFF, 0x5B, 0x01,
    0x31, 0xF9, 0xFF, 0x09, 0x00, 0x00, 0x20, 0xFD, 0xFF, 0xFF, 0xFF, 0xFF, 0x6F, 0x00, 0x00, 0x00,
    0x00, 0x50, 0xFB, 0xFF, 0xFF, 0x8D, 0x01, 0x00, 0x00, 0x00, 0x00, 0x00, 0x10, 0xFA, 0xFF, 0x2A,
    0x00, 0x00, 0x00, 0x00, 0x00, 0x00, 0x00, 0x60, 0xFE, 0xFF, 0x5B, 0x21, 0x02, 0x00, 0x00, 0x00,
    0x00, 0x00, 0x91, 0xFF, 0xFF, 0x9F, 0x00, 0x00, 0x00, 0x00, 0x00, 0x00, 0x00, 0x61, 0xEB, 0x0B,
    0x00, 0xFF, 0xFF, 0xEF, 0x6B, 0x00, 0x00, 0x00, 0xFF, 0xFF, 0xFF, 0xFF, 0x1C, 0x00, 0x00, 0xFF,
    0x09, 0x20, 0xF9, 0xAF, 0x00, 0x00, 0xFF, 0x09, 0x00, 0xB0, 0xFF, 0x01, 0x00, 0xFF, 0x09, 0x00,
    0x50, 0xFF, 0x04, 0x00, 0xFF, 0x09, 0x00, 0x50, 0xFF, 0x04, 0x00, 0xFF, 0x09, 0x00, 0xB0, 0xFF,
    0x01, 0x00, 0xFF, 0x09, 0x20, 0xF9, 0x9F, 0x00, 0x00, 0xFF, 0xFF, 0xFF, 0xFF, 0x0B, 0x00, 0x00,
    0xFF, 0xFF, 0xFF, 0xBF, 0x00, 0x00, 0x00, 0xFF, 0x09, 0xA2, 0xFF, 0x09, 0x00, 0x00, 0xFF, 0x09,
    0x00, 0xF9, 0x7F, 0x00, 0x00, 0xFF, 0x09, 0x00, 0xC0, 0xFF, 0x02, 0x00, 0xFF, 0x09, 0x00, 0x20,
    0xFF, 0x0C, 0x00, 0xFF, 0x09, 0x00, 0x00, 0xF8, 0x6F, 0x00, 0xFF, 0x09, 0x00, 0x00, 0xE0, 0xEF,
    0x01, 0xFF, 0x09, 0x00, 0x00, 0x40, 0xFF, 0x0A, 0xFF, 0x09, 0x00, 0x00, 0x00, 0xFA, 0x5F, 0x00,
    0xB5, 0xFE, 0xAE, 0x03, 0x00, 0x90, 0xFF, 0xFF, 0xFF, 0x5F, 0x00, 0xF6, 0x8F, 0x01, 0xA3, 0x6F,
    0x00, 0xFC, 0x0B, 0x00, 0x00, 0x56, 0x00, 0xFE, 0x07, 0x00, 0x00, 0x00, 0x00, 0xFD, 0x09, 0x00,
    0x00, 0x00, 0x00, 0xF8, 0x2F, 0x00, 0x00, 0x00, 0x00, 0xD0, 0xEF, 0x05, 0x00, 0x00, 0x00, 0x00,
    0xF9, 0xDF, 0x06, 0x00, 0x00, 0x00, 0x10, 0xD7, 0xDF, 0x03, 0x00, 0x00, 0x00, 0x00, 0xF8, 0x3F,
    0x00, 0x00, 0x00, 0x00, 0xA0, 0xBF, 0x00, 0x00, 0x00, 0x00, 0x60, 0xFF, 0x00, 0x08, 0x00, 0x00,
    0x60, 0xFF, 0x00, 0x9D, 0x00, 0x00, 0xB0, 0xEF, 0x00, 0xFD, 0x4C, 0x11, 0xF9, 0x8F, 0x00, 0xD2,
    0xFF, 0xFF, 0xFF, 0x0B, 0x00, 0x00, 0xC7, 0xFF, 0x6C, 0x00, 0x00, 0xF9, 0xFF, 0xFF, 0xFF, 0xFF,
    0xFF, 0xFF, 0x4F, 0xF9, 0xFF, 0xFF, 0xFF, 0xFF, 0xFF, 0xFF, 0x4F, 0x00, 0x00, 0x00, 0xF7, 0x1F,
    0x00, 0x00, 0x00, 0x00, 0x00, 0x00, 0xF7, 0x1F, 0x00, 0x00, 0x00, 0x00, 0x00, 0x00, 0xF7, 0x1F,
    0x00, 0x00, 0x00, 0x00, 0x00, 0x00, 0xF7, 0x1F, 0x00, 0x00, 0x00, 0x00, 0x00, 0x00, 0xF7, 0x1F,
    0x00, 0x00, 0x00, 0x00, 0x00, 0x00, 0xF7, 0x1F, 0x00, 0x00, 0x00, 0x00, 0x00, 0x00, 0xF7, 0x1F,
    0x00, 0x00, 0x00, 0x00, 0x00, 0x00, 0xF7, 0x1F, 0x00, 0x00, 0x00, 0x00, 0x00, 0x00, 0xF7, 0x1F,
    0x00, 0x00, 0x00, 0x00, 0x00, 0x00, 0xF7, 0x1F, 0x00, 0x00, 0x00, 0x00, 0x00, 0x00, 0xF7, 0x1F,
    0x00, 0x00, 0x00, 0x00, 0x00, 0x00, 0xF7, 0x1F, 0x00, 0x00, 0x00, 0x00, 0x00, 0x00, 0xF7, 0x1F,
    0x00, 0x00, 0x00, 0x00, 0x00, 0x00, 0xF7, 0x1F, 0x00, 0x00, 0x00, 0x00, 0x00, 0x00, 0xF7, 0x1F,
    0x00, 0x00, 0x00, 0x00, 0x00, 0x00, 0xF7, 0x1F, 0x00, 0x00, 0x00, 0xF6, 0x2F, 0x00, 0x00, 0x00,
    0x00, 0xB0, 0xDF, 0xF6, 0x2F, 0x00, 0x00, 0x00, 0x00, 0xB0, 0xDF, 0xF6, 0x2F, 0x00, 0x00, 0x00,
    0x00, 0xB0, 0xDF, 0xF6, 0x2F, 0x00, 0x00, 0x00, 0x00, 0xB0, 0xDF, 0xF6, 0x2F, 0x00, 0x00, 0x00,
    0x00, 0xB0, 0xDF, 0xF6, 0x2F, 0x00, 0x00, 0x00, 0x00, 0xB0, 0xDF, 0xF6, 0x2F, 0x00, 0x00, 0x00,
    0x00, 0xB0, 0xDF, 0xF6, 0x2F, 0x00, 0x00, 0x00, 0x00, 0xB0, 0xDF, 0xF6, 0x2F, 0x00, 0x00, 0x00,
    0x00, 0xB0, 0xDF, 0xF6, 0x2F, 0x00, 0x00, 0x00, 0x00, 0xB0, 0xDF, 0xF6, 0x2F, 0x00, 0x00, 0x00,
    0x00, 0xB0, 0xDF, 0xF5, 0x3F, 0x00, 0x00, 0x00, 0x00, 0xB0, 0xCF, 0xF4, 0x4F, 0x00, 0x00, 0x00,
    0x00, 0xD0, 0xAF, 0xF0, 0x9F, 0x00, 0x00, 0x00, 0x00, 0xF2, 0x7F, 0x90, 0xFF, 0x04, 0x00, 0x00,
    0x00, 0xFC, 0x1F, 0x10, 0xFD, 0x9F, 0x13, 0x20, 0xE6, 0xFF, 0x05, 0x00, 0xC1, 0xFF, 0xFF, 0xFF,
    0xFF, 0x5E, 0x00, 0x00, 0x00, 0xA4, 0xFD, 0xEF, 0x7B, 0x01, 0x00, 0xFC, 0x0C, 0x00, 0x00, 0x00,
    0x00, 0xF1, 0x7F, 0xF5, 0x2F, 0x00, 0x00, 0x00, 0x00, 0xF7, 0x1F, 0xE0, 0x9F, 0x00, 0x00, 0x00,
    0x00, 0xFD, 0x0A, 0x80, 0xFF, 0x01, 0x00, 0x00, 0x40, 0xFF, 0x03, 0x10, 0xFF, 0x07, 0x00, 0x00,
    0xB0, 0xDF, 0x00, 0x00, 0xFA, 0x0D, 0x00, 0x00, 0xF2, 0x6F, 0x00, 0x00, 0xF3, 0x4F, 0x00, 0x00,
    0xF8, 0x0F, 0x00, 0x00, 0xD0, 0xBF, 0x00, 0x00, 0xFE, 0x09, 0x00, 0x00, 0x60, 0xFF, 0x02, 0x60,
    0xFF, 0x02, 0x00, 0x00, 0x00, 0xFE, 0x09, 0xC0, 0xCF, 0x00, 0x00, 0x00, 0x00, 0xF8, 0x0F, 0xF3,
    0x5F, 0x00, 0x00, 0x00, 0x00, 0xF2, 0x6F, 0xFA, 0x0E, 0x00, 0x00, 0x00, 0x00, 0xB0, 0xDF, 0xFF,
    0x08, 0x00, 0x00, 0x00, 0x00, 0x40, 0xFF, 0xFF, 0x01, 0x00, 0x00, 0x00, 0x00, 0x00, 0xFD, 0xAF,
    0x00, 0x00, 0x00, 0x00, 0x00, 0x00, 0xF6, 0x4F, 0x00, 0x00, 0x00, 0x00, 0x00, 0x00, 0xF0, 0x0D,
    0x00, 0x00, 0x00, 0x00, 0x00, 0x00, 0x90, 0x06, 0x00, 0x00, 0x00, 0xFC, 0x0B, 0x00, 0x00, 0x00,
    0x00, 0xFD, 0x0E, 0x00, 0x00, 0x00, 0x00, 0xFA, 0x0D, 0xF6, 0x2F, 0x00, 0x00, 0x00, 0x30, 0xFF,
    0x5F, 0x00, 0x00, 0x00, 0x10, 0xFF, 0x07, 0xF0, 0x8F, 0x00, 0x00, 0x00, 0xA0, 0xFF, 0xCF, 0x00,
    0x00, 0x00, 0x60, 0xFF, 0x01, 0x90, 0xEF, 0x00, 0x00, 0x00, 0xF1, 0xDF, 0xFF, 0x02, 0x00, 0x00,
    0xD0, 0xAF, 0x00, 0x30, 0xFF, 0x05, 0x00, 0x00, 0xF6, 0x2F, 0xFF, 0x09, 0x00, 0x00, 0xF3, 0x4F,
    0x00, 0x00, 0xFD, 0x0B, 0x00, 0x00, 0xFD, 0x0B, 0xFA, 0x0E, 0x00, 0x00, 0xF9, 0x0D, 0x00, 0x00,
    0xF6, 0x2F, 0x00, 0x30, 0xFF, 0x04, 0xF3, 0x5F, 0x00, 0x00, 0xFF, 0x07, 0x00, 0x00, 0xF1, 0x8F,
    0x00, 0xA0, 0xEF, 0x00, 0xD0, 0xCF, 0x00, 0x60, 0xFF, 0x01, 0x00, 0x00, 0xA0, 0xEF, 0x00, 0xF1,
    0x8F, 0x00, 0x60, 0xFF, 0x02, 0xC0, 0xAF, 0x00, 0x00, 0x00, 0x30, 0xFF, 0x04, 0xF6, 0x1F, 0x00,
    0x10, 0xFF, 0x08, 0xF2, 0x4F, 0x00, 0x00, 0x00, 0x00, 0xFD, 0x0B, 0xFD, 0x0B, 0x00, 0x00, 0xFA,
    0x0E, 0xF9, 0x0D, 0x00, 0x00, 0x00, 0x00, 0xF7, 0x5F, 0xFF, 0x04, 0x00, 0x00, 0xF3, 0x6F, 0xFE,
    0x07, 0x00, 0x00, 0x00, 0x00, 0xF1, 0xFF, 0xEF, 0x00, 0x00, 0x00, 0xD0, 0xFF, 0xFF, 0x01, 0x00,
    0x00, 0x00, 0x00, 0xA0, 0xFF, 0x7F, 0x00, 0x00, 0x00, 0x70, 0xFF, 0xAF, 0x00, 0x00, 0x00, 0x00,
    0x00, 0x40, 0xFF, 0x1F, 0x00, 0x00, 0x00, 0x10, 0xFF, 0x4F, 0x00, 0x00, 0x00, 0x00, 0x00, 0x00,
    0xFD, 0x0B, 0x00, 0x00, 0x00, 0x00, 0xFA, 0x0E, 0x00, 0x00, 0x00, 0x00, 0x00, 0x00, 0xF7, 0x04,
    0x00, 0x00, 0x00, 0x00, 0xF4, 0x07, 0x00, 0x00, 0x00, 0x00, 0x00, 0x00, 0xD1, 0x00, 0x00, 0x00,
    0x00, 0x00, 0xD0, 0x01, 0x00, 0x00, 0x00, 0xE1, 0xFF, 0x02, 0x00, 0x00, 0x00, 0x00, 0xF9, 0x7F,
    0x00, 0x30, 0xFF, 0x0D, 0x00, 0x00, 0x00, 0x60, 0xFF, 0x0A, 0x00, 0x00, 0xF5, 0xBF, 0x00, 0x00,
    0x00, 0xF4, 0xCF, 0x00, 0x00, 0x00, 0x80, 0xFF, 0x08, 0x00, 0x20, 0xFE, 0x1E, 0x00, 0x00, 0x00,
    0x00, 0xFB, 0x5F, 0x00, 0xD0, 0xFF, 0x03, 0x00, 0x00, 0x00, 0x00, 0xD1, 0xFF, 0x03, 0xFA, 0x6F,
    0x00, 0x00, 0x00, 0x00, 0x00, 0x20, 0xFF, 0x8E, 0xFF, 0x09, 0x00, 0x00, 0x00, 0x00, 0x00, 0x00,
    0xF4, 0xFF, 0xBF, 0x00, 0x00, 0x00, 0x00, 0x00, 0x00, 0x00, 0x80, 0xFF, 0x1F, 0x00, 0x00, 0x00,
    0x00, 0x00, 0x00, 0x00, 0xE1, 0xFF, 0x7F, 0x00, 0x00, 0x00, 0x00, 0x00, 0x00, 0x00, 0xFC, 0xDF,
    0xFF, 0x04, 0x00, 0x00, 0x00, 0x00, 0x00, 0x90, 0xFF, 0x17, 0xFE, 0x2E, 0x00, 0x00, 0x00, 0x00,
    0x00, 0xF7, 0xAF, 0x00, 0xF3, 0xDF, 0x00, 0x00, 0x00, 0x00, 0x40, 0xFF, 0x0C, 0x00, 0x60, 0xFF,
    0x0B, 0x00, 0x00, 0x00, 0xE2, 0xEF, 0x01, 0x00, 0x00, 0xF9, 0x8F, 0x00, 0x00, 0x00, 0xFD, 0x3F,
    0x00, 0x00, 0x00, 0xB0, 0xFF, 0x05, 0x00, 0xB0, 0xFF, 0x06, 0x00, 0x00, 0x00, 0x10, 0xFD, 0x2F,
    0x00, 0xF8, 0x9F, 0x00, 0x00, 0x00, 0x00, 0x00, 0xF2, 0xDF, 0x01, 0xF9, 0x6F, 0x00, 0x00, 0x00,
    0x00, 0xFB, 0x5F, 0xC0, 0xFF, 0x02, 0x00, 0x00, 0x60, 0xFF, 0x08, 0x20, 0xFE, 0x0C, 0x00, 0x00,
    0xF2, 0xCF, 0x00, 0x00, 0xF4, 0x7F, 0x00, 0x00, 0xFC, 0x1E, 0x00, 0x00, 0x80, 0xFF, 0x03, 0x80,
    0xFF, 0x03, 0x00, 0x00, 0x00, 0xFB, 0x0D, 0xF3, 0x7F, 0x00, 0x00, 0x00, 0x00, 0xE1, 0x9F, 0xFD,
    0x0A, 0x00, 0x00, 0x00, 0x00, 0x30, 0xFF, 0xDF, 0x00, 0x00, 0x00, 0x00, 0x00, 0x00, 0xF8, 0x3F,
    0x00, 0x00, 0x00, 0x00, 0x00, 0x00, 0xF7, 0x2F, 0x00, 0x00, 0x00, 0x00, 0x00, 0x00, 0xF7, 0x2F,
    0x00, 0x00, 0x00, 0x00, 0x00, 0x00, 0xF7, 0x2F, 0x00, 0x00, 0x00, 0x00, 0x00, 0x00, 0xF7, 0x2F,
    0x00, 0x00, 0x00, 0x00, 0x00, 0x00, 0xF7, 0x2F, 0x00, 0x00, 0x00, 0x00, 0x00, 0x00, 0xF7, 0x2F,
    0x00, 0x00, 0x00, 0x00, 0x00, 0x00, 0xF7, 0x2F, 0x00, 0x00, 0x00, 0x00, 0x00, 0x00, 0xF7, 0x2F,
    0x00, 0x00, 0x00, 0x00, 0x00, 0x00, 0xF7, 0x2F, 0x00, 0x00, 0x00, 0xF0, 0xFF, 0xFF, 0xFF, 0xFF,
    0xFF, 0xFF, 0xEF, 0x01, 0xF0, 0xFF, 0xFF, 0xFF, 0xFF, 0xFF, 0xFF, 0x4F, 0x00, 0x00, 0x00, 0x00,
    0x00, 0x00, 0xA0, 0xFF, 0x08, 0x00, 0x00, 0x00, 0x00, 0x00, 0x00, 0xF6, 0xDF, 0x00, 0x00, 0x00,
    0x00, 0x00, 0x00, 0x20, 0xFF, 0x2F, 0x00, 0x00, 0x00, 0x00, 0x00, 0x00, 0xC0, 0xFF, 0x06, 0x00,
    0x00, 0x00, 0x00, 0x00, 0x00, 0xF8, 0xBF, 0x00, 0x00, 0x00, 0x00, 0x00, 0x00, 0x30, 0xFF, 0x1E,
    0x00, 0x00, 0x00, 0x00, 0x00, 0x00, 0xE0, 0xFF, 0x04, 0x00, 0x00, 0x00, 0x00, 0x00, 0x00, 0xFA,
    0x9F, 0x00, 0x00, 0x00, 0x00, 0x00, 0x00, 0x50, 0xFF, 0x0D, 0x00, 0x00, 0x00, 0x00, 0x00, 0x00,
    0xF2, 0xFF, 0x03, 0x00, 0x00, 0x00, 0x00, 0x00, 0x00, 0xFC, 0x7F, 0x00, 0x00, 0x00, 0x00, 0x00,
    0x00, 0x70, 0xFF, 0x0B, 0x00, 0x00, 0x00, 0x00, 0x00, 0x00, 0xF3, 0xEF, 0x01, 0x00, 0x00, 0x00,
    0x00, 0x00, 0x00, 0xFD, 0x5F, 0x00, 0x00, 0x00, 0x00, 0x00, 0x00, 0xA0, 0xFF, 0xFF, 0xFF, 0xFF,
    0xFF, 0xFF, 0xFF, 0x05, 0xF5, 0xFF, 0xFF, 0xFF, 0xFF, 0xFF, 0xFF, 0xFF, 0x05, 0xFC, 0xFF, 0xFF,
    0x04, 0xFC, 0xFF, 0xFF, 0x04, 0xFC, 0x0B, 0x00, 0x00, 0xFC, 0x0B, 0x00, 0x00, 0xFC, 0x0B, 0x00,
    0x00, 0xFC, 0x0B, 0x00, 0x00, 0xFC, 0x0B, 0x00, 0x00, 0xFC, 0x0B, 0x00, 0x00, 0xFC, 0x0B, 0x00,
    0x00, 0xFC, 0x0B, 0x00, 0x00, 0xFC, 0x0B, 0x00, 0x00, 0xFC, 0x0B, 0x00, 0x00, 0xFC, 0x0B, 0x00,
    0x00, 0xFC, 0x0B, 0x00, 0x00, 0xFC, 0x0B, 0x00, 0x00, 0xFC, 0x0B, 0x00, 0x00, 0xFC, 0x0B, 0x00,
    0x00, 0xFC, 0x0B, 0x00, 0x00, 0xFC, 0x0B, 0x00, 0x00, 0xFC, 0x0B, 0x00, 0x00, 0xFC, 0x0B, 0x00,
    0x00, 0xFC, 0x0B, 0x00, 0x00, 0xFC, 0xFF, 0xFF, 0x04, 0xFC, 0xFF, 0xFF, 0x04, 0xF8, 0x04, 0x00,
    0x00, 0xF4, 0x09, 0x00, 0x00, 0xF0, 0x0D, 0x00, 0x00, 0xB0, 0x2F, 0x00, 0x00, 0x60, 0x6F, 0x00,
    0x00, 0x20, 0xBF, 0x00, 0x00, 0x00, 0xFD, 0x00, 0x00, 0x00, 0xF9, 0x04, 0x00, 0x00, 0xF4, 0x08,
    0x00, 0x00, 0xF0, 0x0D, 0x00, 0x00, 0xB0, 0x1F, 0x00, 0x00, 0x60, 0x6F, 0x00, 0x00, 0x20, 0xAF,
    0x00, 0x00, 0x00, 0xFD, 0x00, 0x00, 0x00, 0xF9, 0x03, 0x00, 0x00, 0xF4, 0x08, 0x00, 0x00, 0xF0,
    0x0C, 0x00, 0x00, 0xB0, 0x1F, 0xF9, 0xFF, 0xFF, 0x06, 0xF9, 0xFF, 0xFF, 0x06, 0x00, 0x10, 0xFF,
    0x06, 0x00, 0x10, 0xFF, 0x06, 0x00, 0x10, 0xFF, 0x06, 0x00, 0x10, 0xFF, 0x06, 0x00, 0x10, 0xFF,
    0x06, 0x00, 0x10, 0xFF, 0x06, 0x00, 0x10, 0xFF, 0x06, 0x00, 0x10, 0xFF, 0x06, 0x00, 0x10, 0xFF,
    0x06, 0x00, 0x10, 0xFF, 0x06, 0x00, 0x10, 0xFF, 0x06, 0x00, 0x10, 0xFF, 0x06, 0x00, 0x10, 0xFF,
    0x06, 0x00, 0x10, 0xFF, 0x06, 0x00, 0x10, 0xFF, 0x06, 0x00, 0x10, 0xFF, 0x06, 0x00, 0x10, 0xFF,
    0x06, 0x00, 0x10, 0xFF, 0x06, 0x00, 0x10, 0xFF, 0x06, 0x00, 0x10, 0xFF, 0x06, 0xF9, 0xFF, 0xFF,
    0x06, 0xF9, 0xFF, 0xFF, 0x06, 0x00, 0x00, 0xF1, 0x3F, 0x00, 0x00, 0x00, 0x00, 0xF7, 0xBF, 0x00,
    0x00, 0x00, 0x00, 0xFE, 0xFE, 0x02, 0x00, 0x00, 0x60, 0xBF, 0xF8, 0x09, 0x00, 0x00, 0xD0, 0x4F,
    0xF1, 0x1F, 0x00, 0x00, 0xF4, 0x0D, 0xB0, 0x7F, 0x00, 0x00, 0xFC, 0x07, 0x40, 0xEF, 0x00, 0x30,
    0xFF, 0x01, 0x00, 0xFD, 0x06, 0xA0, 0xAF, 0x00, 0x00, 0xF6, 0x0D, 0xF1, 0x3F, 0x00, 0x00, 0xF0,
    0x4F, 0xF6, 0xFF, 0xFF, 0xFF, 0xFF, 0xFF, 0xFF, 0xBF, 0xF6, 0xFF, 0xFF, 0xFF, 0xFF, 0xFF, 0xFF,
    0xBF, 0xF2, 0x5F, 0x00, 0x50, 0xCF, 0x00, 0x00, 0xF9, 0x03, 0x00, 0xD0, 0x0A, 0x10, 0xD8, 0xEF,
    0x3B, 0x00, 0x00, 0xE0, 0xFF, 0xFF, 0xFF, 0x03, 0x00, 0xF1, 0x3A, 0x30, 0xFD, 0x0B, 0x00, 0x71,
    0x00, 0x00, 0xF6, 0x0E, 0x00, 0x00, 0x00, 0x00, 0xF4, 0x0F, 0x00, 0x00, 0x00, 0x94, 0xFE, 0x0F,
    0x00, 0x00, 0xE6, 0x8F, 0xF6, 0x0F, 0x00, 0x90, 0xCF, 0x01, 0xF4, 0x0F, 0x00, 0xF2, 0x2F, 0x00,
    0xF4, 0x0F, 0x00, 0xF3, 0x0F, 0x00, 0xF4, 0x0F, 0x00, 0xE0, 0x8F, 0x30, 0xFC, 0x0F, 0x00, 0x30,
    0xFC, 0xCE, 0xE8, 0xEF, 0x08, 0xF7, 0x0D, 0x00, 0x00, 0x00, 0x00, 0xF7, 0x0D, 0x00, 0x00, 0x00,
    0x00, 0xF7, 0x0D, 0x00, 0x00, 0x00, 0x00, 0xF7, 0x0D, 0x00, 0x00, 0x00, 0x00, 0xF7, 0x0D, 0x00,
    0x00, 0x00, 0x00, 0xF7, 0x0D, 0x00, 0x00, 0x00, 0x00, 0xF7, 0x5D, 0xEC, 0xCF, 0x05, 0x00, 0xF7,
    0xFF, 0xFF, 0xFF, 0x7F, 0x00, 0xF7, 0xAF, 0x02, 0xC3, 0xFF, 0x03, 0xF7, 0x0D, 0x00, 0x00, 0xFE,
    0x0B, 0xF7, 0x0D, 0x00, 0x00, 0xF7, 0x0F, 0xF7, 0x0D, 0x00, 0x00, 0xF5, 0x1F, 0xF7, 0x0D, 0x00,
    0x00, 0xF5, 0x0F, 0xF7, 0x0D, 0x00, 0x00, 0xF8, 0x0E, 0xF7, 0x0D, 0x00, 0x10, 0xFE, 0x09, 0xF7,
    0x3E, 0x00, 0xC3, 0xFF, 0x02, 0xF7, 0xFF, 0xFF, 0xFF, 0x4E, 0x00, 0x71, 0xDB, 0xFF, 0x8D, 0x01,
    0x00, 0x00, 0x10, 0xD9, 0xEF, 0x7C, 0x00, 0x00, 0xF4, 0xFF, 0xFF, 0xFF, 0x02, 0x10, 0xFE, 0x4D,
    0x10, 0xB4, 0x02, 0x80, 0xFF, 0x02, 0x00, 0x00, 0x00, 0xD0, 0x9F, 0x00, 0x00, 0x00, 0x00, 0xF0,
    0x6F, 0x00, 0x00, 0x00, 0x00, 0xF0, 0x5F, 0x00, 0x00, 0x00, 0x00, 0xD0, 0x9F, 0x00, 0x00, 0x00,
    0x00, 0x90, 0xFF, 0x02, 0x00, 0x00, 0x00, 0x20, 0xFF, 0x5E, 0x01, 0x93, 0x05, 0x00, 0xF4, 0xFF,
    0xFF, 0xFF, 0x06, 0x00, 0x10, 0xD8, 0xFF, 0x9D, 0x02, 0x00, 0x00, 0x00, 0x00, 0xF9, 0x0C, 0x00,
    0x00, 0x00, 0x00, 0xF9, 0x0C, 0x00, 0x00, 0x00, 0x00, 0xF9, 0x0C, 0x00, 0x00, 0x00, 0x00, 0xF9,
    0x0C, 0x00, 0x00, 0x00, 0x00, 0xF9, 0x0C, 0x00, 0x00, 0x00, 0x00, 0xF9, 0x0C, 0x00, 0x81, 0xFD,
    0xCF, 0xFD, 0x0C, 0x20, 0xFD, 0xFF, 0xFF, 0xFF, 0x0C, 0xD0, 0xFF, 0x16, 0x30, 0xFC, 0x0C, 0xF6,
    0x4F, 0x00, 0x00, 0xF9, 0x0C, 0xFB, 0x0C, 0x00, 0x00, 0xF9, 0x0C, 0xFD, 0x08, 0x00, 0x00, 0xF9,
    0x0C, 0xFD, 0x08, 0x00, 0x00, 0xF9, 0x0C, 0xFB, 0x0A, 0x00, 0x00, 0xF9, 0x0C, 0xF6, 0x2F, 0x00,
    0x00, 0xF9, 0x0C, 0xE0, 0xDF, 0x03, 0x00, 0xF9, 0x0C, 0x30, 0xFE, 0xFF, 0xFF, 0xFF, 0x0C, 0x00,
    0x91, 0xFD, 0xFF, 0xFF, 0x0C, 0x00, 0xA2, 0xFE, 0x9E, 0x01, 0x00, 0x40, 0xFF, 0xFF, 0xFF, 0x2E,
    0x00, 0xE1, 0xCF, 0x03, 0xC3, 0xDF, 0x00, 0xF8, 0x1E, 0x00, 0x10, 0xFF, 0x04, 0xFC, 0x09, 0x00,
    0x00, 0xFC, 0x07, 0xFE, 0xFF, 0xFF, 0xFF, 0xFF, 0x09, 0xFE, 0x07, 0x00, 0x00, 0x00, 0x00, 0xFC,
    0x0B, 0x00, 0x00, 0x00, 0x00, 0xF6, 0x3F, 0x00, 0x00, 0x00, 0x00, 0xD0, 0xEF, 0x16, 0x20, 0xA5,
    0x05, 0x30, 0xFE, 0xFF, 0xFF, 0xFF, 0x06, 0x00, 0x81, 0xFD, 0xEF, 0x5A, 0x00, 0x00, 0x20, 0xFA,
    0x9F, 0x00, 0xE1, 0xFF, 0xBF, 0x00, 0xF9, 0x3E, 0x00, 0x00, 0xFE, 0x06, 0x00, 0x00, 0xFF, 0x04,
    0x00, 0x10, 0xFF, 0x03, 0x00, 0xFC, 0xFF, 0xFF, 0x04, 0xFC, 0xFF, 0xFF, 0x04, 0x10, 0xFF, 0x03,
    0x00, 0x10, 0xFF, 0x03, 0x00, 0x10, 0xFF, 0x03, 0x00, 0x10, 0xFF, 0x03, 0x00, 0x10, 0xFF, 0x03,
    0x00, 0x10, 0xFF, 0x03, 0x00, 0x10, 0xFF, 0x03, 0x00, 0x10, 0xFF, 0x03, 0x00, 0x10, 0xFF, 0x03,
    0x00, 0x10, 0xFF, 0x03, 0x00, 0x00, 0x81, 0xFD, 0xFF, 0xFF, 0x0F, 0x10, 0xFD, 0xFF, 0xFF, 0xFF,
    0x0F, 0xA0, 0xDF, 0x03, 0xE4, 0x1E, 0x00, 0xE0, 0x4F, 0x00, 0x60, 0x9F, 0x00, 0xE0, 0x3F, 0x00,
    0x60, 0xCF, 0x00, 0xA0, 0xCF, 0x02, 0xE4, 0x9F, 0x00, 0x20, 0xFE, 0xFF, 0xFF, 0x1E, 0x00, 0x00,
    0xD1, 0xFF, 0xBF, 0x02, 0x00, 0x00, 0xFB, 0x38, 0x00, 0x00, 0x00, 0x20, 0xFF, 0x02, 0x00, 0x00,
    0x00, 0x00, 0xFA, 0xBF, 0x37, 0x00, 0x00, 0x60, 0xFD, 0xFF, 0xFF, 0x6E, 0x00, 0xF7, 0xAF, 0x77,
    0xE9, 0xFF, 0x06, 0xFE, 0x07, 0x00, 0x00, 0xFA, 0x0C, 0xFF, 0x04, 0x00, 0x00, 0xF6, 0x0E, 0xFB,
    0x4D, 0x01, 0x51, 0xFE, 0x0A, 0xE2, 0xFF, 0xFF, 0xFF, 0xDF, 0x01, 0x00, 0xC7, 0xFF, 0xCF, 0x07,
    0x00, 0xF6, 0x0E, 0x00, 0x00, 0x00, 0x00, 0xF6, 0x0E, 0x00, 0x00, 0x00, 0x00, 0xF6, 0x0E, 0x00,
    0x00, 0x00, 0x00, 0xF6, 0x0E, 0x00, 0x00, 0x00, 0x00, 0xF6, 0x0E, 0x00, 0x00, 0x00, 0x00, 0xF6,
    0x0E, 0x00, 0x00, 0x00, 0x00, 0xF6, 0x0E, 0xD7, 0xDF, 0x06, 0x00, 0xF6, 0xBE, 0xFF, 0xFF, 0x7F,
    0x00, 0xF6, 0xEF, 0x05, 0xC2, 0xFF, 0x01, 0xF6, 0x2F, 0x00, 0x20, 0xFF, 0x04, 0xF6, 0x0E, 0x00,
    0x00, 0xFF, 0x06, 0xF6, 0x0E, 0x00, 0x00, 0xFE, 0x06, 0xF6, 0x0E, 0x00, 0x00, 0xFE, 0x06, 0xF6,
    0x0E, 0x00, 0x00, 0xFE, 0x06, 0xF6, 0x0E, 0x00, 0x00, 0xFE, 0x06, 0xF6, 0x0E, 0x00, 0x00, 0xFE,
    0x06, 0xF6, 0x0E, 0x00, 0x00, 0xFE, 0x06, 0xF6, 0x0E, 0x00, 0x00, 0xFE, 0x06, 0xE4, 0x1D, 0xE4,
    0x1D, 0x00, 0x00, 0x00, 0x00, 0x00, 0x00, 0xF5, 0x0F, 0xF5, 0x0F, 0xF5, 0x0F, 0xF5, 0x0F, 0xF5,
    0x0F, 0xF5, 0x0F, 0xF5, 0x0F, 0xF5, 0x0F, 0xF5, 0x0F, 0xF5, 0x0F, 0xF5, 0x0F, 0xF5, 0x0F, 0x00,
    0xF5, 0x0C, 0x00, 0xF5, 0x0C, 0x00, 0x00, 0x00, 0x00, 0x00, 0x00, 0x00, 0x00, 0x00, 0x00, 0xF6,
    0x0E, 0x00, 0xF6, 0x0E, 0x00, 0xF6, 0x0E, 0x00, 0xF6, 0x0E, 0x00, 0xF6, 0x0E, 0x00, 0xF6, 0x0E,
    0x00, 0xF6, 0x0E, 0x00, 0xF6, 0x0E, 0x00, 0xF6, 0x0E, 0x00, 0xF6, 0x0E, 0x00, 0xF6, 0x0E, 0x00,
    0xF6, 0x0E, 0x00, 0xF6, 0x0E, 0x00, 0xF6, 0x0E, 0x00, 0xFA, 0x0D, 0x60, 0xFF, 0x09, 0xB0, 0xFF,
    0x02, 0x00, 0x4B, 0x00, 0xF5, 0x0F, 0x00, 0x00, 0x00, 0x00, 0xF5, 0x0F, 0x00, 0x00, 0x00, 0x00,
    0xF5, 0x0F, 0x00, 0x00, 0x00, 0x00, 0xF5, 0x0F, 0x00, 0x00, 0x00, 0x00, 0xF5, 0x0F, 0x00, 0x00,
    0x00, 0x00, 0xF5, 0x0F, 0x00, 0x00, 0x00, 0x00, 0xF5, 0x0F, 0x00, 0x40, 0xFF, 0x08, 0xF5, 0x0F,
    0x00, 0xF3, 0x8F, 0x00, 0xF5, 0x0F, 0x30, 0xFE, 0x09, 0x00, 0xF5, 0x0F, 0xE2, 0x9F, 0x00, 0x00,
    0xF5, 0x1F, 0xFE, 0x0A, 0x00, 0x00, 0xF5, 0xBF, 0xFF, 0x05, 0x00, 0x00, 0xF5, 0x2F, 0xFE, 0x3F,
    0x00, 0x00, 0xF5, 0x0F, 0xF3, 0xEF, 0x02, 0x00, 0xF5, 0x0F, 0x40, 0xFF, 0x1D, 0x00, 0xF5, 0x0F,
    0x00, 0xF5, 0xCF, 0x00, 0xF5, 0x0F, 0x00, 0x70, 0xFF, 0x0A, 0xF5, 0x0F, 0x00, 0x00, 0xF8, 0x8F,
    0xF5, 0x0F, 0xF5, 0x0F, 0xF5, 0x0F, 0xF5, 0x0F, 0xF5, 0x0F, 0xF5, 0x0F, 0xF5, 0x0F, 0xF5, 0x0F,
    0xF5, 0x0F, 0xF5, 0x0F, 0xF5, 0x0F, 0xF5, 0x0F, 0xF5, 0x0F, 0xF5, 0x0F, 0xF5, 0x0F, 0xF5, 0x0F,
    0xF5, 0x0F, 0xF5, 0x0F, 0xF7, 0x0D, 0xD7, 0xCF, 0x04, 0x50, 0xFC, 0x7E, 0x00, 0xF7, 0xBE, 0xFF,
    0xFF, 0x4F, 0xF9, 0xFF, 0xFF, 0x09, 0xF7, 0xDF, 0x03, 0xD3, 0xFF, 0x6F, 0x20, 0xFB, 0x1F, 0xF7,
    0x1E, 0x00, 0x50, 0xFF, 0x05, 0x00, 0xF1, 0x5F, 0xF7, 0x0D, 0x00, 0x20, 0xFF, 0x03, 0x00, 0xD0,
    0x7F, 0xF7, 0x0D, 0x00, 0x10, 0xFF, 0x03, 0x00, 0xC0, 0x8F, 0xF7, 0x0D, 0x00, 0x10, 0xFF, 0x03,
    0x00, 0xC0, 0x8F, 0xF7, 0x0D, 0x00, 0x10, 0xFF, 0x03, 0x00, 0xC0, 0x8F, 0xF7, 0x0D, 0x00, 0x10,
    0xFF, 0x03, 0x00, 0xC0, 0x8F, 0xF7, 0x0D, 0x00, 0x10, 0xFF, 0x03, 0x00, 0xC0, 0x8F, 0xF7, 0x0D,
    0x00, 0x10, 0xFF, 0x03, 0x00, 0xC0, 0x8F, 0xF7, 0x0D, 0x00, 0x10, 0xFF, 0x03, 0x00, 0xC0, 0x8F,
    0xF6, 0x0F, 0xD6, 0xDF, 0x05, 0x00, 0xF6, 0x9F, 0xFF, 0xFF, 0x7F, 0x00, 0xF6, 0xFF, 0x05, 0xB2,
    0xFF, 0x01, 0xF6, 0x4F, 0x00, 0x20, 0xFF, 0x04, 0xF6, 0x0F, 0x00, 0x00, 0xFF, 0x06, 0xF6, 0x0F,
    0x00, 0x00, 0xFE, 0x06, 0xF6, 0x0F, 0x00, 0x00, 0xFE, 0x06, 0xF6, 0x0F, 0x00, 0x00, 0xFE, 0x06,
    0xF6, 0x0F, 0x00, 0x00, 0xFE, 0x06, 0xF6, 0x0F, 0x00, 0x00, 0xFE, 0x06, 0xF6, 0x0F, 0x00, 0x00,
    0xFE, 0x06, 0xF6, 0x0F, 0x00, 0x00, 0xFE, 0x06, 0x00, 0x00, 0xC6, 0xFE, 0x9D, 0x02, 0x00, 0x00,
    0xD2, 0xFF, 0xFF, 0xFF, 0x6F, 0x00, 0x00, 0xFD, 0x5E, 0x01, 0xC4, 0xFF, 0x04, 0x70, 0xFF, 0x02,
    0x00, 0x00, 0xFC, 0x0D, 0xD0, 0x9F, 0x00, 0x00, 0x00, 0xF3, 0x3F, 0xF0, 0x5F, 0x00, 0x00, 0x00,
    0xF0, 0x5F, 0xF0, 0x5F, 0x00, 0x00, 0x00, 0xF0, 0x6F, 0xD0, 0x8F, 0x00, 0x00, 0x00, 0xF2, 0x3F,
    0x80, 0xFF, 0x02, 0x00, 0x00, 0xFB, 0x0E, 0x00, 0xFD, 0x5E, 0x01, 0xB3, 0xFF, 0x05, 0x00, 0xD2,
    0xFF, 0xFF, 0xFF, 0x6F, 0x00, 0x00, 0x00, 0xC7, 0xFF, 0x9D, 0x02, 0x00, 0xF8, 0xFF, 0xEF, 0x8C,
    0x01, 0x00, 0xF8, 0xFF, 0xFF, 0xFF, 0x4F, 0x00, 0xF8, 0x0D, 0x10, 0xC4, 0xFF, 0x02, 0xF8, 0x0D,
    0x00, 0x00, 0xFD, 0x0A, 0xF8, 0x0D, 0x00, 0x00, 0xF6, 0x0F, 0xF8, 0x0D, 0x00, 0x00, 0xF4, 0x1F,
    0xF8, 0x0D, 0x00, 0x00, 0xF4, 0x0F, 0xF8, 0x0D, 0x00, 0x00, 0xF8, 0x0E, 0xF8, 0x0D, 0x00, 0x10,
    0xFE, 0x09, 0xF8, 0x4E, 0x01, 0xD4, 0xFF, 0x02, 0xF8, 0xFF, 0xFF, 0xFF, 0x4F, 0x00, 0xF8, 0xBE,
    0xFE, 0x9D, 0x01, 0x00, 0xF8, 0x0D, 0x00, 0x00, 0x00, 0x00, 0xF8, 0x0D, 0x00, 0x00, 0x00, 0x00,
    0xF8, 0x0D, 0x00, 0x00, 0x00, 0x00, 0xF8, 0x0D, 0x00, 0x00, 0x00, 0x00, 0xF8, 0x0D, 0x00, 0x00,
    0x00, 0x00, 0xF8, 0x0D, 0x00, 0x00, 0x00, 0x00, 0x00, 0x10, 0xD8, 0xFF, 0xFF, 0x8F, 0x00, 0xE4,
    0xFF, 0xFF, 0xFF, 0x8F, 0x20, 0xFF, 0x4C, 0x00, 0xC0, 0x8F, 0x90, 0xEF, 0x01, 0x00, 0xC0, 0x8F,
    0xE0, 0x7F, 0x00, 0x00, 0xC0, 0x8F, 0xF0, 0x4F, 0x00, 0x00, 0xC0, 0x8F, 0xF0, 0x4F, 0x00, 0x00,
    0xC0, 0x8F, 0xE0, 0x8F, 0x00, 0x00, 0xC0, 0x8F, 0x90, 0xFF, 0x02, 0x00, 0xC0, 0x8F, 0x20, 0xFF,
    0x5E, 0x00, 0xD3, 0x8F, 0x00, 0xF4, 0xFF, 0xFF, 0xFF, 0x8F, 0x00, 0x20, 0xE9, 0xEF, 0xEC, 0x8F,
    0x00, 0x00, 0x00, 0x00, 0xC0, 0x8F, 0x00, 0x00, 0x00, 0x00, 0xC0, 0x8F, 0x00, 0x00, 0x00, 0x00,
    0xC0, 0x8F, 0x00, 0x00, 0x00, 0x00, 0xC0, 0x8F, 0x00, 0x00, 0x00, 0x00, 0xC0, 0x8F, 0x00, 0x00,
    0x00, 0x00, 0xC0, 0x8F, 0xF3, 0x1F, 0xA1, 0xDF, 0x06, 0xF3, 0x3F, 0xFD, 0xFF, 0x1F, 0xF3, 0xDF,
    0x18, 0x92, 0x07, 0xF3, 0xBF, 0x00, 0x00, 0x00, 0xF3, 0x4F, 0x00, 0x00, 0x00, 0xF3, 0x2F, 0x00,
    0x00, 0x00, 0xF3, 0x1F, 0x00, 0x00, 0x00, 0xF3, 0x1F, 0x00, 0x00, 0x00, 0xF3, 0x1F, 0x00, 0x00,
    0x00, 0xF3, 0x1F, 0x00, 0x00, 0x00, 0xF3, 0x1F, 0x00, 0x00, 0x00, 0xF3, 0x1F, 0x00, 0x00, 0x00,
    0x40, 0xFC, 0xCE, 0x17, 0xF6, 0xFF, 0xFF, 0x6F, 0xFC, 0x1D, 0x41, 0x5A, 0xFC, 0x09, 0x00, 0x00,
    0xF6, 0x5F, 0x00, 0x00, 0x80, 0xFF, 0x3C, 0x00, 0x00, 0xD4, 0xFF, 0x08, 0x00, 0x00, 0xF7, 0x7F,
    0x09, 0x00, 0x80, 0xEF, 0xDF, 0x05, 0xC2, 0xEF, 0xFE, 0xFF, 0xFF, 0x6F, 0x81, 0xFC, 0xCE, 0x04,
    0x00, 0x20, 0x04, 0x00, 0x00, 0x00, 0xE2, 0x05, 0x00, 0x00, 0x10, 0xFD, 0x05, 0x00, 0x00, 0xC0,
    0xFF, 0xFF, 0xFF, 0x00, 0xFB, 0xFF, 0xFF, 0xFF, 0x00, 0x00, 0xFF, 0x05, 0x00, 0x00, 0x00, 0xFF,
    0x05, 0x00, 0x00, 0x00, 0xFF, 0x05, 0x00, 0x00, 0x00, 0xFF, 0x05, 0x00, 0x00, 0x00, 0xFF, 0x05,
    0x00, 0x00, 0x00, 0xFF, 0x05, 0x00, 0x00, 0x00, 0xFE, 0x06, 0x00, 0x00, 0x00, 0xFC, 0x1C, 0x00,
    0x00, 0x00, 0xF5, 0xFF, 0xFF, 0x0A, 0x00, 0x40, 0xFC, 0xCF, 0x05, 0xF6, 0x0E, 0x00, 0x00, 0xFE,
    0x06, 0xF6, 0x0E, 0x00, 0x00, 0xFE, 0x06, 0xF6, 0x0E, 0x00, 0x00, 0xFE, 0x06, 0xF6, 0x0E, 0x00,
    0x00, 0xFE, 0x06, 0xF6, 0x0E, 0x00, 0x00, 0xFE, 0x06, 0xF6, 0x0E, 0x00, 0x00, 0xFE, 0x06, 0xF6,
    0x0E, 0x00, 0x00, 0xFE, 0x06, 0xF6, 0x0E, 0x00, 0x00, 0xFE, 0x06, 0xF4, 0x1F, 0x00, 0x10, 0xFF,
    0x06, 0xF1, 0xBF, 0x02, 0xD4, 0xFF, 0x06, 0x80, 0xFF, 0xFF, 0xBF, 0xFF, 0x06, 0x00, 0xD6, 0xDF,
    0x07, 0xFE, 0x06, 0xFB, 0x0D, 0x00, 0x00, 0xF6, 0x1F, 0xF4, 0x4F, 0x00, 0x00, 0xFD, 0x0A, 0xD0,
    0xBF, 0x00, 0x40, 0xFF, 0x03, 0x60, 0xFF, 0x02, 0xA0, 0xCF, 0x00, 0x00, 0xFE, 0x08, 0xF1, 0x5F,
    0x00, 0x00, 0xF8, 0x0F, 0xF8, 0x0E, 0x00, 0x00, 0xF1, 0x7F, 0xFE, 0x07, 0x00, 0x00, 0x90, 0xFF,
    0xFF, 0x01, 0x00, 0x00, 0x20, 0xFF, 0xAF, 0x00, 0x00, 0x00, 0x00, 0xFB, 0x3F, 0x00, 0x00, 0x00,
    0x00, 0xF4, 0x0C, 0x00, 0x00, 0x00, 0x00, 0xD0, 0x05, 0x00, 0x00, 0xFC, 0x0A, 0x00, 0x00, 0xFB,
    0x06, 0x00, 0x00, 0xFF, 0x07, 0xF5, 0x1F, 0x00, 0x20, 0xFF, 0x0D, 0x00, 0x60, 0xFF, 0x01, 0xE0,
    0x8F, 0x00, 0x80, 0xFF, 0x3F, 0x00, 0xD0, 0xAF, 0x00, 0x70, 0xEF, 0x00, 0xE0, 0xFF, 0xAF, 0x00,
    0xF4, 0x3F, 0x00, 0x10, 0xFF, 0x06, 0xF5, 0x6F, 0xFF, 0x01, 0xFB, 0x0C, 0x00, 0x00, 0xF9, 0x0D,
    0xFC, 0x0A, 0xFE, 0x27, 0xFF, 0x05, 0x00, 0x00, 0xF2, 0x7F, 0xFF, 0x03, 0xF7, 0x8E, 0xEF, 0x00,
    0x00, 0x00, 0xC0, 0xFF, 0xDF, 0x00, 0xF1, 0xFF, 0x7F, 0x00, 0x00, 0x00, 0x50, 0xFF, 0x6F, 0x00,
    0xA0, 0xFF, 0x1F, 0x00, 0x00, 0x00, 0x00, 0xFD, 0x0F, 0x00, 0x30, 0xFF, 0x09, 0x00, 0x00, 0x00,
    0x00, 0xF7, 0x09, 0x00, 0x00, 0xFC, 0x03, 0x00, 0x00, 0x00, 0x00, 0xF1, 0x02, 0x00, 0x00, 0xC6,
    0x00, 0x00, 0x00, 0xF9, 0x5F, 0x00, 0x00, 0xB0, 0xFF, 0x04, 0xB0, 0xFF, 0x03, 0x00, 0xF7, 0x7F,
    0x00, 0x10, 0xFD, 0x1E, 0x40, 0xFF, 0x0A, 0x00, 0x00, 0xF2, 0xCF, 0xF2, 0xCF, 0x00, 0x00, 0x00,
    0x40, 0xFF, 0xFF, 0x1E, 0x00, 0x00, 0x00, 0x00, 0xF7, 0xFF, 0x03, 0x00, 0x00, 0x00, 0x00, 0xF9,
    0xFF, 0x05, 0x00, 0x00, 0x00, 0x50, 0xFF, 0xFE, 0x3F, 0x00, 0x00, 0x00, 0xF3, 0xBF, 0xD1, 0xEF,
    0x01, 0x00, 0x10, 0xFE, 0x1D, 0x20, 0xFE, 0x0D, 0x00, 0xC0, 0xFF, 0x02, 0x00, 0xF4, 0xBF, 0x00,
    0xF9, 0x5F, 0x00, 0x00, 0x60, 0xFF, 0x09, 0xFC, 0x0D, 0x00, 0x00, 0xF7, 0x2F, 0xF4, 0x5F, 0x00,
    0x00, 0xFE, 0x0B, 0xC0, 0xCF, 0x00, 0x50, 0xFF, 0x03, 0x50, 0xFF, 0x04, 0xC0, 0xCF, 0x00, 0x00,
    0xFD, 0x0C, 0xF4, 0x5F, 0x00, 0x00, 0xF5, 0x3F, 0xFB, 0x0D, 0x00, 0x00, 0xD0, 0xDF, 0xFF, 0x06,
    0x00, 0x00, 0x60, 0xFF, 0xEF, 0x00, 0x00, 0x00, 0x00, 0xFE, 0x7F, 0x00, 0x00, 0x00, 0x00, 0xF9,
    0x1F, 0x00, 0x00, 0x00, 0x00, 0xFF, 0x09, 0x00, 0x00, 0x00, 0x70, 0xFF, 0x01, 0x00, 0x00, 0x00,
    0xE0, 0xAF, 0x00, 0x00, 0x00, 0x00, 0xF6, 0x3F, 0x00, 0x00, 0x00, 0x00, 0xFD, 0x0B, 0x00, 0x00,
    0x00, 0x40, 0xFF, 0x04, 0x00, 0x00, 0x00, 0xC0, 0xCF, 0x00, 0x00, 0x00, 0x00, 0xF3, 0x5F, 0x00,
    0x00, 0x00, 0x00, 0xF7, 0xFF, 0xFF, 0xFF, 0xFF, 0x03, 0xF7, 0xFF, 0xFF, 0xFF, 0x9F, 0x00, 0x00,
    0x00, 0x00, 0xFD, 0x1E, 0x00, 0x00, 0x00, 0x70, 0xFF, 0x05, 0x00, 0x00, 0x00, 0xF2, 0xBF, 0x00,
    0x00, 0x00, 0x00, 0xFB, 0x2F, 0x00, 0x00, 0x00, 0x50, 0xFF, 0x08, 0x00, 0x00, 0x00, 0xE0, 0xDF,
    0x00, 0x00, 0x00, 0x00, 0xF8, 0x4F, 0x00, 0x00, 0x00, 0x20, 0xFF, 0x0A, 0x00, 0x00, 0x00, 0xC0,
    0xFF, 0xFF, 0xFF, 0xFF, 0x08, 0xF6, 0xFF, 0xFF, 0xFF, 0xFF, 0x08, 0x00, 0x00, 0xB3, 0xFF, 0x01,
    0x00, 0x10, 0xFE, 0xFF, 0x01, 0x00, 0x60, 0xEF, 0x03, 0x00, 0x00, 0x80, 0x9F, 0x00, 0x00, 0x00,
    0x90, 0x8F, 0x00, 0x00, 0x00, 0xA0, 0x8F, 0x00, 0x00, 0x00, 0xA0, 0x7F, 0x00, 0x00, 0x00, 0xA0,
    0x7F, 0x00, 0x00, 0x00, 0xC0, 0x4F, 0x00, 0x00, 0x00, 0xF0, 0x0F, 0x00, 0x00, 0x20, 0xFA, 0x05,
    0x00, 0x00, 0xF4, 0x4F, 0x00, 0x00, 0x00, 0xF4, 0xFF, 0x03, 0x00, 0x00, 0x20, 0xFB, 0x0E, 0x00,
    0x00, 0x00, 0xF0, 0x3F, 0x00, 0x00, 0x00, 0xC0, 0x6F, 0x00, 0x00, 0x00, 0xA0, 0x7F, 0x00, 0x00,
    0x00, 0xA0, 0x8F, 0x00, 0x00, 0x00, 0xA0, 0x8F, 0x00, 0x00, 0x00, 0x90, 0x8F, 0x00, 0x00, 0x00,
    0x80, 0x9F, 0x00, 0x00, 0x00, 0x60, 0xEF, 0x03, 0x00, 0x00, 0x10, 0xFE, 0xFF, 0x01, 0x00, 0x00,
    0xC3, 0xFF, 0x01, 0xF9, 0x06, 0xF9, 0x06, 0xF9, 0x06, 0xF9, 0x06, 0xF9, 0x06, 0xF9, 0x06, 0xF9,
    0x06, 0xF9, 0x06, 0xF9, 0x06, 0xF9, 0x06, 0xF9, 0x06, 0xF9, 0x06, 0xF9, 0x06, 0xF9, 0x06, 0xF9,
    0x06, 0xF9, 0x06, 0xF9, 0x06, 0xF9, 0x06, 0xF9, 0x06, 0xF9, 0x06, 0xF9, 0x06, 0xF9, 0x06, 0xF9,
    0x06, 0xF9, 0x06, 0xF6, 0x9E, 0x00, 0x00, 0xF6, 0xFF, 0x0A, 0x00, 0x00, 0xF5, 0x1F, 0x00, 0x00,
    0xE0, 0x3F, 0x00, 0x00, 0xD0, 0x4F, 0x00, 0x00, 0xD0, 0x5F, 0x00, 0x00, 0xD0, 0x5F, 0x00, 0x00,
    0xC0, 0x5F, 0x00, 0x00, 0x90, 0x6F, 0x00, 0x00, 0x50, 0xAF, 0x00, 0x00, 0x00, 0xFA, 0x06, 0x00,
    0x00, 0x90, 0xFF, 0x00, 0x00, 0xF8, 0xFF, 0x00, 0x30, 0xFF, 0x17, 0x00, 0x90, 0xAF, 0x00, 0x00,
    0xB0, 0x6F, 0x00, 0x00, 0xC0, 0x5F, 0x00, 0x00, 0xD0, 0x4F, 0x00, 0x00, 0xD0, 0x4F, 0x00, 0x00,
    0xD0, 0x4F, 0x00, 0x00, 0xE0, 0x3F, 0x00, 0x00, 0xF6, 0x1F, 0x00, 0xF6, 0xFF, 0x0A, 0x00, 0xF6,
    0xAE, 0x00, 0x00, 0x80, 0xFD, 0xAE, 0x03, 0x00, 0x00, 0x15, 0xFC, 0xFF, 0xFF, 0xCF, 0x04, 0x81,
    0x1F, 0xAE, 0x02, 0x93, 0xFF, 0xFF, 0xFF, 0x0E, 0x07, 0x00, 0x00, 0x81, 0xFD, 0x9E, 0x01, 0x80,
    0x9F, 0x00, 0xF0, 0xFF, 0x00, 0x90, 0x9F, 0x00, 0x00, 0x00, 0x00, 0x00, 0x00, 0x00, 0x00, 0x09,
    0x00, 0x10, 0x1F, 0x00, 0x40, 0x4F, 0x00, 0x60, 0x7F, 0x00, 0x90, 0x9F, 0x00, 0xB0, 0xBF, 0x00,
    0xC0, 0xCF, 0x00, 0xD0, 0xDF, 0x00, 0xE0, 0xEF, 0x00, 0xE0, 0xEF, 0x00, 0xD0, 0xDF, 0x00, 0xB0,
    0xBF, 0x00, 0x40, 0x4E, 0x00, 0x00, 0x00, 0x00, 0x00, 0xC0, 0x06, 0x00, 0x00, 0x00, 0x00, 0xF2,
    0x00, 0x00, 0x00, 0x00, 0x00, 0xA8, 0x00, 0x00, 0x00, 0x00, 0x00, 0x4E, 0x00, 0x00, 0x10, 0xD9,
    0xFF, 0x7F, 0x00, 0x00, 0xF3, 0xFF, 0xFF, 0xFF, 0x02, 0x10, 0xFE, 0x4D, 0xF2, 0xC9, 0x01, 0x80,
    0xFF, 0x02, 0xD6, 0x00, 0x00, 0xD0, 0x9F, 0x00, 0x7C, 0x00, 0x00, 0xF0, 0x6F, 0x20, 0x1F, 0x00,
    0x00, 0xF0, 0x5F, 0x70, 0x0B, 0x00, 0x00, 0xD0, 0x8F, 0xD0, 0x06, 0x00, 0x00, 0x90, 0xFF, 0xF4,
    0x00, 0x00, 0x00, 0x20, 0xFF, 0xCF, 0x01, 0x82, 0x05, 0x00, 0xF5, 0xFF, 0xFF, 0xFF, 0x06, 0x00,
    0x60, 0xDF, 0xEF, 0x8C, 0x01, 0x00, 0xA0, 0x08, 0x00, 0x00, 0x00, 0x00, 0xF0, 0x03, 0x00, 0x00,
    0x00, 0x00, 0xD5, 0x00, 0x00, 0x00, 0x00, 0x00, 0x8B, 0x00, 0x00, 0x00, 0x00, 0x10, 0x2F, 0x00,
    0x00, 0x00, 0x00, 0x00, 0x00, 0x00, 0x50, 0xFC, 0x0D, 0x00, 0x00, 0x00, 0x00, 0xF9, 0xFF, 0x9F,
    0x00, 0x00, 0x00, 0x60, 0xFF, 0x2A, 0x20, 0x00, 0x00, 0x00, 0xF1, 0xAF, 0x00, 0x00, 0x00, 0x00,
    0x00, 0xF8, 0x1F, 0x00, 0x00, 0x00, 0x00, 0x00, 0xFF, 0x08, 0x00, 0x00, 0x00, 0x00, 0x50, 0xFF,
    0x02, 0x00, 0x00, 0x00, 0x00, 0xA0, 0xDF, 0x00, 0x00, 0x00, 0x00, 0xF4, 0xFF, 0xFF, 0xAF, 0x00,
    0x00, 0x00, 0xF4, 0xFF, 0xFF, 0xAF, 0x00, 0x00, 0x00, 0x00, 0xF8, 0x0E, 0x00, 0x00, 0x00, 0x00,
    0x00, 0xFC, 0x0A, 0x00, 0x00, 0x00, 0x00, 0x10, 0xFF, 0x07, 0x00, 0x00, 0x00, 0x00, 0x50, 0xFF,
    0x03, 0x00, 0x00, 0x00, 0x00, 0x90, 0xFF, 0x00, 0x00, 0x00, 0x00, 0x00, 0xD0, 0xCF, 0x00, 0x00,
    0x00, 0x51, 0x00, 0xF1, 0xFF, 0xFF, 0xFF, 0xFF, 0xEF, 0x00, 0xF5, 0xFF, 0xFF, 0xFF, 0xFF, 0xAE,
    0x00, 0x20, 0x0B, 0x00, 0x00, 0x00, 0x80, 0x07, 0xD0, 0xBF, 0xB3, 0xFE, 0x6C, 0xF6, 0x2F, 0x20,
    0xFE, 0xFF, 0xFF, 0xFF, 0xFF, 0x07, 0x00, 0xF7, 0x8F, 0x01, 0xE5, 0xCF, 0x00, 0x00, 0xFD, 0x08,
    0x00, 0x30, 0xFF, 0x02, 0x10, 0xFF, 0x01, 0x00, 0x00, 0xFB, 0x06, 0x20, 0xEF, 0x00, 0x00, 0x00,
    0xF9, 0x08, 0x10, 0xFF, 0x01, 0x00, 0x00, 0xFB, 0x06, 0x00, 0xFD, 0x08, 0x00, 0x30, 0xFF, 0x02,
    0x00, 0xF7, 0x8F, 0x01, 0xE5, 0xCF, 0x00, 0x20, 0xFE, 0xFF, 0xFF, 0xFF, 0xFF, 0x07, 0xD0, 0xBF,
    0xB3, 0xFE, 0x6C, 0xF6, 0x2F, 0x20, 0x0B, 0x00, 0x00, 0x00, 0x80, 0x07, 0xFB, 0x0C, 0x00, 0x00,
    0x00, 0x90, 0xFF, 0x02, 0xF2, 0x6F, 0x00, 0x00, 0x00, 0xF2, 0x8F, 0x00, 0x90, 0xEF, 0x01, 0x00,
    0x00, 0xFB, 0x0E, 0x00, 0x10, 0xFE, 0x09, 0x00, 0x40, 0xFF, 0x06, 0x00, 0x00, 0xF7, 0x2F, 0x00,
    0xD0, 0xCF, 0x00, 0x00, 0x00, 0xD0, 0xBF, 0x00, 0xF6, 0x3F, 0x00, 0x00, 0x00, 0x50, 0xFF, 0x14,
    0xFE, 0x0A, 0x00, 0x00, 0x00, 0x00, 0xFB, 0x8D, 0xFF, 0x02, 0x00, 0x00, 0x00, 0x00, 0xF2, 0xFF,
    0x8F, 0x00, 0x00, 0x00, 0xF3, 0xFF, 0xFF, 0xFF, 0xFF, 0xFF, 0x9F, 0x00, 0xF3, 0xFF, 0xFF, 0xFF,
    0xFF, 0xFF, 0x9F, 0x00, 0x00, 0x00, 0x00, 0xFF, 0x05, 0x00, 0x00, 0x00, 0xF3, 0xFF, 0xFF, 0xFF,
    0xFF, 0xFF, 0x9F, 0x00, 0xF3, 0xFF, 0xFF, 0xFF, 0xFF, 0xFF, 0x9F, 0x00, 0x00, 0x00, 0x00, 0xFF,
    0x05, 0x00, 0x00, 0x00, 0x00, 0x00, 0x00, 0xFF, 0x05, 0x00, 0x00, 0x00, 0x00, 0x00, 0x00, 0xFF,
    0x05, 0x00, 0x00, 0x00, 0x00, 0x00, 0x00, 0xFF, 0x05, 0x00, 0x00, 0x00, 0xF9, 0x06, 0xF9, 0x06,
    0xF9, 0x06, 0xF9, 0x06, 0xF9, 0x06, 0xF9, 0x06, 0xF9, 0x06, 0xF9, 0x06, 0xF9, 0x06, 0x00, 0x00,
    0x00, 0x00, 0x00, 0x00, 0x00, 0x00, 0xF9, 0x06, 0xF9, 0x06, 0xF9, 0x06, 0xF9, 0x06, 0xF9, 0x06,
    0xF9, 0x06, 0xF9, 0x06, 0xF9, 0x06, 0xF9, 0x06, 0xF9, 0x06, 0xF9, 0x06, 0x00, 0x40, 0xFC, 0x8E,
    0x00, 0x00, 0xF5, 0xFF, 0xFF, 0x09, 0x00, 0xFD, 0x06, 0xFA, 0x0C, 0x10, 0xFF, 0x00, 0xF5, 0x06,
    0x10, 0xFF, 0x02, 0x00, 0x00, 0x00, 0xFE, 0x0A, 0x00, 0x00, 0x00, 0xF9, 0x6F, 0x00, 0x00, 0x40,
    0xFF, 0xFF, 0x04, 0x00, 0xD0, 0x6F, 0xFC, 0x3F, 0x00, 0xF1, 0x0F, 0xC0, 0xEF, 0x02, 0xF2, 0x0E,
    0x00, 0xFC, 0x0C, 0xF0, 0x2F, 0x00, 0xE1, 0x4F, 0xA0, 0x9F, 0x00, 0x80, 0x9F, 0x30, 0xFF, 0x06,
    0x50, 0xAF, 0x00, 0xF8, 0x7F, 0x80, 0x8F, 0x00, 0xA0, 0xFF, 0xF9, 0x2F, 0x00, 0x00, 0xFB, 0xFF,
    0x06, 0x00, 0x00, 0xC0, 0xEF, 0x00, 0x00, 0x00, 0x10, 0xFE, 0x06, 0x00, 0x00, 0x00, 0xF7, 0x09,
    0x00, 0xEC, 0x01, 0xF5, 0x0A, 0x40, 0xFF, 0x25, 0xFD, 0x06, 0x20, 0xFF, 0xFF, 0xCF, 0x00, 0x00,
    0xC4, 0xEF, 0x09, 0x00, 0xD0, 0x0B, 0x10, 0x9E, 0xF4, 0x0F, 0x50, 0xFF, 0xD0, 0x0B, 0x10, 0x9E,
    0x00, 0x00, 0x10, 0xB7, 0xFE, 0xCF, 0x28, 0x00, 0x00, 0x00, 0x00, 0x00, 0xF7, 0xFF, 0xFF, 0xFF,
    0xFF, 0x09, 0x00, 0x00, 0x00, 0xB1, 0xFF, 0x49, 0x01, 0x31, 0xE8, 0xDF, 0x02, 0x00, 0x00, 0xFB,
    0x2C, 0x00, 0x00, 0x00, 0x00, 0xF9, 0x1D, 0x00, 0x70, 0xBF, 0x00, 0x81, 0xFD, 0xBE, 0x04, 0x70,
    0xBF, 0x00, 0xF1, 0x0D, 0x10, 0xFE, 0xFF, 0xFF, 0x5F, 0x00, 0xFA, 0x04, 0xF7, 0x05, 0xB0, 0xCF,
    0x03, 0x41, 0xBD, 0x00, 0xF1, 0x0B, 0xEB, 0x00, 0xF2, 0x0E, 0x00, 0x00, 0x00, 0x00, 0xB0, 0x0F,
    0xBE, 0x00, 0xF5, 0x08, 0x00, 0x00, 0x00, 0x00, 0x80, 0x2F, 0xAF, 0x00, 0xF6, 0x06, 0x00, 0x00,
    0x00, 0x00, 0x60, 0x2F, 0xBE, 0x00, 0xF5, 0x07, 0x00, 0x00, 0x00, 0x00, 0x80, 0x2F, 0xEB, 0x00,
    0xF1, 0x0D, 0x00, 0x00, 0xC9, 0x01, 0xB0, 0x0F, 0xF7, 0x04, 0xB0, 0xBF, 0x03, 0x82, 0xDF, 0x00,
    0xF1, 0x0B, 0xF1, 0x0D, 0x10, 0xFD, 0xFF, 0xFF, 0x3F, 0x00, 0xFA, 0x04, 0x70, 0xAF, 0x00, 0x81,
    0xFD, 0xAE, 0x02, 0x70, 0xBF, 0x00, 0x00, 0xFB, 0x1C, 0x00, 0x00, 0x00, 0x00, 0xF9, 0x1E, 0x00,
    0x00, 0xB1, 0xFF, 0x49, 0x01, 0x31, 0xE8, 0xDF, 0x02, 0x00, 0x00, 0x00, 0xF7, 0xFF, 0xFF, 0xFF,
    0xFF, 0x0A, 0x00, 0x00, 0x00, 0x00, 0x10, 0xC7, 0xFE, 0xCF, 0x28, 0x00, 0x00, 0x00, 0xA1, 0xFE,
    0x2C, 0x00, 0xB7, 0x22, 0xCF, 0x00, 0x05, 0x00, 0xFC, 0x00, 0x10, 0xC7, 0xFF, 0x00, 0xF4, 0x3B,
    0xFC, 0x00, 0xF8, 0x15, 0xFD, 0x03, 0xC2, 0xCF, 0xFA, 0x0B, 0x00, 0x00, 0xFC, 0x08, 0x70, 0xCF,
    0x00, 0x00, 0x70, 0xDF, 0x00, 0xF3, 0x2F, 0x00, 0x00, 0xF3, 0x2F, 0x00, 0xFD, 0x06, 0x00, 0x00,
    0xFD, 0x07, 0x90, 0xBF, 0x00, 0x00, 0x90, 0xCF, 0x00, 0xF4, 0x1E, 0x00, 0x00, 0xF1, 0x3F, 0x00,
    0xFC, 0x07, 0x00, 0x00, 0x90, 0xAF, 0x00, 0xF4, 0x1E, 0x00, 0x00, 0x00, 0xFD, 0x05, 0x90, 0xAF,
    0x00, 0x00, 0x00, 0xF3, 0x2F, 0x00, 0xFD, 0x05, 0x00, 0x00, 0x70, 0xCF, 0x00, 0xF3, 0x2F, 0x00,
    0x00, 0x00, 0xFC, 0x08, 0x70, 0xCF, 0x00, 0xF9, 0xFF, 0xFF, 0xFF, 0xFF, 0xFF, 0x0B, 0xF9, 0xFF,
    0xFF, 0xFF, 0xFF, 0xFF, 0x0B, 0x00, 0x00, 0x00, 0x00, 0x00, 0xF7, 0x0B, 0x00, 0x00, 0x00, 0x00,
    0x00, 0xF7, 0x0B, 0x00, 0x00, 0x00, 0x00, 0x00, 0xF7, 0x0B, 0x00, 0x00, 0x00, 0x00, 0x00, 0xF7,
    0x0B, 0x00, 0x00, 0x00, 0x00, 0x00, 0xF7, 0x0B, 0x00, 0x00, 0x00, 0x00, 0x00, 0xF7, 0x0B, 0xFF,
    0xFF, 0xFF, 0x05, 0xFF, 0xFF, 0xFF, 0x05, 0x00, 0x00, 0x10, 0xB7, 0xFE, 0xCF, 0x28, 0x00, 0x00,
    0x00, 0x00, 0x00, 0xF7, 0xFF, 0xFF, 0xFF, 0xFF, 0x09, 0x00, 0x00, 0x00, 0xB1, 0xFF, 0x49, 0x01,
    0x31, 0xE8, 0xDF, 0x02, 0x00, 0x00, 0xFB, 0x2C, 0x00, 0x00, 0x00, 0x00, 0xF9, 0x1D, 0x00, 0x70,
    0xBF, 0x00, 0x00, 0x00, 0x00, 0x00, 0x70, 0xBF, 0x00, 0xF1, 0x0D, 0x30, 0xFF, 0xFF, 0xDF, 0x06,
    0x00, 0xFA, 0x04, 0xF7, 0x05, 0x30, 0xFF, 0xFF, 0xFF, 0x5F, 0x00, 0xF1, 0x0B, 0xEB, 0x00, 0x30,
    0x7F, 0x00, 0x51, 0xBF, 0x00, 0xB0, 0x0F, 0xBE, 0x00, 0x30, 0x7F, 0x00, 0x61, 0x9F, 0x00, 0x80,
    0x2F, 0xAF, 0x00, 0x30, 0xFF, 0xFF, 0xFF, 0x2E, 0x00, 0x60, 0x2F, 0xBE, 0x00, 0x30, 0xFF, 0xFF,
    0x8F, 0x01, 0x00, 0x80, 0x2F, 0xEB, 0x00, 0x30, 0x7F, 0x30, 0xDC, 0x02, 0x00, 0xB0, 0x0F, 0xF7,
    0x04, 0x30, 0x7F, 0x00, 0xC0, 0x2E, 0x00, 0xF1, 0x0B, 0xF1, 0x0D, 0x30, 0x7F, 0x00, 0x10, 0xEE,
    0x01, 0xFA, 0x04, 0x70, 0xAF, 0x00, 0x00, 0x00, 0x00, 0x00, 0x70, 0xBF, 0x00, 0x00, 0xFB, 0x1C,
    0x00, 0x00, 0x00, 0x00, 0xF9, 0x1E, 0x00, 0x00, 0xB1, 0xFF, 0x49, 0x01, 0x31, 0xE8, 0xDF, 0x02,
    0x00, 0x00, 0x00, 0xF7, 0xFF, 0xFF, 0xFF, 0xFF, 0x0A, 0x00, 0x00, 0x00, 0x00, 0x10, 0xC7, 0xFE,
    0xCF, 0x28, 0x00, 0x00, 0x00, 0xF7, 0xFF, 0xFF, 0xFF, 0xFF, 0xFF, 0xFF, 0xCF, 0xF7, 0xFF, 0xFF,
    0xFF, 0xFF, 0xFF, 0xFF, 0xCF, 0x00, 0xE9, 0xBF, 0x02, 0xB0, 0xFF, 0xFF, 0x1E, 0xF3, 0x19, 0x60,
    0x7F, 0xF5, 0x01, 0x00, 0xAC, 0xF3, 0x19, 0x60, 0x7F, 0xB0, 0xFF, 0xFF, 0x1E, 0x00, 0xE9, 0xBF,
    0x02, 0x00, 0x00, 0x70, 0xAF, 0x00, 0x00, 0x00, 0x00, 0x00, 0x70, 0xAF, 0x00, 0x00, 0x00, 0x00,
    0x00, 0x70, 0xAF, 0x00, 0x00, 0x00, 0x00, 0x00, 0x70, 0xAF, 0x00, 0x00, 0x00, 0x00, 0x00, 0x70,
    0xAF, 0x00, 0x00, 0x00, 0xF8, 0xFF, 0xFF, 0xFF, 0xFF, 0xFF, 0x0B, 0xF8, 0xFF, 0xFF, 0xFF, 0xFF,
    0xFF, 0x0B, 0x00, 0x00, 0x70, 0xAF, 0x00, 0x00, 0x00, 0x00, 0x00, 0x70, 0xAF, 0x00, 0x00, 0x00,
    0x00, 0x00, 0x70, 0xAF, 0x00, 0x00, 0x00, 0x00, 0x00, 0x70, 0xAF, 0x00, 0x00, 0x00, 0x00, 0x00,
    0x70, 0xAF, 0x00, 0x00, 0x00, 0x00, 0x00, 0x00, 0x00, 0x00, 0x00, 0x00, 0xF8, 0xFF, 0xFF, 0xFF,
    0xFF, 0xFF, 0x0B, 0xF8, 0xFF, 0xFF, 0xFF, 0xFF, 0xFF, 0x0B, 0x80, 0xFD, 0x7D, 0x00, 0xA0, 0x03,
    0xF7, 0x07, 0x00, 0x00, 0xF0, 0x0D, 0x00, 0x00, 0xF0, 0x0C, 0x00, 0x00, 0xF7, 0x07, 0x00, 0x20,
    0xDF, 0x00, 0x00, 0xD1, 0x2E, 0x00, 0x00, 0xFC, 0x03, 0x00, 0xC1, 0xFF, 0xFF, 0xAF, 0xD5, 0xEF,
    0x08, 0x00, 0x57, 0x60, 0x8F, 0x00, 0x00, 0x00, 0xCF, 0x00, 0x00, 0x60, 0x9F, 0x00, 0x00, 0xFF,
    0x1E, 0x00, 0x00, 0x60, 0xCF, 0x00, 0x00, 0x00, 0xFE, 0x00, 0x49, 0x40, 0xAF, 0x00, 0xD7, 0xEF,
    0x08, 0x00, 0x00, 0xF9, 0x0C, 0x10, 0xFF, 0x02, 0x70, 0x6F, 0x00, 0xE0, 0x0A, 0x00, 0xFB, 0x07,
    0x00, 0x20, 0xFF, 0x01, 0xFB, 0x07, 0x00, 0x20, 0xFF, 0x01, 0xFB, 0x07, 0x00, 0x20, 0xFF, 0x01,
    0xFB, 0x07, 0x00, 0x20, 0xFF, 0x01, 0xFB, 0x07, 0x00, 0x20, 0xFF, 0x01, 0xFB, 0x07, 0x00, 0x20,
    0xFF, 0x01, 0xFB, 0x07, 0x00, 0x20, 0xFF, 0x01, 0xFB, 0x09, 0x00, 0x30, 0xFF, 0x01, 0xFB, 0x0D,
    0x00, 0x80, 0xFF, 0x01, 0xFB, 0xAF, 0x01, 0xF6, 0xFF, 0x01, 0xFB, 0xFE, 0xFF, 0xEF, 0xFF, 0x01,
    0xFB, 0x87, 0xFE, 0x2C, 0xFF, 0x01, 0xFB, 0x07, 0x00, 0x00, 0x00, 0x00, 0xFB, 0x07, 0x00, 0x00,
    0x00, 0x00, 0xFB, 0x07, 0x00, 0x00, 0x00, 0x00, 0xFB, 0x07, 0x00, 0x00, 0x00, 0x00, 0x00, 0x92,
    0xFD, 0xFF, 0xFF, 0xFF, 0xFF, 0x00, 0x60, 0xFF, 0xFF, 0xFF, 0xFF, 0xFF, 0xFF, 0x00, 0xF3, 0xFF,
    0xFF, 0x3F, 0x00, 0xFF, 0x03, 0x00, 0xFA, 0xFF, 0xFF, 0x3F, 0x00, 0xFF, 0x03, 0x00, 0xFE, 0xFF,
    0xFF, 0x3F, 0x00, 0xFF, 0x03, 0x00, 0xFF, 0xFF, 0xFF, 0x3F, 0x00, 0xFF, 0x03, 0x00, 0xFE, 0xFF,
    0xFF, 0x3F, 0x00, 0xFF, 0x03, 0x00, 0xFA, 0xFF, 0xFF, 0x3F, 0x00, 0xFF, 0x03, 0x00, 0xF3, 0xFF,
    0xFF, 0x3F, 0x00, 0xFF, 0x03, 0x00, 0x70, 0xFF, 0xFF, 0x3F, 0x00, 0xFF, 0x03, 0x00, 0x00, 0xA3,
    0xFE, 0x3F, 0x00, 0xFF, 0x03, 0x00, 0x00, 0x00, 0xD0, 0x3F, 0x00, 0xFF, 0x03, 0x00, 0x00, 0x00,
    0xD0, 0x3F, 0x00, 0xFF, 0x03, 0x00, 0x00, 0x00, 0xD0, 0x3F, 0x00, 0xFF, 0x03, 0x00, 0x00, 0x00,
    0xD0, 0x3F, 0x00, 0xFF, 0x03, 0x00, 0x00, 0x00, 0xD0, 0x3F, 0x00, 0xFF, 0x03, 0x00, 0x00, 0x00,
    0xD0, 0x3F, 0x00, 0xFF, 0x03, 0x00, 0x00, 0x00, 0xD0, 0x3F, 0x00, 0xFF, 0x03, 0x00, 0x00, 0x00,
    0xD0, 0x3F, 0x00, 0xFF, 0x03, 0x00, 0x00, 0x00, 0xD0, 0x3F, 0x00, 0xFF, 0x03, 0x00, 0x00, 0x00,
    0xD0, 0x3F, 0x00, 0xFF, 0x03, 0x00, 0x00, 0x00, 0xD0, 0x3F, 0x00, 0xFF, 0x03, 0x00, 0x00, 0x00,
    0xD0, 0x3F, 0x00, 0xFF, 0x03, 0x00, 0x00, 0x00, 0xD0, 0x3F, 0x00, 0x98, 0x01, 0x00, 0xE2, 0x2E,
    0xE2, 0x3E, 0x30, 0x5F, 0x00, 0x80, 0xEF, 0x03, 0x00, 0xF6, 0x0A, 0x00, 0xF7, 0x07, 0xF5, 0x8E,
    0x00, 0xFB, 0x01, 0xFB, 0x01, 0xFB, 0x01, 0xFB, 0x01, 0xFB, 0x01, 0xFB, 0x01, 0xFB, 0x01, 0xFB,
    0x01, 0xFB, 0x01, 0x00, 0xD7, 0xDF, 0x2A, 0x00, 0xB0, 0x6F, 0x20, 0xFC, 0x03, 0xF4, 0x0A, 0x00,
    0xF2, 0x0B, 0xF6, 0x07, 0x00, 0xF0, 0x0D, 0xF3, 0x09, 0x00, 0xF1, 0x0B, 0xA0, 0x6F, 0x20, 0xFC,
    0x03, 0x00, 0xD6, 0xEF, 0x2A, 0x00, 0xF2, 0x2F, 0x00, 0xFC, 0x07, 0x00, 0x70, 0xCF, 0x00, 0xF3,
    0x1F, 0x00, 0x00, 0xFD, 0x06, 0x80, 0xBF, 0x00, 0x00, 0xF3, 0x1F, 0x00, 0xFD, 0x05, 0x00, 0x90,
    0xAF, 0x00, 0xF4, 0x0E, 0x00, 0x00, 0xFE, 0x04, 0xA0, 0x9F, 0x00, 0x00, 0xFD, 0x07, 0x80, 0xBF,
    0x00, 0x70, 0xCF, 0x00, 0xF3, 0x2F, 0x00, 0xF2, 0x3F, 0x00, 0xFD, 0x07, 0x00, 0xFC, 0x08, 0x80,
    0xCF, 0x00, 0x60, 0xDF, 0x00, 0xF2, 0x2F, 0x00, 0xF2, 0x3F, 0x00, 0xFC, 0x07, 0x00, 0xFB, 0x01,
    0x00, 0x00, 0x00, 0x00, 0xE1, 0x0B, 0x00, 0x00, 0xFB, 0x01, 0x00, 0x00, 0x00, 0x00, 0xFA, 0x02,
    0x00, 0x00, 0xFB, 0x01, 0x00, 0x00, 0x00, 0x40, 0x8F, 0x00, 0x00, 0x00, 0xFB, 0x01, 0x00, 0x00,
    0x00, 0xD0, 0x0D, 0x00, 0x00, 0x00, 0xFB, 0x01, 0x00, 0x00, 0x00, 0xF8, 0x04, 0x00, 0x00, 0x00,
    0xFB, 0x01, 0x00, 0x00, 0x20, 0xAF, 0x00, 0x00, 0x00, 0x00, 0xFB, 0x01, 0x00, 0x00, 0xB0, 0x1E,
    0x00, 0x00, 0x00, 0x00, 0xFB, 0x01, 0x00, 0x00, 0xF5, 0x06, 0x00, 0x00, 0x00, 0x00, 0xFB, 0x01,
    0x00, 0x10, 0xCE, 0x00, 0x00, 0x00, 0x00, 0x00, 0x00, 0x00, 0x00, 0x90, 0x2F, 0x00, 0x00, 0x30,
    0x2F, 0x00, 0x00, 0x00, 0x00, 0xF3, 0x08, 0x00, 0x00, 0xF3, 0x2F, 0x00, 0x00, 0x00, 0x00, 0xDD,
    0x00, 0x00, 0x30, 0xFF, 0x2F, 0x00, 0x00, 0x00, 0x70, 0x4F, 0x00, 0x00, 0xF3, 0xAB, 0x2F, 0x00,
    0x00, 0x00, 0xF2, 0x0A, 0x00, 0x30, 0xCF, 0xA0, 0x2F, 0x00, 0x00, 0x00, 0xFB, 0x01, 0x00, 0xF0,
    0xFF, 0xFF, 0xFF, 0x05, 0x00, 0x50, 0x6F, 0x00, 0x00, 0x00, 0x00, 0xA0, 0x2F, 0x00, 0x00, 0xE0,
    0x0C, 0x00, 0x00, 0x00, 0x00, 0xA0, 0x2F, 0x00, 0x00, 0xF9, 0x02, 0x00, 0x00, 0x00, 0x00, 0xA0,
    0x2F, 0x00, 0x30, 0x8F, 0x00, 0x00, 0x00, 0x00, 0x00, 0x00, 0x00, 0x00, 0xFB, 0x01, 0x00, 0x00,
    0x00, 0x00, 0xEC, 0x01, 0x00, 0x00, 0xFB, 0x01, 0x00, 0x00, 0x00, 0x60, 0x5F, 0x00, 0x00, 0x00,
    0xFB, 0x01, 0x00, 0x00, 0x00, 0xF1, 0x0B, 0x00, 0x00, 0x00, 0xFB, 0x01, 0x00, 0x00, 0x00, 0xFA,
    0x02, 0x00, 0x00, 0x00, 0xFB, 0x01, 0x00, 0x00, 0x40, 0x7F, 0x00, 0x00, 0x00, 0x00, 0xFB, 0x01,
    0x00, 0x00, 0xD0, 0x0D, 0x00, 0x00, 0x00, 0x00, 0xFB, 0x01, 0x00, 0x00, 0xF8, 0x03, 0x00, 0x00,
    0x00, 0x00, 0xFB, 0x01, 0x00, 0x20, 0x9F, 0x00, 0x00, 0x00, 0x00, 0x00, 0xFB, 0x01, 0x00, 0xC0,
    0x1E, 0x00, 0x00, 0x00, 0x00, 0x00, 0x00, 0x00, 0x00, 0xF6, 0x05, 0x30, 0xEB, 0xBF, 0x03, 0x00,
    0x00, 0x00, 0x10, 0xBE, 0x00, 0x60, 0x16, 0xC1, 0x1E, 0x00, 0x00, 0x00, 0xA0, 0x2F, 0x00, 0x00,
    0x00, 0x60, 0x6F, 0x00, 0x00, 0x00, 0xF4, 0x07, 0x00, 0x00, 0x00, 0x70, 0x6F, 0x00, 0x00, 0x00,
    0xDD, 0x00, 0x00, 0x00, 0x00, 0xD0, 0x1F, 0x00, 0x00, 0x80, 0x4F, 0x00, 0x00, 0x00, 0x00, 0xF8,
    0x07, 0x00, 0x00, 0xF2, 0x0A, 0x00, 0x00, 0x00, 0x50, 0xAF, 0x00, 0x00, 0x00, 0xEB, 0x01, 0x00,
    0x00, 0x00, 0xF4, 0x0C, 0x00, 0x00, 0x50, 0x6F, 0x00, 0x00, 0x00, 0x40, 0xFF, 0xFF, 0xFF, 0x04,
    0xE1, 0x0C, 0x00, 0x00, 0x00, 0x00, 0x00, 0x00, 0x00, 0x00, 0xD5, 0xEF, 0x08, 0x00, 0x00, 0x00,
    0x00, 0xF5, 0x06, 0x00, 0x00, 0x57, 0x60, 0x8F, 0x00, 0x00, 0x00, 0x00, 0xCE, 0x00, 0x00, 0x00,
    0x00, 0x00, 0xCF, 0x00, 0x00, 0x00, 0x90, 0x3F, 0x00, 0x00, 0x00, 0x00, 0x60, 0x9F, 0x00, 0x00,
    0x00, 0xF3, 0x09, 0x00, 0x00, 0x00, 0x00, 0xFF, 0x1E, 0x00, 0x00, 0x00, 0xEC, 0x00, 0x00, 0x00,
    0x00, 0x00, 0x60, 0xCF, 0x00, 0x00, 0x60, 0x5F, 0x00, 0x00, 0x00, 0x00, 0x00, 0x00, 0xFE, 0x00,
    0x00, 0xF1, 0x0B, 0x00, 0x00, 0x00, 0x00, 0x49, 0x40, 0xAF, 0x00, 0x00, 0xFA, 0x01, 0x00, 0x00,
    0x00, 0x00, 0xD7, 0xEF, 0x08, 0x00, 0x40, 0x7F, 0x00, 0x00, 0x00, 0x00, 0x00, 0x00, 0x00, 0x00,
    0x00, 0xE0, 0x0D, 0x00, 0x00, 0x30, 0x2F, 0x00, 0x00, 0x00, 0x00, 0x00, 0xF8, 0x03, 0x00, 0x00,
    0xF3, 0x2F, 0x00, 0x00, 0x00, 0x00, 0x20, 0x9F, 0x00, 0x00, 0x30, 0xFF, 0x2F, 0x00, 0x00, 0x00,
    0x00, 0xC0, 0x0E, 0x00, 0x00, 0xF3, 0xAB, 0x2F, 0x00, 0x00, 0x00, 0x00, 0xF6, 0x05, 0x00, 0x30,
    0xCF, 0xA0, 0x2F, 0x00, 0x00, 0x00, 0x10, 0xBE, 0x00, 0x00, 0xF0, 0xFF, 0xFF, 0xFF, 0x05, 0x00,
    0x00, 0xA0, 0x2F, 0x00, 0x00, 0x00, 0x00, 0xA0, 0x2F, 0x00, 0x00, 0x00, 0xF4, 0x07, 0x00, 0x00,
    0x00, 0x00, 0xA0, 0x2F, 0x00, 0x00, 0x00, 0xDD, 0x00, 0x00, 0x00, 0x00, 0x00, 0xA0, 0x2F, 0x00,
    0x00, 0x80, 0x3F, 0x00, 0x00, 0x00, 0x00, 0x00, 0x00, 0x00, 0x00, 0x00, 0xC1, 0x5E, 0x00, 0x00,
    0xF4, 0xBF, 0x00, 0x00, 0xC1, 0x5E, 0x00, 0x00, 0x00, 0x00, 0x00, 0x00, 0x00, 0x00, 0x00, 0x00,
    0x00, 0x55, 0x00, 0x00, 0x00, 0xFA, 0x00, 0x00, 0x20, 0xFF, 0x01, 0x00, 0xB0, 0xFF, 0x00, 0x00,
    0xF5, 0x9F, 0x00, 0x10, 0xFE, 0x1E, 0x00, 0x80, 0xFF, 0x06, 0x00, 0xF0, 0xDF, 0x00, 0x00, 0xF3,
    0x7F, 0x00, 0x00, 0xF4, 0x5F, 0x00, 0x00, 0xF1, 0xCF, 0x11, 0x01, 0x90, 0xFF, 0xDF, 0x00, 0x00,
    0xC5, 0x3E, 0x00, 0x00, 0x00, 0x20, 0xFF, 0x04, 0x00, 0x00, 0x00, 0x00, 0x00, 0x00, 0x00, 0xF6,
    0x0B, 0x00, 0x00, 0x00, 0x00, 0x00, 0x00, 0x00, 0xA0, 0x2F, 0x00, 0x00, 0x00, 0x00, 0x00, 0x00,
    0x00, 0x10, 0x9E, 0x00, 0x00, 0x00, 0x00, 0x00, 0x00, 0x00, 0x00, 0x00, 0x00, 0x00, 0x00, 0x00,
    0x00, 0x00, 0x00, 0x90, 0x9F, 0x00, 0x00, 0x00, 0x00, 0x00, 0x00, 0x00, 0xF0, 0xFF, 0x01, 0x00,
    0x00, 0x00, 0x00, 0x00, 0x00, 0xF6, 0xFF, 0x08, 0x00, 0x00, 0x00, 0x00, 0x00, 0x00, 0xFD, 0xFF,
    0x0E, 0x00, 0x00, 0x00, 0x00, 0x00, 0x40, 0xFF, 0xF7, 0x6F, 0x00, 0x00, 0x00, 0x00, 0x00, 0xB0,
    0xCF, 0xC0, 0xDF, 0x00, 0x00, 0x00, 0x00, 0x00, 0xF2, 0x5F, 0x40, 0xFF, 0x04, 0x00, 0x00, 0x00,
    0x00, 0xF8, 0x0E, 0x00, 0xFD, 0x0B, 0x00, 0x00, 0x00, 0x00, 0xFE, 0x07, 0x00, 0xF5, 0x2F, 0x00,
    0x00, 0x00, 0x60, 0xFF, 0x01, 0x00, 0xD0, 0x9F, 0x00, 0x00, 0x00, 0xD0, 0xFF, 0xFF, 0xFF, 0xFF,
    0xFF, 0x01, 0x00, 0x00, 0xF3, 0xFF, 0xFF, 0xFF, 0xFF, 0xFF, 0x07, 0x00, 0x00, 0xFA, 0x0A, 0x00,
    0x00, 0x00, 0xF6, 0x0E, 0x00, 0x10, 0xFF, 0x04, 0x00, 0x00, 0x00, 0xF1, 0x5F, 0x00, 0x80, 0xEF,
    0x00, 0x00, 0x00, 0x00, 0xA0, 0xCF, 0x00, 0xE0, 0x8F, 0x00, 0x00, 0x00, 0x00, 0x40, 0xFF, 0x03,
    0xF5, 0x2F, 0x00, 0x00, 0x00, 0x00, 0x00, 0xFD, 0x0A, 0xFC, 0x0C, 0x00, 0x00, 0x00, 0x00, 0x00,
    0xF7, 0x2F, 0x00, 0x00, 0x00, 0x00, 0xF4, 0x3F, 0x00, 0x00, 0x00, 0x00, 0x00, 0x00, 0x00, 0xFB,
    0x07, 0x00, 0x00, 0x00, 0x00, 0x00, 0x00, 0x20, 0xBF, 0x00, 0x00, 0x00, 0x00, 0x00, 0x00, 0x00,
    0x80, 0x1E, 0x00, 0x00, 0x00, 0x00, 0x00, 0x00, 0x00, 0x00, 0x00, 0x00, 0x00, 0x00, 0x00, 0x00,
    0x00, 0x00, 0x90, 0x9F, 0x00, 0x00, 0x00, 0x00, 0x00, 0x00, 0x00, 0xF0, 0xFF, 0x01, 0x00, 0x00,
    0x00, 0x00, 0x00, 0x00, 0xF6, 0xFF, 0x08, 0x00, 0x00, 0x00, 0x00, 0x00, 0x00, 0xFD, 0xFF, 0x0E,
    0x00, 0x00, 0x00, 0x00, 0x00, 0x40, 0xFF, 0xF7, 0x6F, 0x00, 0x00, 0x00, 0x00, 0x00, 0xB0, 0xCF,
    0xC0, 0xDF, 0x00, 0x00, 0x00, 0x00, 0x00, 0xF2, 0x5F, 0x40, 0xFF, 0x04, 0x00, 0x00, 0x00, 0x00,
    0xF8, 0x0E, 0x00, 0xFD, 0x0B, 0x00, 0x00, 0x00, 0x00, 0xFE, 0x07, 0x00, 0xF5, 0x2F, 0x00, 0x00,
    0x00, 0x60, 0xFF, 0x01, 0x00, 0xD0, 0x9F, 0x00, 0x00, 0x00, 0xD0, 0xFF, 0xFF, 0xFF, 0xFF, 0xFF,
    0x01, 0x00, 0x00, 0xF3, 0xFF, 0xFF, 0xFF, 0xFF, 0xFF, 0x07, 0x00, 0x00, 0xFA, 0x0A, 0x00, 0x00,
    0x00, 0xF6, 0x0E, 0x00, 0x10, 0xFF, 0x04, 0x00, 0x00, 0x00, 0xF1, 0x5F, 0x00, 0x80, 0xEF, 0x00,
    0x00, 0x00, 0x00, 0xA0, 0xCF, 0x00, 0xE0, 0x8F, 0x00, 0x00, 0x00, 0x00, 0x40, 0xFF, 0x03, 0xF5,
    0x2F, 0x00, 0x00, 0x00, 0x00, 0x00, 0xFD, 0x0A, 0xFC, 0x0C, 0x00, 0x00, 0x00, 0x00, 0x00, 0xF7,
    0x2F, 0x00, 0x00, 0x00, 0xD0, 0xFF, 0x02, 0x00, 0x00, 0x00, 0x00, 0x00, 0x00, 0xF7, 0xFE, 0x0C,
    0x00, 0x00, 0x00, 0x00, 0x00, 0x10, 0xCF, 0x90, 0x5F, 0x00, 0x00, 0x00, 0x00, 0x00, 0xA0, 0x1D,
    0x00, 0xE9, 0x01, 0x00, 0x00, 0x00, 0x00, 0x00, 0x00, 0x00, 0x00, 0x00, 0x00, 0x00, 0x00, 0x00,
    0x00, 0x90, 0x9F, 0x00, 0x00, 0x00, 0x00, 0x00, 0x00, 0x00, 0xF0, 0xFF, 0x01, 0x00, 0x00, 0x00,
    0x00, 0x00, 0x00, 0xF6, 0xFF, 0x08, 0x00, 0x00, 0x00, 0x00, 0x00, 0x00, 0xFD, 0xFF, 0x0E, 0x00,
    0x00, 0x00, 0x00, 0x00, 0x40, 0xFF, 0xF7, 0x6F, 0x00, 0x00, 0x00, 0x00, 0x00, 0xB0, 0xCF, 0xC0,
    0xDF, 0x00, 0x00, 0x00, 0x00, 0x00, 0xF2, 0x5F, 0x40, 0xFF, 0x04, 0x00, 0x00, 0x00, 0x00, 0xF8,
    0x0E, 0x00, 0xFD, 0x0B, 0x00, 0x00, 0x00, 0x00, 0xFE, 0x07, 0x00, 0xF5, 0x2F, 0x00, 0x00, 0x00,
    0x60, 0xFF, 0x01, 0x00, 0xD0, 0x9F, 0x00, 0x00, 0x00, 0xD0, 0xFF, 0xFF, 0xFF, 0xFF, 0xFF, 0x01,
    0x00, 0x00, 0xF3, 0xFF, 0xFF, 0xFF, 0xFF, 0xFF, 0x07, 0x00, 0x00, 0xFA, 0x0A, 0x00, 0x00, 0x00,
    0xF6, 0x0E, 0x00, 0x10, 0xFF, 0x04, 0x00, 0x00, 0x00, 0xF1, 0x5F, 0x00, 0x80, 0xEF, 0x00, 0x00,
    0x00, 0x00, 0xA0, 0xCF, 0x00, 0xE0, 0x8F, 0x00, 0x00, 0x00, 0x00, 0x40, 0xFF, 0x03, 0xF5, 0x2F,
    0x00, 0x00, 0x00, 0x00, 0x00, 0xFD, 0x0A, 0xFC, 0x0C, 0x00, 0x00, 0x00, 0x00, 0x00, 0xF7, 0x2F,
    0x00, 0x00, 0x70, 0xDF, 0x38, 0xE1, 0x02, 0x00, 0x00, 0x00, 0x00, 0xF1, 0xFF, 0xFF, 0xEF, 0x00,
    0x00, 0x00, 0x00, 0x00, 0xD5, 0x31, 0xE8, 0x5E, 0x00, 0x00, 0x00, 0x00, 0x00, 0x00, 0x00, 0x00,
    0x00, 0x00, 0x00, 0x00, 0x00, 0x00, 0x00, 0x00, 0x00, 0x00, 0x00, 0x00, 0x00, 0x00, 0x00, 0x00,
    0x90, 0x9F, 0x00, 0x00, 0x00, 0x00, 0x00, 0x00, 0x00, 0xF0, 0xFF, 0x01, 0x00, 0x00, 0x00, 0x00,
    0x00, 0x00, 0xF6, 0xFF, 0x08, 0x00, 0x00, 0x00, 0x00, 0x00, 0x00, 0xFD, 0xFF, 0x0E, 0x00, 0x00,
    0x00, 0x00, 0x00, 0x40, 0xFF, 0xF7, 0x6F, 0x00, 0x00, 0x00, 0x00, 0x00, 0xB0, 0xCF, 0xC0, 0xDF,
    0x00, 0x00, 0x00, 0x00, 0x00, 0xF2, 0x5F, 0x40, 0xFF, 0x04, 0x00, 0x00, 0x00, 0x00, 0xF8, 0x0E,
    0x00, 0xFD, 0x0B, 0x00, 0x00, 0x00, 0x00, 0xFE, 0x07, 0x00, 0xF5, 0x2F, 0x00, 0x00, 0x00, 0x60,
    0xFF, 0x01, 0x00, 0xD0, 0x9F, 0x00, 0x00, 0x00, 0xD0, 0xFF, 0xFF, 0xFF, 0xFF, 0xFF, 0x01, 0x00,
    0x00, 0xF3, 0xFF, 0xFF, 0xFF, 0xFF, 0xFF, 0x07, 0x00, 0x00, 0xFA, 0x0A, 0x00, 0x00, 0x00, 0xF6,
    0x0E, 0x00, 0x10, 0xFF, 0x04, 0x00, 0x00, 0x00, 0xF1, 0x5F, 0x00, 0x80, 0xEF, 0x00, 0x00, 0x00,
    0x00, 0xA0, 0xCF, 0x00, 0xE0, 0x8F, 0x00, 0x00, 0x00, 0x00, 0x40, 0xFF, 0x03, 0xF5, 0x2F, 0x00,
    0x00, 0x00, 0x00, 0x00, 0xFD, 0x0A, 0xFC, 0x0C, 0x00, 0x00, 0x00, 0x00, 0x00, 0xF7, 0x2F, 0x00,
    0x00, 0x90, 0x2E, 0x00, 0xDA, 0x01, 0x00, 0x00, 0x00, 0x00, 0xE0, 0x6F, 0x00, 0xFF, 0x04, 0x00,
    0x00, 0x00, 0x00, 0x90, 0x2E, 0x00, 0xDA, 0x01, 0x00, 0x00, 0x00, 0x00, 0x00, 0x00, 0x00, 0x00,
    0x00, 0x00, 0x00, 0x00, 0x00, 0x00, 0x90, 0x9F, 0x00, 0x00, 0x00, 0x00, 0x00, 0x00, 0x00, 0xF0,
    0xFF, 0x01, 0x00, 0x00, 0x00, 0x00, 0x00, 0x00, 0xF6, 0xFF, 0x08, 0x00, 0x00, 0x00, 0x00, 0x00,
    0x00, 0xFD, 0xFF, 0x0E, 0x00, 0x00, 0x00, 0x00, 0x00, 0x40, 0xFF, 0xF7, 0x6F, 0x00, 0x00, 0x00,
    0x00, 0x00, 0xB0, 0xCF, 0xC0, 0xDF, 0x00, 0x00, 0x00, 0x00, 0x00, 0xF2, 0x5F, 0x40, 0xFF, 0x04,
    0x00, 0x00, 0x00, 0x00, 0xF8, 0x0E, 0x00, 0xFD, 0x0B, 0x00, 0x00, 0x00, 0x00, 0xFE, 0x07, 0x00,
    0xF5, 0x2F, 0x00, 0x00, 0x00, 0x60, 0xFF, 0x01, 0x00, 0xD0, 0x9F, 0x00, 0x00, 0x00, 0xD0, 0xFF,
    0xFF, 0xFF, 0xFF, 0xFF, 0x01, 0x00, 0x00, 0xF3, 0xFF, 0xFF, 0xFF, 0xFF, 0xFF, 0x07, 0x00, 0x00,
    0xFA, 0x0A, 0x00, 0x00, 0x00, 0xF6, 0x0E, 0x00, 0x10, 0xFF, 0x04, 0x00, 0x00, 0x00, 0xF1, 0x5F,
    0x00, 0x80, 0xEF, 0x00, 0x00, 0x00, 0x00, 0xA0, 0xCF, 0x00, 0xE0, 0x8F, 0x00, 0x00, 0x00, 0x00,
    0x40, 0xFF, 0x03, 0xF5, 0x2F, 0x00, 0x00, 0x00, 0x00, 0x00, 0xFD, 0x0A, 0xFC, 0x0C, 0x00, 0x00,
    0x00, 0x00, 0x00, 0xF7, 0x2F, 0x00, 0x00, 0x00, 0x90, 0xCF, 0x02, 0x00, 0x00, 0x00, 0x00, 0x00,
    0x00, 0x97, 0x50, 0x0D, 0x00, 0x00, 0x00, 0x00, 0x00, 0x00, 0x4A, 0x00, 0x0E, 0x00, 0x00, 0x00,
    0x00, 0x00, 0x00, 0xA7, 0x50, 0x0D, 0x00, 0x00, 0x00, 0x00, 0x00, 0x00, 0xA0, 0xCF, 0x02, 0x00,
    0x00, 0x00, 0x00, 0x00, 0x00, 0x00, 0x00, 0x00, 0x00, 0x00, 0x00, 0x00, 0x00, 0x00, 0x90, 0x9F,
    0x00, 0x00, 0x00, 0x00, 0x00, 0x00, 0x00, 0xF0, 0xFF, 0x01, 0x00, 0x00, 0x00, 0x00, 0x00, 0x00,
    0xF6, 0xFF, 0x08, 0x00, 0x00, 0x00, 0x00, 0x00, 0x00, 0xFD, 0xFF, 0x0E, 0x00, 0x00, 0x00, 0x00,
    0x00, 0x40, 0xFF, 0xF7, 0x6F, 0x00, 0x00, 0x00, 0x00, 0x00, 0xB0, 0xCF, 0xC0, 0xDF, 0x00, 0x00,
    0x00, 0x00, 0x00, 0xF2, 0x5F, 0x40, 0xFF, 0x04, 0x00, 0x00, 0x00, 0x00, 0xF8, 0x0E, 0x00, 0xFD,
    0x0B, 0x00, 0x00, 0x00, 0x00, 0xFE, 0x07, 0x00, 0xF5, 0x2F, 0x00, 0x00, 0x00, 0x60, 0xFF, 0x01,
    0x00, 0xD0, 0x9F, 0x00, 0x00, 0x00, 0xD0, 0xFF, 0xFF, 0xFF, 0xFF, 0xFF, 0x01, 0x00, 0x00, 0xF3,
    0xFF, 0xFF, 0xFF, 0xFF, 0xFF, 0x07, 0x00, 0x00, 0xFA, 0x0A, 0x00, 0x00, 0x00, 0xF6, 0x0E, 0x00,
    0x10, 0xFF, 0x04, 0x00, 0x00, 0x00, 0xF1, 0x5F, 0x00, 0x80, 0xEF, 0x00, 0x00, 0x00, 0x00, 0xA0,
    0xCF, 0x00, 0xE0, 0x8F, 0x00, 0x00, 0x00, 0x00, 0x40, 0xFF, 0x03, 0xF5, 0x2F, 0x00, 0x00, 0x00,
    0x00, 0x00, 0xFD, 0x0A, 0xFC, 0x0C, 0x00, 0x00, 0x00, 0x00, 0x00, 0xF7, 0x2F, 0x00, 0x00, 0x00,
    0x00, 0x00, 0xFB, 0xFF, 0xFF, 0xFF, 0xFF, 0xFF, 0x02, 0x00, 0x00, 0x00, 0x00, 0x50, 0xFF, 0xFE,
    0xFF, 0xFF, 0xFF, 0xFF, 0x02, 0x00, 0x00, 0x00, 0x00, 0xE0, 0xCF, 0xFB, 0x0D, 0x00, 0x00, 0x00,
    0x00, 0x00, 0x00, 0x00, 0x00, 0xF7, 0x3F, 0xFB, 0x0D, 0x00, 0x00, 0x00, 0x00, 0x00, 0x00, 0x00,
    0x10, 0xFF, 0x0A, 0xFB, 0x0D, 0x00, 0x00, 0x00, 0x00, 0x00, 0x00, 0x00, 0xA0, 0xFF, 0x02, 0xFB,
    0x0D, 0x00, 0x00, 0x00, 0x00, 0x00, 0x00, 0x00, 0xF3, 0x9F, 0x00, 0xFB, 0x0D, 0x00, 0x00, 0x00,
    0x00, 0x00, 0x00, 0x00, 0xFD, 0x1F, 0x00, 0xFB, 0x0D, 0x00, 0x00, 0x00, 0x00, 0x00, 0x00, 0x60,
    0xFF, 0xFF, 0xFF, 0xFF, 0xFF, 0xFF, 0xFF, 0xEF, 0x00, 0x00, 0x00, 0xE1, 0xFF, 0xFF, 0xFF, 0xFF,
    0xFF, 0xFF, 0xFF, 0xEF, 0x00, 0x00, 0x00, 0xF9, 0x3F, 0x00, 0x00, 0xFB, 0x0D, 0x00, 0x00, 0x00,
    0x00, 0x00, 0x20, 0xFF, 0x09, 0x00, 0x00, 0xFB, 0x0D, 0x00, 0x00, 0x00, 0x00, 0x00, 0xB0, 0xEF,
    0x01, 0x00, 0x00, 0xFB, 0x0D, 0x00, 0x00, 0x00, 0x00, 0x00, 0xF5, 0x6F, 0x00, 0x00, 0x00, 0xFB,
    0x0D, 0x00, 0x00, 0x00, 0x00, 0x00, 0xFE, 0x0D, 0x00, 0x00, 0x00, 0xFB, 0x0D, 0x00, 0x00, 0x00,
    0x00, 0x70, 0xFF, 0x04, 0x00, 0x00, 0x00, 0xFB, 0x0D, 0x00, 0x00, 0x00, 0x00, 0xF1, 0xBF, 0x00,
    0x00, 0x00, 0x00, 0xFB, 0xFF, 0xFF, 0xFF, 0xFF, 0x06, 0xFA, 0x2F, 0x00, 0x00, 0x00, 0x00, 0xFB,
    0xFF, 0xFF, 0xFF, 0xFF, 0x06, 0x00, 0x00, 0x10, 0xB7, 0xFE, 0xCF, 0x39, 0x00, 0x00, 0x00, 0x00,
    0xF8, 0xFF, 0xFF, 0xFF, 0xFF, 0x4C, 0x00, 0x00, 0xB0, 0xFF, 0x6D, 0x02, 0x20, 0xB6, 0xFF, 0x00,
    0x00, 0xFB, 0x8F, 0x00, 0x00, 0x00, 0x00, 0xB2, 0x00, 0x70, 0xFF, 0x08, 0x00, 0x00, 0x00, 0x00,
    0x00, 0x00, 0xF0, 0xCF, 0x00, 0x00, 0x00, 0x00, 0x00, 0x00, 0x00, 0xF5, 0x5F, 0x00, 0x00, 0x00,
    0x00, 0x00, 0x00, 0x00, 0xF9, 0x0F, 0x00, 0x00, 0x00, 0x00, 0x00, 0x00, 0x00, 0xFA, 0x0E, 0x00,
    0x00, 0x00, 0x00, 0x00, 0x00, 0x00, 0xFB, 0x0E, 0x00, 0x00, 0x00, 0x00, 0x00, 0x00, 0x00, 0xF9,
    0x0F, 0x00, 0x00, 0x00, 0x00, 0x00, 0x00, 0x00, 0xF6, 0x4F, 0x00, 0x00, 0x00, 0x00, 0x00, 0x00,
    0x00, 0xF1, 0xBF, 0x00, 0x00, 0x00, 0x00, 0x00, 0x00, 0x00, 0x80, 0xFF, 0x06, 0x00, 0x00, 0x00,
    0x00, 0x00, 0x00, 0x00, 0xFC, 0x7F, 0x00, 0x00, 0x00, 0x00, 0x91, 0x03, 0x00, 0xD1, 0xFF, 0x6C,
    0x02, 0x20, 0xA5, 0xFF, 0x03, 0x00, 0x00, 0xF9, 0xFF, 0xFF, 0xFF, 0xFF, 0x7F, 0x00, 0x00, 0x00,
    0x20, 0xC8, 0xFF, 0xDF, 0x6A, 0x00, 0x00, 0x00, 0x00, 0x00, 0x10, 0xFF, 0x08, 0x00, 0x00, 0x00,
    0x00, 0x00, 0x00, 0x00, 0xE1, 0x1F, 0x00, 0x00, 0x00, 0x00, 0x00, 0x00, 0xF0, 0xFF, 0x0E, 0x00,
    0x00, 0x00, 0x00, 0x00, 0x00, 0xE0, 0xBE, 0x03, 0x00, 0x00, 0x00, 0x00, 0xD0, 0x8F, 0x00, 0x00,
    0x00, 0x00, 0x30, 0xEF, 0x00, 0x00, 0x00, 0x00, 0x00, 0xF7, 0x06, 0x00, 0x00, 0x00, 0x00, 0xB0,
    0x0D, 0x00, 0x00, 0x00, 0x00, 0x00, 0x00, 0x00, 0x00, 0xF0, 0xFF, 0xFF, 0xFF, 0xFF, 0x0F, 0xF0,
    0xFF, 0xFF, 0xFF, 0xFF, 0x0F, 0xF0, 0x8F, 0x00, 0x00, 0x00, 0x00, 0xF0, 0x8F, 0x00, 0x00, 0x00,
    0x00, 0xF0, 0x8F, 0x00, 0x00, 0x00, 0x00, 0xF0, 0x8F, 0x00, 0x00, 0x00, 0x00, 0xF0, 0x8F, 0x00,
    0x00, 0x00, 0x00, 0xF0, 0x8F, 0x00, 0x00, 0x00, 0x00, 0xF0, 0xFF, 0xFF, 0xFF, 0xFF, 0x0C, 0xF0,
    0xFF, 0xFF, 0xFF, 0xFF, 0x0C, 0xF0, 0x8F, 0x00, 0x00, 0x00, 0x00, 0xF0, 0x8F, 0x00, 0x00, 0x00,
    0x00, 0xF0, 0x8F, 0x00, 0x00, 0x00, 0x00, 0xF0, 0x8F, 0x00, 0x00, 0x00, 0x00, 0xF0, 0x8F, 0x00,
    0x00, 0x00, 0x00, 0xF0, 0x8F, 0x00, 0x00, 0x00, 0x00, 0xF0, 0xFF, 0xFF, 0xFF, 0xFF, 0x4F, 0xF0,
    0xFF, 0xFF, 0xFF, 0xFF, 0x4F, 0x00, 0x00, 0x70, 0xEF, 0x01, 0x00, 0x00, 0x00, 0xD0, 0x4F, 0x00,
    0x00, 0x00, 0x00, 0xF5, 0x08, 0x00, 0x00, 0x00, 0x00, 0xCB, 0x00, 0x00, 0x00, 0x00, 0x00, 0x00,
    0x00, 0x00, 0x00, 0xF0, 0xFF, 0xFF, 0xFF, 0xFF, 0x0F, 0xF0, 0xFF, 0xFF, 0xFF, 0xFF, 0x0F, 0xF0,
    0x8F, 0x00, 0x00, 0x00, 0x00, 0xF0, 0x8F, 0x00, 0x00, 0x00, 0x00, 0xF0, 0x8F, 0x00, 0x00, 0x00,
    0x00, 0xF0, 0x8F, 0x00, 0x00, 0x00, 0x00, 0xF0, 0x8F, 0x00, 0x00, 0x00, 0x00, 0xF0, 0x8F, 0x00,
    0x00, 0x00, 0x00, 0xF0, 0xFF, 0xFF, 0xFF, 0xFF, 0x0C, 0xF0, 0xFF, 0xFF, 0xFF, 0xFF, 0x0C, 0xF0,
    0x8F, 0x00, 0x00, 0x00, 0x00, 0xF0, 0x8F, 0x00, 0x00, 0x00, 0x00, 0xF0, 0x8F, 0x00, 0x00, 0x00,
    0x00, 0xF0, 0x8F, 0x00, 0x00, 0x00, 0x00, 0xF0, 0x8F, 0x00, 0x00, 0x00, 0x00, 0xF0, 0x8F, 0x00,
    0x00, 0x00, 0x00, 0xF0, 0xFF, 0xFF, 0xFF, 0xFF, 0x4F, 0xF0, 0xFF, 0xFF, 0xFF, 0xFF, 0x4F, 0x00,
    0x00, 0xF8, 0x7F, 0x00, 0x00, 0x00, 0x20, 0xEF, 0xFF, 0x02, 0x00, 0x00, 0xB0, 0x3F, 0xF4, 0x0B,
    0x00, 0x00, 0xF5, 0x03, 0x40, 0x5F, 0x00, 0x00, 0x00, 0x00, 0x00, 0x00, 0x00, 0xF0, 0xFF, 0xFF,
    0xFF, 0xFF, 0x0F, 0xF0, 0xFF, 0xFF, 0xFF, 0xFF, 0x0F, 0xF0, 0x8F, 0x00, 0x00, 0x00, 0x00, 0xF0,
    0x8F, 0x00, 0x00, 0x00, 0x00, 0xF0, 0x8F, 0x00, 0x00, 0x00, 0x00, 0xF0, 0x8F, 0x00, 0x00, 0x00,
    0x00, 0xF0, 0x8F, 0x00, 0x00, 0x00, 0x00, 0xF0, 0x8F, 0x00, 0x00, 0x00, 0x00, 0xF0, 0xFF, 0xFF,
    0xFF, 0xFF, 0x0C, 0xF0, 0xFF, 0xFF, 0xFF, 0xFF, 0x0C, 0xF0, 0x8F, 0x00, 0x00, 0x00, 0x00, 0xF0,
    0x8F, 0x00, 0x00, 0x00, 0x00, 0xF0, 0x8F, 0x00, 0x00, 0x00, 0x00, 0xF0, 0x8F, 0x00, 0x00, 0x00,
    0x00, 0xF0, 0x8F, 0x00, 0x00, 0x00, 0x00, 0xF0, 0x8F, 0x00, 0x00, 0x00, 0x00, 0xF0, 0xFF, 0xFF,
    0xFF, 0xFF, 0x4F, 0xF0, 0xFF, 0xFF, 0xFF, 0xFF, 0x4F, 0x00, 0xCB, 0x00, 0xD0, 0x0B, 0x00, 0x10,
    0xFF, 0x03, 0xF3, 0x1F, 0x00, 0x00, 0xDB, 0x00, 0xD0, 0x0C, 0x00, 0x00, 0x00, 0x00, 0x00, 0x00,
    0x00, 0xF0, 0xFF, 0xFF, 0xFF, 0xFF, 0x0F, 0xF0, 0xFF, 0xFF, 0xFF, 0xFF, 0x0F, 0xF0, 0x8F, 0x00,
    0x00, 0x00, 0x00, 0xF0, 0x8F, 0x00, 0x00, 0x00, 0x00, 0xF0, 0x8F, 0x00, 0x00, 0x00, 0x00, 0xF0,
    0x8F, 0x00, 0x00, 0x00, 0x00, 0xF0, 0x8F, 0x00, 0x00, 0x00, 0x00, 0xF0, 0x8F, 0x00, 0x00, 0x00,
    0x00, 0xF0, 0xFF, 0xFF, 0xFF, 0xFF, 0x0C, 0xF0, 0xFF, 0xFF, 0xFF, 0xFF, 0x0C, 0xF0, 0x8F, 0x00,
    0x00, 0x00, 0x00, 0xF0, 0x8F, 0x00, 0x00, 0x00, 0x00, 0xF0, 0x8F, 0x00, 0x00, 0x00, 0x00, 0xF0,
    0x8F, 0x00, 0x00, 0x00, 0x00, 0xF0, 0x8F, 0x00, 0x00, 0x00, 0x00, 0xF0, 0x8F, 0x00, 0x00, 0x00,
    0x00, 0xF0, 0xFF, 0xFF, 0xFF, 0xFF, 0x4F, 0xF0, 0xFF, 0xFF, 0xFF, 0xFF, 0x4F, 0xF9, 0x0D, 0x00,
    0xD0, 0x4F, 0x00, 0x20, 0xBF, 0x00, 0x00, 0xF6, 0x02, 0x00, 0x00, 0x00, 0x00, 0xFF, 0x08, 0x00,
    0xFF, 0x08, 0x00, 0xFF, 0x08, 0x00, 0xFF, 0x08, 0x00, 0xFF, 0x08, 0x00, 0xFF, 0x08, 0x00, 0xFF,
    0x08, 0x00, 0xFF, 0x08, 0x00, 0xFF, 0x08, 0x00, 0xFF, 0x08, 0x00, 0xFF, 0x08, 0x00, 0xFF, 0x08,
    0x00, 0xFF, 0x08, 0x00, 0xFF, 0x08, 0x00, 0xFF, 0x08, 0x00, 0xFF, 0x08, 0x00, 0xFF, 0x08, 0x00,
    0xFF, 0x08, 0x00, 0xF0, 0x6F, 0x00, 0xF6, 0x0B, 0x00, 0xED, 0x01, 0x40, 0x4F, 0x00, 0x00, 0x00,
    0x00, 0xF0, 0x8F, 0x00, 0xF0, 0x8F, 0x00, 0xF0, 0x8F, 0x00, 0xF0, 0x8F, 0x00, 0xF0, 0x8F, 0x00,
    0xF0, 0x8F, 0x00, 0xF0, 0x8F, 0x00, 0xF0, 0x8F, 0x00, 0xF0, 0x8F, 0x00, 0xF0, 0x8F, 0x00, 0xF0,
    0x8F, 0x00, 0xF0, 0x8F, 0x00, 0xF0, 0x8F, 0x00, 0xF0, 0x8F, 0x00, 0xF0, 0x8F, 0x00, 0xF0, 0x8F,
    0x00, 0xF0, 0x8F, 0x00, 0xF0, 0x8F, 0x00, 0x00, 0xF2, 0xDF, 0x00, 0x00, 0x00, 0xFB, 0xFE, 0x08,
    0x00, 0x40, 0x9F, 0xC0, 0x2F, 0x00, 0xD0, 0x0A, 0x00, 0xCC, 0x00, 0x00, 0x00, 0x00, 0x00, 0x00,
    0x00, 0xF0, 0x8F, 0x00, 0x00, 0x00, 0xF0, 0x8F, 0x00, 0x00, 0x00, 0xF0, 0x8F, 0x00, 0x00, 0x00,
    0xF0, 0x8F, 0x00, 0x00, 0x00, 0xF0, 0x8F, 0x00, 0x00, 0x00, 0xF0, 0x8F, 0x00, 0x00, 0x00, 0xF0,
    0x8F, 0x00, 0x00, 0x00, 0xF0, 0x8F, 0x00, 0x00, 0x00, 0xF0, 0x8F, 0x00, 0x00, 0x00, 0xF0, 0x8F,
    0x00, 0x00, 0x00, 0xF0, 0x8F, 0x00, 0x00, 0x00, 0xF0, 0x8F, 0x00, 0x00, 0x00, 0xF0, 0x8F, 0x00,
    0x00, 0x00, 0xF0, 0x8F, 0x00, 0x00, 0x00, 0xF0, 0x8F, 0x00, 0x00, 0x00, 0xF0, 0x8F, 0x00, 0x00,
    0x00, 0xF0, 0x8F, 0x00, 0x00, 0x00, 0xF0, 0x8F, 0x00, 0x00, 0xD0, 0x0B, 0x10, 0x9E, 0x00, 0xF3,
    0x1F, 0x50, 0xFF, 0x00, 0xD0, 0x0B, 0x10, 0xAE, 0x00, 0x00, 0x00, 0x00, 0x00, 0x00, 0x00, 0xF0,
    0x8F, 0x00, 0x00, 0x00, 0xF0, 0x8F, 0x00, 0x00, 0x00, 0xF0, 0x8F, 0x00, 0x00, 0x00, 0xF0, 0x8F,
    0x00, 0x00, 0x00, 0xF0, 0x8F, 0x00, 0x00, 0x00, 0xF0, 0x8F, 0x00, 0x00, 0x00, 0xF0, 0x8F, 0x00,
    0x00, 0x00, 0xF0, 0x8F, 0x00, 0x00, 0x00, 0xF0, 0x8F, 0x00, 0x00, 0x00, 0xF0, 0x8F, 0x00, 0x00,
    0x00, 0xF0, 0x8F, 0x00, 0x00, 0x00, 0xF0, 0x8F, 0x00, 0x00, 0x00, 0xF0, 0x8F, 0x00, 0x00, 0x00,
    0xF0, 0x8F, 0x00, 0x00, 0x00, 0xF0, 0x8F, 0x00, 0x00, 0x00, 0xF0, 0x8F, 0x00, 0x00, 0x00, 0xF0,
    0x8F, 0x00, 0x00, 0x00, 0xF0, 0x8F, 0x00, 0x00, 0x00, 0xF0, 0xFF, 0xFF, 0xFF, 0xDE, 0x5A, 0x00,
    0x00, 0x00, 0x00, 0xF0, 0xFF, 0xFF, 0xFF, 0xFF, 0xFF, 0x6E, 0x00, 0x00, 0x00, 0xF0, 0x8F, 0x00,
    0x00, 0x31, 0xF8, 0xFF, 0x09, 0x00, 0x00, 0xF0, 0x8F, 0x00, 0x00, 0x00, 0x10, 0xFC, 0x7F, 0x00,
    0x00, 0xF0, 0x8F, 0x00, 0x00, 0x00, 0x00, 0xC0, 0xFF, 0x02, 0x00, 0xF0, 0x8F, 0x00, 0x00, 0x00,
    0x00, 0x20, 0xFF, 0x09, 0x00, 0xF0, 0x8F, 0x00, 0x00, 0x00, 0x00, 0x00, 0xFB, 0x0E, 0x00, 0xF0,
    0x8F, 0x00, 0x00, 0x00, 0x00, 0x00, 0xF7, 0x2F, 0xF1, 0xFF, 0xFF, 0xFF, 0xFF, 0x08, 0x00, 0x00,
    0xF6, 0x3F, 0xF1, 0xFF, 0xFF, 0xFF, 0xFF, 0x08, 0x00, 0x00, 0xF6, 0x3F, 0x00, 0xF0, 0x8F, 0x00,
    0x00, 0x00, 0x00, 0x00, 0xF8, 0x2F, 0x00, 0xF0, 0x8F, 0x00, 0x00, 0x00, 0x00, 0x00, 0xFC, 0x0E,
    0x00, 0xF0, 0x8F, 0x00, 0x00, 0x00, 0x00, 0x30, 0xFF, 0x08, 0x00, 0xF0, 0x8F, 0x00, 0x00, 0x00,
    0x00, 0xD0, 0xFF, 0x01, 0x00, 0xF0, 0x8F, 0x00, 0x00, 0x00, 0x10, 0xFC, 0x5F, 0x00, 0x00, 0xF0,
    0x8F, 0x00, 0x00, 0x31, 0xE8, 0xFF, 0x07, 0x00, 0x00, 0xF0, 0xFF, 0xFF, 0xFF, 0xFF, 0xFF, 0x4D,
    0x00, 0x00, 0x00, 0xF0, 0xFF, 0xFF, 0xFF, 0xEF, 0x5B, 0x00, 0x00, 0x00, 0x00, 0x00, 0x60, 0xDF,
    0x38, 0xD1, 0x03, 0x00, 0x00, 0x00, 0x00, 0xF1, 0xFF, 0xFF, 0xFF, 0x00, 0x00, 0x00, 0x00, 0x00,
    0xE4, 0x31, 0xD8, 0x6E, 0x00, 0x00, 0x00, 0x00, 0x00, 0x00, 0x00, 0x00, 0x00, 0x00, 0x00, 0x00,
    0x00, 0x00, 0x00, 0x00, 0x00, 0x00, 0x00, 0x00, 0x00, 0xFF, 0x07, 0x00, 0x00, 0x00, 0x00, 0x00,
    0xFF, 0x07, 0xFF, 0x4F, 0x00, 0x00, 0x00, 0x00, 0x00, 0xFF, 0x07, 0xFF, 0xEF, 0x01, 0x00, 0x00,
    0x00, 0x00, 0xFF, 0x07, 0xFF, 0xE8, 0x0C, 0x00, 0x00, 0x00, 0x00, 0xFF, 0x07, 0xFF, 0x36, 0x9F,
    0x00, 0x00, 0x00, 0x00, 0xFF, 0x07, 0xFF, 0x06, 0xF7, 0x05, 0x00, 0x00, 0x00, 0xFF, 0x07, 0xFF,
    0x06, 0xA0, 0x2F, 0x00, 0x00, 0x00, 0xFF, 0x07, 0xFF, 0x06, 0x00, 0xDD, 0x01, 0x00, 0x00, 0xFF,
    0x07, 0xFF, 0x06, 0x00, 0xF2, 0x0B, 0x00, 0x00, 0xFF, 0x07, 0xFF, 0x06, 0x00, 0x50, 0x7F, 0x00,
    0x00, 0xFF, 0x07, 0xFF, 0x06, 0x00, 0x00, 0xF8, 0x04, 0x00, 0xFF, 0x07, 0xFF, 0x06, 0x00, 0x00,
    0xC0, 0x1E, 0x00, 0xFF, 0x07, 0xFF, 0x06, 0x00, 0x00, 0x10, 0xCE, 0x00, 0xFF, 0x07, 0xFF, 0x06,
    0x00, 0x00, 0x00, 0xF3, 0x09, 0xFF, 0x07, 0xFF, 0x06, 0x00, 0x00, 0x00, 0x70, 0x6F, 0xFF, 0x07,
    0xFF, 0x06, 0x00, 0x00, 0x00, 0x00, 0xFA, 0xFF, 0x07, 0xFF, 0x06, 0x00, 0x00, 0x00, 0x00, 0xD0,
    0xFF, 0x07, 0xFF, 0x06, 0x00, 0x00, 0x00, 0x00, 0x20, 0xFF, 0x07, 0x00, 0x00, 0x00, 0xE1, 0x7F,
    0x00, 0x00, 0x00, 0x00, 0x00, 0x00, 0x00, 0x00, 0x30, 0xEF, 0x00, 0x00, 0x00, 0x00, 0x00, 0x00,
    0x00, 0x00, 0x00, 0xF8, 0x05, 0x00, 0x00, 0x00, 0x00, 0x00, 0x00, 0x00, 0x00, 0xC0, 0x0C, 0x00,
    0x00, 0x00, 0x00, 0x00, 0x00, 0x00, 0x00, 0x00, 0x00, 0x00, 0x00, 0x00, 0x00, 0x00, 0x00, 0x20,
    0xC8, 0xFE, 0xDE, 0x49, 0x00, 0x00, 0x00, 0x00, 0x10, 0xFA, 0xFF, 0xFF, 0xFF, 0xFF, 0x3D, 0x00,
    0x00, 0x00, 0xD2, 0xFF, 0x5C, 0x01, 0x31, 0xF8, 0xFF, 0x06, 0x00, 0x10, 0xFD, 0x5F, 0x00, 0x00,
    0x00, 0x20, 0xFD, 0x5F, 0x00, 0x90, 0xFF, 0x05, 0x00, 0x00, 0x00, 0x00, 0xD1, 0xFF, 0x01, 0xF2,
    0xAF, 0x00, 0x00, 0x00, 0x00, 0x00, 0x30, 0xFF, 0x08, 0xF7, 0x3F, 0x00, 0x00, 0x00, 0x00, 0x00,
    0x00, 0xFC, 0x0D, 0xFA, 0x0F, 0x00, 0x00, 0x00, 0x00, 0x00, 0x00, 0xF8, 0x1F, 0xFC, 0x0D, 0x00,
    0x00, 0x00, 0x00, 0x00, 0x00, 0xF6, 0x3F, 0xFC, 0x0D, 0x00, 0x00, 0x00, 0x00, 0x00, 0x00, 0xF6,
    0x3F, 0xFB, 0x0F, 0x00, 0x00, 0x00, 0x00, 0x00, 0x00, 0xF8, 0x1F, 0xF7, 0x3F, 0x00, 0x00, 0x00,
    0x00, 0x00, 0x00, 0xFC, 0x0E, 0xF2, 0xAF, 0x00, 0x00, 0x00, 0x00, 0x00, 0x40, 0xFF, 0x08, 0xA0,
    0xFF, 0x05, 0x00, 0x00, 0x00, 0x00, 0xD1, 0xFF, 0x01, 0x10, 0xFE, 0x6F, 0x00, 0x00, 0x00, 0x20,
    0xFD, 0x5F, 0x00, 0x00, 0xE2, 0xFF, 0x5B, 0x01, 0x31, 0xF9, 0xFF, 0x06, 0x00, 0x00, 0x10, 0xFA,
    0xFF, 0xFF, 0xFF, 0xFF, 0x3D, 0x00, 0x00, 0x00, 0x00, 0x30, 0xC8, 0xFE, 0xDE, 0x49, 0x00, 0x00,
    0x00, 0x00, 0x00, 0x00, 0x00, 0x80, 0xDF, 0x00, 0x00, 0x00, 0x00, 0x00, 0x00, 0x00, 0x00, 0xE0,
    0x3F, 0x00, 0x00, 0x00, 0x00, 0x00, 0x00, 0x00, 0x00, 0xF6, 0x07, 0x00, 0x00, 0x00, 0x00, 0x00,
    0x00, 0x00, 0x00, 0xBD, 0x00, 0x00, 0x00, 0x00, 0x00, 0x00, 0x00, 0x00, 0x00, 0x00, 0x00, 0x00,
    0x00, 0x00, 0x00, 0x00, 0x00, 0x20, 0xC8, 0xFE, 0xDE, 0x49, 0x00, 0x00, 0x00, 0x00, 0x10, 0xFA,
    0xFF, 0xFF, 0xFF, 0xFF, 0x3D, 0x00, 0x00, 0x00, 0xD2, 0xFF, 0x5C, 0x01, 0x31, 0xF8, 0xFF, 0x06,
    0x00, 0x10, 0xFD, 0x5F, 0x00, 0x00, 0x00, 0x20, 0xFD, 0x5F, 0x00, 0x90, 0xFF, 0x05, 0x00, 0x00,
    0x00, 0x00, 0xD1, 0xFF, 0x01, 0xF2, 0xAF, 0x00, 0x00, 0x00, 0x00, 0x00, 0x30, 0xFF, 0x08, 0xF7,
    0x3F, 0x00, 0x00, 0x00, 0x00, 0x00, 0x00, 0xFC, 0x0D, 0xFA, 0x0F, 0x00, 0x00, 0x00, 0x00, 0x00,
    0x00, 0xF8, 0x1F, 0xFC, 0x0D, 0x00, 0x00, 0x00, 0x00, 0x00, 0x00, 0xF6, 0x3F, 0xFC, 0x0D, 0x00,
    0x00, 0x00, 0x00, 0x00, 0x00, 0xF6, 0x3F, 0xFB, 0x0F, 0x00, 0x00, 0x00, 0x00, 0x00, 0x00, 0xF8,
    0x1F, 0xF7, 0x3F, 0x00, 0x00, 0x00, 0x00, 0x00, 0x00, 0xFC, 0x0E, 0xF2, 0xAF, 0x00, 0x00, 0x00,
    0x00, 0x00, 0x40, 0xFF, 0x08, 0xA0, 0xFF, 0x05, 0x00, 0x00, 0x00, 0x00, 0xD1, 0xFF, 0x01, 0x10,
    0xFE, 0x6F, 0x00, 0x00, 0x00, 0x20, 0xFD, 0x5F, 0x00, 0x00, 0xE2, 0xFF, 0x5B, 0x01, 0x31, 0xF9,
    0xFF, 0x06, 0x00, 0x00, 0x10, 0xFA, 0xFF, 0xFF, 0xFF, 0xFF, 0x3D, 0x00, 0x00, 0x00, 0x00, 0x30,
    0xC8, 0xFE, 0xDE, 0x49, 0x00, 0x00, 0x00, 0x00, 0x00, 0x00, 0x40, 0xFF, 0x0C, 0x00, 0x00, 0x00,
    0x00, 0x00, 0x00, 0x00, 0xD0, 0xEF, 0x5F, 0x00, 0x00, 0x00, 0x00, 0x00, 0x00, 0x00, 0xF7, 0x16,
    0xED, 0x01, 0x00, 0x00, 0x00, 0x00, 0x00, 0x10, 0x7F, 0x00, 0xE2, 0x09, 0x00, 0x00, 0x00, 0x00,
    0x00, 0x00, 0x00, 0x00, 0x00, 0x00, 0x00, 0x00, 0x00, 0x00, 0x00, 0x20, 0xC8, 0xFE, 0xDE, 0x49,
    0x00, 0x00, 0x00, 0x00, 0x10, 0xFA, 0xFF, 0xFF, 0xFF, 0xFF, 0x3D, 0x00, 0x00, 0x00, 0xD2, 0xFF,
    0x5C, 0x01, 0x31, 0xF8, 0xFF, 0x06, 0x00, 0x10, 0xFD, 0x5F, 0x00, 0x00, 0x00, 0x20, 0xFD, 0x5F,
    0x00, 0x90, 0xFF, 0x05, 0x00, 0x00, 0x00, 0x00, 0xD1, 0xFF, 0x01, 0xF2, 0xAF, 0x00, 0x00, 0x00,
    0x00, 0x00, 0x30, 0xFF, 0x08, 0xF7, 0x3F, 0x00, 0x00, 0x00, 0x00, 0x00, 0x00, 0xFC, 0x0D, 0xFA,
    0x0F, 0x00, 0x00, 0x00, 0x00, 0x00, 0x00, 0xF8, 0x1F, 0xFC, 0x0D, 0x00, 0x00, 0x00, 0x00, 0x00,
    0x00, 0xF6, 0x3F, 0xFC, 0x0D, 0x00, 0x00, 0x00, 0x00, 0x00, 0x00, 0xF6, 0x3F, 0xFB, 0x0F, 0x00,
    0x00, 0x00, 0x00, 0x00, 0x00, 0xF8, 0x1F, 0xF7, 0x3F, 0x00, 0x00, 0x00, 0x00, 0x00, 0x00, 0xFC,
    0x0E, 0xF2, 0xAF, 0x00, 0x00, 0x00, 0x00, 0x00, 0x40, 0xFF, 0x08, 0xA0, 0xFF, 0x05, 0x00, 0x00,
    0x00, 0x00, 0xD1, 0xFF, 0x01, 0x10, 0xFE, 0x6F, 0x00, 0x00, 0x00, 0x20, 0xFD, 0x5F, 0x00, 0x00,
    0xE2, 0xFF, 0x5B, 0x01, 0x31, 0xF9, 0xFF, 0x06, 0x00, 0x00, 0x10, 0xFA, 0xFF, 0xFF, 0xFF, 0xFF,
    0x3D, 0x00, 0x00, 0x00, 0x00, 0x30, 0xC8, 0xFE, 0xDE, 0x49, 0x00, 0x00, 0x00, 0x00, 0x00, 0x00,
    0xD3, 0xAE, 0x05, 0x8A, 0x00, 0x00, 0x00, 0x00, 0x00, 0x00, 0xFC, 0xFF, 0xFF, 0x4F, 0x00, 0x00,
    0x00, 0x00, 0x00, 0x00, 0x4F, 0x71, 0xFC, 0x09, 0x00, 0x00, 0x00, 0x00, 0x00, 0x00, 0x00, 0x00,
    0x00, 0x00, 0x00, 0x00, 0x00, 0x00, 0x00, 0x00, 0x00, 0x00, 0x00, 0x00, 0x00, 0x00, 0x00, 0x00,
    0x00, 0x20, 0xC8, 0xFE, 0xDE, 0x49, 0x00, 0x00, 0x00, 0x00, 0x10, 0xFA, 0xFF, 0xFF, 0xFF, 0xFF,
    0x3D, 0x00, 0x00, 0x00, 0xD2, 0xFF, 0x5C, 0x01, 0x31, 0xF8, 0xFF, 0x06, 0x00, 0x10, 0xFD, 0x5F,
    0x00, 0x00, 0x00, 0x20, 0xFD, 0x5F, 0x00, 0x90, 0xFF, 0x05, 0x00, 0x00, 0x00, 0x00, 0xD1, 0xFF,
    0x01, 0xF2, 0xAF, 0x00, 0x00, 0x00, 0x00, 0x00, 0x30, 0xFF, 0x08, 0xF7, 0x3F, 0x00, 0x00, 0x00,
    0x00, 0x00, 0x00, 0xFC, 0x0D, 0xFA, 0x0F, 0x00, 0x00, 0x00, 0x00, 0x00, 0x00, 0xF8, 0x1F, 0xFC,
    0x0D, 0x00, 0x00, 0x00, 0x00, 0x00, 0x00, 0xF6, 0x3F, 0xFC, 0x0D, 0x00, 0x00, 0x00, 0x00, 0x00,
    0x00, 0xF6, 0x3F, 0xFB, 0x0F, 0x00, 0x00, 0x00, 0x00, 0x00, 0x00, 0xF8, 0x1F, 0xF7, 0x3F, 0x00,
    0x00, 0x00, 0x00, 0x00, 0x00, 0xFC, 0x0E, 0xF2, 0xAF, 0x00, 0x00, 0x00, 0x00, 0x00, 0x40, 0xFF,
    0x08, 0xA0, 0xFF, 0x05, 0x00, 0x00, 0x00, 0x00, 0xD1, 0xFF, 0x01, 0x10, 0xFE, 0x6F, 0x00, 0x00,
    0x00, 0x20, 0xFD, 0x5F, 0x00, 0x00, 0xE2, 0xFF, 0x5B, 0x01, 0x31, 0xF9, 0xFF, 0x06, 0x00, 0x00,
    0x10, 0xFA, 0xFF, 0xFF, 0xFF, 0xFF, 0x3D, 0x00, 0x00, 0x00, 0x00, 0x30, 0xC8, 0xFE, 0xDE, 0x49,
    0x00, 0x00, 0x00, 0x00, 0x00, 0x00, 0xDB, 0x00, 0xC0, 0x0C, 0x00, 0x00, 0x00, 0x00, 0x00, 0x00,
    0xFF, 0x04, 0xF2, 0x2F, 0x00, 0x00, 0x00, 0x00, 0x00, 0x00, 0xDB, 0x00, 0xC0, 0x0C, 0x00, 0x00,
    0x00, 0x00, 0x00, 0x00, 0x00, 0x00, 0x00, 0x00, 0x00, 0x00, 0x00, 0x00, 0x00, 0x20, 0xC8, 0xFE,
    0xDE, 0x49, 0x00, 0x00, 0x00, 0x00, 0x10, 0xFA, 0xFF, 0xFF, 0xFF, 0xFF, 0x3D, 0x00, 0x00, 0x00,
    0xD2, 0xFF, 0x5C, 0x01, 0x31, 0xF8, 0xFF, 0x06, 0x00, 0x10, 0xFD, 0x5F, 0x00, 0x00, 0x00, 0x20,
    0xFD, 0x5F, 0x00, 0x90, 0xFF, 0x05, 0x00, 0x00, 0x00, 0x00, 0xD1, 0xFF, 0x01, 0xF2, 0xAF, 0x00,
    0x00, 0x00, 0x00, 0x00, 0x30, 0xFF, 0x08, 0xF7, 0x3F, 0x00, 0x00, 0x00, 0x00, 0x00, 0x00, 0xFC,
    0x0D, 0xFA, 0x0F, 0x00, 0x00, 0x00, 0x00, 0x00, 0x00, 0xF8, 0x1F, 0xFC, 0x0D, 0x00, 0x00, 0x00,
    0x00, 0x00, 0x00, 0xF6, 0x3F, 0xFC, 0x0D, 0x00, 0x00, 0x00, 0x00, 0x00, 0x00, 0xF6, 0x3F, 0xFB,
    0x0F, 0x00, 0x00, 0x00, 0x00, 0x00, 0x00, 0xF8, 0x1F, 0xF7, 0x3F, 0x00, 0x00, 0x00, 0x00, 0x00,
    0x00, 0xFC, 0x0E, 0xF2, 0xAF, 0x00, 0x00, 0x00, 0x00, 0x00, 0x40, 0xFF, 0x08, 0xA0, 0xFF, 0x05,
    0x00, 0x00, 0x00, 0x00, 0xD1, 0xFF, 0x01, 0x10, 0xFE, 0x6F, 0x00, 0x00, 0x00, 0x20, 0xFD, 0x5F,
    0x00, 0x00, 0xE2, 0xFF, 0x5B, 0x01, 0x31, 0xF9, 0xFF, 0x06, 0x00, 0x00, 0x10, 0xFA, 0xFF, 0xFF,
    0xFF, 0xFF, 0x3D, 0x00, 0x00, 0x00, 0x00, 0x30, 0xC8, 0xFE, 0xDE, 0x49, 0x00, 0x00, 0x00, 0xB1,
    0x02, 0x00, 0x00, 0xB1, 0x02, 0xFB, 0x2E, 0x00, 0x10, 0xFD, 0x0D, 0xD1, 0xEF, 0x02, 0xD1, 0xEF,
    0x02, 0x10, 0xFD, 0x4E, 0xFD, 0x2E, 0x00, 0x00, 0xD1, 0xFF, 0xEF, 0x02, 0x00, 0x00, 0x30, 0xFF,
    0x5F, 0x00, 0x00, 0x00, 0xD1, 0xFF, 0xEF, 0x03, 0x00, 0x10, 0xFD, 0x4E, 0xFD, 0x3E, 0x00, 0xD1,
    0xEF, 0x02, 0xD1, 0xEF, 0x03, 0xFB, 0x2E, 0x00, 0x10, 0xFD, 0x0D, 0xB1, 0x02, 0x00, 0x00, 0xC1,
    0x02, 0x00, 0x00, 0x20, 0xC7, 0xFE, 0xDF, 0x39, 0x00, 0x04, 0x00, 0x00, 0x00, 0xF9, 0xFF, 0xFF,
    0xFF, 0xFF, 0xAB, 0x4F, 0x00, 0x00, 0xD1, 0xFF, 0x5C, 0x01, 0x41, 0xFA, 0xFF, 0x0A, 0x00, 0x00,
    0xFD, 0x6F, 0x00, 0x00, 0x00, 0xB0, 0xFF, 0x5F, 0x00, 0x90, 0xFF, 0x06, 0x00, 0x00, 0x00, 0xF8,
    0xE9, 0xEF, 0x01, 0xF1, 0xBF, 0x00, 0x00, 0x00, 0x50, 0xAF, 0x50, 0xFF, 0x08, 0xF6, 0x3F, 0x00,
    0x00, 0x00, 0xF3, 0x0C, 0x00, 0xFE, 0x0D, 0xFA, 0x0F, 0x00, 0x00, 0x20, 0xEE, 0x01, 0x00, 0xF9,
    0x1F, 0xFC, 0x0D, 0x00, 0x00, 0xD0, 0x2F, 0x00, 0x00, 0xF7, 0x2F, 0xFC, 0x0D, 0x00, 0x00, 0xFB,
    0x04, 0x00, 0x00, 0xF7, 0x2F, 0xFA, 0x0F, 0x00, 0x90, 0x7F, 0x00, 0x00, 0x00, 0xF8, 0x1F, 0xF7,
    0x4F, 0x00, 0xF6, 0x09, 0x00, 0x00, 0x00, 0xFD, 0x0D, 0xF2, 0xBF, 0x40, 0xBF, 0x00, 0x00, 0x00,
    0x40, 0xFF, 0x08, 0xB0, 0xFF, 0xF8, 0x1D, 0x00, 0x00, 0x00, 0xD1, 0xFF, 0x01, 0x20, 0xFF, 0xFF,
    0x02, 0x00, 0x00, 0x10, 0xFC, 0x5F, 0x00, 0x00, 0xF5, 0xFF, 0x6D, 0x02, 0x31, 0xF8, 0xFF, 0x06,
    0x00, 0x00, 0xFC, 0xFC, 0xFF, 0xFF, 0xFF, 0xFF, 0x3D, 0x00, 0x00, 0x00, 0x48, 0x30, 0xC9, 0xFE,
    0xDF, 0x59, 0x00, 0x00, 0x00, 0x00, 0x00, 0xC0, 0xAF, 0x00, 0x00, 0x00, 0x00, 0x00, 0x00, 0x10,
    0xFE, 0x02, 0x00, 0x00, 0x00, 0x00, 0x00, 0x00, 0xF4, 0x08, 0x00, 0x00, 0x00, 0x00, 0x00, 0x00,
    0x90, 0x0F, 0x00, 0x00, 0x00, 0x00, 0x00, 0x00, 0x00, 0x00, 0x00, 0x00, 0x00, 0xF6, 0x2F, 0x00,
    0x00, 0x00, 0x00, 0xB0, 0xDF, 0xF6, 0x2F, 0x00, 0x00, 0x00, 0x00, 0xB0, 0xDF, 0xF6, 0x2F, 0x00,
    0x00, 0x00, 0x00, 0xB0, 0xDF, 0xF6, 0x2F, 0x00, 0x00, 0x00, 0x00, 0xB0, 0xDF, 0xF6, 0x2F, 0x00,
    0x00, 0x00, 0x00, 0xB0, 0xDF, 0xF6, 0x2F, 0x00, 0x00, 0x00, 0x00, 0xB0, 0xDF, 0xF6, 0x2F, 0x00,
    0x00, 0x00, 0x00, 0xB0, 0xDF, 0xF6, 0x2F, 0x00, 0x00, 0x00, 0x00, 0xB0, 0xDF, 0xF6, 0x2F, 0x00,
    0x00, 0x00, 0x00, 0xB0, 0xDF, 0xF6, 0x2F, 0x00, 0x00, 0x00, 0x00, 0xB0, 0xDF, 0xF6, 0x2F, 0x00,
    0x00, 0x00, 0x00, 0xB0, 0xDF, 0xF5, 0x3F, 0x00, 0x00, 0x00, 0x00, 0xB0, 0xCF, 0xF4, 0x4F, 0x00,
    0x00, 0x00, 0x00, 0xD0, 0xAF, 0xF0, 0x9F, 0x00, 0x00, 0x00, 0x00, 0xF2, 0x7F, 0x90, 0xFF, 0x04,
    0x00, 0x00, 0x00, 0xFC, 0x1F, 0x10, 0xFD, 0x9F, 0x13, 0x20, 0xE6, 0xFF, 0x05, 0x00, 0xC1, 0xFF,
    0xFF, 0xFF, 0xFF, 0x5E, 0x00, 0x00, 0x00, 0xA4, 0xFD, 0xEF, 0x7B, 0x01, 0x00, 0x00, 0x00, 0x00,
    0x00, 0xF9, 0x0D, 0x00, 0x00, 0x00, 0x00, 0x00, 0x00, 0xFF, 0x02, 0x00, 0x00, 0x00, 0x00, 0x00,
    0x70, 0x6F, 0x00, 0x00, 0x00, 0x00, 0x00, 0x00, 0xD0, 0x0B, 0x00, 0x00, 0x00, 0x00, 0x00, 0x00,
    0x00, 0x00, 0x00, 0x00, 0x00, 0xF6, 0x2F, 0x00, 0x00, 0x00, 0x00, 0xB0, 0xDF, 0xF6, 0x2F, 0x00,
    0x00, 0x00, 0x00, 0xB0, 0xDF, 0xF6, 0x2F, 0x00, 0x00, 0x00, 0x00, 0xB0, 0xDF, 0xF6, 0x2F, 0x00,
    0x00, 0x00, 0x00, 0xB0, 0xDF, 0xF6, 0x2F, 0x00, 0x00, 0x00, 0x00, 0xB0, 0xDF, 0xF6, 0x2F, 0x00,
    0x00, 0x00, 0x00, 0xB0, 0xDF, 0xF6, 0x2F, 0x00, 0x00, 0x00, 0x00, 0xB0, 0xDF, 0xF6, 0x2F, 0x00,
    0x00, 0x00, 0x00, 0xB0, 0xDF, 0xF6, 0x2F, 0x00, 0x00, 0x00, 0x00, 0xB0, 0xDF, 0xF6, 0x2F, 0x00,
    0x00, 0x00, 0x00, 0xB0, 0xDF, 0xF6, 0x2F, 0x00, 0x00, 0x00, 0x00, 0xB0, 0xDF, 0xF5, 0x3F, 0x00,
    0x00, 0x00, 0x00, 0xB0, 0xCF, 0xF4, 0x4F, 0x00, 0x00, 0x00, 0x00, 0xD0, 0xAF, 0xF0, 0x9F, 0x00,
    0x00, 0x00, 0x00, 0xF2, 0x7F, 0x90, 0xFF, 0x04, 0x00, 0x00, 0x00, 0xFC, 0x1F, 0x10, 0xFD, 0x9F,
    0x13, 0x20, 0xE6, 0xFF, 0x05, 0x00, 0xC1, 0xFF, 0xFF, 0xFF, 0xFF, 0x5E, 0x00, 0x00, 0x00, 0xA4,
    0xFD, 0xEF, 0x7B, 0x01, 0x00, 0x00, 0x00, 0x00, 0xF7, 0x9F, 0x00, 0x00, 0x00, 0x00, 0x00, 0x10,
    0xFF, 0xFF, 0x03, 0x00, 0x00, 0x00, 0x00, 0x90, 0x4F, 0xF3, 0x0C, 0x00, 0x00, 0x00, 0x00, 0xF3,
    0x05, 0x30, 0x6F, 0x00, 0x00, 0x00, 0x00, 0x00, 0x00, 0x00, 0x00, 0x00, 0x00, 0xF6, 0x2F, 0x00,
    0x00, 0x00, 0x00, 0xB0, 0xDF, 0xF6, 0x2F, 0x00, 0x00, 0x00, 0x00, 0xB0, 0xDF, 0xF6, 0x2F, 0x00,
    0x00, 0x00, 0x00, 0xB0, 0xDF, 0xF6, 0x2F, 0x00, 0x00, 0x00, 0x00, 0xB0, 0xDF, 0xF6, 0x2F, 0x00,
    0x00, 0x00, 0x00, 0xB0, 0xDF, 0xF6, 0x2F, 0x00, 0x00, 0x00, 0x00, 0xB0, 0xDF, 0xF6, 0x2F, 0x00,
    0x00, 0x00, 0x00, 0xB0, 0xDF, 0xF6, 0x2F, 0x00, 0x00, 0x00, 0x00, 0xB0, 0xDF, 0xF6, 0x2F, 0x00,
    0x00, 0x00, 0x00, 0xB0, 0xDF, 0xF6, 0x2F, 0x00, 0x00, 0x00, 0x00, 0xB0, 0xDF, 0xF6, 0x2F, 0x00,
    0x00, 0x00, 0x00, 0xB0, 0xDF, 0xF5, 0x3F, 0x00, 0x00, 0x00, 0x00, 0xB0, 0xCF, 0xF4, 0x4F, 0x00,
    0x00, 0x00, 0x00, 0xD0, 0xAF, 0xF0, 0x9F, 0x00, 0x00, 0x00, 0x00, 0xF2, 0x7F, 0x90, 0xFF, 0x04,
    0x00, 0x00, 0x00, 0xFC, 0x1F, 0x10, 0xFD, 0x9F, 0x13, 0x20, 0xE6, 0xFF, 0x05, 0x00, 0xC1, 0xFF,
    0xFF, 0xFF, 0xFF, 0x5E, 0x00, 0x00, 0x00, 0xA4, 0xFD, 0xEF, 0x7B, 0x01, 0x00, 0x00, 0x00, 0xE1,
    0x09, 0x30, 0x7E, 0x00, 0x00, 0x00, 0x00, 0xF5, 0x0F, 0x70, 0xDF, 0x00, 0x00, 0x00, 0x00, 0xE1,
    0x09, 0x30, 0x8E, 0x00, 0x00, 0x00, 0x00, 0x00, 0x00, 0x00, 0x00, 0x00, 0x00, 0xF6, 0x2F, 0x00,
    0x00, 0x00, 0x00, 0xB0, 0xDF, 0xF6, 0x2F, 0x00, 0x00, 0x00, 0x00, 0xB0, 0xDF, 0xF6, 0x2F, 0x00,
    0x00, 0x00, 0x00, 0xB0, 0xDF, 0xF6, 0x2F, 0x00, 0x00, 0x00, 0x00, 0xB0, 0xDF, 0xF6, 0x2F, 0x00,
    0x00, 0x00, 0x00, 0xB0, 0xDF, 0xF6, 0x2F, 0x00, 0x00, 0x00, 0x00, 0xB0, 0xDF, 0xF6, 0x2F, 0x00,
    0x00, 0x00, 0x00, 0xB0, 0xDF, 0xF6, 0x2F, 0x00, 0x00, 0x00, 0x00, 0xB0, 0xDF, 0xF6, 0x2F, 0x00,
    0x00, 0x00, 0x00, 0xB0, 0xDF, 0xF6, 0x2F, 0x00, 0x00, 0x00, 0x00, 0xB0, 0xDF, 0xF6, 0x2F, 0x00,
    0x00, 0x00, 0x00, 0xB0, 0xDF, 0xF5, 0x3F, 0x00, 0x00, 0x00, 0x00, 0xB0, 0xCF, 0xF4, 0x4F, 0x00,
    0x00, 0x00, 0x00, 0xD0, 0xAF, 0xF0, 0x9F, 0x00, 0x00, 0x00, 0x00, 0xF2, 0x7F, 0x90, 0xFF, 0x04,
    0x00, 0x00, 0x00, 0xFC, 0x1F, 0x10, 0xFD, 0x9F, 0x13, 0x20, 0xE6, 0xFF, 0x05, 0x00, 0xC1, 0xFF,
    0xFF, 0xFF, 0xFF, 0x5E, 0x00, 0x00, 0x00, 0xA4, 0xFD, 0xEF, 0x7B, 0x01, 0x00, 0x00, 0x00, 0x00,
    0x10, 0xFF, 0x05, 0x00, 0x00, 0x00, 0x00, 0x00, 0x80, 0x9F, 0x00, 0x00, 0x00, 0x00, 0x00, 0x00,
    0xE0, 0x0D, 0x00, 0x00, 0x00, 0x00, 0x00, 0x00, 0xF6, 0x03, 0x00, 0x00, 0x00, 0x00, 0x00, 0x00,
    0x00, 0x00, 0x00, 0x00, 0x00, 0xF9, 0x6F, 0x00, 0x00, 0x00, 0x00, 0xFB, 0x5F, 0xC0, 0xFF, 0x02,
    0x00, 0x00, 0x60, 0xFF, 0x08, 0x20, 0xFE, 0x0C, 0x00, 0x00, 0xF2, 0xCF, 0x00, 0x00, 0xF4, 0x7F,
    0x00, 0x00, 0xFC, 0x1E, 0x00, 0x00, 0x80, 0xFF, 0x03, 0x80, 0xFF, 0x03, 0x00, 0x00, 0x00, 0xFB,
    0x0D, 0xF3, 0x7F, 0x00, 0x00, 0x00, 0x00, 0xE1, 0x9F, 0xFD, 0x0A, 0x00, 0x00, 0x00, 0x00, 0x30,
    0xFF, 0xDF, 0x00, 0x00, 0x00, 0x00, 0x00, 0x00, 0xF8, 0x3F, 0x00, 0x00, 0x00, 0x00, 0x00, 0x00,
    0xF7, 0x2F, 0x00, 0x00, 0x00, 0x00, 0x00, 0x00, 0xF7, 0x2F, 0x00, 0x00, 0x00, 0x00, 0x00, 0x00,
    0xF7, 0x2F, 0x00, 0x00, 0x00, 0x00, 0x00, 0x00, 0xF7, 0x2F, 0x00, 0x00, 0x00, 0x00, 0x00, 0x00,
    0xF7, 0x2F, 0x00, 0x00, 0x00, 0x00, 0x00, 0x00, 0xF7, 0x2F, 0x00, 0x00, 0x00, 0x00, 0x00, 0x00,
    0xF7, 0x2F, 0x00, 0x00, 0x00, 0x00, 0x00, 0x00, 0xF7, 0x2F, 0x00, 0x00, 0x00, 0x00, 0x00, 0x00,
    0xF7, 0x2F, 0x00, 0x00, 0x00, 0xF3, 0x6F, 0x00, 0x00, 0x00, 0x00, 0xF3, 0x6F, 0x00, 0x00, 0x00,
    0x00, 0xF3, 0x6F, 0x00, 0x00, 0x00, 0x00, 0xF3, 0x6F, 0x00, 0x00, 0x00, 0x00, 0xF3, 0xFF, 0xFF,
    0xEF, 0x4B, 0x00, 0xF3, 0xFF, 0xFF, 0xFF, 0xFF, 0x09, 0xF3, 0x6F, 0x00, 0x31, 0xFC, 0x5F, 0xF3,
    0x6F, 0x00, 0x00, 0xE0, 0xCF, 0xF3, 0x6F, 0x00, 0x00, 0xB0, 0xFF, 0xF3, 0x6F, 0x00, 0x00, 0xB0,
    0xFF, 0xF3, 0x6F, 0x00, 0x00, 0xE1, 0xCF, 0xF3, 0x6F, 0x00, 0x30, 0xFC, 0x5F, 0xF3, 0xFF, 0xFF,
    0xFF, 0xFF, 0x08, 0xF3, 0xFF, 0xFF, 0xDF, 0x4A, 0x00, 0xF3, 0x6F, 0x00, 0x00, 0x00, 0x00, 0xF3,
    0x6F, 0x00, 0x00, 0x00, 0x00, 0xF3, 0x6F, 0x00, 0x00, 0x00, 0x00, 0xF3, 0x6F, 0x00, 0x00, 0x00,
    0x00, 0x00, 0xB3, 0xFE, 0xBE, 0x04, 0x00, 0x50, 0xFF, 0xFF, 0xFF, 0x8F, 0x00, 0xE0, 0xCF, 0x02,
    0xD3, 0xFF, 0x02, 0xF4, 0x2F, 0x00, 0x20, 0xFF, 0x05, 0xF6, 0x0E, 0x00, 0x00, 0xFF, 0x04, 0xF7,
    0x0D, 0x00, 0x10, 0xFF, 0x01, 0xF7, 0x0D, 0x00, 0xC3, 0x5F, 0x00, 0xF7, 0x0D, 0xF0, 0xFF, 0x05,
    0x00, 0xF7, 0x0D, 0xF0, 0xFF, 0x9F, 0x00, 0xF7, 0x0D, 0x00, 0xA3, 0xFF, 0x06, 0xF7, 0x0D, 0x00,
    0x00, 0xFB, 0x0D, 0xF7, 0x0D, 0x00, 0x00, 0xF5, 0x0F, 0xF7, 0x0D, 0x00, 0x00, 0xF3, 0x1F, 0xF7,
    0x0D, 0x00, 0x00, 0xF5, 0x0F, 0xF7, 0x0D, 0x00, 0x00, 0xFA, 0x0D, 0xF7, 0x0D, 0x10, 0x81, 0xFF,
    0x07, 0xF7, 0x0D, 0xF3, 0xFF, 0xCF, 0x00, 0xF7, 0x0D, 0xE2, 0xEF, 0x08, 0x00, 0x00, 0xD0, 0x9F,
    0x00, 0x00, 0x00, 0x00, 0x20, 0xFF, 0x01, 0x00, 0x00, 0x00, 0x00, 0xF6, 0x07, 0x00, 0x00, 0x00,
    0x00, 0xA0, 0x0E, 0x00, 0x00, 0x00, 0x00, 0x00, 0x00, 0x00, 0x00, 0x00, 0x00, 0x00, 0x00, 0x00,
    0x00, 0x10, 0xD8, 0xEF, 0x3B, 0x00, 0x00, 0xE0, 0xFF, 0xFF, 0xFF, 0x03, 0x00, 0xF1, 0x3A, 0x30,
    0xFD, 0x0B, 0x00, 0x71, 0x00, 0x00, 0xF6, 0x0E, 0x00, 0x00, 0x00, 0x00, 0xF4, 0x0F, 0x00, 0x00,
    0x00, 0x94, 0xFE, 0x0F, 0x00, 0x00, 0xE6, 0x8F, 0xF6, 0x0F, 0x00, 0x90, 0xCF, 0x01, 0xF4, 0x0F,
    0x00, 0xF2, 0x2F, 0x00, 0xF4, 0x0F, 0x00, 0xF3, 0x0F, 0x00, 0xF4, 0x0F, 0x00, 0xE0, 0x8F, 0x30,
    0xFC, 0x0F, 0x00, 0x30, 0xFC, 0xCE, 0xE8, 0xEF, 0x08, 0x00, 0x00, 0x60, 0xEF, 0x01, 0x00, 0x00,
    0x00, 0xD0, 0x5F, 0x00, 0x00, 0x00, 0x00, 0xF4, 0x09, 0x00, 0x00, 0x00, 0x00, 0xDA, 0x00, 0x00,
    0x00, 0x00, 0x00, 0x00, 0x00, 0x00, 0x00, 0x00, 0x00, 0x00, 0x00, 0x00, 0x00, 0x10, 0xD8, 0xEF,
    0x3B, 0x00, 0x00, 0xE0, 0xFF, 0xFF, 0xFF, 0x03, 0x00, 0xF1, 0x3A, 0x30, 0xFD, 0x0B, 0x00, 0x71,
    0x00, 0x00, 0xF6, 0x0E, 0x00, 0x00, 0x00, 0x00, 0xF4, 0x0F, 0x00, 0x00, 0x00, 0x94, 0xFE, 0x0F,
    0x00, 0x00, 0xE6, 0x8F, 0xF6, 0x0F, 0x00, 0x90, 0xCF, 0x01, 0xF4, 0x0F, 0x00, 0xF2, 0x2F, 0x00,
    0xF4, 0x0F, 0x00, 0xF3, 0x0F, 0x00, 0xF4, 0x0F, 0x00, 0xE0, 0x8F, 0x30, 0xFC, 0x0F, 0x00, 0x30,
    0xFC, 0xCE, 0xE8, 0xEF, 0x08, 0x00, 0x10, 0xFE, 0x1E, 0x00, 0x00, 0x00, 0x90, 0xEF, 0xAF, 0x00,
    0x00, 0x00, 0xF3, 0x0A, 0xFB, 0x04, 0x00, 0x00, 0xBC, 0x00, 0xB0, 0x0D, 0x00, 0x00, 0x00, 0x00,
    0x00, 0x00, 0x00, 0x00, 0x00, 0x00, 0x00, 0x00, 0x00, 0x10, 0xD8, 0xEF, 0x3B, 0x00, 0x00, 0xE0,
    0xFF, 0xFF, 0xFF, 0x03, 0x00, 0xF1, 0x3A, 0x30, 0xFD, 0x0B, 0x00, 0x71, 0x00, 0x00, 0xF6, 0x0E,
    0x00, 0x00, 0x00, 0x00, 0xF4, 0x0F, 0x00, 0x00, 0x00, 0x94, 0xFE, 0x0F, 0x00, 0x00, 0xE6, 0x8F,
    0xF6, 0x0F, 0x00, 0x90, 0xCF, 0x01, 0xF4, 0x0F, 0x00, 0xF2, 0x2F, 0x00, 0xF4, 0x0F, 0x00, 0xF3,
    0x0F, 0x00, 0xF4, 0x0F, 0x00, 0xE0, 0x8F, 0x30, 0xFC, 0x0F, 0x00, 0x30, 0xFC, 0xCE, 0xE8, 0xEF,
    0x08, 0x00, 0xE5, 0x9E, 0x13, 0x4D, 0x00, 0x00, 0xFF, 0xFF, 0xFF, 0x1F, 0x00, 0x30, 0x1F, 0x82,
    0xFD, 0x07, 0x00, 0x00, 0x00, 0x00, 0x00, 0x00, 0x00, 0x00, 0x00, 0x00, 0x00, 0x00, 0x00, 0x00,
    0x00, 0x00, 0x00, 0x00, 0x00, 0x10, 0xD8, 0xEF, 0x3B, 0x00, 0x00, 0xE0, 0xFF, 0xFF, 0xFF, 0x03,
    0x00, 0xF1, 0x3A, 0x30, 0xFD, 0x0B, 0x00, 0x71, 0x00, 0x00, 0xF6, 0x0E, 0x00, 0x00, 0x00, 0x00,
    0xF4, 0x0F, 0x00, 0x00, 0x00, 0x94, 0xFE, 0x0F, 0x00, 0x00, 0xE6, 0x8F, 0xF6, 0x0F, 0x00, 0x90,
    0xCF, 0x01, 0xF4, 0x0F, 0x00, 0xF2, 0x2F, 0x00, 0xF4, 0x0F, 0x00, 0xF3, 0x0F, 0x00, 0xF4, 0x0F,
    0x00, 0xE0, 0x8F, 0x30, 0xFC, 0x0F, 0x00, 0x30, 0xFC, 0xCE, 0xE8, 0xEF, 0x08, 0x00, 0xDB, 0x00,
    0xC0, 0x0C, 0x00, 0x00, 0xFF, 0x04, 0xF2, 0x2F, 0x00, 0x00, 0xDA, 0x01, 0xC0, 0x0C, 0x00, 0x00,
    0x00, 0x00, 0x00, 0x00, 0x00, 0x00, 0x00, 0x00, 0x00, 0x00, 0x00, 0x00, 0x00, 0x00, 0x00, 0x00,
    0x00, 0x10, 0xD8, 0xEF, 0x3B, 0x00, 0x00, 0xE0, 0xFF, 0xFF, 0xFF, 0x03, 0x00, 0xF1, 0x3A, 0x30,
    0xFD, 0x0B, 0x00, 0x71, 0x00, 0x00, 0xF6, 0x0E, 0x00, 0x00, 0x00, 0x00, 0xF4, 0x0F, 0x00, 0x00,
    0x00, 0x94, 0xFE, 0x0F, 0x00, 0x00, 0xE6, 0x8F, 0xF6, 0x0F, 0x00, 0x90, 0xCF, 0x01, 0xF4, 0x0F,
    0x00, 0xF2, 0x2F, 0x00, 0xF4, 0x0F, 0x00, 0xF3, 0x0F, 0x00, 0xF4, 0x0F, 0x00, 0xE0, 0x8F, 0x30,
    0xFC, 0x0F, 0x00, 0x30, 0xFC, 0xCE, 0xE8, 0xEF, 0x08, 0x00, 0x00, 0xFA, 0x1B, 0x00, 0x00, 0x00,
    0x90, 0x07, 0xB7, 0x00, 0x00, 0x00, 0xC0, 0x02, 0xE0, 0x00, 0x00, 0x00, 0x90, 0x08, 0xB7, 0x00,
    0x00, 0x00, 0x10, 0xFB, 0x1B, 0x00, 0x00, 0x00, 0x00, 0x00, 0x00, 0x00, 0x00, 0x00, 0x00, 0x00,
    0x00, 0x00, 0x00, 0x10, 0xD8, 0xEF, 0x3B, 0x00, 0x00, 0xE0, 0xFF, 0xFF, 0xFF, 0x03, 0x00, 0xF1,
    0x3A, 0x30, 0xFD, 0x0B, 0x00, 0x71, 0x00, 0x00, 0xF6, 0x0E, 0x00, 0x00, 0x00, 0x00, 0xF4, 0x0F,
    0x00, 0x00, 0x00, 0x94, 0xFE, 0x0F, 0x00, 0x00, 0xE6, 0x8F, 0xF6, 0x0F, 0x00, 0x90, 0xCF, 0x01,
    0xF4, 0x0F, 0x00, 0xF2, 0x2F, 0x00, 0xF4, 0x0F, 0x00, 0xF3, 0x0F, 0x00, 0xF4, 0x0F, 0x00, 0xE0,
    0x8F, 0x30, 0xFC, 0x0F, 0x00, 0x30, 0xFC, 0xCE, 0xE8, 0xEF, 0x08, 0x30, 0xD9, 0xFF, 0x4C, 0x40,
    0xFB, 0xBF, 0x03, 0x00, 0xD0, 0xFF, 0xFF, 0xFF, 0xFB, 0xFF, 0xFF, 0x4F, 0x00, 0xA0, 0x27, 0x10,
    0xFC, 0xFF, 0x07, 0xC2, 0xDF, 0x00, 0x00, 0x00, 0x00, 0xF4, 0xAF, 0x00, 0x20, 0xFF, 0x03, 0x00,
    0x00, 0x00, 0xF3, 0xFF, 0xFF, 0xFF, 0xFF, 0x04, 0x00, 0x00, 0x94, 0xFE, 0x2F, 0x00, 0x00, 0x00,
    0x00, 0x00, 0xE6, 0x9F, 0xF5, 0x4F, 0x00, 0x00, 0x00, 0x00, 0x70, 0xDF, 0x02, 0xF3, 0x8F, 0x00,
    0x00, 0x00, 0x00, 0xF0, 0x4F, 0x00, 0xF3, 0xEF, 0x01, 0x00, 0x00, 0x00, 0xF0, 0x4F, 0x00, 0xF3,
    0xFF, 0x4D, 0x10, 0xA4, 0x04, 0xB0, 0xCF, 0x11, 0xD9, 0xF7, 0xFF, 0xFF, 0xFF, 0x05, 0x10, 0xE9,
    0xCF, 0x06, 0x30, 0xEA, 0xEF, 0x5B, 0x00, 0x00, 0x10, 0xD9, 0xEF, 0x7C, 0x00, 0x00, 0xF4, 0xFF,
    0xFF, 0xFF, 0x02, 0x10, 0xFE, 0x4D, 0x10, 0xB4, 0x02, 0x80, 0xFF, 0x02, 0x00, 0x00, 0x00, 0xD0,
    0x9F, 0x00, 0x00, 0x00, 0x00, 0xF0, 0x6F, 0x00, 0x00, 0x00, 0x00, 0xF0, 0x5F, 0x00, 0x00, 0x00,
    0x00, 0xE0, 0x9F, 0x00, 0x00, 0x00, 0x00, 0x90, 0xFF, 0x02, 0x00, 0x00, 0x00, 0x20, 0xFF, 0x5E,
    0x01, 0x93, 0x05, 0x00, 0xE4, 0xFF, 0xFF, 0xFF, 0x06, 0x00, 0x10, 0xE8, 0xFF, 0x9D, 0x02, 0x00,
    0x00, 0xE0, 0x9F, 0x00, 0x00, 0x00, 0x00, 0x10, 0xFD, 0x02, 0x00, 0x00, 0x00, 0xFD, 0xFF, 0x00,
    0x00, 0x00, 0x00, 0xFC, 0x3C, 0x00, 0x00, 0x00, 0xF3, 0x4F, 0x00, 0x00, 0x00, 0x00, 0x70, 0xBF,
    0x00, 0x00, 0x00, 0x00, 0x00, 0xFB, 0x02, 0x00, 0x00, 0x00, 0x00, 0xE1, 0x09, 0x00, 0x00, 0x00,
    0x00, 0x00, 0x00, 0x00, 0x00, 0x00, 0x00, 0x00, 0x00, 0x00, 0x00, 0x00, 0xA2, 0xFE, 0x9E, 0x01,
    0x00, 0x40, 0xFF, 0xFF, 0xFF, 0x2E, 0x00, 0xE1, 0xCF, 0x03, 0xC3, 0xDF, 0x00, 0xF8, 0x1E, 0x00,
    0x10, 0xFF, 0x04, 0xFC, 0x09, 0x00, 0x00, 0xFC, 0x07, 0xFE, 0xFF, 0xFF, 0xFF, 0xFF, 0x09, 0xFE,
    0x07, 0x00, 0x00, 0x00, 0x00, 0xFC, 0x0B, 0x00, 0x00, 0x00, 0x00, 0xF6, 0x3F, 0x00, 0x00, 0x00,
    0x00, 0xD0, 0xEF, 0x16, 0x20, 0xA5, 0x05, 0x30, 0xFE, 0xFF, 0xFF, 0xFF, 0x06, 0x00, 0x81, 0xFD,
    0xEF, 0x5A, 0x00, 0x00, 0x00, 0xB0, 0xBF, 0x00, 0x00, 0x00, 0x00, 0xF2, 0x1E, 0x00, 0x00, 0x00,
    0x00, 0xF9, 0x04, 0x00, 0x00, 0x00, 0x00, 0x9F, 0x00, 0x00, 0x00, 0x00, 0x00, 0x00, 0x00, 0x00,
    0x00, 0x00, 0x00, 0x00, 0x00, 0x00, 0x00, 0x00, 0xA2, 0xFE, 0x9E, 0x01, 0x00, 0x40, 0xFF, 0xFF,
    0xFF, 0x2E, 0x00, 0xE1, 0xCF, 0x03, 0xC3, 0xDF, 0x00, 0xF8, 0x1E, 0x00, 0x10, 0xFF, 0x04, 0xFC,
    0x09, 0x00, 0x00, 0xFC, 0x07, 0xFE, 0xFF, 0xFF, 0xFF, 0xFF, 0x09, 0xFE, 0x07, 0x00, 0x00, 0x00,
    0x00, 0xFC, 0x0B, 0x00, 0x00, 0x00, 0x00, 0xF6, 0x3F, 0x00, 0x00, 0x00, 0x00, 0xD0, 0xEF, 0x16,
    0x20, 0xA5, 0x05, 0x30, 0xFE, 0xFF, 0xFF, 0xFF, 0x06, 0x00, 0x81, 0xFD, 0xEF, 0x5A, 0x00, 0x00,
    0x50, 0xFF, 0x0B, 0x00, 0x00, 0x00, 0xE0, 0xEF, 0x4F, 0x00, 0x00, 0x00, 0xF8, 0x25, 0xEE, 0x00,
    0x00, 0x20, 0x6F, 0x00, 0xE2, 0x08, 0x00, 0x00, 0x00, 0x00, 0x00, 0x00, 0x00, 0x00, 0x00, 0x00,
    0x00, 0x00, 0x00, 0x00, 0xA2, 0xFE, 0x9E, 0x01, 0x00, 0x40, 0xFF, 0xFF, 0xFF, 0x2E, 0x00, 0xE1,
    0xCF, 0x03, 0xC3, 0xDF, 0x00, 0xF8, 0x1E, 0x00, 0x10, 0xFF, 0x04, 0xFC, 0x09, 0x00, 0x00, 0xFC,
    0x07, 0xFE, 0xFF, 0xFF, 0xFF, 0xFF, 0x09, 0xFE, 0x07, 0x00, 0x00, 0x00, 0x00, 0xFC, 0x0B, 0x00,
    0x00, 0x00, 0x00, 0xF6, 0x3F, 0x00, 0x00, 0x00, 0x00, 0xD0, 0xEF, 0x16, 0x20, 0xA5, 0x05, 0x30,
    0xFE, 0xFF, 0xFF, 0xFF, 0x06, 0x00, 0x81, 0xFD, 0xEF, 0x5A, 0x00, 0x10, 0x9E, 0x00, 0xE3, 0x07,
    0x00, 0x50, 0xFF, 0x00, 0xF7, 0x0D, 0x00, 0x10, 0x9E, 0x00, 0xE3, 0x08, 0x00, 0x00, 0x00, 0x00,
    0x00, 0x00, 0x00, 0x00, 0x00, 0x00, 0x00, 0x00, 0x00, 0x00, 0x00, 0x00, 0x00, 0x00, 0x00, 0x00,
    0xA2, 0xFE, 0x9E, 0x01, 0x00, 0x40, 0xFF, 0xFF, 0xFF, 0x2E, 0x00, 0xE1, 0xCF, 0x03, 0xC3, 0xDF,
    0x00, 0xF8, 0x1E, 0x00, 0x10, 0xFF, 0x04, 0xFC, 0x09, 0x00, 0x00, 0xFC, 0x07, 0xFE, 0xFF, 0xFF,
    0xFF, 0xFF, 0x09, 0xFE, 0x07, 0x00, 0x00, 0x00, 0x00, 0xFC, 0x0B, 0x00, 0x00, 0x00, 0x00, 0xF6,
    0x3F, 0x00, 0x00, 0x00, 0x00, 0xD0, 0xEF, 0x16, 0x20, 0xA5, 0x05, 0x30, 0xFE, 0xFF, 0xFF, 0xFF,
    0x06, 0x00, 0x81, 0xFD, 0xEF, 0x5A, 0x00, 0xF2, 0x5F, 0x00, 0x50, 0xCF, 0x00, 0x00, 0xF9, 0x03,
    0x00, 0xD0, 0x0A, 0x00, 0x00, 0x00, 0x00, 0x00, 0x00, 0x00, 0xF5, 0x0F, 0x00, 0xF5, 0x0F, 0x00,
    0xF5, 0x0F, 0x00, 0xF5, 0x0F, 0x00, 0xF5, 0x0F, 0x00, 0xF5, 0x0F, 0x00, 0xF5, 0x0F, 0x00, 0xF5,
    0x0F, 0x00, 0xF5, 0x0F, 0x00, 0xF5, 0x0F, 0x00, 0xF5, 0x0F, 0x00, 0xF5, 0x0F, 0x00, 0xF2, 0x4F,
    0x00, 0xF9, 0x09, 0x00, 0xDF, 0x00, 0x60, 0x2F, 0x00, 0x00, 0x00, 0x00, 0x00, 0x00, 0x00, 0xF5,
    0x0F, 0x00, 0xF5, 0x0F, 0x00, 0xF5, 0x0F, 0x00, 0xF5, 0x0F, 0x00, 0xF5, 0x0F, 0x00, 0xF5, 0x0F,
    0x00, 0xF5, 0x0F, 0x00, 0xF5, 0x0F, 0x00, 0xF5, 0x0F, 0x00, 0xF5, 0x0F, 0x00, 0xF5, 0x0F, 0x00,
    0xF5, 0x0F, 0x00, 0x00, 0xF7, 0x8F, 0x00, 0x10, 0xFF, 0xFF, 0x02, 0xA0, 0x4F, 0xF3, 0x0C, 0xF3,
    0x04, 0x30, 0x6F, 0x00, 0x00, 0x00, 0x00, 0x00, 0x00, 0x00, 0x00, 0x00, 0xF5, 0x0F, 0x00, 0x00,
    0xF5, 0x0F, 0x00, 0x00, 0xF5, 0x0F, 0x00, 0x00, 0xF5, 0x0F, 0x00, 0x00, 0xF5, 0x0F, 0x00, 0x00,
    0xF5, 0x0F, 0x00, 0x00, 0xF5, 0x0F, 0x00, 0x00, 0xF5, 0x0F, 0x00, 0x00, 0xF5, 0x0F, 0x00, 0x00,
    0xF5, 0x0F, 0x00, 0x00, 0xF5, 0x0F, 0x00, 0x00, 0xF5, 0x0F, 0x00, 0xE6, 0x04, 0x70, 0x3E, 0xFB,
    0x09, 0xD0, 0x7F, 0xF6, 0x04, 0x70, 0x3E, 0x00, 0x00, 0x00, 0x00, 0x00, 0x00, 0x00, 0x00, 0x00,
    0x00, 0x00, 0x00, 0x00, 0xF5, 0x0F, 0x00, 0x00, 0xF5, 0x0F, 0x00, 0x00, 0xF5, 0x0F, 0x00, 0x00,
    0xF5, 0x0F, 0x00, 0x00, 0xF5, 0x0F, 0x00, 0x00, 0xF5, 0x0F, 0x00, 0x00, 0xF5, 0x0F, 0x00, 0x00,
    0xF5, 0x0F, 0x00, 0x00, 0xF5, 0x0F, 0x00, 0x00, 0xF5, 0x0F, 0x00, 0x00, 0xF5, 0x0F, 0x00, 0x00,
    0xF5, 0x0F, 0x00, 0x00, 0xA0, 0x5B, 0x00, 0xC7, 0x00, 0x00, 0x00, 0xF4, 0xFF, 0xFD, 0xCF, 0x01,
    0x00, 0x00, 0x50, 0xFE, 0xFF, 0x0B, 0x00, 0x00, 0x00, 0xFA, 0xAF, 0xF8, 0x9F, 0x00, 0x00, 0x00,
    0x8A, 0x01, 0x60, 0xFF, 0x07, 0x00, 0x00, 0x00, 0x00, 0x00, 0xF9, 0x1F, 0x00, 0x00, 0x50, 0xEB,
    0xEF, 0xFB, 0x9F, 0x00, 0x10, 0xFC, 0xFF, 0xFF, 0xFF, 0xFF, 0x00, 0xC0, 0xFF, 0x17, 0x20, 0xF8,
    0xFF, 0x05, 0xF6, 0x3F, 0x00, 0x00, 0x60, 0xFF, 0x08, 0xFB, 0x09, 0x00, 0x00, 0x00, 0xFD, 0x0A,
    0xFE, 0x05, 0x00, 0x00, 0x00, 0xFA, 0x0A, 0xFE, 0x05, 0x00, 0x00, 0x00, 0xFA, 0x09, 0xFC, 0x08,
    0x00, 0x00, 0x00, 0xFD, 0x05, 0xF7, 0x2F, 0x00, 0x00, 0x60, 0xFF, 0x01, 0xD0, 0xEF, 0x16, 0x20,
    0xF8, 0x7F, 0x00, 0x10, 0xFD, 0xFF, 0xFF, 0xFF, 0x08, 0x00, 0x00, 0x60, 0xFC, 0xEF, 0x3A, 0x00,
    0x00, 0x00, 0xE6, 0x9D, 0x13, 0x3D, 0x00, 0x00, 0xFF, 0xFF, 0xFF, 0x1F, 0x00, 0x40, 0x1E, 0x83,
    0xED, 0x06, 0x00, 0x00, 0x00, 0x00, 0x00, 0x00, 0x00, 0x00, 0x00, 0x00, 0x00, 0x00, 0x00, 0x00,
    0x00, 0x00, 0x00, 0x00, 0x00, 0xF6, 0x0F, 0xD6, 0xDF, 0x05, 0x00, 0xF6, 0x9F, 0xFF, 0xFF, 0x7F,
    0x00, 0xF6, 0xFF, 0x05, 0xB2, 0xFF, 0x01, 0xF6, 0x4F, 0x00, 0x20, 0xFF, 0x04, 0xF6, 0x0F, 0x00,
    0x00, 0xFF, 0x06, 0xF6, 0x0F, 0x00, 0x00, 0xFE, 0x06, 0xF6, 0x0F, 0x00, 0x00, 0xFE, 0x06, 0xF6,
    0x0F, 0x00, 0x00, 0xFE, 0x06, 0xF6, 0x0F, 0x00, 0x00, 0xFE, 0x06, 0xF6, 0x0F, 0x00, 0x00, 0xFE,
    0x06, 0xF6, 0x0F, 0x00, 0x00, 0xFE, 0x06, 0xF6, 0x0F, 0x00, 0x00, 0xFE, 0x06, 0x00, 0x10, 0xFE,
    0x06, 0x00, 0x00, 0x00, 0x00, 0x00, 0xF4, 0x0D, 0x00, 0x00, 0x00, 0x00, 0x00, 0x80, 0x4F, 0x00,
    0x00, 0x00, 0x00, 0x00, 0x00, 0xBC, 0x00, 0x00, 0x00, 0x00, 0x00, 0x00, 0x00, 0x00, 0x00, 0x00,
    0x00, 0x00, 0x00, 0x00, 0x00, 0x00, 0x00, 0x00, 0x00, 0xC6, 0xFE, 0x9D, 0x02, 0x00, 0x00, 0xD2,
    0xFF, 0xFF, 0xFF, 0x6F, 0x00, 0x00, 0xFD, 0x5E, 0x01, 0xC4, 0xFF, 0x04, 0x70, 0xFF, 0x02, 0x00,
    0x00, 0xFC, 0x0D, 0xD0, 0x9F, 0x00, 0x00, 0x00, 0xF3, 0x3F, 0xF0, 0x5F, 0x00, 0x00, 0x00, 0xF0,
    0x5F, 0xF0, 0x5F, 0x00, 0x00, 0x00, 0xF0, 0x6F, 0xD0, 0x8F, 0x00, 0x00, 0x00, 0xF2, 0x3F, 0x80,
    0xFF, 0x02, 0x00, 0x00, 0xFB, 0x0E, 0x00, 0xFD, 0x5E, 0x01, 0xB3, 0xFF, 0x05, 0x00, 0xD2, 0xFF,
    0xFF, 0xFF, 0x6F, 0x00, 0x00, 0x00, 0xC7, 0xFF, 0x9D, 0x02, 0x00, 0x00, 0x00, 0x00, 0xF0, 0x6F,
    0x00, 0x00, 0x00, 0x00, 0x00, 0xF6, 0x0B, 0x00, 0x00, 0x00, 0x00, 0x00, 0xED, 0x01, 0x00, 0x00,
    0x00, 0x00, 0x40, 0x4F, 0x00, 0x00, 0x00, 0x00, 0x00, 0x00, 0x00, 0x00, 0x00, 0x00, 0x00, 0x00,
    0x00, 0x00, 0x00, 0x00, 0x00, 0x00, 0x00, 0xC6, 0xFE, 0x9D, 0x02, 0x00, 0x00, 0xD2, 0xFF, 0xFF,
    0xFF, 0x6F, 0x00, 0x00, 0xFD, 0x5E, 0x01, 0xC4, 0xFF, 0x04, 0x70, 0xFF, 0x02, 0x00, 0x00, 0xFC,
    0x0D, 0xD0, 0x9F, 0x00, 0x00, 0x00, 0xF3, 0x3F, 0xF0, 0x5F, 0x00, 0x00, 0x00, 0xF0, 0x5F, 0xF0,
    0x5F, 0x00, 0x00, 0x00, 0xF0, 0x6F, 0xD0, 0x8F, 0x00, 0x00, 0x00, 0xF2, 0x3F, 0x80, 0xFF, 0x02,
    0x00, 0x00, 0xFB, 0x0E, 0x00, 0xFD, 0x5E, 0x01, 0xB3, 0xFF, 0x05, 0x00, 0xD2, 0xFF, 0xFF, 0xFF,
    0x6F, 0x00, 0x00, 0x00, 0xC7, 0xFF, 0x9D, 0x02, 0x00, 0x00, 0x00, 0x90, 0xFF, 0x07, 0x00, 0x00,
    0x00, 0x00, 0xF2, 0xFE, 0x1F, 0x00, 0x00, 0x00, 0x00, 0xEC, 0x52, 0xAF, 0x00, 0x00, 0x00, 0x50,
    0x3F, 0x00, 0xF5, 0x04, 0x00, 0x00, 0x00, 0x00, 0x00, 0x00, 0x00, 0x00, 0x00, 0x00, 0x00, 0x00,
    0x00, 0x00, 0x00, 0x00, 0x00, 0xC6, 0xFE, 0x9D, 0x02, 0x00, 0x00, 0xD2, 0xFF, 0xFF, 0xFF, 0x6F,
    0x00, 0x00, 0xFD, 0x5E, 0x01, 0xC4, 0xFF, 0x04, 0x70, 0xFF, 0x02, 0x00, 0x00, 0xFC, 0x0D, 0xD0,
    0x9F, 0x00, 0x00, 0x00, 0xF3, 0x3F, 0xF0, 0x5F, 0x00, 0x00, 0x00, 0xF0, 0x5F, 0xF0, 0x5F, 0x00,
    0x00, 0x00, 0xF0, 0x6F, 0xD0, 0x8F, 0x00, 0x00, 0x00, 0xF2, 0x3F, 0x80, 0xFF, 0x02, 0x00, 0x00,
    0xFB, 0x0E, 0x00, 0xFD, 0x5E, 0x01, 0xB3, 0xFF, 0x05, 0x00, 0xD2, 0xFF, 0xFF, 0xFF, 0x6F, 0x00,
    0x00, 0x00, 0xC7, 0xFF, 0x9D, 0x02, 0x00, 0x00, 0x00, 0xF7, 0x8D, 0x13, 0x3E, 0x00, 0x00, 0x10,
    0xFF, 0xFF, 0xFF, 0x0F, 0x00, 0x00, 0x40, 0x1E, 0x83, 0xED, 0x05, 0x00, 0x00, 0x00, 0x00, 0x00,
    0x00, 0x00, 0x00, 0x00, 0x00, 0x00, 0x00, 0x00, 0x00, 0x00, 0x00, 0x00, 0x00, 0x00, 0x00, 0x00,
    0x00, 0x00, 0x00, 0xC6, 0xFE, 0x9D, 0x02, 0x00, 0x00, 0xD2, 0xFF, 0xFF, 0xFF, 0x6F, 0x00, 0x00,
    0xFD, 0x5E, 0x01, 0xC4, 0xFF, 0x04, 0x70, 0xFF, 0x02, 0x00, 0x00, 0xFC, 0x0D, 0xD0, 0x9F, 0x00,
    0x00, 0x00, 0xF3, 0x3F, 0xF0, 0x5F, 0x00, 0x00, 0x00, 0xF0, 0x5F, 0xF0, 0x5F, 0x00, 0x00, 0x00,
    0xF0, 0x6F, 0xD0, 0x8F, 0x00, 0x00, 0x00, 0xF2, 0x3F, 0x80, 0xFF, 0x02, 0x00, 0x00, 0xFB, 0x0E,
    0x00, 0xFD, 0x5E, 0x01, 0xB3, 0xFF, 0x05, 0x00, 0xD2, 0xFF, 0xFF, 0xFF, 0x6F, 0x00, 0x00, 0x00,
    0xC7, 0xFF, 0x9D, 0x02, 0x00, 0x00, 0x70, 0x3E, 0x00, 0xE8, 0x02, 0x00, 0x00, 0xC0, 0x8F, 0x00,
    0xFE, 0x06, 0x00, 0x00, 0x60, 0x3E, 0x00, 0xE8, 0x02, 0x00, 0x00, 0x00, 0x00, 0x00, 0x00, 0x00,
    0x00, 0x00, 0x00, 0x00, 0x00, 0x00, 0x00, 0x00, 0x00, 0x00, 0x00, 0x00, 0x00, 0x00, 0x00, 0x00,
    0x00, 0xC6, 0xFE, 0x9D, 0x02, 0x00, 0x00, 0xD2, 0xFF, 0xFF, 0xFF, 0x6F, 0x00, 0x00, 0xFD, 0x5E,
    0x01, 0xC4, 0xFF, 0x04, 0x70, 0xFF, 0x02, 0x00, 0x00, 0xFC, 0x0D, 0xD0, 0x9F, 0x00, 0x00, 0x00,
    0xF3, 0x3F, 0xF0, 0x5F, 0x00, 0x00, 0x00, 0xF0, 0x5F, 0xF0, 0x5F, 0x00, 0x00, 0x00, 0xF0, 0x6F,
    0xD0, 0x8F, 0x00, 0x00, 0x00, 0xF2, 0x3F, 0x80, 0xFF, 0x02, 0x00, 0x00, 0xFB, 0x0E, 0x00, 0xFD,
    0x5E, 0x01, 0xB3, 0xFF, 0x05, 0x00, 0xD2, 0xFF, 0xFF, 0xFF, 0x6F, 0x00, 0x00, 0x00, 0xC7, 0xFF,
    0x9D, 0x02, 0x00, 0x00, 0x00, 0x50, 0x9F, 0x00, 0x00, 0x00, 0x00, 0x00, 0xA0, 0xFF, 0x00, 0x00,
    0x00, 0x00, 0x00, 0x40, 0x9F, 0x00, 0x00, 0x00, 0x00, 0x00, 0x00, 0x00, 0x00, 0x00, 0x00, 0xF8,
    0xFF, 0xFF, 0xFF, 0xFF, 0xFF, 0x0B, 0xF8, 0xFF, 0xFF, 0xFF, 0xFF, 0xFF, 0x0B, 0x00, 0x00, 0x00,
    0x00, 0x00, 0x00, 0x00, 0x00, 0x00, 0x40, 0x9E, 0x00, 0x00, 0x00, 0x00, 0x00, 0xA0, 0xFF, 0x00,
    0x00, 0x00, 0x00, 0x00, 0x40, 0x9E, 0x00, 0x00, 0x00, 0x00, 0x00, 0xC7, 0xFF, 0x8D, 0x70, 0x06,
    0x00, 0xD2, 0xFF, 0xFF, 0xFF, 0xEF, 0x02, 0x00, 0xFD, 0x6E, 0x11, 0xE5, 0xFF, 0x03, 0x80, 0xEF,
    0x02, 0x00, 0xF4, 0xFD, 0x0C, 0xD0, 0x7F, 0x00, 0x20, 0x5F, 0xF2, 0x2F, 0xF0, 0x3F, 0x00, 0xE1,
    0x07, 0xE0, 0x6F, 0xF0, 0x3F, 0x00, 0x9D, 0x00, 0xD0, 0x6F, 0xE0, 0x6F, 0xB0, 0x0B, 0x00, 0xF1,
    0x4F, 0x90, 0xEF, 0xCA, 0x00, 0x00, 0xFA, 0x0E, 0x10, 0xFF, 0x7F, 0x01, 0xB3, 0xFF, 0x05, 0x00,
    0xF8, 0xFF, 0xFF, 0xFF, 0x6F, 0x00, 0x30, 0x5E, 0xC7, 0xFE, 0x9D, 0x02, 0x00, 0x40, 0x05, 0x00,
    0x00, 0x00, 0x00, 0x00, 0x00, 0xD0, 0x8F, 0x00, 0x00, 0x00, 0x00, 0x30, 0xEF, 0x00, 0x00, 0x00,
    0x00, 0x00, 0xF7, 0x06, 0x00, 0x00, 0x00, 0x00, 0xB0, 0x0D, 0x00, 0x00, 0x00, 0x00, 0x00, 0x00,
    0x00, 0x00, 0x00, 0x00, 0x00, 0x00, 0x00, 0x00, 0xF6, 0x0E, 0x00, 0x00, 0xFE, 0x06, 0xF6, 0x0E,
    0x00, 0x00, 0xFE, 0x06, 0xF6, 0x0E, 0x00, 0x00, 0xFE, 0x06, 0xF6, 0x0E, 0x00, 0x00, 0xFE, 0x06,
    0xF6, 0x0E, 0x00, 0x00, 0xFE, 0x06, 0xF6, 0x0E, 0x00, 0x00, 0xFE, 0x06, 0xF6, 0x0E, 0x00, 0x00,
    0xFE, 0x06, 0xF6, 0x0E, 0x00, 0x00, 0xFE, 0x06, 0xF4, 0x1F, 0x00, 0x10, 0xFF, 0x06, 0xF1, 0xBF,
    0x02, 0xD4, 0xFF, 0x06, 0x80, 0xFF, 0xFF, 0xBF, 0xFF, 0x06, 0x00, 0xD6, 0xDF, 0x07, 0xFE, 0x06,
    0x00, 0x00, 0x70, 0xEF, 0x01, 0x00, 0x00, 0x00, 0xD0, 0x4F, 0x00, 0x00, 0x00, 0x00, 0xF5, 0x08,
    0x00, 0x00, 0x00, 0x00, 0xCB, 0x00, 0x00, 0x00, 0x00, 0x00, 0x00, 0x00, 0x00, 0x00, 0x00, 0x00,
    0x00, 0x00, 0x00, 0x00, 0xF6, 0x0E, 0x00, 0x00, 0xFE, 0x06, 0xF6, 0x0E, 0x00, 0x00, 0xFE, 0x06,
    0xF6, 0x0E, 0x00, 0x00, 0xFE, 0x06, 0xF6, 0x0E, 0x00, 0x00, 0xFE, 0x06, 0xF6, 0x0E, 0x00, 0x00,
    0xFE, 0x06, 0xF6, 0x0E, 0x00, 0x00, 0xFE, 0x06, 0xF6, 0x0E, 0x00, 0x00, 0xFE, 0x06, 0xF6, 0x0E,
    0x00, 0x00, 0xFE, 0x06, 0xF4, 0x1F, 0x00, 0x10, 0xFF, 0x06, 0xF1, 0xBF, 0x02, 0xD4, 0xFF, 0x06,
    0x80, 0xFF, 0xFF, 0xBF, 0xFF, 0x06, 0x00, 0xD6, 0xDF, 0x07, 0xFE, 0x06, 0x00, 0x10, 0xFF, 0x0E,
    0x00, 0x00, 0x00, 0xA0, 0xEF, 0x9F, 0x00, 0x00, 0x00, 0xF3, 0x0A, 0xFB, 0x03, 0x00, 0x00, 0xAD,
    0x00, 0xC0, 0x0C, 0x00, 0x00, 0x00, 0x00, 0x00, 0x00, 0x00, 0x00, 0x00, 0x00, 0x00, 0x00, 0x00,
    0xF6, 0x0E, 0x00, 0x00, 0xFE, 0x06, 0xF6, 0x0E, 0x00, 0x00, 0xFE, 0x06, 0xF6, 0x0E, 0x00, 0x00,
    0xFE, 0x06, 0xF6, 0x0E, 0x00, 0x00, 0xFE, 0x06, 0xF6, 0x0E, 0x00, 0x00, 0xFE, 0x06, 0xF6, 0x0E,
    0x00, 0x00, 0xFE, 0x06, 0xF6, 0x0E, 0x00, 0x00, 0xFE, 0x06, 0xF6, 0x0E, 0x00, 0x00, 0xFE, 0x06,
    0xF4, 0x1F, 0x00, 0x10, 0xFF, 0x06, 0xF1, 0xBF, 0x02, 0xD4, 0xFF, 0x06, 0x80, 0xFF, 0xFF, 0xBF,
    0xFF, 0x06, 0x00, 0xD6, 0xDF, 0x07, 0xFE, 0x06, 0x00, 0xCB, 0x00, 0xD0, 0x0B, 0x00, 0x10, 0xFF,
    0x03, 0xF3, 0x1F, 0x00, 0x00, 0xDB, 0x00, 0xD0, 0x0C, 0x00, 0x00, 0x00, 0x00, 0x00, 0x00, 0x00,
    0x00, 0x00, 0x00, 0x00, 0x00, 0x00, 0x00, 0x00, 0x00, 0x00, 0x00, 0x00, 0xF6, 0x0E, 0x00, 0x00,
    0xFE, 0x06, 0xF6, 0x0E, 0x00, 0x00, 0xFE, 0x06, 0xF6, 0x0E, 0x00, 0x00, 0xFE, 0x06, 0xF6, 0x0E,
    0x00, 0x00, 0xFE, 0x06, 0xF6, 0x0E, 0x00, 0x00, 0xFE, 0x06, 0xF6, 0x0E, 0x00, 0x00, 0xFE, 0x06,
    0xF6, 0x0E, 0x00, 0x00, 0xFE, 0x06, 0xF6, 0x0E, 0x00, 0x00, 0xFE, 0x06, 0xF4, 0x1F, 0x00, 0x10,
    0xFF, 0x06, 0xF1, 0xBF, 0x02, 0xD4, 0xFF, 0x06, 0x80, 0xFF, 0xFF, 0xBF, 0xFF, 0x06, 0x00, 0xD6,
    0xDF, 0x07, 0xFE, 0x06, 0x00, 0x00, 0x40, 0xFF, 0x03, 0x00, 0x00, 0x00, 0xB0, 0x7F, 0x00, 0x00,
    0x00, 0x00, 0xF2, 0x0B, 0x00, 0x00, 0x00, 0x00, 0xE8, 0x01, 0x00, 0x00, 0x00, 0x00, 0x00, 0x00,
    0x00, 0x00, 0x00, 0x00, 0x00, 0x00, 0x00, 0x00, 0xFC, 0x0D, 0x00, 0x00, 0xF7, 0x2F, 0xF4, 0x5F,
    0x00, 0x00, 0xFE, 0x0B, 0xC0, 0xCF, 0x00, 0x50, 0xFF, 0x03, 0x50, 0xFF, 0x04, 0xC0, 0xCF, 0x00,
    0x00, 0xFD, 0x0C, 0xF4, 0x5F, 0x00, 0x00, 0xF5, 0x3F, 0xFB, 0x0D, 0x00, 0x00, 0xD0, 0xDF, 0xFF,
    0x06, 0x00, 0x00, 0x60, 0xFF, 0xEF, 0x00, 0x00, 0x00, 0x00, 0xFE, 0x7F, 0x00, 0x00, 0x00, 0x00,
    0xF9, 0x1F, 0x00, 0x00, 0x00, 0x00, 0xFF, 0x09, 0x00, 0x00, 0x00, 0x70, 0xFF, 0x01, 0x00, 0x00,
    0x00, 0xE0, 0xAF, 0x00, 0x00, 0x00, 0x00, 0xF6, 0x3F, 0x00, 0x00, 0x00, 0x00, 0xFD, 0x0B, 0x00,
    0x00, 0x00, 0x40, 0xFF, 0x04, 0x00, 0x00, 0x00, 0xC0, 0xCF, 0x00, 0x00, 0x00, 0x00, 0xF3, 0x5F,
    0x00, 0x00, 0x00, 0x00, 0xF8, 0x0D, 0x00, 0x00, 0x00, 0x00, 0xF8, 0x0D, 0x00, 0x00, 0x00, 0x00,
    0xF8, 0x0D, 0x00, 0x00, 0x00, 0x00, 0xF8, 0x0D, 0x00, 0x00, 0x00, 0x00, 0xF8, 0x0D, 0x00, 0x00,
    0x00, 0x00, 0xF8, 0x0D, 0x00, 0x00, 0x00, 0x00, 0xF8, 0xFF, 0xEF, 0x8C, 0x01, 0x00, 0xF8, 0xFF,
    0xFF, 0xFF, 0x4F, 0x00, 0xF8, 0x0D, 0x10, 0xC4, 0xFF, 0x02, 0xF8, 0x0D, 0x00, 0x00, 0xFD, 0x0A,
    0xF8, 0x0D, 0x00, 0x00, 0xF6, 0x0F, 0xF8, 0x0D, 0x00, 0x00, 0xF4, 0x1F, 0xF8, 0x0D, 0x00, 0x00,
    0xF4, 0x0F, 0xF8, 0x0D, 0x00, 0x00, 0xF8, 0x0E, 0xF8, 0x0D, 0x00, 0x10, 0xFE, 0x09, 0xF8, 0x4E,
    0x01, 0xD4, 0xFF, 0x02, 0xF8, 0xFF, 0xFF, 0xFF, 0x4F, 0x00, 0xF8, 0xBE, 0xFE, 0x9D, 0x01, 0x00,
    0xF8, 0x0D, 0x00, 0x00, 0x00, 0x00, 0xF8, 0x0D, 0x00, 0x00, 0x00, 0x00, 0xF8, 0x0D, 0x00, 0x00,
    0x00, 0x00, 0xF8, 0x0D, 0x00, 0x00, 0x00, 0x00, 0xF8, 0x0D, 0x00, 0x00, 0x00, 0x00, 0xF8, 0x0D,
    0x00, 0x00, 0x00, 0x00, 0x00, 0xE9, 0x02, 0xA0, 0x1D, 0x00, 0x00, 0xFE, 0x06, 0xF0, 0x4F, 0x00,
    0x00, 0xE9, 0x02, 0xA0, 0x1D, 0x00, 0x00, 0x00, 0x00, 0x00, 0x00, 0x00, 0x00, 0x00, 0x00, 0x00,
    0x00, 0x00, 0x00, 0x00, 0x00, 0x00, 0x00, 0x00, 0xFC, 0x0D, 0x00, 0x00, 0xF7, 0x2F, 0xF4, 0x5F,
    0x00, 0x00, 0xFE, 0x0B, 0xC0, 0xCF, 0x00, 0x50, 0xFF, 0x03, 0x50, 0xFF, 0x04, 0xC0, 0xCF, 0x00,
    0x00, 0xFD, 0x0C, 0xF4, 0x5F, 0x00, 0x00, 0xF5, 0x3F, 0xFB, 0x0D, 0x00, 0x00, 0xD0, 0xDF, 0xFF,
    0x06, 0x00, 0x00, 0x60, 0xFF, 0xEF, 0x00, 0x00, 0x00, 0x00, 0xFE, 0x7F, 0x00, 0x00, 0x00, 0x00,
    0xF9, 0x1F, 0x00, 0x00, 0x00, 0x00, 0xFF, 0x09, 0x00, 0x00, 0x00, 0x70, 0xFF, 0x01, 0x00, 0x00,
    0x00, 0xE0, 0xAF, 0x00, 0x00, 0x00, 0x00, 0xF6, 0x3F, 0x00, 0x00, 0x00, 0x00, 0xFD, 0x0B, 0x00,
    0x00, 0x00, 0x40, 0xFF, 0x04, 0x00, 0x00, 0x00, 0xC0, 0xCF, 0x00, 0x00, 0x00, 0x00, 0xF3, 0x5F,
    0x00, 0x00, 0x00, 0x00,
};

const GFXglyph FontBodyGlyphs[] = {
    { 0, 0, 7, 0, 0, 0, 0 },
    { 5, 18, 7, 1, 18, 0, 0 },
    { 8, 7, 9, 1, 18, 0, 54 },
    { 16, 18, 15, 0, 18, 0, 82 },
    { 13, 21, 14, 1, 18, 0, 226 },
    { 17, 18, 18, 0, 18, 0, 373 },
    { 17, 18, 16, 0, 18, 0, 535 },
    { 3, 7, 5, 1, 18, 0, 697 },
    { 8, 24, 8, 1, 18, 0, 711 },
    { 7, 24, 8, 0, 18, 0, 807 },
    { 11, 11, 11, 0, 19, 0, 903 },
    { 13, 12, 15, 1, 15, 0, 969 },
    { 5, 6, 6, 0, 3, 0, 1053 },
    { 7, 2, 8, 1, 7, 0, 1071 },
    { 4, 3, 6, 1, 3, 0, 1079 },
    { 7, 18, 7, 0, 18, 0, 1085 },
    { 13, 18, 13, 0, 18, 0, 1157 },
    { 3, 18, 13, 5, 18, 0, 1283 },
    { 13, 18, 13, 0, 18, 0, 1319 },
    { 11, 18, 13, 1, 18, 0, 1445 },
    { 13, 18, 13, 0, 18, 0, 1553 },
    { 11, 18, 13, 1, 18, 0, 1679 },
    { 12, 18, 13, 1, 18, 0, 1787 },
    { 12, 18, 13, 1, 18, 0, 1895 },
    { 13, 18, 13, 0, 18, 0, 2003 },
    { 12, 18, 13, 0, 18, 0, 2129 },
    { 4, 12, 6, 1, 12, 0, 2237 },
    { 4, 15, 6, 1, 12, 0, 2261 },
    { 13, 13, 15, 1, 16, 0, 2291 },
    { 13, 8, 15, 1, 13, 0, 2382 },
    { 13, 13, 15, 1, 16, 0, 2438 },
    { 7, 18, 9, 1, 18, 0, 2529 },
    { 25, 24, 26, 1, 19, 0, 2601 },
    { 18, 18, 17, 0, 18, 0, 2913 },
    { 14, 18, 15, 1, 18, 0, 3075 },
    { 17, 18, 18, 1, 18, 0, 3201 },
    { 18, 18, 20, 1, 18, 0, 3363 },
    { 12, 18, 13, 1, 18, 0, 3525 },
    { 11, 18, 12, 1, 18, 0, 3633 },
    { 17, 18, 19, 1, 18, 0, 3741 },
    { 16, 18, 19, 1, 18, 0, 3903 },
    { 4, 18, 7, 1, 18, 0, 4047 },
    { 7, 24, 7, -2, 18, 0, 4083 },
    { 17, 18, 17, 1, 18, 0, 4179 },
    { 12, 18, 13, 1, 18, 0, 4341 },
    { 18, 18, 20, 1, 18, 0, 4449 },
    { 17, 18, 20, 2, 18, 0, 4611 },
    { 20, 18, 21, 1, 18, 0, 4773 },
    { 12, 18, 13, 1, 18, 0, 4953 },
    { 20, 22, 21, 1, 18, 0, 5061 },
    { 14, 18, 16, 2, 18, 0, 5281 },
    { 11, 18, 12, 1, 18, 0, 5407 },
    { 16, 18, 16, 0, 18, 0, 5515 },
    { 16, 18, 18, 1, 18, 0, 5659 },
    { 16, 18, 16, 0, 18, 0, 5803 },
    { 28, 18, 27, 0, 18, 0, 5947 },
    { 19, 18, 18, 0, 18, 0, 6199 },
    { 16, 18, 16, 0, 18, 0, 6379 },
    { 17, 18, 17, 0, 18, 0, 6523 },
    { 7, 24, 9, 2, 18, 0, 6685 },
    { 8, 18, 7, 0, 18, 0, 6781 },
    { 7, 24, 9, 0, 18, 0, 6853 },
    { 12, 10, 12, 0, 18, 0, 6949 },
    { 16, 2, 14, -1, -3, 0, 7009 },
    { 5, 4, 9, 1, 18, 0, 7025 },
    { 11, 12, 11, 0, 12, 0, 7037 },
    { 12, 18, 13, 1, 18, 0, 7109 },
    { 11, 12, 11, 0, 12, 0, 7217 },
    { 11, 18, 13, 1, 18, 0, 7289 },
    { 11, 12, 12, 1, 12, 0, 7397 },
    { 8, 18, 7, 0, 18, 0, 7469 },
    { 11, 18, 11, 0, 12, 0, 7541 },
    { 11, 18, 13, 1, 18, 0, 7649 },
    { 4, 17, 6, 1, 17, 0, 7757 },
    { 6, 23, 6, -1, 17, 0, 7791 },
    { 12, 18, 12, 1, 18, 0, 7860 },
    { 3, 18, 6, 1, 18, 0, 7968 },
    { 18, 12, 20, 1, 12, 0, 8004 },
    { 11, 12, 13, 1, 12, 0, 8112 },
    { 14, 12, 14, 0, 12, 0, 8184 },
    { 12, 18, 13, 1, 12, 0, 8268 },
    { 12, 18, 13, 0, 12, 0, 8376 },
    { 10, 12, 10, 1, 12, 0, 8484 },
    { 8, 12, 10, 1, 12, 0, 8544 },
    { 9, 15, 9, 0, 15, 0, 8592 },
    { 11, 12, 13, 1, 12, 0, 8667 },
    { 12, 12, 11, 0, 12, 0, 8739 },
    { 19, 12, 19, 0, 12, 0, 8811 },
    { 13, 12, 13, 0, 12, 0, 8931 },
    { 12, 18, 11, 0, 12, 0, 9015 },
    { 11, 12, 11, 0, 12, 0, 9123 },
    { 9, 24, 9, 0, 19, 0, 9195 },
    { 3, 24, 7, 2, 18, 0, 9315 },
    { 8, 24, 9, 0, 19, 0, 9363 },
    { 14, 4, 15, 1, 11, 0, 9459 },
    { 0, 0, 7, 0, 0, 0, 9487 },
    { 5, 18, 7, 1, 13, 0, 9487 },
    { 11, 21, 11, 0, 16, 0, 9541 },
    { 13, 18, 14, 1, 18, 0, 9667 },
    { 14, 13, 14, 0, 15, 0, 9793 },
    { 15, 18, 14, 0, 18, 0, 9884 },
    { 3, 24, 7, 2, 18, 0, 10028 },
    { 10, 24, 11, 0, 18, 0, 10076 },
    { 8, 3, 9, 0, 18, 0, 10196 },
    { 20, 19, 19, 0, 18, 0, 10208 },
    { 8, 7, 7, 0, 18, 0, 10398 },
    { 13, 11, 13, 0, 11, 0, 10426 },
    { 13, 8, 15, 1, 11, 0, 10503 },
    { 7, 2, 8, 1, 7, 0, 10559 },
    { 20, 19, 19, 0, 18, 0, 10567 },
    { 16, 2, 14, -1, 21, 0, 10757 },
    { 8, 7, 10, 1, 19, 0, 10773 },
    { 13, 15, 15, 1, 15, 0, 10801 },
    { 8, 9, 8, 0, 18, 0, 10906 },
    { 7, 9, 8, 1, 18, 0, 10942 },
    { 6, 4, 9, 2, 18, 0, 10978 },
    { 11, 16, 14, 2, 12, 0, 10990 },
    { 15, 24, 14, 0, 19, 0, 11086 },
    { 4, 2, 9, 6, 11, 0, 11278 },
    { 5, 5, 9, 2, 0, 0, 11282 },
    { 3, 9, 8, 3, 18, 0, 11297 },
    { 9, 7, 10, 0, 18, 0, 11315 },
    { 12, 12, 13, 0, 12, 0, 11350 },
    { 19, 19, 22, 3, 18, 0, 11422 },
    { 19, 19, 22, 3, 18, 0, 11612 },
    { 21, 19, 22, 1, 18, 0, 11802 },
    { 7, 18, 9, 1, 13, 0, 12011 },
    { 18, 23, 17, 0, 23, 0, 12083 },
    { 18, 23, 17, 0, 23, 0, 12290 },
    { 18, 23, 17, 0, 23, 0, 12497 },
    { 18, 23, 17, 0, 23, 0, 12704 },
    { 18, 22, 17, 0, 22, 0, 12911 },
    { 18, 24, 17, 0, 24, 0, 13109 },
    { 23, 18, 23, 0, 18, 0, 13325 },
    { 17, 22, 18, 1, 18, 0, 13541 },
    { 12, 23, 13, 1, 23, 0, 13739 },
    { 12, 23, 13, 1, 23, 0, 13877 },
    { 12, 23, 13, 1, 23, 0, 14015 },
    { 12, 22, 13, 1, 22, 0, 14153 },
    { 5, 23, 7, 0, 23, 0, 14285 },
    { 6, 23, 7, 1, 23, 0, 14354 },
    { 9, 23, 7, -1, 23, 0, 14423 },
    { 9, 22, 7, -1, 22, 0, 14538 },
    { 20, 18, 20, -1, 18, 0, 14648 },
    { 17, 23, 20, 2, 23, 0, 14828 },
    { 20, 23, 21, 1, 23, 0, 15035 },
    { 20, 23, 21, 1, 23, 0, 15265 },
    { 20, 23, 21, 1, 23, 0, 15495 },
    { 20, 23, 21, 1, 23, 0, 15725 },
    { 20, 22, 21, 1, 22, 0, 15955 },
    { 12, 11, 15, 2, 15, 0, 16175 },
    { 20, 18, 21, 1, 18, 0, 16241 },
    { 16, 23, 18, 1, 23, 0, 16421 },
    { 16, 23, 18, 1, 23, 0, 16605 },
    { 16, 23, 18, 1, 23, 0, 16789 },
    { 16, 22, 18, 1, 22, 0, 16973 },
    { 16, 23, 16, 0, 23, 0, 17149 },
    { 12, 18, 13, 1, 18, 0, 17333 },
    { 12, 18, 13, 1, 18, 0, 17441 },
    { 11, 18, 11, 0, 18, 0, 17549 },
    { 11, 18, 11, 0, 18, 0, 17657 },
    { 11, 18, 11, 0, 18, 0, 17765 },
    { 11, 18, 11, 0, 18, 0, 17873 },
    { 11, 18, 11, 0, 18, 0, 17981 },
    { 11, 19, 11, 0, 19, 0, 18089 },
    { 17, 12, 17, 0, 12, 0, 18203 },
    { 11, 16, 11, 0, 12, 0, 18311 },
    { 11, 18, 12, 1, 18, 0, 18407 },
    { 11, 18, 12, 1, 18, 0, 18515 },
    { 11, 18, 12, 1, 18, 0, 18623 },
    { 11, 18, 12, 1, 18, 0, 18731 },
    { 5, 18, 6, -1, 18, 0, 18839 },
    { 6, 18, 6, 1, 18, 0, 18893 },
    { 8, 18, 6, -1, 18, 0, 18947 },
    { 8, 18, 6, -1, 18, 0, 19019 },
    { 13, 18, 15, 1, 18, 0, 19091 },
    { 11, 18, 13, 1, 18, 0, 19217 },
    { 14, 18, 14, 0, 18, 0, 19325 },
    { 14, 18, 14, 0, 18, 0, 19451 },
    { 14, 18, 14, 0, 18, 0, 19577 },
    { 14, 18, 14, 0, 18, 0, 19703 },
    { 14, 18, 14, 0, 18, 0, 19829 },
    { 13, 10, 15, 1, 14, 0, 19955 },
    { 14, 13, 14, 0, 12, 0, 20025 },
    { 11, 18, 13, 1, 18, 0, 20116 },
    { 11, 18, 13, 1, 18, 0, 20224 },
    { 11, 18, 13, 1, 18, 0, 20332 },
    { 11, 18, 13, 1, 18, 0, 20440 },
    { 12, 24, 11, 0, 18, 0, 20548 },
    { 12, 24, 13, 1, 18, 0, 20692 },
    { 12, 24, 11, 0, 18, 0, 20836 },
};

const UnicodeInterval FontBodyIntervals[] = {
    { 0x20, 0x7E, 0x0 },
    { 0xA0, 0xFF, 0x5F },
};

const GFXfont FontBody = {
    (uint8_t *)FontBodyBitmaps,
    (GFXglyph *)FontBodyGlyphs,
    (UnicodeInterval *)FontBodyIntervals,
    2,
    false,
    30,
    24,
    -6,
};
