// Generated by firmware/tools/fontconvert.py - do not edit.
#pragma once
#include "epd_driver.h"

const uint8_t FontTitleBitmaps[48070] = {
    0x00, 0xD4, 0xCF, 0x03, 0x00, 0x40, 0xFF, 0xFF, 0x3F, 0x00, 0xD0, 0xFF, 0xFF, 0xCF, 0x00, 0xF2,
    0xFF, 0xFF, 0xFF, 0x00, 0xF4, 0xFF, 0xFF, 0xFF, 0x02, 0xF5, 0xFF, 0xFF, 0xFF, 0x03, 0xF4, 0xFF,
    0xFF, 0xFF, 0x02, 0xF2, 0xFF, 0xFF, 0xFF, 0x00, 0xF0, 0xFF, 0xFF, 0xDF, 0x00, 0xC0, 0xFF, 0xFF,
    0xAF, 0x00, 0x80, 0xFF, 0xFF, 0x6F, 0x00, 0x40, 0xFF, 0xFF, 0x2F, 0x00, 0x00, 0xFF, 0xFF, 0x0E,
    0x00, 0x00, 0xFA, 0xFF, 0x09, 0x00, 0x00, 0xF4, 0xFF, 0x03, 0x00, 0x00, 0xC0, 0xCF, 0x00, 0x00,
    0x00, 0x00, 0x02, 0x00, 0x00, 0x00, 0xD5, 0xCF, 0x04, 0x00, 0x70, 0xFF, 0xFF, 0x5F, 0x00, 0xF1,
    0xFF, 0xFF, 0xEF, 0x00, 0xF4, 0xFF, 0xFF, 0xFF, 0x02, 0xF4, 0xFF, 0xFF, 0xFF, 0x02, 0xF0, 0xFF,
    0xFF, 0xEF, 0x00, 0x60, 0xFF, 0xFF, 0x6F, 0x00, 0x00, 0xD5, 0xDF, 0x05, 0x00, 0xF2, 0xFF, 0xFF,
    0xFF, 0x00, 0xFF, 0xFF, 0xFF, 0x2F, 0xF2, 0xFF, 0xFF, 0xFF, 0x00, 0xFF, 0xFF, 0xFF, 0x2F, 0xF2,
    0xFF, 0xFF, 0xFF, 0x00, 0xFF, 0xFF, 0xFF, 0x2F, 0xF2, 0xFF, 0xFF, 0xFF, 0x00, 0xFF, 0xFF, 0xFF,
    0x2F, 0xF0, 0xFF, 0xFF, 0xEF, 0x00, 0xFE, 0xFF, 0xFF, 0x0F, 0xC0, 0xFF, 0xFF, 0xAF, 0x00, 0xFA,
    0xFF, 0xFF, 0x0C, 0x90, 0xFF, 0xFF, 0x6F, 0x00, 0xF6, 0xFF, 0xFF, 0x09, 0x50, 0xFF, 0xFF, 0x3F,
    0x00, 0xF3, 0xFF, 0xFF, 0x05, 0x10, 0xFF, 0xFF, 0x0F, 0x00, 0xF0, 0xFF, 0xFF, 0x02, 0x00, 0x00,
    0x00, 0xF1, 0xFF, 0x0A, 0x00, 0x00, 0xF8, 0xFF, 0x04, 0x00, 0x00, 0x00, 0xF4, 0xFF, 0x07, 0x00,
    0x00, 0xFB, 0xFF, 0x01, 0x00, 0x00, 0x00, 0xF7, 0xFF, 0x04, 0x00, 0x00, 0xFE, 0xEF, 0x00, 0x00,
    0x00, 0x00, 0xFB, 0xFF, 0x01, 0x00, 0x10, 0xFF, 0xAF, 0x00, 0x00, 0x00, 0x00, 0xFE, 0xEF, 0x00,
    0x00, 0x50, 0xFF, 0x7F, 0x00, 0x00, 0x00, 0x10, 0xFF, 0xBF, 0x00, 0x00, 0x80, 0xFF, 0x4F, 0x00,
    0x00, 0x00, 0x40, 0xFF, 0x8F, 0x00, 0x00, 0xB0, 0xFF, 0x1F, 0x00, 0xFB, 0xFF, 0xFF, 0xFF, 0xFF,
    0xFF, 0xFF, 0xFF, 0xFF, 0xFF, 0xBF, 0xFB, 0xFF, 0xFF, 0xFF, 0xFF, 0xFF, 0xFF, 0xFF, 0xFF, 0xFF,
    0xBF, 0xFB, 0xFF, 0xFF, 0xFF, 0xFF, 0xFF, 0xFF, 0xFF, 0xFF, 0xFF, 0xBF, 0xFB, 0xFF, 0xFF, 0xFF,
    0xFF, 0xFF, 0xFF, 0xFF, 0xFF, 0xFF, 0xBF, 0x00, 0x00, 0xF4, 0xFF, 0x07, 0x00, 0x00, 0xFB, 0xFF,
    0x01, 0x00, 0x00, 0x00, 0xF8, 0xFF, 0x03, 0x00, 0x00, 0xFF, 0xDF, 0x00, 0x00, 0x00, 0x00, 0xFC,
    0xFF, 0x00, 0x00, 0x30, 0xFF, 0x8F, 0x00, 0x00, 0x00, 0x10, 0xFF, 0xBF, 0x00, 0x00, 0x70, 0xFF,
    0x4F, 0x00, 0x00, 0xFB, 0xFF, 0xFF, 0xFF, 0xFF, 0xFF, 0xFF, 0xFF, 0xFF, 0xFF, 0xBF, 0xFB, 0xFF,
    0xFF, 0xFF, 0xFF, 0xFF, 0xFF, 0xFF, 0xFF, 0xFF, 0xBF, 0xFB, 0xFF, 0xFF, 0xFF, 0xFF, 0xFF, 0xFF,
    0xFF, 0xFF, 0xFF, 0xBF, 0xFB, 0xFF, 0xFF, 0xFF, 0xFF, 0xFF, 0xFF, 0xFF, 0xFF, 0xFF, 0xBF, 0x00,
    0xF1, 0xFF, 0x0B, 0x00, 0x00, 0xF7, 0xFF, 0x04, 0x00, 0x00, 0x00, 0xF4, 0xFF, 0x08, 0x00, 0x00,
    0xFB, 0xFF, 0x01, 0x00, 0x00, 0x00, 0xF7, 0xFF, 0x05, 0x00, 0x00, 0xFE, 0xEF, 0x00, 0x00, 0x00,
    0x00, 0xFA, 0xFF, 0x02, 0x00, 0x10, 0xFF, 0xBF, 0x00, 0x00, 0x00, 0x00, 0xFD, 0xEF, 0x00, 0x00,
    0x40, 0xFF, 0x8F, 0x00, 0x00, 0x00, 0x10, 0xFF, 0xBF, 0x00, 0x00, 0x70, 0xFF, 0x4F, 0x00, 0x00,
    0x00, 0x40, 0xFF, 0x8F, 0x00, 0x00, 0xB0, 0xFF, 0x1F, 0x00, 0x00, 0x00, 0x00, 0x00, 0x00, 0x00,
    0xF5, 0x5F, 0x00, 0x00, 0x00, 0x00, 0x00, 0x00, 0x00, 0x41, 0xFA, 0xAF, 0x15, 0x00, 0x00, 0x00,
    0x00, 0x00, 0xC4, 0xFF, 0xFF, 0xFF, 0xFF, 0x6C, 0x00, 0x00, 0x00, 0xA0, 0xFF, 0xFF, 0xFF, 0xFF,
    0xFF, 0xFF, 0x7E, 0x00, 0x00, 0xFB, 0xFF, 0xFF, 0xFF, 0xFF, 0xFF, 0xFF, 0xFF, 0x05, 0x60, 0xFF,
    0xFF, 0x4E, 0xF6, 0x6F, 0xC6, 0xFF, 0xFF, 0x06, 0xD0, 0xFF, 0xFF, 0x04, 0xF5, 0x5F, 0x00, 0xD4,
    0xFF, 0x06, 0xF0, 0xFF, 0xFF, 0x01, 0xF5, 0x5F, 0x00, 0x00, 0xF8, 0x06, 0xF1, 0xFF, 0xFF, 0x06,
    0xF5, 0x5F, 0x00, 0x00, 0x40, 0x05, 0xF0, 0xFF, 0xFF, 0x7F, 0xF6, 0x6F, 0x00, 0x00, 0x00, 0x00,
    0xB0, 0xFF, 0xFF, 0xFF, 0xFF, 0xFF, 0x5B, 0x00, 0x00, 0x00, 0x30, 0xFF, 0xFF, 0xFF, 0xFF, 0xFF,
    0xFF, 0x4D, 0x00, 0x00, 0x00, 0xF5, 0xFF, 0xFF, 0xFF, 0xFF, 0xFF, 0xFF, 0x0A, 0x00, 0x00, 0x30,
    0xFC, 0xFF, 0xFF, 0xFF, 0xFF, 0xFF, 0xBF, 0x00, 0x00, 0x00, 0x40, 0xFA, 0xFF, 0xFF, 0xFF, 0xFF,
    0xFF, 0x07, 0x00, 0x00, 0x00, 0x00, 0xF7, 0xFF, 0xFF, 0xFF, 0xFF, 0x0E, 0x00, 0x00, 0x00, 0x00,
    0xF5, 0x7F, 0xF8, 0xFF, 0xFF, 0x2F, 0x00, 0x00, 0x00, 0x00, 0xF5, 0x5F, 0x50, 0xFF, 0xFF, 0x4F,
    0x90, 0x03, 0x00, 0x00, 0xF5, 0x5F, 0x00, 0xFF, 0xFF, 0x3F, 0xC0, 0xAF, 0x03, 0x00, 0xF5, 0x5F,
    0x20, 0xFF, 0xFF, 0x0F, 0xC0, 0xFF, 0xCF, 0x37, 0xF6, 0x6F, 0xD5, 0xFF, 0xFF, 0x0A, 0xC0, 0xFF,
    0xFF, 0xFF, 0xFF, 0xFF, 0xFF, 0xFF, 0xEF, 0x01, 0xB0, 0xFF, 0xFF, 0xFF, 0xFF, 0xFF, 0xFF, 0xFF,
    0x4E, 0x00, 0x00, 0xC5, 0xFF, 0xFF, 0xFF, 0xFF, 0xFF, 0xCF, 0x02, 0x00, 0x00, 0x00, 0x72, 0xEB,
    0xFF, 0xEF, 0x8C, 0x03, 0x00, 0x00, 0x00, 0x00, 0x00, 0x00, 0xF6, 0x5F, 0x00, 0x00, 0x00, 0x00,
    0x00, 0x00, 0x00, 0x00, 0xF5, 0x5F, 0x00, 0x00, 0x00, 0x00, 0x00, 0x00, 0x00, 0x00, 0xF5, 0x5F,
    0x00, 0x00, 0x00, 0x00, 0x00, 0x00, 0xD7, 0xEF, 0x4B, 0x00, 0x00, 0x00, 0x00, 0x00, 0xFD, 0xAF,
    0x00, 0x00, 0x00, 0xD2, 0xFF, 0xFF, 0xFF, 0x09, 0x00, 0x00, 0x00, 0x80, 0xFF, 0x1E, 0x00, 0x00,
    0x00, 0xFD, 0xFF, 0xFF, 0xFF, 0x9F, 0x00, 0x00, 0x00, 0xF3, 0xFF, 0x05, 0x00, 0x00, 0x70, 0xFF,
    0xFF, 0xFF, 0xFF, 0xFF, 0x03, 0x00, 0x00, 0xFD, 0xAF, 0x00, 0x00, 0x00, 0xD0, 0xFF, 0x8F, 0x21,
    0xFB, 0xFF, 0x09, 0x00, 0x90, 0xFF, 0x1E, 0x00, 0x00, 0x00, 0xF1, 0xFF, 0x0B, 0x00, 0xF1, 0xFF,
    0x0C, 0x00, 0xF4, 0xFF, 0x04, 0x00, 0x00, 0x00, 0xF2, 0xFF, 0x08, 0x00, 0xD0, 0xFF, 0x0E, 0x00,
    0xFE, 0x9F, 0x00, 0x00, 0x00, 0x00, 0xF0, 0xFF, 0x0B, 0x00, 0xF1, 0xFF, 0x0C, 0x90, 0xFF, 0x0E,
    0x00, 0x00, 0x00, 0x00, 0xD0, 0xFF, 0x8F, 0x21, 0xFB, 0xFF, 0x09, 0xF4, 0xFF, 0x04, 0x00, 0x00,
    0x00, 0x00, 0x70, 0xFF, 0xFF, 0xFF, 0xFF, 0xFF, 0x13, 0xFE, 0x9F, 0x00, 0x00, 0x00, 0x00, 0x00,
    0x00, 0xFD, 0xFF, 0xFF, 0xFF, 0x9F, 0xA0, 0xFF, 0x0D, 0x00, 0x00, 0x00, 0x00, 0x00, 0x00, 0xD1,
    0xFF, 0xFF, 0xFF, 0x09, 0xF5, 0xFF, 0x04, 0x00, 0x00, 0x00, 0x00, 0x00, 0x00, 0x00, 0xC6, 0xEF,
    0x4B, 0x10, 0xFE, 0x9F, 0x00, 0x00, 0x00, 0x00, 0x00, 0x00, 0x00, 0x00, 0x00, 0x00, 0x00, 0xA0,
    0xFF, 0x0D, 0x60, 0xFC, 0xCE, 0x05, 0x00, 0x00, 0x00, 0x00, 0x00, 0x00, 0x00, 0xF5, 0xFF, 0x13,
    0xFC, 0xFF, 0xFF, 0xBF, 0x00, 0x00, 0x00, 0x00, 0x00, 0x00, 0x10, 0xFE, 0x8F, 0xB0, 0xFF, 0xFF,
    0xFF, 0xFF, 0x0B, 0x00, 0x00, 0x00, 0x00, 0x00, 0xB0, 0xFF, 0x0D, 0xF5, 0xFF, 0xFF, 0xFF, 0xFF,
    0x5F, 0x00, 0x00, 0x00, 0x00, 0x00, 0xF6, 0xFF, 0x03, 0xFB, 0xFF, 0x1A, 0xA1, 0xFF, 0xBF, 0x00,
    0x00, 0x00, 0x00, 0x20, 0xFF, 0x8F, 0x00, 0xFE, 0xEF, 0x00, 0x00, 0xFD, 0xEF, 0x00, 0x00, 0x00,
    0x00, 0xB0, 0xFF, 0x0D, 0x00, 0xFF, 0xBF, 0x00, 0x00, 0xFA, 0xFF, 0x00, 0x00, 0x00, 0x00, 0xF6,
    0xFF, 0x03, 0x00, 0xFE, 0xDF, 0x00, 0x00, 0xFD, 0xEF, 0x00, 0x00, 0x00, 0x20, 0xFF, 0x7F, 0x00,
    0x00, 0xFA, 0xFF, 0x1A, 0xA1, 0xFF, 0xBF, 0x00, 0x00, 0x00, 0xC0, 0xFF, 0x0C, 0x00, 0x00, 0xF4,
    0xFF, 0xFF, 0xFF, 0xFF, 0x4F, 0x00, 0x00, 0x00, 0xF7, 0xFF, 0x02, 0x00, 0x00, 0xA0, 0xFF, 0xFF,
    0xFF, 0xFF, 0x0A, 0x00, 0x00, 0x20, 0xFF, 0x7F, 0x00, 0x00, 0x00, 0x00, 0xFB, 0xFF, 0xFF, 0xBF,
    0x00, 0x00, 0x00, 0xC0, 0xFF, 0x0C, 0x00, 0x00, 0x00, 0x00, 0x50, 0xEC, 0xCE, 0x05, 0x00, 0x00,
    0x00, 0x00, 0x00, 0x20, 0xC8, 0xFE, 0xDE, 0x28, 0x00, 0x00, 0x00, 0x00, 0x00, 0x00, 0x00, 0x00,
    0x10, 0xF9, 0xFF, 0xFF, 0xFF, 0xFF, 0x09, 0x00, 0x00, 0x00, 0x00, 0x00, 0x00, 0x00, 0xD1, 0xFF,
    0xFF, 0xFF, 0xFF, 0xFF, 0xBF, 0x00, 0x00, 0x00, 0x00, 0x00, 0x00, 0x00, 0xFB, 0xFF, 0xFF, 0xFF,
    0xFF, 0xFF, 0xFF, 0x08, 0x00, 0x00, 0x00, 0x00, 0x00, 0x30, 0xFF, 0xFF, 0xFF, 0x06, 0x71, 0xFF,
    0xFF, 0x0F, 0x00, 0x00, 0x00, 0x00, 0x00, 0x70, 0xFF, 0xFF, 0x9F, 0x00, 0x00, 0xFB, 0xFF, 0x3F,
    0x00, 0x00, 0x00, 0x00, 0x00, 0x90, 0xFF, 0xFF, 0x9F, 0x00, 0x00, 0xFA, 0xFF, 0x4F, 0x00, 0x00,
    0x00, 0x00, 0x00, 0x80, 0xFF, 0xFF, 0xFF, 0x03, 0x10, 0xFE, 0xFF, 0x1F, 0x00, 0x00, 0x00, 0x00,
    0x00, 0x40, 0xFF, 0xFF, 0xFF, 0x2E, 0xD3, 0xFF, 0xFF, 0x0A, 0x00, 0x00, 0x00, 0x00, 0x00, 0x00,
    0xFD, 0xFF, 0xFF, 0xEF, 0xFF, 0xFF, 0xEF, 0x01, 0x00, 0x00, 0x00, 0x00, 0x00, 0x00, 0xF3, 0xFF,
    0xFF, 0xFF, 0xFF, 0xFF, 0x2E, 0x00, 0x00, 0x00, 0x00, 0x00, 0x00, 0x00, 0x60, 0xFF, 0xFF, 0xFF,
    0xFF, 0xBF, 0x01, 0x00, 0x00, 0x00, 0x00, 0x00, 0x00, 0x00, 0xA0, 0xFF, 0xFF, 0xFF, 0xFF, 0x0D,
    0x00, 0x00, 0xB7, 0xBB, 0xBB, 0x02, 0x00, 0x20, 0xFD, 0xFF, 0xFF, 0xFF, 0xFF, 0xBF, 0x00, 0x30,
    0xFF, 0xFF, 0xCF, 0x00, 0x00, 0xF4, 0xFF, 0xFF, 0xFF, 0xFF, 0xFF, 0xFF, 0x0A, 0xD1, 0xFF, 0xFF,
    0x3F, 0x00, 0x30, 0xFF, 0xFF, 0xFF, 0xBC, 0xFF, 0xFF, 0xFF, 0x9F, 0xFC, 0xFF, 0xFF, 0x08, 0x00,
    0xC0, 0xFF, 0xFF, 0xAF, 0x00, 0xFB, 0xFF, 0xFF, 0xFF, 0xFF, 0xFF, 0xCF, 0x00, 0x00, 0xF2, 0xFF,
    0xFF, 0x0E, 0x00, 0xC0, 0xFF, 0xFF, 0xFF, 0xFF, 0xFF, 0x1E, 0x00, 0x00, 0xF5, 0xFF, 0xFF, 0x0D,
    0x00, 0x10, 0xFD, 0xFF, 0xFF, 0xFF, 0xEF, 0x02, 0x00, 0x00, 0xF4, 0xFF, 0xFF, 0x3F, 0x00, 0x00,
    0xE1, 0xFF, 0xFF, 0xFF, 0x6F, 0x00, 0x00, 0x00, 0xF1, 0xFF, 0xFF, 0xEF, 0x15, 0x30, 0xF9, 0xFF,
    0xFF, 0xFF, 0xFF, 0x03, 0x00, 0x00, 0x90, 0xFF, 0xFF, 0xFF, 0xFF, 0xFF, 0xFF, 0xFF, 0xFF, 0xFF,
    0xFF, 0x3F, 0x00, 0x00, 0x00, 0xFC, 0xFF, 0xFF, 0xFF, 0xFF, 0xFF, 0xFF, 0xFF, 0xFF, 0xFF, 0xEF,
    0x02, 0x00, 0x00, 0x90, 0xFF, 0xFF, 0xFF, 0xFF, 0xFF, 0xBF, 0xF5, 0xFF, 0xFF, 0xFF, 0x2E, 0x00,
    0x00, 0x00, 0x82, 0xEB, 0xFF, 0xDE, 0x7A, 0x02, 0x40, 0xFF, 0xFF, 0xFF, 0xDF, 0x01, 0xF9, 0xFF,
    0xFF, 0x9F, 0xF9, 0xFF, 0xFF, 0x9F, 0xF9, 0xFF, 0xFF, 0x9F, 0xF9, 0xFF, 0xFF, 0x9F, 0xF7, 0xFF,
    0xFF, 0x7F, 0xF3, 0xFF, 0xFF, 0x3F, 0xF0, 0xFF, 0xFF, 0x0F, 0xC0, 0xFF, 0xFF, 0x0C, 0x80, 0xFF,
    0xFF, 0x09, 0x00, 0x00, 0x00, 0x00, 0xE2, 0xFF, 0xAF, 0x00, 0x00, 0x00, 0x00, 0x40, 0xFF, 0xFF,
    0x0C, 0x00, 0x00, 0x00, 0x00, 0xF4, 0xFF, 0xEF, 0x01, 0x00, 0x00, 0x00, 0x40, 0xFF, 0xFF, 0x3F,
    0x00, 0x00, 0x00, 0x00, 0xF2, 0xFF, 0xFF, 0x07, 0x00, 0x00, 0x00, 0x00, 0xFD, 0xFF, 0xCF, 0x00,
    0x00, 0x00, 0x00, 0x90, 0xFF, 0xFF, 0x4F, 0x00, 0x00, 0x00, 0x00, 0xF2, 0xFF, 0xFF, 0x0D, 0x00,
    0x00, 0x00, 0x00, 0xFB, 0xFF, 0xFF, 0x06, 0x00, 0x00, 0x00, 0x30, 0xFF, 0xFF, 0xFF, 0x01, 0x00,
    0x00, 0x00, 0x90, 0xFF, 0xFF, 0xCF, 0x00, 0x00, 0x00, 0x00, 0xE0, 0xFF, 0xFF, 0x8F, 0x00, 0x00,
    0x00, 0x00, 0xF3, 0xFF, 0xFF, 0x5F, 0x00, 0x00, 0x00, 0x00, 0xF6, 0xFF, 0xFF, 0x2F, 0x00, 0x00,
    0x00, 0x00, 0xF8, 0xFF, 0xFF, 0x1F, 0x00, 0x00, 0x00, 0x00, 0xF9, 0xFF, 0xFF, 0x0F, 0x00, 0x00,
    0x00, 0x00, 0xFA, 0xFF, 0xFF, 0x0F, 0x00, 0x00, 0x00, 0x00, 0xF9, 0xFF, 0xFF, 0x0F, 0x00, 0x00,
    0x00, 0x00, 0xF8, 0xFF, 0xFF, 0x1F, 0x00, 0x00, 0x00, 0x00, 0xF6, 0xFF, 0xFF, 0x2F, 0x00, 0x00,
    0x00, 0x00, 0xF2, 0xFF, 0xFF, 0x4F, 0x00, 0x00, 0x00, 0x00, 0xE0, 0xFF, 0xFF, 0x7F, 0x00, 0x00,
    0x00, 0x00, 0xA0, 0xFF, 0xFF, 0xBF, 0x00, 0x00, 0x00, 0x00, 0x30, 0xFF, 0xFF, 0xFF, 0x00, 0x00,
    0x00, 0x00, 0x00, 0xFC, 0xFF, 0xFF, 0x06, 0x00, 0x00, 0x00, 0x00, 0xF3, 0xFF, 0xFF, 0x0C, 0x00,
    0x00, 0x00, 0x00, 0x90, 0xFF, 0xFF, 0x4F, 0x00, 0x00, 0x00, 0x00, 0x10, 0xFE, 0xFF, 0xCF, 0x00,
    0x00, 0x00, 0x00, 0x00, 0xF3, 0xFF, 0xFF, 0x06, 0x00, 0x00, 0x00, 0x00, 0x50, 0xFF, 0xFF, 0x2F,
    0x00, 0x00, 0x00, 0x00, 0x00, 0xF6, 0xFF, 0xDF, 0x01, 0x00, 0x00, 0x00, 0x00, 0x50, 0xFF, 0xFF,
    0x0C, 0x00, 0x00, 0x00, 0x00, 0x00, 0xE3, 0xFF, 0xAF, 0x00, 0xC0, 0xFF, 0xDF, 0x02, 0x00, 0x00,
    0x00, 0x00, 0x10, 0xFD, 0xFF, 0x3E, 0x00, 0x00, 0x00, 0x00, 0x00, 0xF2, 0xFF, 0xFF, 0x03, 0x00,
    0x00, 0x00, 0x00, 0x40, 0xFF, 0xFF, 0x3F, 0x00, 0x00, 0x00, 0x00, 0x00, 0xF8, 0xFF, 0xEF, 0x02,
    0x00, 0x00, 0x00, 0x00, 0xE0, 0xFF, 0xFF, 0x0C, 0x00, 0x00, 0x00, 0x00, 0x60, 0xFF, 0xFF, 0x8F,
    0x00, 0x00, 0x00, 0x00, 0x00, 0xFE, 0xFF, 0xFF, 0x02, 0x00, 0x00, 0x00, 0x00, 0xF8, 0xFF, 0xFF,
    0x0A, 0x00, 0x00, 0x00, 0x00, 0xF2, 0xFF, 0xFF, 0x1F, 0x00, 0x00, 0x00, 0x00, 0xD0, 0xFF, 0xFF,
    0x8F, 0x00, 0x00, 0x00, 0x00, 0xA0, 0xFF, 0xFF, 0xDF, 0x00, 0x00, 0x00, 0x00, 0x60, 0xFF, 0xFF,
    0xFF, 0x01, 0x00, 0x00, 0x00, 0x40, 0xFF, 0xFF, 0xFF, 0x04, 0x00, 0x00, 0x00, 0x30, 0xFF, 0xFF,
    0xFF, 0x06, 0x00, 0x00, 0x00, 0x20, 0xFF, 0xFF, 0xFF, 0x07, 0x00, 0x00, 0x00, 0x20, 0xFF, 0xFF,
    0xFF, 0x08, 0x00, 0x00, 0x00, 0x20, 0xFF, 0xFF, 0xFF, 0x07, 0x00, 0x00, 0x00, 0x30, 0xFF, 0xFF,
    0xFF, 0x06, 0x00, 0x00, 0x00, 0x50, 0xFF, 0xFF, 0xFF, 0x04, 0x00, 0x00, 0x00, 0x70, 0xFF, 0xFF,
    0xFF, 0x00, 0x00, 0x00, 0x00, 0xA0, 0xFF, 0xFF, 0xCF, 0x00, 0x00, 0x00, 0x00, 0xE0, 0xFF, 0xFF,
    0x6F, 0x00, 0x00, 0x00, 0x00, 0xF3, 0xFF, 0xFF, 0x0F, 0x00, 0x00, 0x00, 0x00, 0xF9, 0xFF, 0xFF,
    0x09, 0x00, 0x00, 0x00, 0x00, 0xFE, 0xFF, 0xEF, 0x01, 0x00, 0x00, 0x00, 0x60, 0xFF, 0xFF, 0x6F,
    0x00, 0x00, 0x00, 0x00, 0xE0, 0xFF, 0xFF, 0x0B, 0x00, 0x00, 0x00, 0x00, 0xF9, 0xFF, 0xEF, 0x01,
    0x00, 0x00, 0x00, 0x40, 0xFF, 0xFF, 0x3F, 0x00, 0x00, 0x00, 0x00, 0xF2, 0xFF, 0xFF, 0x03, 0x00,
    0x00, 0x00, 0x10, 0xFD, 0xFF, 0x3E, 0x00, 0x00, 0x00, 0x00, 0xC0, 0xFF, 0xDF, 0x02, 0x00, 0x00,
    0x00, 0x00, 0x00, 0x00, 0x00, 0xC2, 0xFF, 0x6D, 0x00, 0x00, 0x00, 0x00, 0x00, 0x00, 0xF6, 0xFF,
    0xBF, 0x00, 0x00, 0x00, 0x00, 0x00, 0x00, 0xF2, 0xFF, 0x7F, 0x00, 0x00, 0x00, 0x00, 0x00, 0x00,
    0xD0, 0xFF, 0x1F, 0x00, 0x00, 0x00, 0x70, 0x6E, 0x00, 0x80, 0xFF, 0x0C, 0x00, 0xE4, 0x0B, 0xF1,
    0xFF, 0x0A, 0x20, 0xFF, 0x06, 0x70, 0xFF, 0x5F, 0xF6, 0xFF, 0xDF, 0x02, 0xFD, 0x11, 0xFB, 0xFF,
    0xAF, 0xF9, 0xFF, 0xFF, 0x6F, 0xFD, 0xD7, 0xFF, 0xFF, 0xDF, 0xE5, 0xFF, 0xFF, 0xFF, 0xFF, 0xFF,
    0xFF, 0xFF, 0x9F, 0x00, 0x00, 0x00, 0xA0, 0xFF, 0x0E, 0x00, 0x00, 0x00, 0x00, 0x00, 0x00, 0xF6,
    0xDE, 0x9F, 0x00, 0x00, 0x00, 0x00, 0x00, 0xB1, 0xFF, 0x16, 0xFF, 0x3D, 0x00, 0x00, 0x00, 0x40,
    0xFE, 0xFF, 0x01, 0xFC, 0xFF, 0x07, 0x00, 0x00, 0xF7, 0xFF, 0xBF, 0x00, 0xF7, 0xFF, 0xAF, 0x00,
    0x00, 0xF9, 0xFF, 0x6F, 0x00, 0xF2, 0xFF, 0xCF, 0x00, 0x00, 0xB0, 0xFF, 0x1F, 0x00, 0xD0, 0xFF,
    0x2C, 0x00, 0x00, 0x00, 0xE7, 0x09, 0x00, 0x60, 0x8E, 0x00, 0x00, 0x00, 0x00, 0x00, 0x20, 0xFF,
    0xFF, 0x03, 0x00, 0x00, 0x00, 0x00, 0x00, 0x00, 0x20, 0xFF, 0xFF, 0x03, 0x00, 0x00, 0x00, 0x00,
    0x00, 0x00, 0x20, 0xFF, 0xFF, 0x03, 0x00, 0x00, 0x00, 0x00, 0x00, 0x00, 0x20, 0xFF, 0xFF, 0x03,
    0x00, 0x00, 0x00, 0x00, 0x00, 0x00, 0x20, 0xFF, 0xFF, 0x03, 0x00, 0x00, 0x00, 0x00, 0x00, 0x00,
    0x20, 0xFF, 0xFF, 0x03, 0x00, 0x00, 0x00, 0x00, 0x00, 0x00, 0x20, 0xFF, 0xFF, 0x03, 0x00, 0x00,
    0x00, 0x00, 0x00, 0x00, 0x20, 0xFF, 0xFF, 0x03, 0x00, 0x00, 0x00, 0xFE, 0xFF, 0xFF, 0xFF, 0xFF,
    0xFF, 0xFF, 0xFF, 0xFF, 0xEF, 0xFE, 0xFF, 0xFF, 0xFF, 0xFF, 0xFF, 0xFF, 0xFF, 0xFF, 0xEF, 0xFE,
    0xFF, 0xFF, 0xFF, 0xFF, 0xFF, 0xFF, 0xFF, 0xFF, 0xEF, 0xFE, 0xFF, 0xFF, 0xFF, 0xFF, 0xFF, 0xFF,
    0xFF, 0xFF, 0xEF, 0x00, 0x00, 0x00, 0x20, 0xFF, 0xFF, 0x03, 0x00, 0x00, 0x00, 0x00, 0x00, 0x00,
    0x20, 0xFF, 0xFF, 0x03, 0x00, 0x00, 0x00, 0x00, 0x00, 0x00, 0x20, 0xFF, 0xFF, 0x03, 0x00, 0x00,
    0x00, 0x00, 0x00, 0x00, 0x20, 0xFF, 0xFF, 0x03, 0x00, 0x00, 0x00, 0x00, 0x00, 0x00, 0x20, 0xFF,
    0xFF, 0x03, 0x00, 0x00, 0x00, 0x00, 0x00, 0x00, 0x20, 0xFF, 0xFF, 0x03, 0x00, 0x00, 0x00, 0x00,
    0x00, 0x00, 0x20, 0xFF, 0xFF, 0x03, 0x00, 0x00, 0x00, 0x00, 0x00, 0x00, 0x20, 0xFF, 0xFF, 0x03,
    0x00, 0x00, 0x00, 0x10, 0xEA, 0xBE, 0x02, 0x00, 0xE1, 0xFF, 0xFF, 0x3F, 0x00, 0xF8, 0xFF, 0xFF,
    0xDF, 0x00, 0xFB, 0xFF, 0xFF, 0xFF, 0x03, 0xF9, 0xFF, 0xFF, 0xFF, 0x07, 0xF2, 0xFF, 0xFF, 0xFF,
    0x08, 0x30, 0xFC, 0xFF, 0xFF, 0x06, 0x00, 0xF0, 0xFF, 0xFF, 0x02, 0x00, 0xF1, 0xFF, 0xBF, 0x00,
    0x00, 0xF5, 0xFF, 0x2E, 0x00, 0x00, 0xFD, 0xEF, 0x03, 0x00, 0xC3, 0xFF, 0x1A, 0x00, 0x00, 0xBA,
    0x27, 0x00, 0x00, 0x00, 0xFF, 0xFF, 0xFF, 0xFF, 0xFF, 0x9F, 0xFF, 0xFF, 0xFF, 0xFF, 0xFF, 0x9F,
    0xFF, 0xFF, 0xFF, 0xFF, 0xFF, 0x9F, 0xFF, 0xFF, 0xFF, 0xFF, 0xFF, 0x9F, 0xFF, 0xFF, 0xFF, 0xFF,
    0xFF, 0x9F, 0xFF, 0xFF, 0xFF, 0xFF, 0xFF, 0x9F, 0x10, 0xE9, 0xAF, 0x01, 0xC0, 0xFF, 0xFF, 0x1E,
    0xF6, 0xFF, 0xFF, 0x8F, 0xFA, 0xFF, 0xFF, 0xCF, 0xFA, 0xFF, 0xFF, 0xCF, 0xF6, 0xFF, 0xFF, 0x9F,
    0xC0, 0xFF, 0xFF, 0x1E, 0x10, 0xE9, 0xBF, 0x02, 0x00, 0x00, 0x00, 0x00, 0x00, 0x00, 0x70, 0xFF,
    0xFF, 0x03, 0x00, 0x00, 0x00, 0x00, 0x00, 0x00, 0xF1, 0xFF, 0xBF, 0x00, 0x00, 0x00, 0x00, 0x00,
    0x00, 0x00, 0xF8, 0xFF, 0x3F, 0x00, 0x00, 0x00, 0x00, 0x00, 0x00, 0x10, 0xFF, 0xFF, 0x0A, 0x00,
    0x00, 0x00, 0x00, 0x00, 0x00, 0x90, 0xFF, 0xFF, 0x02, 0x00, 0x00, 0x00, 0x00, 0x00, 0x00, 0xF2,
    0xFF, 0x9F, 0x00, 0x00, 0x00, 0x00, 0x00, 0x00, 0x00, 0xFA, 0xFF, 0x1F, 0x00, 0x00, 0x00, 0x00,
    0x00, 0x00, 0x30, 0xFF, 0xFF, 0x08, 0x00, 0x00, 0x00, 0x00, 0x00, 0x00, 0xB0, 0xFF, 0xFF, 0x01,
    0x00, 0x00, 0x00, 0x00, 0x00, 0x00, 0xF3, 0xFF, 0x7F, 0x00, 0x00, 0x00, 0x00, 0x00, 0x00, 0x00,
    0xFC, 0xFF, 0x0E, 0x00, 0x00, 0x00, 0x00, 0x00, 0x00, 0x40, 0xFF, 0xFF, 0x06, 0x00, 0x00, 0x00,
    0x00, 0x00, 0x00, 0xD0, 0xFF, 0xDF, 0x00, 0x00, 0x00, 0x00, 0x00, 0x00, 0x00, 0xF5, 0xFF, 0x5F,
    0x00, 0x00, 0x00, 0x00, 0x00, 0x00, 0x00, 0xFD, 0xFF, 0x0D, 0x00, 0x00, 0x00, 0x00, 0x00, 0x00,
    0x60, 0xFF, 0xFF, 0x04, 0x00, 0x00, 0x00, 0x00, 0x00, 0x00, 0xE0, 0xFF, 0xCF, 0x00, 0x00, 0x00,
    0x00, 0x00, 0x00, 0x00, 0xF7, 0xFF, 0x3F, 0x00, 0x00, 0x00, 0x00, 0x00, 0x00, 0x10, 0xFF, 0xFF,
    0x0B, 0x00, 0x00, 0x00, 0x00, 0x00, 0x00, 0x80, 0xFF, 0xFF, 0x03, 0x00, 0x00, 0x00, 0x00, 0x00,
    0x00, 0xF1, 0xFF, 0xAF, 0x00, 0x00, 0x00, 0x00, 0x00, 0x00, 0x00, 0xF9, 0xFF, 0x2F, 0x00, 0x00,
    0x00, 0x00, 0x00, 0x00, 0x20, 0xFF, 0xFF, 0x09, 0x00, 0x00, 0x00, 0x00, 0x00, 0x00, 0xA0, 0xFF,
    0xFF, 0x01, 0x00, 0x00, 0x00, 0x00, 0x00, 0x00, 0xF3, 0xFF, 0x8F, 0x00, 0x00, 0x00, 0x00, 0x00,
    0x00, 0x00, 0x00, 0x00, 0x00, 0xB6, 0xFE, 0xCE, 0x28, 0x00, 0x00, 0x00, 0x00, 0x00, 0xE4, 0xFF,
    0xFF, 0xFF, 0xFF, 0x09, 0x00, 0x00, 0x00, 0x60, 0xFF, 0xFF, 0xFF, 0xFF, 0xFF, 0xBF, 0x00, 0x00,
    0x00, 0xF4, 0xFF, 0xFF, 0xFF, 0xFF, 0xFF, 0xFF, 0x0A, 0x00, 0x00, 0xFE, 0xFF, 0xFF, 0xFF, 0xFF,
    0xFF, 0xFF, 0x5F, 0x00, 0x60, 0xFF, 0xFF, 0xFF, 0x08, 0xE3, 0xFF, 0xFF, 0xDF, 0x00, 0xD0, 0xFF,
    0xFF, 0xDF, 0x00, 0x60, 0xFF, 0xFF, 0xFF, 0x03, 0xF2, 0xFF, 0xFF, 0x8F, 0x00, 0x20, 0xFF, 0xFF,
    0xFF, 0x08, 0xF6, 0xFF, 0xFF, 0x5F, 0x00, 0x00, 0xFF, 0xFF, 0xFF, 0x0C, 0xF9, 0xFF, 0xFF, 0x3F,
    0x00, 0x00, 0xFD, 0xFF, 0xFF, 0x0F, 0xFA, 0xFF, 0xFF, 0x2F, 0x00, 0x00, 0xFC, 0xFF, 0xFF, 0x1F,
    0xFB, 0xFF, 0xFF, 0x2F, 0x00, 0x00, 0xFC, 0xFF, 0xFF, 0x2F, 0xFC, 0xFF, 0xFF, 0x2F, 0x00, 0x00,
    0xFC, 0xFF, 0xFF, 0x2F, 0xFB, 0xFF, 0xFF, 0x2F, 0x00, 0x00, 0xFC, 0xFF, 0xFF, 0x2F, 0xFA, 0xFF,
    0xFF, 0x2F, 0x00, 0x00, 0xFC, 0xFF, 0xFF, 0x1F, 0xF9, 0xFF, 0xFF, 0x3F, 0x00, 0x00, 0xFD, 0xFF,
    0xFF, 0x0F, 0xF6, 0xFF, 0xFF, 0x5F, 0x00, 0x00, 0xFF, 0xFF, 0xFF, 0x0C, 0xF2, 0xFF, 0xFF, 0x7F,
    0x00, 0x10, 0xFF, 0xFF, 0xFF, 0x09, 0xD0, 0xFF, 0xFF, 0xBF, 0x00, 0x50, 0xFF, 0xFF, 0xFF, 0x04,
    0x70, 0xFF, 0xFF, 0xFF, 0x06, 0xD3, 0xFF, 0xFF, 0xDF, 0x00, 0x00, 0xFE, 0xFF, 0xFF, 0xFF, 0xFF,
    0xFF, 0xFF, 0x5F, 0x00, 0x00, 0xF4, 0xFF, 0xFF, 0xFF, 0xFF, 0xFF, 0xFF, 0x0B, 0x00, 0x00, 0x60,
    0xFF, 0xFF, 0xFF, 0xFF, 0xFF, 0xCF, 0x00, 0x00, 0x00, 0x00, 0xE4, 0xFF, 0xFF, 0xFF, 0xFF, 0x09,
    0x00, 0x00, 0x00, 0x00, 0x00, 0xB6, 0xFE, 0xCE, 0x28, 0x00, 0x00, 0x00, 0xFA, 0xFF, 0xFF, 0x0F,
    0xFA, 0xFF, 0xFF, 0x0F, 0xFA, 0xFF, 0xFF, 0x0F, 0xFA, 0xFF, 0xFF, 0x0F, 0xFA, 0xFF, 0xFF, 0x0F,
    0xFA, 0xFF, 0xFF, 0x0F, 0xFA, 0xFF, 0xFF, 0x0F, 0xFA, 0xFF, 0xFF, 0x0F, 0xFA, 0xFF, 0xFF, 0x0F,
    0xFA, 0xFF, 0xFF, 0x0F, 0xFA, 0xFF, 0xFF, 0x0F, 0xFA, 0xFF, 0xFF, 0x0F, 0xFA, 0xFF, 0xFF, 0x0F,
    0xFA, 0xFF, 0xFF, 0x0F, 0xFA, 0xFF, 0xFF, 0x0F, 0xFA, 0xFF, 0xFF, 0x0F, 0xFA, 0xFF, 0xFF, 0x0F,
    0xFA, 0xFF, 0xFF, 0x0F, 0xFA, 0xFF, 0xFF, 0x0F, 0xFA, 0xFF, 0xFF, 0x0F, 0xFA, 0xFF, 0xFF, 0x0F,
    0xFA, 0xFF, 0xFF, 0x0F, 0xFA, 0xFF, 0xFF, 0x0F, 0xFA, 0xFF, 0xFF, 0x0F, 0x00, 0x00, 0x71, 0xEB,
    0xFF, 0xAD, 0x05, 0x00, 0x00, 0x00, 0x00, 0xA2, 0xFF, 0xFF, 0xFF, 0xFF, 0xDF, 0x03, 0x00, 0x00,
    0x70, 0xFF, 0xFF, 0xFF, 0xFF, 0xFF, 0xFF, 0x3F, 0x00, 0x00, 0xB0, 0xFF, 0xFF, 0xFF, 0xFF, 0xFF,
    0xFF, 0xEF, 0x01, 0x00, 0xB0, 0xFF, 0xFF, 0xFF, 0xFF, 0xFF, 0xFF, 0xFF, 0x08, 0x00, 0xB0, 0xFF,
    0x4A, 0x01, 0xD4, 0xFF, 0xFF, 0xFF, 0x0D, 0x00, 0xB0, 0x4E, 0x00, 0x00, 0x20, 0xFF, 0xFF, 0xFF,
    0x0F, 0x00, 0x80, 0x01, 0x00, 0x00, 0x00, 0xF9, 0xFF, 0xFF, 0x1F, 0x00, 0x00, 0x00, 0x00, 0x00,
    0x00, 0xF6, 0xFF, 0xFF, 0x1F, 0x00, 0x00, 0x00, 0x00, 0x00, 0x00, 0xF5, 0xFF, 0xFF, 0x0F, 0x00,
    0x00, 0x00, 0x00, 0x00, 0x00, 0xF7, 0xFF, 0xFF, 0x0B, 0x00, 0x00, 0x00, 0x00, 0x00, 0x00, 0xFA,
    0xFF, 0xFF, 0x06, 0x00, 0x00, 0x00, 0x00, 0x00, 0x10, 0xFF, 0xFF, 0xEF, 0x00, 0x00, 0x00, 0x00,
    0x00, 0x00, 0x70, 0xFF, 0xFF, 0x7F, 0x00, 0x00, 0x00, 0x00, 0x00, 0x00, 0xE1, 0xFF, 0xFF, 0x0D,
    0x00, 0x00, 0x00, 0x00, 0x00, 0x00, 0xFA, 0xFF, 0xFF, 0x03, 0x00, 0x00, 0x00, 0x00, 0x00, 0x40,
    0xFF, 0xFF, 0x8F, 0x00, 0x00, 0x00, 0x00, 0x00, 0x00, 0xE1, 0xFF, 0xFF, 0x0C, 0x00, 0x00, 0x00,
    0x00, 0x00, 0x00, 0xFC, 0xFF, 0xFF, 0x02, 0x00, 0x00, 0x00, 0x00, 0x00, 0xA0, 0xFF, 0xFF, 0x7F,
    0x00, 0x00, 0x00, 0x00, 0x00, 0x00, 0xF9, 0xFF, 0xFF, 0xFF, 0xFF, 0xFF, 0xFF, 0x0F, 0x00, 0x80,
    0xFF, 0xFF, 0xFF, 0xFF, 0xFF, 0xFF, 0xFF, 0x0F, 0x00, 0xF7, 0xFF, 0xFF, 0xFF, 0xFF, 0xFF, 0xFF,
    0xFF, 0x0F, 0x60, 0xFF, 0xFF, 0xFF, 0xFF, 0xFF, 0xFF, 0xFF, 0xFF, 0x0F, 0xF5, 0xFF, 0xFF, 0xFF,
    0xFF, 0xFF, 0xFF, 0xFF, 0xFF, 0x0F, 0x00, 0x30, 0xC8, 0xFE, 0xEF, 0x6B, 0x00, 0x00, 0x00, 0x50,
    0xFD, 0xFF, 0xFF, 0xFF, 0xFF, 0x4E, 0x00, 0x00, 0xC0, 0xFF, 0xFF, 0xFF, 0xFF, 0xFF, 0xFF, 0x05,
    0x00, 0xC0, 0xFF, 0xFF, 0xFF, 0xFF, 0xFF, 0xFF, 0x2F, 0x00, 0xC0, 0xFF, 0xFF, 0xFF, 0xFF, 0xFF,
    0xFF, 0x9F, 0x00, 0xC0, 0x8E, 0x13, 0x40, 0xFD, 0xFF, 0xFF, 0xEF, 0x00, 0x50, 0x00, 0x00, 0x00,
    0xF1, 0xFF, 0xFF, 0xFF, 0x00, 0x00, 0x00, 0x00, 0x00, 0xC0, 0xFF, 0xFF, 0xEF, 0x00, 0x00, 0x00,
    0x00, 0x00, 0xF1, 0xFF, 0xFF, 0x9F, 0x00, 0x00, 0x00, 0x00, 0x51, 0xFD, 0xFF, 0xFF, 0x2F, 0x00,
    0x00, 0x00, 0xF3, 0xFF, 0xFF, 0xFF, 0xFF, 0x05, 0x00, 0x00, 0x00, 0xF3, 0xFF, 0xFF, 0xFF, 0x4F,
    0x00, 0x00, 0x00, 0x00, 0xF3, 0xFF, 0xFF, 0xFF, 0xBF, 0x01, 0x00, 0x00, 0x00, 0xF3, 0xFF, 0xFF,
    0xFF, 0xFF, 0x1D, 0x00, 0x00, 0x00, 0x00, 0x51, 0xFD, 0xFF, 0xFF, 0xBF, 0x00, 0x00, 0x00, 0x00,
    0x00, 0xD1, 0xFF, 0xFF, 0xFF, 0x02, 0x00, 0x00, 0x00, 0x00, 0x70, 0xFF, 0xFF, 0xFF, 0x05, 0x01,
    0x00, 0x00, 0x00, 0x60, 0xFF, 0xFF, 0xFF, 0x07, 0xB6, 0x02, 0x00, 0x00, 0xB0, 0xFF, 0xFF, 0xFF,
    0x06, 0xF6, 0x9F, 0x13, 0x30, 0xFB, 0xFF, 0xFF, 0xFF, 0x04, 0xF6, 0xFF, 0xFF, 0xFF, 0xFF, 0xFF,
    0xFF, 0xEF, 0x00, 0xF6, 0xFF, 0xFF, 0xFF, 0xFF, 0xFF, 0xFF, 0x6F, 0x00, 0xF6, 0xFF, 0xFF, 0xFF,
    0xFF, 0xFF, 0xFF, 0x0A, 0x00, 0x81, 0xFE, 0xFF, 0xFF, 0xFF, 0xFF, 0x7F, 0x00, 0x00, 0x00, 0x30,
    0xB7, 0xFD, 0xEF, 0x7B, 0x01, 0x00, 0x00, 0x00, 0x00, 0x00, 0x00, 0x00, 0x60, 0xFF, 0xFF, 0x3F,
    0x00, 0x00, 0x00, 0x00, 0x00, 0x00, 0x00, 0xF3, 0xFF, 0xFF, 0x3F, 0x00, 0x00, 0x00, 0x00, 0x00,
    0x00, 0x10, 0xFE, 0xFF, 0xFF, 0x3F, 0x00, 0x00, 0x00, 0x00, 0x00, 0x00, 0xB0, 0xFF, 0xFF, 0xFF,
    0x3F, 0x00, 0x00, 0x00, 0x00, 0x00, 0x00, 0xF8, 0xFF, 0xFF, 0xFF, 0x3F, 0x00, 0x00, 0x00, 0x00,
    0x00, 0x40, 0xFF, 0xFF, 0xFF, 0xFF, 0x3F, 0x00, 0x00, 0x00, 0x00, 0x00, 0xE2, 0xFF, 0xFF, 0xFF,
    0xFF, 0x3F, 0x00, 0x00, 0x00, 0x00, 0x00, 0xFC, 0xFF, 0xF9, 0xFF, 0xFF, 0x3F, 0x00, 0x00, 0x00,
    0x00, 0x90, 0xFF, 0x9F, 0xF4, 0xFF, 0xFF, 0x3F, 0x00, 0x00, 0x00, 0x00, 0xF6, 0xFF, 0x0C, 0xF4,
    0xFF, 0xFF, 0x3F, 0x00, 0x00, 0x00, 0x30, 0xFF, 0xFF, 0x02, 0xF4, 0xFF, 0xFF, 0x3F, 0x00, 0x00,
    0x00, 0xD1, 0xFF, 0x5F, 0x00, 0xF4, 0xFF, 0xFF, 0x3F, 0x00, 0x00, 0x00, 0xFB, 0xFF, 0x08, 0x00,
    0xF4, 0xFF, 0xFF, 0x3F, 0x00, 0x00, 0x70, 0xFF, 0xCF, 0x00, 0x00, 0xF4, 0xFF, 0xFF, 0x3F, 0x00,
    0x00, 0xF1, 0xFF, 0x1E, 0x00, 0x00, 0xF4, 0xFF, 0xFF, 0x3F, 0x00, 0x00, 0xF2, 0xFF, 0xFF, 0xFF,
    0xFF, 0xFF, 0xFF, 0xFF, 0xFF, 0xFF, 0x01, 0xF2, 0xFF, 0xFF, 0xFF, 0xFF, 0xFF, 0xFF, 0xFF, 0xFF,
    0xFF, 0x01, 0xF2, 0xFF, 0xFF, 0xFF, 0xFF, 0xFF, 0xFF, 0xFF, 0xFF, 0xFF, 0x01, 0xF2, 0xFF, 0xFF,
    0xFF, 0xFF, 0xFF, 0xFF, 0xFF, 0xFF, 0xFF, 0x01, 0x00, 0x00, 0x00, 0x00, 0x00, 0xF4, 0xFF, 0xFF,
    0x3F, 0x00, 0x00, 0x00, 0x00, 0x00, 0x00, 0x00, 0xF4, 0xFF, 0xFF, 0x3F, 0x00, 0x00, 0x00, 0x00,
    0x00, 0x00, 0x00, 0xF4, 0xFF, 0xFF, 0x3F, 0x00, 0x00, 0x00, 0x00, 0x00, 0x00, 0x00, 0xF4, 0xFF,
    0xFF, 0x3F, 0x00, 0x00, 0x00, 0x00, 0x00, 0x00, 0x00, 0xF4, 0xFF, 0xFF, 0x3F, 0x00, 0x00, 0x00,
    0xF6, 0xFF, 0xFF, 0xFF, 0xFF, 0xFF, 0xFF, 0x0B, 0x00, 0xF6, 0xFF, 0xFF, 0xFF, 0xFF, 0xFF, 0xFF,
    0x0B, 0x00, 0xF6, 0xFF, 0xFF, 0xFF, 0xFF, 0xFF, 0xFF, 0x0B, 0x00, 0xF6, 0xFF, 0xFF, 0xFF, 0xFF,
    0xFF, 0xFF, 0x0B, 0x00, 0xF6, 0xFF, 0xFF, 0xFF, 0xFF, 0xFF, 0xFF, 0x0B, 0x00, 0xF6, 0xFF, 0xFF,
    0x00, 0x00, 0x00, 0x00, 0x00, 0x00, 0xF6, 0xFF, 0xFF, 0x00, 0x00, 0x00, 0x00, 0x00, 0x00, 0xF6,
    0xFF, 0xFF, 0x00, 0x00, 0x00, 0x00, 0x00, 0x00, 0xF6, 0xFF, 0xFF, 0x00, 0x00, 0x00, 0x00, 0x00,
    0x00, 0xF6, 0xFF, 0xFF, 0xFF, 0xCE, 0x28, 0x00, 0x00, 0x00, 0xF6, 0xFF, 0xFF, 0xFF, 0xFF, 0xFF,
    0x09, 0x00, 0x00, 0xF6, 0xFF, 0xFF, 0xFF, 0xFF, 0xFF, 0xCF, 0x00, 0x00, 0xF6, 0xFF, 0xFF, 0xFF,
    0xFF, 0xFF, 0xFF, 0x09, 0x00, 0x74, 0x12, 0x10, 0xB4, 0xFF, 0xFF, 0xFF, 0x1F, 0x00, 0x00, 0x00,
    0x00, 0x00, 0xFA, 0xFF, 0xFF, 0x7F, 0x00, 0x00, 0x00, 0x00, 0x00, 0xF3, 0xFF, 0xFF, 0xAF, 0x30,
    0x00, 0x00, 0x00, 0x00, 0xF2, 0xFF, 0xFF, 0xAF, 0xF0, 0x2A, 0x00, 0x00, 0x00, 0xF7, 0xFF, 0xFF,
    0x8F, 0xF0, 0xFF, 0x6B, 0x02, 0x61, 0xFF, 0xFF, 0xFF, 0x5F, 0xF0, 0xFF, 0xFF, 0xFF, 0xFF, 0xFF,
    0xFF, 0xFF, 0x0E, 0xF0, 0xFF, 0xFF, 0xFF, 0xFF, 0xFF, 0xFF, 0xFF, 0x06, 0xE0, 0xFF, 0xFF, 0xFF,
    0xFF, 0xFF, 0xFF, 0x9F, 0x00, 0x10, 0xF8, 0xFF, 0xFF, 0xFF, 0xFF, 0xFF, 0x06, 0x00, 0x00, 0x00,
    0x95, 0xEC, 0xFF, 0xBE, 0x17, 0x00, 0x00, 0x00, 0x00, 0x00, 0x00, 0xA0, 0x7D, 0x02, 0x00, 0x00,
    0x00, 0x00, 0x00, 0x00, 0x20, 0xFD, 0xFF, 0xDF, 0x38, 0x00, 0x00, 0x00, 0x00, 0x00, 0xE3, 0xFF,
    0xFF, 0xFF, 0x4E, 0x00, 0x00, 0x00, 0x00, 0x30, 0xFF, 0xFF, 0xFF, 0xEF, 0x02, 0x00, 0x00, 0x00,
    0x00, 0xE2, 0xFF, 0xFF, 0xFF, 0x1D, 0x00, 0x00, 0x00, 0x00, 0x00, 0xFD, 0xFF, 0xFF, 0xDF, 0x01,
    0x00, 0x00, 0x00, 0x00, 0xA0, 0xFF, 0xFF, 0xFF, 0x2E, 0x00, 0x00, 0x00, 0x00, 0x00, 0xF5, 0xFF,
    0xFF, 0xFF, 0x04, 0x00, 0x00, 0x00, 0x00, 0x00, 0xFD, 0xFF, 0xFF, 0xFF, 0xFF, 0xAE, 0x05, 0x00,
    0x00, 0x60, 0xFF, 0xFF, 0xFF, 0xFF, 0xFF, 0xFF, 0xBF, 0x01, 0x00, 0xC0, 0xFF, 0xFF, 0xFF, 0xFF,
    0xFF, 0xFF, 0xFF, 0x1E, 0x00, 0xF2, 0xFF, 0xFF, 0xFF, 0xFF, 0xFF, 0xFF, 0xFF, 0xBF, 0x00, 0xF6,
    0xFF, 0xFF, 0xFF, 0xFF, 0xFF, 0xFF, 0xFF, 0xFF, 0x05, 0xFA, 0xFF, 0xFF, 0xDF, 0x03, 0x82, 0xFF,
    0xFF, 0xFF, 0x0C, 0xFB, 0xFF, 0xFF, 0x2F, 0x00, 0x00, 0xF9, 0xFF, 0xFF, 0x0F, 0xFC, 0xFF, 0xFF,
    0x0B, 0x00, 0x00, 0xF3, 0xFF, 0xFF, 0x2F, 0xFB, 0xFF, 0xFF, 0x09, 0x00, 0x00, 0xF2, 0xFF, 0xFF,
    0x3F, 0xF9, 0xFF, 0xFF, 0x0B, 0x00, 0x00, 0xF4, 0xFF, 0xFF, 0x2F, 0xF5, 0xFF, 0xFF, 0x2F, 0x00,
    0x00, 0xFB, 0xFF, 0xFF, 0x0F, 0xE0, 0xFF, 0xFF, 0xDF, 0x04, 0x92, 0xFF, 0xFF, 0xFF, 0x0A, 0x70,
    0xFF, 0xFF, 0xFF, 0xFF, 0xFF, 0xFF, 0xFF, 0xFF, 0x02, 0x00, 0xFC, 0xFF, 0xFF, 0xFF, 0xFF, 0xFF,
    0xFF, 0x7F, 0x00, 0x00, 0xC1, 0xFF, 0xFF, 0xFF, 0xFF, 0xFF, 0xFF, 0x08, 0x00, 0x00, 0x00, 0xF9,
    0xFF, 0xFF, 0xFF, 0xFF, 0x5E, 0x00, 0x00, 0x00, 0x00, 0x20, 0xC7, 0xFE, 0xDF, 0x5A, 0x00, 0x00,
    0x00, 0xF6, 0xFF, 0xFF, 0xFF, 0xFF, 0xFF, 0xFF, 0xFF, 0xFF, 0x1F, 0xF6, 0xFF, 0xFF, 0xFF, 0xFF,
    0xFF, 0xFF, 0xFF, 0xFF, 0x0B, 0xF6, 0xFF, 0xFF, 0xFF, 0xFF, 0xFF, 0xFF, 0xFF, 0xFF, 0x04, 0xF6,
    0xFF, 0xFF, 0xFF, 0xFF, 0xFF, 0xFF, 0xFF, 0xDF, 0x00, 0xF6, 0xFF, 0xFF, 0xFF, 0xFF, 0xFF, 0xFF,
    0xFF, 0x6F, 0x00, 0x00, 0x00, 0x00, 0x00, 0x00, 0xFB, 0xFF, 0xFF, 0x0E, 0x00, 0x00, 0x00, 0x00,
    0x00, 0x20, 0xFF, 0xFF, 0xFF, 0x07, 0x00, 0x00, 0x00, 0x00, 0x00, 0x90, 0xFF, 0xFF, 0xFF, 0x01,
    0x00, 0x00, 0x00, 0x00, 0x00, 0xF1, 0xFF, 0xFF, 0x9F, 0x00, 0x00, 0x00, 0x00, 0x00, 0x00, 0xF7,
    0xFF, 0xFF, 0x2F, 0x00, 0x00, 0x00, 0x00, 0x00, 0x00, 0xFE, 0xFF, 0xFF, 0x0B, 0x00, 0x00, 0x00,
    0x00, 0x00, 0x50, 0xFF, 0xFF, 0xFF, 0x04, 0x00, 0x00, 0x00, 0x00, 0x00, 0xC0, 0xFF, 0xFF, 0xDF,
    0x00, 0x00, 0x00, 0x00, 0x00, 0x00, 0xF3, 0xFF, 0xFF, 0x5F, 0x00, 0x00, 0x00, 0x00, 0x00, 0x00,
    0xFA, 0xFF, 0xFF, 0x0E, 0x00, 0x00, 0x00, 0x00, 0x00, 0x10, 0xFF, 0xFF, 0xFF, 0x07, 0x00, 0x00,
    0x00, 0x00, 0x00, 0x70, 0xFF, 0xFF, 0xFF, 0x01, 0x00, 0x00, 0x00, 0x00, 0x00, 0xE0, 0xFF, 0xFF,
    0x9F, 0x00, 0x00, 0x00, 0x00, 0x00, 0x00, 0xF5, 0xFF, 0xFF, 0x2F, 0x00, 0x00, 0x00, 0x00, 0x00,
    0x00, 0xFC, 0xFF, 0xFF, 0x0B, 0x00, 0x00, 0x00, 0x00, 0x00, 0x30, 0xFF, 0xFF, 0xFF, 0x03, 0x00,
    0x00, 0x00, 0x00, 0x00, 0xA0, 0xFF, 0xFF, 0xCF, 0x00, 0x00, 0x00, 0x00, 0x00, 0x00, 0x50, 0xFB,
    0xFF, 0x5F, 0x00, 0x00, 0x00, 0x00, 0x00, 0x00, 0x00, 0x00, 0xA5, 0x0D, 0x00, 0x00, 0x00, 0x00,
    0x00, 0x00, 0x00, 0x40, 0xC9, 0xFE, 0xDF, 0x6B, 0x00, 0x00, 0x00, 0x00, 0x10, 0xFC, 0xFF, 0xFF,
    0xFF, 0xFF, 0x6E, 0x00, 0x00, 0x00, 0xE2, 0xFF, 0xFF, 0xFF, 0xFF, 0xFF, 0xFF, 0x08, 0x00, 0x00,
    0xFD, 0xFF, 0xFF, 0xFF, 0xFF, 0xFF, 0xFF, 0x5F, 0x00, 0x60, 0xFF, 0xFF, 0xFF, 0x06, 0xC2, 0xFF,
    0xFF, 0xDF, 0x00, 0xC0, 0xFF, 0xFF, 0x9F, 0x00, 0x30, 0xFF, 0xFF, 0xFF, 0x02, 0xE0, 0xFF, 0xFF,
    0x4F, 0x00, 0x00, 0xFE, 0xFF, 0xFF, 0x05, 0xE0, 0xFF, 0xFF, 0x3F, 0x00, 0x00, 0xFD, 0xFF, 0xFF,
    0x05, 0xC0, 0xFF, 0xFF, 0x4F, 0x00, 0x00, 0xFE, 0xFF, 0xFF, 0x03, 0x70, 0xFF, 0xFF, 0xAF, 0x00,
    0x40, 0xFF, 0xFF, 0xEF, 0x00, 0x00, 0xFD, 0xFF, 0xFF, 0x17, 0xE4, 0xFF, 0xFF, 0x5F, 0x00, 0x00,
    0xD2, 0xFF, 0xFF, 0xFF, 0xFF, 0xFF, 0xFF, 0x06, 0x00, 0x00, 0x40, 0xFF, 0xFF, 0xFF, 0xFF, 0xFF,
    0xAF, 0x00, 0x00, 0x00, 0xF8, 0xFF, 0xFF, 0xFF, 0xFF, 0xFF, 0xFF, 0x1D, 0x00, 0x60, 0xFF, 0xFF,
    0xDF, 0x04, 0xA2, 0xFF, 0xFF, 0xDF, 0x00, 0xF2, 0xFF, 0xFF, 0x1F, 0x00, 0x00, 0xFA, 0xFF, 0xFF,
    0x08, 0xF8, 0xFF, 0xFF, 0x09, 0x00, 0x00, 0xF3, 0xFF, 0xFF, 0x0E, 0xFB, 0xFF, 0xFF, 0x07, 0x00,
    0x00, 0xF1, 0xFF, 0xFF, 0x2F, 0xFC, 0xFF, 0xFF, 0x09, 0x00, 0x00, 0xF3, 0xFF, 0xFF, 0x2F, 0xFA,
    0xFF, 0xFF, 0x1F, 0x00, 0x00, 0xFB, 0xFF, 0xFF, 0x0F, 0xF5, 0xFF, 0xFF, 0xDF, 0x04, 0xA2, 0xFF,
    0xFF, 0xFF, 0x0A, 0xC0, 0xFF, 0xFF, 0xFF, 0xFF, 0xFF, 0xFF, 0xFF, 0xFF, 0x02, 0x10, 0xFD, 0xFF,
    0xFF, 0xFF, 0xFF, 0xFF, 0xFF, 0x4F, 0x00, 0x00, 0x91, 0xFF, 0xFF, 0xFF, 0xFF, 0xFF, 0xCF, 0x03,
    0x00, 0x00, 0x00, 0x72, 0xEB, 0xFF, 0xEF, 0x9C, 0x03, 0x00, 0x00, 0x00, 0x00, 0x20, 0xC8, 0xFE,
    0xDE, 0x49, 0x00, 0x00, 0x00, 0x00, 0x10, 0xFA, 0xFF, 0xFF, 0xFF, 0xFF, 0x3C, 0x00, 0x00, 0x00,
    0xD2, 0xFF, 0xFF, 0xFF, 0xFF, 0xFF, 0xFF, 0x05, 0x00, 0x00, 0xFD, 0xFF, 0xFF, 0xFF, 0xFF, 0xFF,
    0xFF, 0x3F, 0x00, 0x90, 0xFF, 0xFF, 0xFF, 0xFF, 0xFF, 0xFF, 0xFF, 0xEF, 0x00, 0xF2, 0xFF, 0xFF,
    0xDF, 0x04, 0x91, 0xFF, 0xFF, 0xFF, 0x06, 0xF7, 0xFF, 0xFF, 0x2F, 0x00, 0x00, 0xFC, 0xFF, 0xFF,
    0x0B, 0xFB, 0xFF, 0xFF, 0x0A, 0x00, 0x00, 0xF5, 0xFF, 0xFF, 0x0F, 0xFC, 0xFF, 0xFF, 0x08, 0x00,
    0x00, 0xF2, 0xFF, 0xFF, 0x2F, 0xFD, 0xFF, 0xFF, 0x0A, 0x00, 0x00, 0xF4, 0xFF, 0xFF, 0x2F, 0xFB,
    0xFF, 0xFF, 0x1E, 0x00, 0x00, 0xFB, 0xFF, 0xFF, 0x2F, 0xF7, 0xFF, 0xFF, 0xCF, 0x03, 0x92, 0xFF,
    0xFF, 0xFF, 0x0F, 0xF1, 0xFF, 0xFF, 0xFF, 0xFF, 0xFF, 0xFF, 0xFF, 0xFF, 0x0D, 0x80, 0xFF, 0xFF,
    0xFF, 0xFF, 0xFF, 0xFF, 0xFF, 0xFF, 0x08, 0x00, 0xFB, 0xFF, 0xFF, 0xFF, 0xFF, 0xFF, 0xFF, 0xFF,
    0x02, 0x00, 0x80, 0xFF, 0xFF, 0xFF, 0xFF, 0xFF, 0xFF, 0xCF, 0x00, 0x00, 0x00, 0x82, 0xFD, 0xEF,
    0xFF, 0xFF, 0xFF, 0x4F, 0x00, 0x00, 0x00, 0x00, 0x00, 0xD0, 0xFF, 0xFF, 0xFF, 0x0A, 0x00, 0x00,
    0x00, 0x00, 0x00, 0xFA, 0xFF, 0xFF, 0xEF, 0x01, 0x00, 0x00, 0x00, 0x00, 0x90, 0xFF, 0xFF, 0xFF,
    0x4F, 0x00, 0x00, 0x00, 0x00, 0x00, 0xF9, 0xFF, 0xFF, 0xFF, 0x07, 0x00, 0x00, 0x00, 0x00, 0xA0,
    0xFF, 0xFF, 0xFF, 0x7F, 0x00, 0x00, 0x00, 0x00, 0x10, 0xFB, 0xFF, 0xFF, 0xFF, 0x08, 0x00, 0x00,
    0x00, 0x00, 0x10, 0xC6, 0xFF, 0xFF, 0x6F, 0x00, 0x00, 0x00, 0x00, 0x00, 0x00, 0x00, 0x61, 0xDB,
    0x03, 0x00, 0x00, 0x00, 0x00, 0x00, 0xE9, 0xAF, 0x01, 0xC0, 0xFF, 0xFF, 0x1E, 0xF6, 0xFF, 0xFF,
    0x8F, 0xFA, 0xFF, 0xFF, 0xCF, 0xFA, 0xFF, 0xFF, 0xCF, 0xF6, 0xFF, 0xFF, 0x8F, 0xD0, 0xFF, 0xFF,
    0x1E, 0x10, 0xFA, 0xAF, 0x01, 0x00, 0x00, 0x00, 0x00, 0x00, 0x00, 0x00, 0x00, 0x10, 0xE9, 0xAF,
    0x01, 0xC0, 0xFF, 0xFF, 0x1E, 0xF6, 0xFF, 0xFF, 0x8F, 0xFA, 0xFF, 0xFF, 0xCF, 0xFA, 0xFF, 0xFF,
    0xCF, 0xF6, 0xFF, 0xFF, 0x9F, 0xC0, 0xFF, 0xFF, 0x1E, 0x10, 0xE9, 0xBF, 0x02, 0x00, 0xE9, 0xAF,
    0x01, 0x00, 0xC0, 0xFF, 0xFF, 0x1E, 0x00, 0xF6, 0xFF, 0xFF, 0x8F, 0x00, 0xFA, 0xFF, 0xFF, 0xCF,
    0x00, 0xFA, 0xFF, 0xFF, 0xCF, 0x00, 0xF6, 0xFF, 0xFF, 0x8F, 0x00, 0xD0, 0xFF, 0xFF, 0x1E, 0x00,
    0x10, 0xFA, 0xAF, 0x01, 0x00, 0x00, 0x00, 0x00, 0x00, 0x00, 0x00, 0x00, 0x00, 0x00, 0x00, 0x00,
    0x00, 0x00, 0x00, 0x00, 0x20, 0xFB, 0xBE, 0x02, 0x00, 0xE0, 0xFF, 0xFF, 0x3F, 0x00, 0xF7, 0xFF,
    0xFF, 0xDF, 0x00, 0xFB, 0xFF, 0xFF, 0xFF, 0x03, 0xF9, 0xFF, 0xFF, 0xFF, 0x07, 0xF2, 0xFF, 0xFF,
    0xFF, 0x08, 0x30, 0xFC, 0xFF, 0xFF, 0x06, 0x00, 0xF0, 0xFF, 0xFF, 0x02, 0x00, 0xF1, 0xFF, 0xBF,
    0x00, 0x00, 0xF5, 0xFF, 0x2E, 0x00, 0x00, 0xFD, 0xEF, 0x03, 0x00, 0xC3, 0xFF, 0x1A, 0x00, 0x00,
    0xBA, 0x27, 0x00, 0x00, 0x00, 0x00, 0x00, 0x00, 0x00, 0x00, 0x00, 0x00, 0x00, 0x10, 0xB6, 0x00,
    0x00, 0x00, 0x00, 0x00, 0x00, 0x00, 0x30, 0xF9, 0xEF, 0x00, 0x00, 0x00, 0x00, 0x00, 0x00, 0x60,
    0xFC, 0xFF, 0xEF, 0x00, 0x00, 0x00, 0x00, 0x00, 0x92, 0xFF, 0xFF, 0xFF, 0xEF, 0x00, 0x00, 0x00,
    0x00, 0xC5, 0xFF, 0xFF, 0xFF, 0xFF, 0xAF, 0x00, 0x00, 0x20, 0xE8, 0xFF, 0xFF, 0xFF, 0xFF, 0x8E,
    0x01, 0x00, 0x40, 0xFB, 0xFF, 0xFF, 0xFF, 0xFF, 0x4B, 0x00, 0x00, 0x71, 0xFE, 0xFF, 0xFF, 0xFF,
    0xEF, 0x17, 0x00, 0x00, 0x00, 0xFD, 0xFF, 0xFF, 0xFF, 0xAF, 0x04, 0x00, 0x00, 0x00, 0x00, 0xFE,
    0xFF, 0xFF, 0x7D, 0x01, 0x00, 0x00, 0x00, 0x00, 0x00, 0xFE, 0xFF, 0xFF, 0x8E, 0x01, 0x00, 0x00,
    0x00, 0x00, 0x00, 0xFD, 0xFF, 0xFF, 0xFF, 0xBF, 0x04, 0x00, 0x00, 0x00, 0x00, 0x71, 0xFE, 0xFF,
    0xFF, 0xFF, 0xEF, 0x28, 0x00, 0x00, 0x00, 0x00, 0x40, 0xFB, 0xFF, 0xFF, 0xFF, 0xFF, 0x5B, 0x00,
    0x00, 0x00, 0x00, 0x20, 0xE8, 0xFF, 0xFF, 0xFF, 0xFF, 0x8E, 0x02, 0x00, 0x00, 0x00, 0x00, 0xC5,
    0xFF, 0xFF, 0xFF, 0xFF, 0xAF, 0x00, 0x00, 0x00, 0x00, 0x00, 0x92, 0xFF, 0xFF, 0xFF, 0xEF, 0x00,
    0x00, 0x00, 0x00, 0x00, 0x00, 0x60, 0xFC, 0xFF, 0xEF, 0x00, 0x00, 0x00, 0x00, 0x00, 0x00, 0x00,
    0x30, 0xF9, 0xEF, 0x00, 0x00, 0x00, 0x00, 0x00, 0x00, 0x00, 0x00, 0x10, 0xB6, 0xFE, 0xFF, 0xFF,
    0xFF, 0xFF, 0xFF, 0xFF, 0xFF, 0xFF, 0xEF, 0xFE, 0xFF, 0xFF, 0xFF, 0xFF, 0xFF, 0xFF, 0xFF, 0xFF,
    0xEF, 0xFE, 0xFF, 0xFF, 0xFF, 0xFF, 0xFF, 0xFF, 0xFF, 0xFF, 0xEF, 0xFE, 0xFF, 0xFF, 0xFF, 0xFF,
    0xFF, 0xFF, 0xFF, 0xFF, 0xEF, 0x00, 0x00, 0x00, 0x00, 0x00, 0x00, 0x00, 0x00, 0x00, 0x00, 0x00,
    0x00, 0x00, 0x00, 0x00, 0x00, 0x00, 0x00, 0x00, 0x00, 0x00, 0x00, 0x00, 0x00, 0x00, 0x00, 0x00,
    0x00, 0x00, 0x00, 0x00, 0x00, 0x00, 0x00, 0x00, 0x00, 0x00, 0x00, 0x00, 0x00, 0xFE, 0xFF, 0xFF,
    0xFF, 0xFF, 0xFF, 0xFF, 0xFF, 0xFF, 0xEF, 0xFE, 0xFF, 0xFF, 0xFF, 0xFF, 0xFF, 0xFF, 0xFF, 0xFF,
    0xEF, 0xFE, 0xFF, 0xFF, 0xFF, 0xFF, 0xFF, 0xFF, 0xFF, 0xFF, 0xEF, 0xFE, 0xFF, 0xFF, 0xFF, 0xFF,
    0xFF, 0xFF, 0xFF, 0xFF, 0xEF, 0x6B, 0x01, 0x00, 0x00, 0x00, 0x00, 0x00, 0x00, 0x00, 0x00, 0xFE,
    0x9F, 0x03, 0x00, 0x00, 0x00, 0x00, 0x00, 0x00, 0x00, 0xFE, 0xFF, 0xCF, 0x06, 0x00, 0x00, 0x00,
    0x00, 0x00, 0x00, 0xFE, 0xFF, 0xFF, 0xFF, 0x29, 0x00, 0x00, 0x00, 0x00, 0x00, 0xFA, 0xFF, 0xFF,
    0xFF, 0xFF, 0x5C, 0x00, 0x00, 0x00, 0x00, 0x10, 0xE8, 0xFF, 0xFF, 0xFF, 0xFF, 0x8E, 0x02, 0x00,
    0x00, 0x00, 0x00, 0xB4, 0xFF, 0xFF, 0xFF, 0xFF, 0xBF, 0x04, 0x00, 0x00, 0x00, 0x00, 0x71, 0xFE,
    0xFF, 0xFF, 0xFF, 0xEF, 0x17, 0x00, 0x00, 0x00, 0x00, 0x40, 0xFA, 0xFF, 0xFF, 0xFF, 0xEF, 0x00,
    0x00, 0x00, 0x00, 0x00, 0x10, 0xD7, 0xFF, 0xFF, 0xEF, 0x00, 0x00, 0x00, 0x00, 0x00, 0x10, 0xE8,
    0xFF, 0xFF, 0xEF, 0x00, 0x00, 0x00, 0x00, 0x40, 0xFB, 0xFF, 0xFF, 0xFF, 0xEF, 0x00, 0x00, 0x00,
    0x82, 0xFE, 0xFF, 0xFF, 0xFF, 0xEF, 0x17, 0x00, 0x00, 0xB5, 0xFF, 0xFF, 0xFF, 0xFF, 0xBF, 0x04,
    0x00, 0x20, 0xE8, 0xFF, 0xFF, 0xFF, 0xFF, 0x8E, 0x02, 0x00, 0x00, 0xFA, 0xFF, 0xFF, 0xFF, 0xFF,
    0x5C, 0x00, 0x00, 0x00, 0x00, 0xFE, 0xFF, 0xFF, 0xFF, 0x29, 0x00, 0x00, 0x00, 0x00, 0x00, 0xFE,
    0xFF, 0xCF, 0x06, 0x00, 0x00, 0x00, 0x00, 0x00, 0x00, 0xFE, 0x9F, 0x03, 0x00, 0x00, 0x00, 0x00,
    0x00, 0x00, 0x00, 0x7B, 0x01, 0x00, 0x00, 0x00, 0x00, 0x00, 0x00, 0x00, 0x00, 0x00, 0xC9, 0xFE,
    0xBE, 0x06, 0x00, 0x50, 0xFF, 0xFF, 0xFF, 0xDF, 0x02, 0xB0, 0xFF, 0xFF, 0xFF, 0xFF, 0x0D, 0xF1,
    0xFF, 0xFF, 0xFF, 0xFF, 0x6F, 0xF6, 0xFF, 0xFF, 0xFF, 0xFF, 0xAF, 0x24, 0x20, 0xFB, 0xFF, 0xFF,
    0xBF, 0x00, 0x00, 0xF3, 0xFF, 0xFF, 0x9F, 0x00, 0x00, 0xF5, 0xFF, 0xFF, 0x3F, 0x00, 0x00, 0xFB,
    0xFF, 0xFF, 0x0A, 0x00, 0x30, 0xFF, 0xFF, 0xBF, 0x00, 0x00, 0x90, 0xFF, 0xFF, 0x09, 0x00, 0x00,
    0xE0, 0xFF, 0xAF, 0x00, 0x00, 0x00, 0xF0, 0xFF, 0x0D, 0x00, 0x00, 0x00, 0xF0, 0xFF, 0x06, 0x00,
    0x00, 0x00, 0xF0, 0xFF, 0x00, 0x00, 0x00, 0x00, 0xB0, 0xDF, 0x00, 0x00, 0x00, 0x00, 0x00, 0x13,
    0x00, 0x00, 0x00, 0x00, 0xC3, 0xEF, 0x07, 0x00, 0x00, 0x40, 0xFF, 0xFF, 0x9F, 0x00, 0x00, 0xD0,
    0xFF, 0xFF, 0xFF, 0x02, 0x00, 0xF1, 0xFF, 0xFF, 0xFF, 0x06, 0x00, 0xF1, 0xFF, 0xFF, 0xFF, 0x06,
    0x00, 0xD0, 0xFF, 0xFF, 0xFF, 0x02, 0x00, 0x40, 0xFF, 0xFF, 0x9F, 0x00, 0x00, 0x00, 0xC4, 0xEF,
    0x07, 0x00, 0x00, 0x00, 0x00, 0x00, 0x00, 0x00, 0x10, 0x95, 0xEC, 0xFF, 0xEF, 0xAC, 0x16, 0x00,
    0x00, 0x00, 0x00, 0x00, 0x00, 0x00, 0x00, 0x00, 0x40, 0xFB, 0xFF, 0xFF, 0xFF, 0xFF, 0xFF, 0xFF,
    0x3B, 0x00, 0x00, 0x00, 0x00, 0x00, 0x00, 0x00, 0x30, 0xFC, 0xFF, 0xFF, 0xFF, 0xFF, 0xFF, 0xFF,
    0xFF, 0xFF, 0x1A, 0x00, 0x00, 0x00, 0x00, 0x00, 0x00, 0xF7, 0xFF, 0xFF, 0x7B, 0x24, 0x00, 0x21,
    0x73, 0xFC, 0xFF, 0xEF, 0x03, 0x00, 0x00, 0x00, 0x00, 0xA0, 0xFF, 0xFF, 0x18, 0x00, 0x00, 0x00,
    0x00, 0x00, 0x20, 0xFB, 0xFF, 0x2E, 0x00, 0x00, 0x00, 0x00, 0xFA, 0xFF, 0x2C, 0x00, 0x00, 0x00,
    0x00, 0x00, 0x00, 0x00, 0x50, 0xFF, 0xEF, 0x00, 0x00, 0x00, 0x70, 0xFF, 0xAF, 0x00, 0x00, 0x00,
    0x00, 0x00, 0x00, 0x00, 0x00, 0x00, 0xF4, 0xFF, 0x09, 0x00, 0x00, 0xF2, 0xFF, 0x0A, 0x00, 0x00,
    0xA3, 0xFD, 0xCE, 0x06, 0x92, 0x99, 0x39, 0x70, 0xFF, 0x2F, 0x00, 0x00, 0xFB, 0xEF, 0x00, 0x00,
    0xA0, 0xFF, 0xFF, 0xFF, 0xCF, 0xF6, 0xFF, 0x3F, 0x00, 0xFD, 0x9F, 0x00, 0x40, 0xFF, 0x5F, 0x00,
    0x00, 0xFB, 0xFF, 0xFF, 0xFF, 0xFF, 0xFF, 0xFF, 0x0F, 0x00, 0xF6, 0xEF, 0x00, 0xA0, 0xFF, 0x0C,
    0x00, 0xA0, 0xFF, 0xFF, 0x18, 0x50, 0xFE, 0xFF, 0xFF, 0x0C, 0x00, 0xF1, 0xFF, 0x02, 0xF0, 0xFF,
    0x06, 0x00, 0xF5, 0xFF, 0x6F, 0x00, 0x00, 0xF5, 0xFF, 0xFF, 0x09, 0x00, 0xD0, 0xFF, 0x05, 0xF5,
    0xFF, 0x00, 0x00, 0xFD, 0xFF, 0x0C, 0x00, 0x00, 0xF0, 0xFF, 0xFF, 0x06, 0x00, 0xC0, 0xFF, 0x06,
    0xF8, 0xBF, 0x00, 0x60, 0xFF, 0xFF, 0x04, 0x00, 0x00, 0xD0, 0xFF, 0xFF, 0x03, 0x00, 0xB0, 0xFF,
    0x07, 0xFB, 0x8F, 0x00, 0xC0, 0xFF, 0xEF, 0x00, 0x00, 0x00, 0xC0, 0xFF, 0xFF, 0x00, 0x00, 0xC0,
    0xFF, 0x06, 0xFD, 0x5F, 0x00, 0xF0, 0xFF, 0xAF, 0x00, 0x00, 0x00, 0xD0, 0xFF, 0xCF, 0x00, 0x00,
    0xE0, 0xFF, 0x04, 0xFE, 0x4F, 0x00, 0xF4, 0xFF, 0x7F, 0x00, 0x00, 0x00, 0xF0, 0xFF, 0x9F, 0x00,
    0x00, 0xF3, 0xFF, 0x01, 0xFF, 0x3F, 0x00, 0xF6, 0xFF, 0x5F, 0x00, 0x00, 0x00, 0xF3, 0xFF, 0x6F,
    0x00, 0x00, 0xF9, 0xCF, 0x00, 0xFE, 0x4F, 0x00, 0xF6, 0xFF, 0x4F, 0x00, 0x00, 0x00, 0xF7, 0xFF,
    0x2F, 0x00, 0x20, 0xFF, 0x7F, 0x00, 0xFD, 0x6F, 0x00, 0xF5, 0xFF, 0x4F, 0x00, 0x00, 0x00, 0xFD,
    0xFF, 0x0F, 0x00, 0xB0, 0xFF, 0x0E, 0x00, 0xFA, 0x9F, 0x00, 0xF3, 0xFF, 0x6F, 0x00, 0x00, 0x50,
    0xFF, 0xFF, 0x0C, 0x00, 0xF8, 0xFF, 0x06, 0x00, 0xF7, 0xDF, 0x00, 0xE0, 0xFF, 0xCF, 0x00, 0x00,
    0xE2, 0xFF, 0xFF, 0x09, 0x80, 0xFF, 0xBF, 0x00, 0x00, 0xF2, 0xFF, 0x03, 0x80, 0xFF, 0xFF, 0x1A,
    0x51, 0xFE, 0xFF, 0xFF, 0x6D, 0xFC, 0xFF, 0x1D, 0x00, 0x00, 0xD0, 0xFF, 0x0A, 0x00, 0xFD, 0xFF,
    0xFF, 0xFF, 0xFF, 0xFF, 0xFF, 0xFF, 0xFF, 0xBF, 0x01, 0x00, 0x00, 0x60, 0xFF, 0x4F, 0x00, 0xD2,
    0xFF, 0xFF, 0xFF, 0x7F, 0xFE, 0xFF, 0xFF, 0xFF, 0x07, 0x00, 0x00, 0x00, 0x00, 0xFE, 0xEF, 0x01,
    0x00, 0xC6, 0xFE, 0x9D, 0x02, 0xC3, 0xFF, 0xBE, 0x06, 0x00, 0x20, 0x44, 0x14, 0x00, 0xF4, 0xFF,
    0x1D, 0x00, 0x00, 0x00, 0x00, 0x00, 0x00, 0x00, 0x00, 0x00, 0x00, 0xE3, 0xFF, 0x0D, 0x00, 0x80,
    0xFF, 0xEF, 0x04, 0x00, 0x00, 0x00, 0x00, 0x00, 0x00, 0x00, 0x00, 0x50, 0xFF, 0xFF, 0x03, 0x00,
    0x00, 0xF9, 0xFF, 0xBF, 0x04, 0x00, 0x00, 0x00, 0x00, 0x00, 0x00, 0x40, 0xFC, 0xFF, 0x5F, 0x00,
    0x00, 0x00, 0x70, 0xFF, 0xFF, 0xEF, 0x69, 0x13, 0x00, 0x00, 0x32, 0xA6, 0xFE, 0xFF, 0xEF, 0x04,
    0x00, 0x00, 0x00, 0x00, 0xC3, 0xFF, 0xFF, 0xFF, 0xFF, 0xFF, 0xFF, 0xFF, 0xFF, 0xFF, 0xFF, 0x19,
    0x00, 0x00, 0x00, 0x00, 0x00, 0x00, 0xA3, 0xFE, 0xFF, 0xFF, 0xFF, 0xFF, 0xFF, 0xFF, 0xEF, 0x29,
    0x00, 0x00, 0x00, 0x00, 0x00, 0x00, 0x00, 0x00, 0x30, 0xA7, 0xEC, 0xFF, 0xEF, 0xCD, 0x79, 0x03,
    0x00, 0x00, 0x00, 0x00, 0x00, 0x00, 0x00, 0x00, 0x00, 0xF4, 0xFF, 0xFF, 0xFF, 0x4F, 0x00, 0x00,
    0x00, 0x00, 0x00, 0x00, 0x00, 0x00, 0x00, 0x00, 0xFB, 0xFF, 0xFF, 0xFF, 0xBF, 0x00, 0x00, 0x00,
    0x00, 0x00, 0x00, 0x00, 0x00, 0x00, 0x20, 0xFF, 0xFF, 0xFF, 0xFF, 0xFF, 0x03, 0x00, 0x00, 0x00,
    0x00, 0x00, 0x00, 0x00, 0x00, 0x90, 0xFF, 0xFF, 0xFF, 0xFF, 0xFF, 0x0A, 0x00, 0x00, 0x00, 0x00,
    0x00, 0x00, 0x00, 0x00, 0xF1, 0xFF, 0xFF, 0xFF, 0xFF, 0xFF, 0x1F, 0x00, 0x00, 0x00, 0x00, 0x00,
    0x00, 0x00, 0x00, 0xF8, 0xFF, 0xFF, 0xFF, 0xFF, 0xFF, 0x8F, 0x00, 0x00, 0x00, 0x00, 0x00, 0x00,
    0x00, 0x00, 0xFE, 0xFF, 0xFF, 0xCD, 0xFF, 0xFF, 0xEF, 0x00, 0x00, 0x00, 0x00, 0x00, 0x00, 0x00,
    0x60, 0xFF, 0xFF, 0xFF, 0x57, 0xFF, 0xFF, 0xFF, 0x06, 0x00, 0x00, 0x00, 0x00, 0x00, 0x00, 0xD0,
    0xFF, 0xFF, 0xFF, 0x01, 0xFE, 0xFF, 0xFF, 0x0D, 0x00, 0x00, 0x00, 0x00, 0x00, 0x00, 0xF5, 0xFF,
    0xFF, 0xAF, 0x00, 0xF9, 0xFF, 0xFF, 0x5F, 0x00, 0x00, 0x00, 0x00, 0x00, 0x00, 0xFC, 0xFF, 0xFF,
    0x3F, 0x00, 0xF2, 0xFF, 0xFF, 0xCF, 0x00, 0x00, 0x00, 0x00, 0x00, 0x30, 0xFF, 0xFF, 0xFF, 0x0D,
    0x00, 0xC0, 0xFF, 0xFF, 0xFF, 0x03, 0x00, 0x00, 0x00, 0x00, 0xA0, 0xFF, 0xFF, 0xFF, 0x07, 0x00,
    0x60, 0xFF, 0xFF, 0xFF, 0x0A, 0x00, 0x00, 0x00, 0x00, 0xF2, 0xFF, 0xFF, 0xFF, 0x01, 0x00, 0x00,
    0xFF, 0xFF, 0xFF, 0x2F, 0x00, 0x00, 0x00, 0x00, 0xF9, 0xFF, 0xFF, 0xAF, 0x00, 0x00, 0x00, 0xF9,
    0xFF, 0xFF, 0x8F, 0x00, 0x00, 0x00, 0x00, 0xFF, 0xFF, 0xFF, 0xFF, 0xFF, 0xFF, 0xFF, 0xFF, 0xFF,
    0xFF, 0xFF, 0x00, 0x00, 0x00, 0x70, 0xFF, 0xFF, 0xFF, 0xFF, 0xFF, 0xFF, 0xFF, 0xFF, 0xFF, 0xFF,
    0xFF, 0x07, 0x00, 0x00, 0xE0, 0xFF, 0xFF, 0xFF, 0xFF, 0xFF, 0xFF, 0xFF, 0xFF, 0xFF, 0xFF, 0xFF,
    0x0E, 0x00, 0x00, 0xF5, 0xFF, 0xFF, 0xFF, 0xFF, 0xFF, 0xFF, 0xFF, 0xFF, 0xFF, 0xFF, 0xFF, 0x5F,
    0x00, 0x00, 0xFC, 0xFF, 0xFF, 0x8F, 0x00, 0x00, 0x00, 0x00, 0x00, 0xF8, 0xFF, 0xFF, 0xCF, 0x00,
    0x40, 0xFF, 0xFF, 0xFF, 0x1F, 0x00, 0x00, 0x00, 0x00, 0x00, 0xF1, 0xFF, 0xFF, 0xFF, 0x03, 0xB0,
    0xFF, 0xFF, 0xFF, 0x0B, 0x00, 0x00, 0x00, 0x00, 0x00, 0xB0, 0xFF, 0xFF, 0xFF, 0x0B, 0xF2, 0xFF,
    0xFF, 0xFF, 0x04, 0x00, 0x00, 0x00, 0x00, 0x00, 0x40, 0xFF, 0xFF, 0xFF, 0x2F, 0xF9, 0xFF, 0xFF,
    0xEF, 0x00, 0x00, 0x00, 0x00, 0x00, 0x00, 0x00, 0xFE, 0xFF, 0xFF, 0x9F, 0xFF, 0xFF, 0xFF, 0xFF,
    0xFF, 0xFF, 0xEF, 0x9C, 0x05, 0x00, 0x00, 0x00, 0xFF, 0xFF, 0xFF, 0xFF, 0xFF, 0xFF, 0xFF, 0xFF,
    0xEF, 0x05, 0x00, 0x00, 0xFF, 0xFF, 0xFF, 0xFF, 0xFF, 0xFF, 0xFF, 0xFF, 0xFF, 0x6F, 0x00, 0x00,
    0xFF, 0xFF, 0xFF, 0xFF, 0xFF, 0xFF, 0xFF, 0xFF, 0xFF, 0xFF, 0x01, 0x00, 0xFF, 0xFF, 0xFF, 0x6F,
    0x00, 0x31, 0xF9, 0xFF, 0xFF, 0xFF, 0x06, 0x00, 0xFF, 0xFF, 0xFF, 0x6F, 0x00, 0x00, 0x90, 0xFF,
    0xFF, 0xFF, 0x09, 0x00, 0xFF, 0xFF, 0xFF, 0x6F, 0x00, 0x00, 0x50, 0xFF, 0xFF, 0xFF, 0x08, 0x00,
    0xFF, 0xFF, 0xFF, 0x6F, 0x00, 0x00, 0x50, 0xFF, 0xFF, 0xFF, 0x05, 0x00, 0xFF, 0xFF, 0xFF, 0x6F,
    0x00, 0x00, 0x90, 0xFF, 0xFF, 0xEF, 0x00, 0x00, 0xFF, 0xFF, 0xFF, 0x6F, 0x00, 0x31, 0xF9, 0xFF,
    0xFF, 0x4F, 0x00, 0x00, 0xFF, 0xFF, 0xFF, 0xFF, 0xFF, 0xFF, 0xFF, 0xFF, 0xEF, 0x04, 0x00, 0x00,
    0xFF, 0xFF, 0xFF, 0xFF, 0xFF, 0xFF, 0xFF, 0xFF, 0xCF, 0x04, 0x00, 0x00, 0xFF, 0xFF, 0xFF, 0xFF,
    0xFF, 0xFF, 0xFF, 0xFF, 0xFF, 0xBF, 0x01, 0x00, 0xFF, 0xFF, 0xFF, 0xFF, 0xFF, 0xFF, 0xFF, 0xFF,
    0xFF, 0xFF, 0x1D, 0x00, 0xFF, 0xFF, 0xFF, 0x6F, 0x00, 0x10, 0x93, 0xFF, 0xFF, 0xFF, 0xAF, 0x00,
    0xFF, 0xFF, 0xFF, 0x6F, 0x00, 0x00, 0x00, 0xF8, 0xFF, 0xFF, 0xFF, 0x01, 0xFF, 0xFF, 0xFF, 0x6F,
    0x00, 0x00, 0x00, 0xF2, 0xFF, 0xFF, 0xFF, 0x03, 0xFF, 0xFF, 0xFF, 0x6F, 0x00, 0x00, 0x00, 0xF1,
    0xFF, 0xFF, 0xFF, 0x04, 0xFF, 0xFF, 0xFF, 0x6F, 0x00, 0x00, 0x00, 0xF7, 0xFF, 0xFF, 0xFF, 0x03,
    0xFF, 0xFF, 0xFF, 0x6F, 0x00, 0x00, 0x93, 0xFF, 0xFF, 0xFF, 0xEF, 0x00, 0xFF, 0xFF, 0xFF, 0xFF,
    0xFF, 0xFF, 0xFF, 0xFF, 0xFF, 0xFF, 0x7F, 0x00, 0xFF, 0xFF, 0xFF, 0xFF, 0xFF, 0xFF, 0xFF, 0xFF,
    0xFF, 0xFF, 0x0C, 0x00, 0xFF, 0xFF, 0xFF, 0xFF, 0xFF, 0xFF, 0xFF, 0xFF, 0xFF, 0x9F, 0x00, 0x00,
    0xFF, 0xFF, 0xFF, 0xFF, 0xFF, 0xFF, 0xFF, 0xEF, 0x8C, 0x02, 0x00, 0x00, 0x00, 0x00, 0x00, 0x00,
    0x50, 0xC8, 0xFD, 0xEF, 0xBD, 0x58, 0x01, 0x00, 0x00, 0x00, 0x00, 0x92, 0xFF, 0xFF, 0xFF, 0xFF,
    0xFF, 0xFF, 0xCF, 0x27, 0x00, 0x00, 0x80, 0xFF, 0xFF, 0xFF, 0xFF, 0xFF, 0xFF, 0xFF, 0xFF, 0xCF,
    0x00, 0x00, 0xFC, 0xFF, 0xFF, 0xFF, 0xFF, 0xFF, 0xFF, 0xFF, 0xFF, 0xCF, 0x00, 0xC0, 0xFF, 0xFF,
    0xFF, 0xFF, 0xFF, 0xFF, 0xFF, 0xFF, 0xFF, 0xCF, 0x00, 0xF8, 0xFF, 0xFF, 0xFF, 0xFF, 0xFF, 0xFF,
    0xFF, 0xFF, 0xFF, 0xCF, 0x20, 0xFF, 0xFF, 0xFF, 0xFF, 0xFF, 0x5A, 0x02, 0x20, 0x84, 0xFE, 0xCF,
    0xA0, 0xFF, 0xFF, 0xFF, 0xFF, 0x2B, 0x00, 0x00, 0x00, 0x00, 0x50, 0xCD, 0xF0, 0xFF, 0xFF, 0xFF,
    0xAF, 0x00, 0x00, 0x00, 0x00, 0x00, 0x00, 0x40, 0xF3, 0xFF, 0xFF, 0xFF, 0x0D, 0x00, 0x00, 0x00,
    0x00, 0x00, 0x00, 0x00, 0xF6, 0xFF, 0xFF, 0xFF, 0x05, 0x00, 0x00, 0x00, 0x00, 0x00, 0x00, 0x00,
    0xF7, 0xFF, 0xFF, 0xFF, 0x01, 0x00, 0x00, 0x00, 0x00, 0x00, 0x00, 0x00, 0xF7, 0xFF, 0xFF, 0xFF,
    0x00, 0x00, 0x00, 0x00, 0x00, 0x00, 0x00, 0x00, 0xF6, 0xFF, 0xFF, 0xFF, 0x01, 0x00, 0x00, 0x00,
    0x00, 0x00, 0x00, 0x00, 0xF5, 0xFF, 0xFF, 0xFF, 0x05, 0x00, 0x00, 0x00, 0x00, 0x00, 0x00, 0x00,
    0xF2, 0xFF, 0xFF, 0xFF, 0x0C, 0x00, 0x00, 0x00, 0x00, 0x00, 0x00, 0x00, 0xE0, 0xFF, 0xFF, 0xFF,
    0x9F, 0x00, 0x00, 0x00, 0x00, 0x00, 0x00, 0x50, 0x90, 0xFF, 0xFF, 0xFF, 0xFF, 0x1A, 0x00, 0x00,
    0x00, 0x00, 0x50, 0xED, 0x10, 0xFF, 0xFF, 0xFF, 0xFF, 0xEF, 0x49, 0x01, 0x20, 0x95, 0xFE, 0xEF,
    0x00, 0xF8, 0xFF, 0xFF, 0xFF, 0xFF, 0xFF, 0xFF, 0xFF, 0xFF, 0xFF, 0xEF, 0x00, 0xB0, 0xFF, 0xFF,
    0xFF, 0xFF, 0xFF, 0xFF, 0xFF, 0xFF, 0xFF, 0xEF, 0x00, 0x00, 0xFC, 0xFF, 0xFF, 0xFF, 0xFF, 0xFF,
    0xFF, 0xFF, 0xFF, 0xEF, 0x00, 0x00, 0x80, 0xFF, 0xFF, 0xFF, 0xFF, 0xFF, 0xFF, 0xFF, 0xFF, 0xCF,
    0x00, 0x00, 0x00, 0xA2, 0xFF, 0xFF, 0xFF, 0xFF, 0xFF, 0xFF, 0xCF, 0x06, 0x00, 0x00, 0x00, 0x00,
    0x51, 0xC9, 0xFE, 0xEF, 0xCD, 0x6A, 0x02, 0x00, 0xFF, 0xFF, 0xFF, 0xFF, 0xFF, 0xFF, 0xDE, 0x8B,
    0x03, 0x00, 0x00, 0x00, 0x00, 0xFF, 0xFF, 0xFF, 0xFF, 0xFF, 0xFF, 0xFF, 0xFF, 0xEF, 0x18, 0x00,
    0x00, 0x00, 0xFF, 0xFF, 0xFF, 0xFF, 0xFF, 0xFF, 0xFF, 0xFF, 0xFF, 0xEF, 0x04, 0x00, 0x00, 0xFF,
    0xFF, 0xFF, 0xFF, 0xFF, 0xFF, 0xFF, 0xFF, 0xFF, 0xFF, 0x6F, 0x00, 0x00, 0xFF, 0xFF, 0xFF, 0xFF,
    0xFF, 0xFF, 0xFF, 0xFF, 0xFF, 0xFF, 0xFF, 0x06, 0x00, 0xFF, 0xFF, 0xFF, 0x6F, 0x00, 0x10, 0x73,
    0xFD, 0xFF, 0xFF, 0xFF, 0x2F, 0x00, 0xFF, 0xFF, 0xFF, 0x6F, 0x00, 0x00, 0x00, 0x90, 0xFF, 0xFF,
    0xFF, 0xBF, 0x00, 0xFF, 0xFF, 0xFF, 0x6F, 0x00, 0x00, 0x00, 0x00, 0xFA, 0xFF, 0xFF, 0xFF, 0x02,
    0xFF, 0xFF, 0xFF, 0x6F, 0x00, 0x00, 0x00, 0x00, 0xF1, 0xFF, 0xFF, 0xFF, 0x08, 0xFF, 0xFF, 0xFF,
    0x6F, 0x00, 0x00, 0x00, 0x00, 0xB0, 0xFF, 0xFF, 0xFF, 0x0C, 0xFF, 0xFF, 0xFF, 0x6F, 0x00, 0x00,
    0x00, 0x00, 0x70, 0xFF, 0xFF, 0xFF, 0x0F, 0xFF, 0xFF, 0xFF, 0x6F, 0x00, 0x00, 0x00, 0x00, 0x60,
    0xFF, 0xFF, 0xFF, 0x0F, 0xFF, 0xFF, 0xFF, 0x6F, 0x00, 0x00, 0x00, 0x00, 0x60, 0xFF, 0xFF, 0xFF,
    0x1F, 0xFF, 0xFF, 0xFF, 0x6F, 0x00, 0x00, 0x00, 0x00, 0x70, 0xFF, 0xFF, 0xFF, 0x0F, 0xFF, 0xFF,
    0xFF, 0x6F, 0x00, 0x00, 0x00, 0x00, 0x90, 0xFF, 0xFF, 0xFF, 0x0F, 0xFF, 0xFF, 0xFF, 0x6F, 0x00,
    0x00, 0x00, 0x00, 0xD0, 0xFF, 0xFF, 0xFF, 0x0C, 0xFF, 0xFF, 0xFF, 0x6F, 0x00, 0x00, 0x00, 0x00,
    0xF5, 0xFF, 0xFF, 0xFF, 0x08, 0xFF, 0xFF, 0xFF, 0x6F, 0x00, 0x00, 0x00, 0x50, 0xFF, 0xFF, 0xFF,
    0xFF, 0x02, 0xFF, 0xFF, 0xFF, 0x6F, 0x00, 0x00, 0x63, 0xFC, 0xFF, 0xFF, 0xFF, 0xAF, 0x00, 0xFF,
    0xFF, 0xFF, 0xFF, 0xFF, 0xFF, 0xFF, 0xFF, 0xFF, 0xFF, 0xFF, 0x0D, 0x00, 0xFF, 0xFF, 0xFF, 0xFF,
    0xFF, 0xFF, 0xFF, 0xFF, 0xFF, 0xFF, 0xEF, 0x03, 0x00, 0xFF, 0xFF, 0xFF, 0xFF, 0xFF, 0xFF, 0xFF,
    0xFF, 0xFF, 0xFF, 0x2E, 0x00, 0x00, 0xFF, 0xFF, 0xFF, 0xFF, 0xFF, 0xFF, 0xFF, 0xFF, 0xFF, 0x9F,
    0x01, 0x00, 0x00, 0xFF, 0xFF, 0xFF, 0xFF, 0xFF, 0xFF, 0xFF, 0xDE, 0x7A, 0x01, 0x00, 0x00, 0x00,
    0xFF, 0xFF, 0xFF, 0xFF, 0xFF, 0xFF, 0xFF, 0xFF, 0xFF, 0x02, 0xFF, 0xFF, 0xFF, 0xFF, 0xFF, 0xFF,
    0xFF, 0xFF, 0xFF, 0x02, 0xFF, 0xFF, 0xFF, 0xFF, 0xFF, 0xFF, 0xFF, 0xFF, 0xFF, 0x02, 0xFF, 0xFF,
    0xFF, 0xFF, 0xFF, 0xFF, 0xFF, 0xFF, 0xFF, 0x02, 0xFF, 0xFF, 0xFF, 0xFF, 0xFF, 0xFF, 0xFF, 0xFF,
    0xFF, 0x02, 0xFF, 0xFF, 0xFF, 0x6F, 0x00, 0x00, 0x00, 0x00, 0x00, 0x00, 0xFF, 0xFF, 0xFF, 0x6F,
    0x00, 0x00, 0x00, 0x00, 0x00, 0x00, 0xFF, 0xFF, 0xFF, 0x6F, 0x00, 0x00, 0x00, 0x00, 0x00, 0x00,
    0xFF, 0xFF, 0xFF, 0x6F, 0x00, 0x00, 0x00, 0x00, 0x00, 0x00, 0xFF, 0xFF, 0xFF, 0xFF, 0xFF, 0xFF,
    0xFF, 0xFF, 0xAF, 0x00, 0xFF, 0xFF, 0xFF, 0xFF, 0xFF, 0xFF, 0xFF, 0xFF, 0xAF, 0x00, 0xFF, 0xFF,
    0xFF, 0xFF, 0xFF, 0xFF, 0xFF, 0xFF, 0xAF, 0x00, 0xFF, 0xFF, 0xFF, 0xFF, 0xFF, 0xFF, 0xFF, 0xFF,
    0xAF, 0x00, 0xFF, 0xFF, 0xFF, 0xFF, 0xFF, 0xFF, 0xFF, 0xFF, 0xAF, 0x00, 0xFF, 0xFF, 0xFF, 0x6F,
    0x00, 0x00, 0x00, 0x00, 0x00, 0x00, 0xFF, 0xFF, 0xFF, 0x6F, 0x00, 0x00, 0x00, 0x00, 0x00, 0x00,
    0xFF, 0xFF, 0xFF, 0x6F, 0x00, 0x00, 0x00, 0x00, 0x00, 0x00, 0xFF, 0xFF, 0xFF, 0x6F, 0x00, 0x00,
    0x00, 0x00, 0x00, 0x00, 0xFF, 0xFF, 0xFF, 0x6F, 0x00, 0x00, 0x00, 0x00, 0x00, 0x00, 0xFF, 0xFF,
    0xFF, 0xFF, 0xFF, 0xFF, 0xFF, 0xFF, 0xFF, 0x06, 0xFF, 0xFF, 0xFF, 0xFF, 0xFF, 0xFF, 0xFF, 0xFF,
    0xFF, 0x06, 0xFF, 0xFF, 0xFF, 0xFF, 0xFF, 0xFF, 0xFF, 0xFF, 0xFF, 0x06, 0xFF, 0xFF, 0xFF, 0xFF,
    0xFF, 0xFF, 0xFF, 0xFF, 0xFF, 0x06, 0xFF, 0xFF, 0xFF, 0xFF, 0xFF, 0xFF, 0xFF, 0xFF, 0xFF, 0x06,
    0xFF, 0xFF, 0xFF, 0xFF, 0xFF, 0xFF, 0xFF, 0xFF, 0x8F, 0xFF, 0xFF, 0xFF, 0xFF, 0xFF, 0xFF, 0xFF,
    0xFF, 0x8F, 0xFF, 0xFF, 0xFF, 0xFF, 0xFF, 0xFF, 0xFF, 0xFF, 0x8F, 0xFF, 0xFF, 0xFF, 0xFF, 0xFF,
    0xFF, 0xFF, 0xFF, 0x8F, 0xFF, 0xFF, 0xFF, 0xFF, 0xFF, 0xFF, 0xFF, 0xFF, 0x8F, 0xFF, 0xFF, 0xFF,
    0x6F, 0x00, 0x00, 0x00, 0x00, 0x00, 0xFF, 0xFF, 0xFF, 0x6F, 0x00, 0x00, 0x00, 0x00, 0x00, 0xFF,
    0xFF, 0xFF, 0x6F, 0x00, 0x00, 0x00, 0x00, 0x00, 0xFF, 0xFF, 0xFF, 0x6F, 0x00, 0x00, 0x00, 0x00,
    0x00, 0xFF, 0xFF, 0xFF, 0xFF, 0xFF, 0xFF, 0xFF, 0xFF, 0x8F, 0xFF, 0xFF, 0xFF, 0xFF, 0xFF, 0xFF,
    0xFF, 0xFF, 0x8F, 0xFF, 0xFF, 0xFF, 0xFF, 0xFF, 0xFF, 0xFF, 0xFF, 0x8F, 0xFF, 0xFF, 0xFF, 0xFF,
    0xFF, 0xFF, 0xFF, 0xFF, 0x8F, 0xFF, 0xFF, 0xFF, 0xFF, 0xFF, 0xFF, 0xFF, 0xFF, 0x8F, 0xFF, 0xFF,
    0xFF, 0x6F, 0x00, 0x00, 0x00, 0x00, 0x00, 0xFF, 0xFF, 0xFF, 0x6F, 0x00, 0x00, 0x00, 0x00, 0x00,
    0xFF, 0xFF, 0xFF, 0x6F, 0x00, 0x00, 0x00, 0x00, 0x00, 0xFF, 0xFF, 0xFF, 0x6F, 0x00, 0x00, 0x00,
    0x00, 0x00, 0xFF, 0xFF, 0xFF, 0x6F, 0x00, 0x00, 0x00, 0x00, 0x00, 0xFF, 0xFF, 0xFF, 0x6F, 0x00,
    0x00, 0x00, 0x00, 0x00, 0xFF, 0xFF, 0xFF, 0x6F, 0x00, 0x00, 0x00, 0x00, 0x00, 0xFF, 0xFF, 0xFF,
    0x6F, 0x00, 0x00, 0x00, 0x00, 0x00, 0xFF, 0xFF, 0xFF, 0x6F, 0x00, 0x00, 0x00, 0x00, 0x00, 0xFF,
    0xFF, 0xFF, 0x6F, 0x00, 0x00, 0x00, 0x00, 0x00, 0x00, 0x00, 0x00, 0x00, 0x72, 0xDA, 0xFE, 0xFF,
    0xEF, 0x9C, 0x26, 0x00, 0x00, 0x00, 0x00, 0x00, 0xC5, 0xFF, 0xFF, 0xFF, 0xFF, 0xFF, 0xFF, 0xFF,
    0xAE, 0x03, 0x00, 0x00, 0xB2, 0xFF, 0xFF, 0xFF, 0xFF, 0xFF, 0xFF, 0xFF, 0xFF, 0xFF, 0x09, 0x00,
    0x30, 0xFF, 0xFF, 0xFF, 0xFF, 0xFF, 0xFF, 0xFF, 0xFF, 0xFF, 0xFF, 0x09, 0x00, 0xF2, 0xFF, 0xFF,
    0xFF, 0xFF, 0xFF, 0xFF, 0xFF, 0xFF, 0xFF, 0xFF, 0x09, 0x00, 0xFC, 0xFF, 0xFF, 0xFF, 0xFF, 0x5A,
    0x02, 0x10, 0x42, 0xD8, 0xFF, 0x09, 0x40, 0xFF, 0xFF, 0xFF, 0xFF, 0x2C, 0x00, 0x00, 0x00, 0x00,
    0x00, 0xB3, 0x08, 0xA0, 0xFF, 0xFF, 0xFF, 0xBF, 0x00, 0x00, 0x00, 0x00, 0x00, 0x00, 0x00, 0x01,
    0xE0, 0xFF, 0xFF, 0xFF, 0x1F, 0x00, 0x00, 0x00, 0x00, 0x00, 0x00, 0x00, 0x00, 0xF3, 0xFF, 0xFF,
    0xFF, 0x08, 0x00, 0x00, 0x00, 0x00, 0x00, 0x00, 0x00, 0x00, 0xF5, 0xFF, 0xFF, 0xFF, 0x03, 0x00,
    0x00, 0x00, 0x00, 0x00, 0x00, 0x00, 0x00, 0xF7, 0xFF, 0xFF, 0xFF, 0x00, 0x00, 0x00, 0x00, 0x00,
    0x00, 0x00, 0x00, 0x00, 0xF7, 0xFF, 0xFF, 0xFF, 0x00, 0x00, 0x00, 0xB0, 0xFF, 0xFF, 0xFF, 0xFF,
    0x0F, 0xF7, 0xFF, 0xFF, 0xFF, 0x01, 0x00, 0x00, 0xB0, 0xFF, 0xFF, 0xFF, 0xFF, 0x0F, 0xF5, 0xFF,
    0xFF, 0xFF, 0x06, 0x00, 0x00, 0xB0, 0xFF, 0xFF, 0xFF, 0xFF, 0x0F, 0xF2, 0xFF, 0xFF, 0xFF, 0x0C,
    0x00, 0x00, 0xB0, 0xFF, 0xFF, 0xFF, 0xFF, 0x0F, 0xE0, 0xFF, 0xFF, 0xFF, 0x8F, 0x00, 0x00, 0xB0,
    0xFF, 0xFF, 0xFF, 0xFF, 0x0F, 0x90, 0xFF, 0xFF, 0xFF, 0xFF, 0x09, 0x00, 0x00, 0x00, 0xF6, 0xFF,
    0xFF, 0x0F, 0x20, 0xFF, 0xFF, 0xFF, 0xFF, 0xEF, 0x38, 0x01, 0x21, 0xF8, 0xFF, 0xFF, 0x0F, 0x00,
    0xF8, 0xFF, 0xFF, 0xFF, 0xFF, 0xFF, 0xFF, 0xFF, 0xFF, 0xFF, 0xFF, 0x0F, 0x00, 0xC0, 0xFF, 0xFF,
    0xFF, 0xFF, 0xFF, 0xFF, 0xFF, 0xFF, 0xFF, 0xFF, 0x0F, 0x00, 0x00, 0xFC, 0xFF, 0xFF, 0xFF, 0xFF,
    0xFF, 0xFF, 0xFF, 0xFF, 0xFF, 0x0F, 0x00, 0x00, 0x90, 0xFF, 0xFF, 0xFF, 0xFF, 0xFF, 0xFF, 0xFF,
    0xFF, 0xFF, 0x0F, 0x00, 0x00, 0x00, 0xA2, 0xFF, 0xFF, 0xFF, 0xFF, 0xFF, 0xFF, 0xFF, 0x6B, 0x00,
    0x00, 0x00, 0x00, 0x00, 0x51, 0xC9, 0xFE, 0xEF, 0xCD, 0x7A, 0x04, 0x00, 0x00, 0xFF, 0xFF, 0xFF,
    0x6F, 0x00, 0x00, 0x00, 0x00, 0x00, 0xF8, 0xFF, 0xFF, 0xCF, 0xFF, 0xFF, 0xFF, 0x6F, 0x00, 0x00,
    0x00, 0x00, 0x00, 0xF8, 0xFF, 0xFF, 0xCF, 0xFF, 0xFF, 0xFF, 0x6F, 0x00, 0x00, 0x00, 0x00, 0x00,
    0xF8, 0xFF, 0xFF, 0xCF, 0xFF, 0xFF, 0xFF, 0x6F, 0x00, 0x00, 0x00, 0x00, 0x00, 0xF8, 0xFF, 0xFF,
    0xCF, 0xFF, 0xFF, 0xFF, 0x6F, 0x00, 0x00, 0x00, 0x00, 0x00, 0xF8, 0xFF, 0xFF, 0xCF, 0xFF, 0xFF,
    0xFF, 0x6F, 0x00, 0x00, 0x00, 0x00, 0x00, 0xF8, 0xFF, 0xFF, 0xCF, 0xFF, 0xFF, 0xFF, 0x6F, 0x00,
    0x00, 0x00, 0x00, 0x00, 0xF8, 0xFF, 0xFF, 0xCF, 0xFF, 0xFF, 0xFF, 0x6F, 0x00, 0x00, 0x00, 0x00,
    0x00, 0xF8, 0xFF, 0xFF, 0xCF, 0xFF, 0xFF, 0xFF, 0x6F, 0x00, 0x00, 0x00, 0x00, 0x00, 0xF8, 0xFF,
    0xFF, 0xCF, 0xFF, 0xFF, 0xFF, 0xFF, 0xFF, 0xFF, 0xFF, 0xFF, 0xFF, 0xFF, 0xFF, 0xFF, 0xCF, 0xFF,
    0xFF, 0xFF, 0xFF, 0xFF, 0xFF, 0xFF, 0xFF, 0xFF, 0xFF, 0xFF, 0xFF, 0xCF, 0xFF, 0xFF, 0xFF, 0xFF,
    0xFF, 0xFF, 0xFF, 0xFF, 0xFF, 0xFF, 0xFF, 0xFF, 0xCF, 0xFF, 0xFF, 0xFF, 0xFF, 0xFF, 0xFF, 0xFF,
    0xFF, 0xFF, 0xFF, 0xFF, 0xFF, 0xCF, 0xFF, 0xFF, 0xFF, 0xFF, 0xFF, 0xFF, 0xFF, 0xFF, 0xFF, 0xFF,
    0xFF, 0xFF, 0xCF, 0xFF, 0xFF, 0xFF, 0xFF, 0xFF, 0xFF, 0xFF, 0xFF, 0xFF, 0xFF, 0xFF, 0xFF, 0xCF,
    0xFF, 0xFF, 0xFF, 0x6F, 0x00, 0x00, 0x00, 0x00, 0x00, 0xF8, 0xFF, 0xFF, 0xCF, 0xFF, 0xFF, 0xFF,
    0x6F, 0x00, 0x00, 0x00, 0x00, 0x00, 0xF8, 0xFF, 0xFF, 0xCF, 0xFF, 0xFF, 0xFF, 0x6F, 0x00, 0x00,
    0x00, 0x00, 0x00, 0xF8, 0xFF, 0xFF, 0xCF, 0xFF, 0xFF, 0xFF, 0x6F, 0x00, 0x00, 0x00, 0x00, 0x00,
    0xF8, 0xFF, 0xFF, 0xCF, 0xFF, 0xFF, 0xFF, 0x6F, 0x00, 0x00, 0x00, 0x00, 0x00, 0xF8, 0xFF, 0xFF,
    0xCF, 0xFF, 0xFF, 0xFF, 0x6F, 0x00, 0x00, 0x00, 0x00, 0x00, 0xF8, 0xFF, 0xFF, 0xCF, 0xFF, 0xFF,
    0xFF, 0x6F, 0x00, 0x00, 0x00, 0x00, 0x00, 0xF8, 0xFF, 0xFF, 0xCF, 0xFF, 0xFF, 0xFF, 0x6F, 0x00,
    0x00, 0x00, 0x00, 0x00, 0xF8, 0xFF, 0xFF, 0xCF, 0xFF, 0xFF, 0xFF, 0x6F, 0x00, 0x00, 0x00, 0x00,
    0x00, 0xF8, 0xFF, 0xFF, 0xCF, 0xFE, 0xFF, 0xFF, 0x7F, 0xFE, 0xFF, 0xFF, 0x7F, 0xFE, 0xFF, 0xFF,
    0x7F, 0xFE, 0xFF, 0xFF, 0x7F, 0xFE, 0xFF, 0xFF, 0x7F, 0xFE, 0xFF, 0xFF, 0x7F, 0xFE, 0xFF, 0xFF,
    0x7F, 0xFE, 0xFF, 0xFF, 0x7F, 0xFE, 0xFF, 0xFF, 0x7F, 0xFE, 0xFF, 0xFF, 0x7F, 0xFE, 0xFF, 0xFF,
    0x7F, 0xFE, 0xFF, 0xFF, 0x7F, 0xFE, 0xFF, 0xFF, 0x7F, 0xFE, 0xFF, 0xFF, 0x7F, 0xFE, 0xFF, 0xFF,
    0x7F, 0xFE, 0xFF, 0xFF, 0x7F, 0xFE, 0xFF, 0xFF, 0x7F, 0xFE, 0xFF, 0xFF, 0x7F, 0xFE, 0xFF, 0xFF,
    0x7F, 0xFE, 0xFF, 0xFF, 0x7F, 0xFE, 0xFF, 0xFF, 0x7F, 0xFE, 0xFF, 0xFF, 0x7F, 0xFE, 0xFF, 0xFF,
    0x7F, 0xFE, 0xFF, 0xFF, 0x7F, 0x00, 0x00, 0xF3, 0xFF, 0xFF, 0xFF, 0x02, 0x00, 0x00, 0xF3, 0xFF,
    0xFF, 0xFF, 0x02, 0x00, 0x00, 0xF3, 0xFF, 0xFF, 0xFF, 0x02, 0x00, 0x00, 0xF3, 0xFF, 0xFF, 0xFF,
    0x02, 0x00, 0x00, 0xF3, 0xFF, 0xFF, 0xFF, 0x02, 0x00, 0x00, 0xF3, 0xFF, 0xFF, 0xFF, 0x02, 0x00,
    0x00, 0xF3, 0xFF, 0xFF, 0xFF, 0x02, 0x00, 0x00, 0xF3, 0xFF, 0xFF, 0xFF, 0x02, 0x00, 0x00, 0xF3,
    0xFF, 0xFF, 0xFF, 0x02, 0x00, 0x00, 0xF3, 0xFF, 0xFF, 0xFF, 0x02, 0x00, 0x00, 0xF3, 0xFF, 0xFF,
    0xFF, 0x02, 0x00, 0x00, 0xF3, 0xFF, 0xFF, 0xFF, 0x02, 0x00, 0x00, 0xF3, 0xFF, 0xFF, 0xFF, 0x02,
    0x00, 0x00, 0xF3, 0xFF, 0xFF, 0xFF, 0x02, 0x00, 0x00, 0xF3, 0xFF, 0xFF, 0xFF, 0x02, 0x00, 0x00,
    0xF3, 0xFF, 0xFF, 0xFF, 0x02, 0x00, 0x00, 0xF3, 0xFF, 0xFF, 0xFF, 0x02, 0x00, 0x00, 0xF3, 0xFF,
    0xFF, 0xFF, 0x02, 0x00, 0x00, 0xF3, 0xFF, 0xFF, 0xFF, 0x02, 0x00, 0x00, 0xF3, 0xFF, 0xFF, 0xFF,
    0x02, 0x00, 0x00, 0xF3, 0xFF, 0xFF, 0xFF, 0x02, 0x00, 0x00, 0xF3, 0xFF, 0xFF, 0xFF, 0x02, 0x00,
    0x00, 0xF3, 0xFF, 0xFF, 0xFF, 0x01, 0x00, 0x00, 0xF4, 0xFF, 0xFF, 0xFF, 0x00, 0x00, 0x00, 0xF9,
    0xFF, 0xFF, 0xFF, 0x00, 0x10, 0x82, 0xFF, 0xFF, 0xFF, 0xDF, 0x00, 0xFB, 0xFF, 0xFF, 0xFF, 0xFF,
    0xAF, 0x00, 0xF8, 0xFF, 0xFF, 0xFF, 0xFF, 0x6F, 0x00, 0xF5, 0xFF, 0xFF, 0xFF, 0xFF, 0x0E, 0x00,
    0xF2, 0xFF, 0xFF, 0xFF, 0xFF, 0x04, 0x00, 0xF0, 0xFF, 0xFF, 0xFF, 0x4E, 0x00, 0x00, 0xA0, 0xFE,
    0xEF, 0x7B, 0x01, 0x00, 0x00, 0xFF, 0xFF, 0xFF, 0x6F, 0x00, 0x00, 0x00, 0x30, 0xFF, 0xFF, 0xFF,
    0xCF, 0x00, 0xFF, 0xFF, 0xFF, 0x6F, 0x00, 0x00, 0x00, 0xE1, 0xFF, 0xFF, 0xFF, 0x1E, 0x00, 0xFF,
    0xFF, 0xFF, 0x6F, 0x00, 0x00, 0x00, 0xFC, 0xFF, 0xFF, 0xFF, 0x03, 0x00, 0xFF, 0xFF, 0xFF, 0x6F,
    0x00, 0x00, 0x90, 0xFF, 0xFF, 0xFF, 0x6F, 0x00, 0x00, 0xFF, 0xFF, 0xFF, 0x6F, 0x00, 0x00, 0xF6,
    0xFF, 0xFF, 0xFF, 0x09, 0x00, 0x00, 0xFF, 0xFF, 0xFF, 0x6F, 0x00, 0x30, 0xFF, 0xFF, 0xFF, 0xCF,
    0x00, 0x00, 0x00, 0xFF, 0xFF, 0xFF, 0x6F, 0x00, 0xE1, 0xFF, 0xFF, 0xFF, 0x1E, 0x00, 0x00, 0x00,
    0xFF, 0xFF, 0xFF, 0x6F, 0x00, 0xFC, 0xFF, 0xFF, 0xFF, 0x03, 0x00, 0x00, 0x00, 0xFF, 0xFF, 0xFF,
    0x6F, 0x90, 0xFF, 0xFF, 0xFF, 0x5F, 0x00, 0x00, 0x00, 0x00, 0xFF, 0xFF, 0xFF, 0x6F, 0xF6, 0xFF,
    0xFF, 0xFF, 0x08, 0x00, 0x00, 0x00, 0x00, 0xFF, 0xFF, 0xFF, 0xAF, 0xFF, 0xFF, 0xFF, 0xBF, 0x00,
    0x00, 0x00, 0x00, 0x00, 0xFF, 0xFF, 0xFF, 0xFF, 0xFF, 0xFF, 0xFF, 0x6F, 0x00, 0x00, 0x00, 0x00,
    0x00, 0xFF, 0xFF, 0xFF, 0xFF, 0xFF, 0xFF, 0xFF, 0xFF, 0x03, 0x00, 0x00, 0x00, 0x00, 0xFF, 0xFF,
    0xFF, 0x9F, 0xFF, 0xFF, 0xFF, 0xFF, 0x1E, 0x00, 0x00, 0x00, 0x00, 0xFF, 0xFF, 0xFF, 0x6F, 0xF5,
    0xFF, 0xFF, 0xFF, 0xCF, 0x00, 0x00, 0x00, 0x00, 0xFF, 0xFF, 0xFF, 0x6F, 0x70, 0xFF, 0xFF, 0xFF,
    0xFF, 0x0A, 0x00, 0x00, 0x00, 0xFF, 0xFF, 0xFF, 0x6F, 0x00, 0xFA, 0xFF, 0xFF, 0xFF, 0x7F, 0x00,
    0x00, 0x00, 0xFF, 0xFF, 0xFF, 0x6F, 0x00, 0xC0, 0xFF, 0xFF, 0xFF, 0xFF, 0x05, 0x00, 0x00, 0xFF,
    0xFF, 0xFF, 0x6F, 0x00, 0x10, 0xFD, 0xFF, 0xFF, 0xFF, 0x2F, 0x00, 0x00, 0xFF, 0xFF, 0xFF, 0x6F,
    0x00, 0x00, 0xE2, 0xFF, 0xFF, 0xFF, 0xEF, 0x01, 0x00, 0xFF, 0xFF, 0xFF, 0x6F, 0x00, 0x00, 0x40,
    0xFF, 0xFF, 0xFF, 0xFF, 0x0C, 0x00, 0xFF, 0xFF, 0xFF, 0x6F, 0x00, 0x00, 0x00, 0xF6, 0xFF, 0xFF,
    0xFF, 0x9F, 0x00, 0xFF, 0xFF, 0xFF, 0x6F, 0x00, 0x00, 0x00, 0x80, 0xFF, 0xFF, 0xFF, 0xFF, 0x07,
    0xFF, 0xFF, 0xFF, 0x6F, 0x00, 0x00, 0x00, 0x00, 0xFB, 0xFF, 0xFF, 0xFF, 0x4F, 0xFF, 0xFF, 0xFF,
    0x6F, 0x00, 0x00, 0x00, 0x00, 0x00, 0x00, 0xFF, 0xFF, 0xFF, 0x6F, 0x00, 0x00, 0x00, 0x00, 0x00,
    0x00, 0xFF, 0xFF, 0xFF, 0x6F, 0x00, 0x00, 0x00, 0x00, 0x00, 0x00, 0xFF, 0xFF, 0xFF, 0x6F, 0x00,
    0x00, 0x00, 0x00, 0x00, 0x00, 0xFF, 0xFF, 0xFF, 0x6F, 0x00, 0x00, 0x00, 0x00, 0x00, 0x00, 0xFF,
    0xFF, 0xFF, 0x6F, 0x00, 0x00, 0x00, 0x00, 0x00, 0x00, 0xFF, 0xFF, 0xFF, 0x6F, 0x00, 0x00, 0x00,
    0x00, 0x00, 0x00, 0xFF, 0xFF, 0xFF, 0x6F, 0x00, 0x00, 0x00, 0x00, 0x00, 0x00, 0xFF, 0xFF, 0xFF,
    0x6F, 0x00, 0x00, 0x00, 0x00, 0x00, 0x00, 0xFF, 0xFF, 0xFF, 0x6F, 0x00, 0x00, 0x00, 0x00, 0x00,
    0x00, 0xFF, 0xFF, 0xFF, 0x6F, 0x00, 0x00, 0x00, 0x00, 0x00, 0x00, 0xFF, 0xFF, 0xFF, 0x6F, 0x00,
    0x00, 0x00, 0x00, 0x00, 0x00, 0xFF, 0xFF, 0xFF, 0x6F, 0x00, 0x00, 0x00, 0x00, 0x00, 0x00, 0xFF,
    0xFF, 0xFF, 0x6F, 0x00, 0x00, 0x00, 0x00, 0x00, 0x00, 0xFF, 0xFF, 0xFF, 0x6F, 0x00, 0x00, 0x00,
    0x00, 0x00, 0x00, 0xFF, 0xFF, 0xFF, 0x6F, 0x00, 0x00, 0x00, 0x00, 0x00, 0x00, 0xFF, 0xFF, 0xFF,
    0x6F, 0x00, 0x00, 0x00, 0x00, 0x00, 0x00, 0xFF, 0xFF, 0xFF, 0x6F, 0x00, 0x00, 0x00, 0x00, 0x00,
    0x00, 0xFF, 0xFF, 0xFF, 0xFF, 0xFF, 0xFF, 0xFF, 0xFF, 0xFF, 0x09, 0xFF, 0xFF, 0xFF, 0xFF, 0xFF,
    0xFF, 0xFF, 0xFF, 0xFF, 0x09, 0xFF, 0xFF, 0xFF, 0xFF, 0xFF, 0xFF, 0xFF, 0xFF, 0xFF, 0x09, 0xFF,
    0xFF, 0xFF, 0xFF, 0xFF, 0xFF, 0xFF, 0xFF, 0xFF, 0x09, 0xFF, 0xFF, 0xFF, 0xFF, 0xFF, 0xFF, 0xFF,
    0xFF, 0xFF, 0x09, 0xFF, 0xFF, 0xFF, 0xFF, 0xFF, 0xFF, 0xFF, 0xFF, 0xFF, 0x09, 0xFF, 0xFF, 0xFF,
    0x2F, 0x00, 0x00, 0x00, 0x00, 0x00, 0x00, 0xA0, 0xFF, 0xFF, 0xFF, 0x06, 0xFF, 0xFF, 0xFF, 0xEF,
    0x01, 0x00, 0x00, 0x00, 0x00, 0x00, 0xF8, 0xFF, 0xFF, 0xFF, 0x06, 0xFF, 0xFF, 0xFF, 0xFF, 0x0C,
    0x00, 0x00, 0x00, 0x00, 0x50, 0xFF, 0xFF, 0xFF, 0xFF, 0x06, 0xFF, 0xFF, 0xFF, 0xFF, 0xAF, 0x00,
    0x00, 0x00, 0x00, 0xF3, 0xFF, 0xFF, 0xFF, 0xFF, 0x06, 0xFF, 0xFF, 0xFF, 0xFF, 0xFF, 0x07, 0x00,
    0x00, 0x10, 0xFE, 0xFF, 0xFF, 0xFF, 0xFF, 0x06, 0xFF, 0xFF, 0xFF, 0xFF, 0xFF, 0x4F, 0x00, 0x00,
    0xD0, 0xFF, 0xFF, 0xFF, 0xFF, 0xFF, 0x06, 0xFF, 0xFF, 0xFF, 0xFF, 0xFF, 0xFF, 0x02, 0x00, 0xFB,
    0xFF, 0xFF, 0xFF, 0xFF, 0xFF, 0x06, 0xFF, 0xFF, 0xFF, 0xFF, 0xFF, 0xFF, 0x1D, 0x80, 0xFF, 0xFF,
    0xFF, 0xFF, 0xFF, 0xFF, 0x06, 0xFF, 0xFF, 0xFF, 0xFF, 0xFF, 0xFF, 0xCF, 0xF6, 0xFF, 0xFF, 0xFF,
    0xFF, 0xFF, 0xFF, 0x06, 0xFF, 0xFF, 0xFF, 0xFF, 0xFF, 0xFF, 0xFF, 0xFF, 0xFF, 0xFF, 0xFF, 0xFF,
    0xFF, 0xFF, 0x06, 0xFF, 0xFF, 0xFF, 0x9F, 0xFF, 0xFF, 0xFF, 0xFF, 0xFF, 0xFF, 0xFA, 0xFF, 0xFF,
    0xFF, 0x06, 0xFF, 0xFF, 0xFF, 0x3F, 0xF8, 0xFF, 0xFF, 0xFF, 0xFF, 0xCF, 0xF0, 0xFF, 0xFF, 0xFF,
    0x06, 0xFF, 0xFF, 0xFF, 0x3F, 0xB0, 0xFF, 0xFF, 0xFF, 0xFF, 0x1E, 0xF0, 0xFF, 0xFF, 0xFF, 0x06,
    0xFF, 0xFF, 0xFF, 0x3F, 0x00, 0xFD, 0xFF, 0xFF, 0xFF, 0x03, 0xF0, 0xFF, 0xFF, 0xFF, 0x06, 0xFF,
    0xFF, 0xFF, 0x3F, 0x00, 0xE2, 0xFF, 0xFF, 0x5F, 0x00, 0xF0, 0xFF, 0xFF, 0xFF, 0x06, 0xFF, 0xFF,
    0xFF, 0x3F, 0x00, 0x40, 0xFF, 0xFF, 0x07, 0x00, 0xF0, 0xFF, 0xFF, 0xFF, 0x06, 0xFF, 0xFF, 0xFF,
    0x3F, 0x00, 0x00, 0xF6, 0xAF, 0x00, 0x00, 0xF0, 0xFF, 0xFF, 0xFF, 0x06, 0xFF, 0xFF, 0xFF, 0x3F,
    0x00, 0x00, 0x90, 0x0C, 0x00, 0x00, 0xF0, 0xFF, 0xFF, 0xFF, 0x06, 0xFF, 0xFF, 0xFF, 0x3F, 0x00,
    0x00, 0x00, 0x00, 0x00, 0x00, 0xF0, 0xFF, 0xFF, 0xFF, 0x06, 0xFF, 0xFF, 0xFF, 0x3F, 0x00, 0x00,
    0x00, 0x00, 0x00, 0x00, 0xF0, 0xFF, 0xFF, 0xFF, 0x06, 0xFF, 0xFF, 0xFF, 0x3F, 0x00, 0x00, 0x00,
    0x00, 0x00, 0x00, 0xF0, 0xFF, 0xFF, 0xFF, 0x06, 0xFF, 0xFF, 0xFF, 0x3F, 0x00, 0x00, 0x00, 0x00,
    0x00, 0x00, 0xF0, 0xFF, 0xFF, 0xFF, 0x06, 0xFF, 0xFF, 0xFF, 0x3F, 0x00, 0x00, 0x00, 0x00, 0x00,
    0x00, 0xF0, 0xFF, 0xFF, 0xFF, 0x06, 0xFF, 0xFF, 0xFF, 0x3F, 0x00, 0x00, 0x00, 0x00, 0x00, 0x00,
    0xF0, 0xFF, 0xFF, 0xFF, 0x06, 0xFF, 0xFF, 0xFF, 0x2E, 0x00, 0x00, 0x00, 0x00, 0x00, 0xD0, 0xFF,
    0xFF, 0xFF, 0x08, 0xFF, 0xFF, 0xFF, 0xEF, 0x02, 0x00, 0x00, 0x00, 0x00, 0xD0, 0xFF, 0xFF, 0xFF,
    0x08, 0xFF, 0xFF, 0xFF, 0xFF, 0x1E, 0x00, 0x00, 0x00, 0x00, 0xD0, 0xFF, 0xFF, 0xFF, 0x08, 0xFF,
    0xFF, 0xFF, 0xFF, 0xDF, 0x01, 0x00, 0x00, 0x00, 0xD0, 0xFF, 0xFF, 0xFF, 0x08, 0xFF, 0xFF, 0xFF,
    0xFF, 0xFF, 0x1D, 0x00, 0x00, 0x00, 0xD0, 0xFF, 0xFF, 0xFF, 0x08, 0xFF, 0xFF, 0xFF, 0xFF, 0xFF,
    0xDF, 0x01, 0x00, 0x00, 0xD0, 0xFF, 0xFF, 0xFF, 0x08, 0xFF, 0xFF, 0xFF, 0xFF, 0xFF, 0xFF, 0x1C,
    0x00, 0x00, 0xD0, 0xFF, 0xFF, 0xFF, 0x08, 0xFF, 0xFF, 0xFF, 0xFF, 0xFF, 0xFF, 0xCF, 0x00, 0x00,
    0xD0, 0xFF, 0xFF, 0xFF, 0x08, 0xFF, 0xFF, 0xFF, 0xFF, 0xFF, 0xFF, 0xFF, 0x0C, 0x00, 0xD0, 0xFF,
    0xFF, 0xFF, 0x08, 0xFF, 0xFF, 0xFF, 0xFF, 0xFF, 0xFF, 0xFF, 0xCF, 0x00, 0xD0, 0xFF, 0xFF, 0xFF,
    0x08, 0xFF, 0xFF, 0xFF, 0x9F, 0xFF, 0xFF, 0xFF, 0xFF, 0x0B, 0xD0, 0xFF, 0xFF, 0xFF, 0x08, 0xFF,
    0xFF, 0xFF, 0x5F, 0xF5, 0xFF, 0xFF, 0xFF, 0xBF, 0xD0, 0xFF, 0xFF, 0xFF, 0x08, 0xFF, 0xFF, 0xFF,
    0x5F, 0x60, 0xFF, 0xFF, 0xFF, 0xFF, 0xDA, 0xFF, 0xFF, 0xFF, 0x08, 0xFF, 0xFF, 0xFF, 0x5F, 0x00,
    0xF8, 0xFF, 0xFF, 0xFF, 0xFF, 0xFF, 0xFF, 0xFF, 0x08, 0xFF, 0xFF, 0xFF, 0x5F, 0x00, 0x90, 0xFF,
    0xFF, 0xFF, 0xFF, 0xFF, 0xFF, 0xFF, 0x08, 0xFF, 0xFF, 0xFF, 0x5F, 0x00, 0x00, 0xFA, 0xFF, 0xFF,
    0xFF, 0xFF, 0xFF, 0xFF, 0x08, 0xFF, 0xFF, 0xFF, 0x5F, 0x00, 0x00, 0xC0, 0xFF, 0xFF, 0xFF, 0xFF,
    0xFF, 0xFF, 0x08, 0xFF, 0xFF, 0xFF, 0x5F, 0x00, 0x00, 0x10, 0xFD, 0xFF, 0xFF, 0xFF, 0xFF, 0xFF,
    0x08, 0xFF, 0xFF, 0xFF, 0x5F, 0x00, 0x00, 0x00, 0xE1, 0xFF, 0xFF, 0xFF, 0xFF, 0xFF, 0x08, 0xFF,
    0xFF, 0xFF, 0x5F, 0x00, 0x00, 0x00, 0x20, 0xFE, 0xFF, 0xFF, 0xFF, 0xFF, 0x08, 0xFF, 0xFF, 0xFF,
    0x5F, 0x00, 0x00, 0x00, 0x00, 0xF3, 0xFF, 0xFF, 0xFF, 0xFF, 0x08, 0xFF, 0xFF, 0xFF, 0x5F, 0x00,
    0x00, 0x00, 0x00, 0x40, 0xFF, 0xFF, 0xFF, 0xFF, 0x08, 0xFF, 0xFF, 0xFF, 0x5F, 0x00, 0x00, 0x00,
    0x00, 0x00, 0xF6, 0xFF, 0xFF, 0xFF, 0x08, 0xFF, 0xFF, 0xFF, 0x5F, 0x00, 0x00, 0x00, 0x00, 0x00,
    0x70, 0xFF, 0xFF, 0xFF, 0x08, 0x00, 0x00, 0x00, 0x00, 0x51, 0xC9, 0xFE, 0xEF, 0xBD, 0x37, 0x00,
    0x00, 0x00, 0x00, 0x00, 0x00, 0x00, 0x00, 0xA2, 0xFF, 0xFF, 0xFF, 0xFF, 0xFF, 0xFF, 0x6E, 0x00,
    0x00, 0x00, 0x00, 0x00, 0x00, 0x80, 0xFF, 0xFF, 0xFF, 0xFF, 0xFF, 0xFF, 0xFF, 0xFF, 0x3E, 0x00,
    0x00, 0x00, 0x00, 0x00, 0xFB, 0xFF, 0xFF, 0xFF, 0xFF, 0xFF, 0xFF, 0xFF, 0xFF, 0xFF, 0x06, 0x00,
    0x00, 0x00, 0xB0, 0xFF, 0xFF, 0xFF, 0xFF, 0xFF, 0xFF, 0xFF, 0xFF, 0xFF, 0xFF, 0x4F, 0x00, 0x00,
    0x00, 0xF7, 0xFF, 0xFF, 0xFF, 0xFF, 0xFF, 0xFF, 0xFF, 0xFF, 0xFF, 0xFF, 0xFF, 0x02, 0x00, 0x10,
    0xFF, 0xFF, 0xFF, 0xFF, 0x8F, 0x13, 0x10, 0xB5, 0xFF, 0xFF, 0xFF, 0xFF, 0x0A, 0x00, 0x80, 0xFF,
    0xFF, 0xFF, 0xDF, 0x02, 0x00, 0x00, 0x00, 0xF6, 0xFF, 0xFF, 0xFF, 0x2F, 0x00, 0xE0, 0xFF, 0xFF,
    0xFF, 0x2F, 0x00, 0x00, 0x00, 0x00, 0x70, 0xFF, 0xFF, 0xFF, 0x7F, 0x00, 0xF2, 0xFF, 0xFF, 0xFF,
    0x09, 0x00, 0x00, 0x00, 0x00, 0x00, 0xFE, 0xFF, 0xFF, 0xCF, 0x00, 0xF5, 0xFF, 0xFF, 0xFF, 0x03,
    0x00, 0x00, 0x00, 0x00, 0x00, 0xF9, 0xFF, 0xFF, 0xFF, 0x00, 0xF7, 0xFF, 0xFF, 0xFF, 0x00, 0x00,
    0x00, 0x00, 0x00, 0x00, 0xF6, 0xFF, 0xFF, 0xFF, 0x00, 0xF8, 0xFF, 0xFF, 0xFF, 0x00, 0x00, 0x00,
    0x00, 0x00, 0x00, 0xF6, 0xFF, 0xFF, 0xFF, 0x01, 0xF7, 0xFF, 0xFF, 0xFF, 0x00, 0x00, 0x00, 0x00,
    0x00, 0x00, 0xF7, 0xFF, 0xFF, 0xFF, 0x00, 0xF5, 0xFF, 0xFF, 0xFF, 0x03, 0x00, 0x00, 0x00, 0x00,
    0x00, 0xFA, 0xFF, 0xFF, 0xFF, 0x00, 0xF2, 0xFF, 0xFF, 0xFF, 0x09, 0x00, 0x00, 0x00, 0x00, 0x00,
    0xFE, 0xFF, 0xFF, 0xCF, 0x00, 0xD0, 0xFF, 0xFF, 0xFF, 0x2F, 0x00, 0x00, 0x00, 0x00, 0x80, 0xFF,
    0xFF, 0xFF, 0x7F, 0x00, 0x80, 0xFF, 0xFF, 0xFF, 0xDF, 0x02, 0x00, 0x00, 0x00, 0xF6, 0xFF, 0xFF,
    0xFF, 0x2F, 0x00, 0x10, 0xFF, 0xFF, 0xFF, 0xFF, 0x8F, 0x03, 0x20, 0xB5, 0xFF, 0xFF, 0xFF, 0xFF,
    0x0A, 0x00, 0x00, 0xF7, 0xFF, 0xFF, 0xFF, 0xFF, 0xFF, 0xFF, 0xFF, 0xFF, 0xFF, 0xFF, 0xFF, 0x01,
    0x00, 0x00, 0xA0, 0xFF, 0xFF, 0xFF, 0xFF, 0xFF, 0xFF, 0xFF, 0xFF, 0xFF, 0xFF, 0x5F, 0x00, 0x00,
    0x00, 0x00, 0xFB, 0xFF, 0xFF, 0xFF, 0xFF, 0xFF, 0xFF, 0xFF, 0xFF, 0xFF, 0x06, 0x00, 0x00, 0x00,
    0x00, 0x70, 0xFF, 0xFF, 0xFF, 0xFF, 0xFF, 0xFF, 0xFF, 0xFF, 0x4E, 0x00, 0x00, 0x00, 0x00, 0x00,
    0x00, 0xA2, 0xFF, 0xFF, 0xFF, 0xFF, 0xFF, 0xFF, 0x7E, 0x00, 0x00, 0x00, 0x00, 0x00, 0x00, 0x00,
    0x00, 0x61, 0xC9, 0xFE, 0xFF, 0xBE, 0x48, 0x00, 0x00, 0x00, 0x00, 0x00, 0xFF, 0xFF, 0xFF, 0xFF,
    0xFF, 0xFF, 0xEF, 0x8C, 0x03, 0x00, 0x00, 0xFF, 0xFF, 0xFF, 0xFF, 0xFF, 0xFF, 0xFF, 0xFF, 0xBF,
    0x02, 0x00, 0xFF, 0xFF, 0xFF, 0xFF, 0xFF, 0xFF, 0xFF, 0xFF, 0xFF, 0x3E, 0x00, 0xFF, 0xFF, 0xFF,
    0xFF, 0xFF, 0xFF, 0xFF, 0xFF, 0xFF, 0xEF, 0x00, 0xFF, 0xFF, 0xFF, 0xFF, 0xFF, 0xFF, 0xFF, 0xFF,
    0xFF, 0xFF, 0x07, 0xFF, 0xFF, 0xFF, 0x6F, 0x00, 0x31, 0xF8, 0xFF, 0xFF, 0xFF, 0x0D, 0xFF, 0xFF,
    0xFF, 0x6F, 0x00, 0x00, 0x80, 0xFF, 0xFF, 0xFF, 0x0F, 0xFF, 0xFF, 0xFF, 0x6F, 0x00, 0x00, 0x50,
    0xFF, 0xFF, 0xFF, 0x2F, 0xFF, 0xFF, 0xFF, 0x6F, 0x00, 0x00, 0x80, 0xFF, 0xFF, 0xFF, 0x1F, 0xFF,
    0xFF, 0xFF, 0x6F, 0x00, 0x20, 0xF7, 0xFF, 0xFF, 0xFF, 0x0D, 0xFF, 0xFF, 0xFF, 0xFF, 0xFF, 0xFF,
    0xFF, 0xFF, 0xFF, 0xFF, 0x08, 0xFF, 0xFF, 0xFF, 0xFF, 0xFF, 0xFF, 0xFF, 0xFF, 0xFF, 0xEF, 0x01,
    0xFF, 0xFF, 0xFF, 0xFF, 0xFF, 0xFF, 0xFF, 0xFF, 0xFF, 0x3F, 0x00, 0xFF, 0xFF, 0xFF, 0xFF, 0xFF,
    0xFF, 0xFF, 0xFF, 0xCF, 0x02, 0x00, 0xFF, 0xFF, 0xFF, 0xFF, 0xFF, 0xFF, 0xEF, 0x8C, 0x03, 0x00,
    0x00, 0xFF, 0xFF, 0xFF, 0x6F, 0x00, 0x00, 0x00, 0x00, 0x00, 0x00, 0x00, 0xFF, 0xFF, 0xFF, 0x6F,
    0x00, 0x00, 0x00, 0x00, 0x00, 0x00, 0x00, 0xFF, 0xFF, 0xFF, 0x6F, 0x00, 0x00, 0x00, 0x00, 0x00,
    0x00, 0x00, 0xFF, 0xFF, 0xFF, 0x6F, 0x00, 0x00, 0x00, 0x00, 0x00, 0x00, 0x00, 0xFF, 0xFF, 0xFF,
    0x6F, 0x00, 0x00, 0x00, 0x00, 0x00, 0x00, 0x00, 0xFF, 0xFF, 0xFF, 0x6F, 0x00, 0x00, 0x00, 0x00,
    0x00, 0x00, 0x00, 0xFF, 0xFF, 0xFF, 0x6F, 0x00, 0x00, 0x00, 0x00, 0x00, 0x00, 0x00, 0xFF, 0xFF,
    0xFF, 0x6F, 0x00, 0x00, 0x00, 0x00, 0x00, 0x00, 0x00, 0xFF, 0xFF, 0xFF, 0x6F, 0x00, 0x00, 0x00,
    0x00, 0x00, 0x00, 0x00, 0x00, 0x00, 0x00, 0x00, 0x51, 0xC9, 0xFE, 0xFF, 0xBD, 0x48, 0x00, 0x00,
    0x00, 0x00, 0x00, 0x00, 0x00, 0x00, 0xA2, 0xFF, 0xFF, 0xFF, 0xFF, 0xFF, 0xFF, 0x6E, 0x00, 0x00,
    0x00, 0x00, 0x00, 0x00, 0x80, 0xFF, 0xFF, 0xFF, 0xFF, 0xFF, 0xFF, 0xFF, 0xFF, 0x3E, 0x00, 0x00,
    0x00, 0x00, 0x00, 0xFB, 0xFF, 0xFF, 0xFF, 0xFF, 0xFF, 0xFF, 0xFF, 0xFF, 0xFF, 0x06, 0x00, 0x00,
    0x00, 0xB0, 0xFF, 0xFF, 0xFF, 0xFF, 0xFF, 0xFF, 0xFF, 0xFF, 0xFF, 0xFF, 0x4F, 0x00, 0x00, 0x00,
    0xF7, 0xFF, 0xFF, 0xFF, 0xFF, 0xFF, 0xFF, 0xFF, 0xFF, 0xFF, 0xFF, 0xFF, 0x02, 0x00, 0x10, 0xFF,
    0xFF, 0xFF, 0xFF, 0x8F, 0x13, 0x10, 0xB5, 0xFF, 0xFF, 0xFF, 0xFF, 0x0A, 0x00, 0x80, 0xFF, 0xFF,
    0xFF, 0xDF, 0x02, 0x00, 0x00, 0x00, 0xF6, 0xFF, 0xFF, 0xFF, 0x2F, 0x00, 0xE0, 0xFF, 0xFF, 0xFF,
    0x2F, 0x00, 0x00, 0x00, 0x00, 0x70, 0xFF, 0xFF, 0xFF, 0x7F, 0x00, 0xF2, 0xFF, 0xFF, 0xFF, 0x09,
    0x00, 0x00, 0x00, 0x00, 0x00, 0xFE, 0xFF, 0xFF, 0xBF, 0x00, 0xF5, 0xFF, 0xFF, 0xFF, 0x03, 0x00,
    0x00, 0x00, 0x00, 0x00, 0xF9, 0xFF, 0xFF, 0xFF, 0x00, 0xF7, 0xFF, 0xFF, 0xFF, 0x00, 0x00, 0x00,
    0x00, 0x00, 0x00, 0xF6, 0xFF, 0xFF, 0xFF, 0x00, 0xF8, 0xFF, 0xFF, 0xFF, 0x00, 0x00, 0x00, 0x00,
    0x00, 0x00, 0xF6, 0xFF, 0xFF, 0xFF, 0x01, 0xF7, 0xFF, 0xFF, 0xFF, 0x00, 0x00, 0x00, 0x00, 0x00,
    0x00, 0xF7, 0xFF, 0xFF, 0xFF, 0x01, 0xF5, 0xFF, 0xFF, 0xFF, 0x03, 0x00, 0x00, 0x00, 0x00, 0x00,
    0xFA, 0xFF, 0xFF, 0xFF, 0x00, 0xF2, 0xFF, 0xFF, 0xFF, 0x09, 0x00, 0x00, 0x00, 0x00, 0x00, 0xFE,
    0xFF, 0xFF, 0xCF, 0x00, 0xE0, 0xFF, 0xFF, 0xFF, 0x2F, 0x00, 0x00, 0x00, 0x00, 0x80, 0xFF, 0xFF,
    0xFF, 0x8F, 0x00, 0x80, 0xFF, 0xFF, 0xFF, 0xDF, 0x02, 0x00, 0x00, 0x00, 0xF6, 0xFF, 0xFF, 0xFF,
    0x2F, 0x00, 0x10, 0xFE, 0xFF, 0xFF, 0xFF, 0x8F, 0x03, 0x20, 0xB5, 0xFF, 0xFF, 0xFF, 0xFF, 0x0A,
    0x00, 0x00, 0xF5, 0xFF, 0xFF, 0xFF, 0xFF, 0xFF, 0xFF, 0xFF, 0xFF, 0xFF, 0xFF, 0xFF, 0x01, 0x00,
    0x00, 0x90, 0xFF, 0xFF, 0xFF, 0xFF, 0xFF, 0xFF, 0xFF, 0xFF, 0xFF, 0xFF, 0x4F, 0x00, 0x00, 0x00,
    0x00, 0xF9, 0xFF, 0xFF, 0xFF, 0xFF, 0xFF, 0xFF, 0xFF, 0xFF, 0xFF, 0x05, 0x00, 0x00, 0x00, 0x00,
    0x50, 0xFF, 0xFF, 0xFF, 0xFF, 0xFF, 0xFF, 0xFF, 0xFF, 0x3E, 0x00, 0x00, 0x00, 0x00, 0x00, 0x00,
    0x81, 0xFF, 0xFF, 0xFF, 0xFF, 0xFF, 0xFF, 0x7E, 0x00, 0x00, 0x00, 0x00, 0x00, 0x00, 0x00, 0x00,
    0xC1, 0xFF, 0xFF, 0xFF, 0xFF, 0xFF, 0x9F, 0x03, 0x00, 0x00, 0x00, 0x00, 0x00, 0x00, 0x00, 0x00,
    0xF8, 0xFF, 0xFF, 0xFF, 0xFF, 0xFF, 0xDF, 0x58, 0x12, 0x00, 0x00, 0x00, 0x00, 0x00, 0x00, 0x20,
    0xFA, 0xFF, 0xFF, 0xFF, 0xFF, 0xFF, 0xFF, 0xFF, 0x0E, 0x00, 0x00, 0x00, 0x00, 0x00, 0x00, 0x20,
    0xFA, 0xFF, 0xFF, 0xFF, 0xFF, 0xFF, 0xDF, 0x01, 0x00, 0x00, 0x00, 0x00, 0x00, 0x00, 0x00, 0x20,
    0xF9, 0xFF, 0xFF, 0xFF, 0xFF, 0x0C, 0x00, 0x00, 0x00, 0x00, 0x00, 0x00, 0x00, 0x00, 0x00, 0x00,
    0xB5, 0xFF, 0xFF, 0xAF, 0x00, 0x00, 0x00, 0x00, 0x00, 0x00, 0x00, 0x00, 0x00, 0x00, 0x00, 0x00,
    0x51, 0xD9, 0x09, 0x00, 0x00, 0xFF, 0xFF, 0xFF, 0xFF, 0xFF, 0xFF, 0xFF, 0xAD, 0x04, 0x00, 0x00,
    0x00, 0xFF, 0xFF, 0xFF, 0xFF, 0xFF, 0xFF, 0xFF, 0xFF, 0xCF, 0x02, 0x00, 0x00, 0xFF, 0xFF, 0xFF,
    0xFF, 0xFF, 0xFF, 0xFF, 0xFF, 0xFF, 0x3F, 0x00, 0x00, 0xFF, 0xFF, 0xFF, 0xFF, 0xFF, 0xFF, 0xFF,
    0xFF, 0xFF, 0xEF, 0x01, 0x00, 0xFF, 0xFF, 0xFF, 0xFF, 0xFF, 0xFF, 0xFF, 0xFF, 0xFF, 0xFF, 0x08,
    0x00, 0xFF, 0xFF, 0xFF, 0x6F, 0x00, 0x31, 0xF9, 0xFF, 0xFF, 0xFF, 0x0E, 0x00, 0xFF, 0xFF, 0xFF,
    0x6F, 0x00, 0x00, 0x90, 0xFF, 0xFF, 0xFF, 0x1F, 0x00, 0xFF, 0xFF, 0xFF, 0x6F, 0x00, 0x00, 0x50,
    0xFF, 0xFF, 0xFF, 0x1F, 0x00, 0xFF, 0xFF, 0xFF, 0x6F, 0x00, 0x00, 0x80, 0xFF, 0xFF, 0xFF, 0x0F,
    0x00, 0xFF, 0xFF, 0xFF, 0x6F, 0x00, 0x20, 0xF7, 0xFF, 0xFF, 0xFF, 0x0A, 0x00, 0xFF, 0xFF, 0xFF,
    0xFF, 0xFF, 0xFF, 0xFF, 0xFF, 0xFF, 0xFF, 0x02, 0x00, 0xFF, 0xFF, 0xFF, 0xFF, 0xFF, 0xFF, 0xFF,
    0xFF, 0xFF, 0x5F, 0x00, 0x00, 0xFF, 0xFF, 0xFF, 0xFF, 0xFF, 0xFF, 0xFF, 0xFF, 0xBF, 0x01, 0x00,
    0x00, 0xFF, 0xFF, 0xFF, 0xFF, 0xFF, 0xFF, 0xFF, 0xFF, 0xDF, 0x02, 0x00, 0x00, 0xFF, 0xFF, 0xFF,
    0x6F, 0x20, 0xF7, 0xFF, 0xFF, 0xFF, 0x1E, 0x00, 0x00, 0xFF, 0xFF, 0xFF, 0x6F, 0x00, 0x50, 0xFF,
    0xFF, 0xFF, 0xBF, 0x00, 0x00, 0xFF, 0xFF, 0xFF, 0x6F, 0x00, 0x00, 0xF9, 0xFF, 0xFF, 0xFF, 0x03,
    0x00, 0xFF, 0xFF, 0xFF, 0x6F, 0x00, 0x00, 0xF1, 0xFF, 0xFF, 0xFF, 0x0B, 0x00, 0xFF, 0xFF, 0xFF,
    0x6F, 0x00, 0x00, 0x90, 0xFF, 0xFF, 0xFF, 0x2F, 0x00, 0xFF, 0xFF, 0xFF, 0x6F, 0x00, 0x00, 0x20,
    0xFF, 0xFF, 0xFF, 0xAF, 0x00, 0xFF, 0xFF, 0xFF, 0x6F, 0x00, 0x00, 0x00, 0xFB, 0xFF, 0xFF, 0xFF,
    0x01, 0xFF, 0xFF, 0xFF, 0x6F, 0x00, 0x00, 0x00, 0xF4, 0xFF, 0xFF, 0xFF, 0x08, 0xFF, 0xFF, 0xFF,
    0x6F, 0x00, 0x00, 0x00, 0xD0, 0xFF, 0xFF, 0xFF, 0x0E, 0xFF, 0xFF, 0xFF, 0x6F, 0x00, 0x00, 0x00,
    0x70, 0xFF, 0xFF, 0xFF, 0x6F, 0x00, 0x00, 0x83, 0xDC, 0xFF, 0xCE, 0x69, 0x01, 0x00, 0x00, 0x00,
    0xB2, 0xFF, 0xFF, 0xFF, 0xFF, 0xFF, 0xBF, 0x03, 0x00, 0x20, 0xFE, 0xFF, 0xFF, 0xFF, 0xFF, 0xFF,
    0xFF, 0x0F, 0x00, 0xD0, 0xFF, 0xFF, 0xFF, 0xFF, 0xFF, 0xFF, 0xFF, 0x0F, 0x00, 0xF5, 0xFF, 0xFF,
    0xFF, 0xFF, 0xFF, 0xFF, 0xFF, 0x0F, 0x00, 0xFB, 0xFF, 0xFF, 0xCF, 0x03, 0x21, 0xC7, 0xFF, 0x0F,
    0x00, 0xFD, 0xFF, 0xFF, 0x4F, 0x00, 0x00, 0x00, 0xC4, 0x0F, 0x00, 0xFD, 0xFF, 0xFF, 0x5F, 0x00,
    0x00, 0x00, 0x00, 0x06, 0x00, 0xFB, 0xFF, 0xFF, 0xFF, 0x06, 0x00, 0x00, 0x00, 0x00, 0x00, 0xF7,
    0xFF, 0xFF, 0xFF, 0xCF, 0x04, 0x00, 0x00, 0x00, 0x00, 0xF1, 0xFF, 0xFF, 0xFF, 0xFF, 0xCF, 0x04,
    0x00, 0x00, 0x00, 0x50, 0xFF, 0xFF, 0xFF, 0xFF, 0xFF, 0xBF, 0x02, 0x00, 0x00, 0x00, 0xF5, 0xFF,
    0xFF, 0xFF, 0xFF, 0xFF, 0x5F, 0x00, 0x00, 0x00, 0x30, 0xFC, 0xFF, 0xFF, 0xFF, 0xFF, 0xFF, 0x06,
    0x00, 0x00, 0x00, 0x50, 0xFC, 0xFF, 0xFF, 0xFF, 0xFF, 0x3F, 0x00, 0x00, 0x00, 0x00, 0x40, 0xFB,
    0xFF, 0xFF, 0xFF, 0xAF, 0x00, 0x00, 0x00, 0x00, 0x00, 0x50, 0xFF, 0xFF, 0xFF, 0xEF, 0x00, 0x05,
    0x00, 0x00, 0x00, 0x00, 0xF7, 0xFF, 0xFF, 0xFF, 0x00, 0xEB, 0x06, 0x00, 0x00, 0x00, 0xF5, 0xFF,
    0xFF, 0xFF, 0x00, 0xFB, 0xEF, 0x49, 0x01, 0x30, 0xFD, 0xFF, 0xFF, 0xEF, 0x00, 0xFB, 0xFF, 0xFF,
    0xFF, 0xFF, 0xFF, 0xFF, 0xFF, 0x8F, 0x00, 0xFB, 0xFF, 0xFF, 0xFF, 0xFF, 0xFF, 0xFF, 0xFF, 0x1E,
    0x00, 0xFB, 0xFF, 0xFF, 0xFF, 0xFF, 0xFF, 0xFF, 0xEF, 0x02, 0x00, 0x93, 0xFF, 0xFF, 0xFF, 0xFF,
    0xFF, 0xFF, 0x2A, 0x00, 0x00, 0x00, 0x30, 0xB7, 0xFD, 0xFF, 0xBD, 0x27, 0x00, 0x00, 0x00, 0xFC,
    0xFF, 0xFF, 0xFF, 0xFF, 0xFF, 0xFF, 0xFF, 0xFF, 0xFF, 0xFF, 0xFF, 0x6F, 0xFC, 0xFF, 0xFF, 0xFF,
    0xFF, 0xFF, 0xFF, 0xFF, 0xFF, 0xFF, 0xFF, 0xFF, 0x6F, 0xFC, 0xFF, 0xFF, 0xFF, 0xFF, 0xFF, 0xFF,
    0xFF, 0xFF, 0xFF, 0xFF, 0xFF, 0x6F, 0xFC, 0xFF, 0xFF, 0xFF, 0xFF, 0xFF, 0xFF, 0xFF, 0xFF, 0xFF,
    0xFF, 0xFF, 0x6F, 0xFC, 0xFF, 0xFF, 0xFF, 0xFF, 0xFF, 0xFF, 0xFF, 0xFF, 0xFF, 0xFF, 0xFF, 0x6F,
    0xFC, 0xFF, 0xFF, 0xFF, 0xFF, 0xFF, 0xFF, 0xFF, 0xFF, 0xFF, 0xFF, 0xFF, 0x6F, 0x00, 0x00, 0x00,
    0x00, 0xD0, 0xFF, 0xFF, 0xFF, 0x07, 0x00, 0x00, 0x00, 0x00, 0x00, 0x00, 0x00, 0x00, 0xD0, 0xFF,
    0xFF, 0xFF, 0x07, 0x00, 0x00, 0x00, 0x00, 0x00, 0x00, 0x00, 0x00, 0xD0, 0xFF, 0xFF, 0xFF, 0x07,
    0x00, 0x00, 0x00, 0x00, 0x00, 0x00, 0x00, 0x00, 0xD0, 0xFF, 0xFF, 0xFF, 0x07, 0x00, 0x00, 0x00,
    0x00, 0x00, 0x00, 0x00, 0x00, 0xD0, 0xFF, 0xFF, 0xFF, 0x07, 0x00, 0x00, 0x00, 0x00, 0x00, 0x00,
    0x00, 0x00, 0xD0, 0xFF, 0xFF, 0xFF, 0x07, 0x00, 0x00, 0x00, 0x00, 0x00, 0x00, 0x00, 0x00, 0xD0,
    0xFF, 0xFF, 0xFF, 0x07, 0x00, 0x00, 0x00, 0x00, 0x00, 0x00, 0x00, 0x00, 0xD0, 0xFF, 0xFF, 0xFF,
    0x07, 0x00, 0x00, 0x00, 0x00, 0x00, 0x00, 0x00, 0x00, 0xD0, 0xFF, 0xFF, 0xFF, 0x07, 0x00, 0x00,
    0x00, 0x00, 0x00, 0x00, 0x00, 0x00, 0xD0, 0xFF, 0xFF, 0xFF, 0x07, 0x00, 0x00, 0x00, 0x00, 0x00,
    0x00, 0x00, 0x00, 0xD0, 0xFF, 0xFF, 0xFF, 0x07, 0x00, 0x00, 0x00, 0x00, 0x00, 0x00, 0x00, 0x00,
    0xD0, 0xFF, 0xFF, 0xFF, 0x07, 0x00, 0x00, 0x00, 0x00, 0x00, 0x00, 0x00, 0x00, 0xD0, 0xFF, 0xFF,
    0xFF, 0x07, 0x00, 0x00, 0x00, 0x00, 0x00, 0x00, 0x00, 0x00, 0xD0, 0xFF, 0xFF, 0xFF, 0x07, 0x00,
    0x00, 0x00, 0x00, 0x00, 0x00, 0x00, 0x00, 0xD0, 0xFF, 0xFF, 0xFF, 0x07, 0x00, 0x00, 0x00, 0x00,
    0x00, 0x00, 0x00, 0x00, 0xD0, 0xFF, 0xFF, 0xFF, 0x07, 0x00, 0x00, 0x00, 0x00, 0x00, 0x00, 0x00,
    0x00, 0xD0, 0xFF, 0xFF, 0xFF, 0x07, 0x00, 0x00, 0x00, 0x00, 0x00, 0x00, 0x00, 0x00, 0xD0, 0xFF,
    0xFF, 0xFF, 0x07, 0x00, 0x00, 0x00, 0x00, 0xF4, 0xFF, 0xFF, 0xFF, 0x00, 0x00, 0x00, 0x00, 0x00,
    0xE0, 0xFF, 0xFF, 0xFF, 0x07, 0xF4, 0xFF, 0xFF, 0xFF, 0x00, 0x00, 0x00, 0x00, 0x00, 0xE0, 0xFF,
    0xFF, 0xFF, 0x07, 0xF4, 0xFF, 0xFF, 0xFF, 0x00, 0x00, 0x00, 0x00, 0x00, 0xE0, 0xFF, 0xFF, 0xFF,
    0x07, 0xF4, 0xFF, 0xFF, 0xFF, 0x00, 0x00, 0x00, 0x00, 0x00, 0xE0, 0xFF, 0xFF, 0xFF, 0x07, 0xF4,
    0xFF, 0xFF, 0xFF, 0x00, 0x00, 0x00, 0x00, 0x00, 0xE0, 0xFF, 0xFF, 0xFF, 0x07, 0xF4, 0xFF, 0xFF,
    0xFF, 0x00, 0x00, 0x00, 0x00, 0x00, 0xE0, 0xFF, 0xFF, 0xFF, 0x07, 0xF4, 0xFF, 0xFF, 0xFF, 0x00,
    0x00, 0x00, 0x00, 0x00, 0xE0, 0xFF, 0xFF, 0xFF, 0x07, 0xF4, 0xFF, 0xFF, 0xFF, 0x00, 0x00, 0x00,
    0x00, 0x00, 0xE0, 0xFF, 0xFF, 0xFF, 0x07, 0xF4, 0xFF, 0xFF, 0xFF, 0x00, 0x00, 0x00, 0x00, 0x00,
    0xE0, 0xFF, 0xFF, 0xFF, 0x07, 0xF4, 0xFF, 0xFF, 0xFF, 0x00, 0x00, 0x00, 0x00, 0x00, 0xE0, 0xFF,
    0xFF, 0xFF, 0x07, 0xF4, 0xFF, 0xFF, 0xFF, 0x00, 0x00, 0x00, 0x00, 0x00, 0xE0, 0xFF, 0xFF, 0xFF,
    0x07, 0xF4, 0xFF, 0xFF, 0xFF, 0x00, 0x00, 0x00, 0x00, 0x00, 0xE0, 0xFF, 0xFF, 0xFF, 0x07, 0xF4,
    0xFF, 0xFF, 0xFF, 0x02, 0x00, 0x00, 0x00, 0x00, 0xF0, 0xFF, 0xFF, 0xFF, 0x07, 0xF4, 0xFF, 0xFF,
    0xFF, 0x04, 0x00, 0x00, 0x00, 0x00, 0xF2, 0xFF, 0xFF, 0xFF, 0x06, 0xF3, 0xFF, 0xFF, 0xFF, 0x08,
    0x00, 0x00, 0x00, 0x00, 0xF6, 0xFF, 0xFF, 0xFF, 0x05, 0xF1, 0xFF, 0xFF, 0xFF, 0x1E, 0x00, 0x00,
    0x00, 0x00, 0xFD, 0xFF, 0xFF, 0xFF, 0x03, 0xD0, 0xFF, 0xFF, 0xFF, 0xBF, 0x00, 0x00, 0x00, 0x90,
    0xFF, 0xFF, 0xFF, 0xFF, 0x00, 0x70, 0xFF, 0xFF, 0xFF, 0xFF, 0x5D, 0x01, 0x51, 0xFC, 0xFF, 0xFF,
    0xFF, 0x9F, 0x00, 0x10, 0xFE, 0xFF, 0xFF, 0xFF, 0xFF, 0xFF, 0xFF, 0xFF, 0xFF, 0xFF, 0xFF, 0x2F,
    0x00, 0x00, 0xF4, 0xFF, 0xFF, 0xFF, 0xFF, 0xFF, 0xFF, 0xFF, 0xFF, 0xFF, 0xFF, 0x06, 0x00, 0x00,
    0x60, 0xFF, 0xFF, 0xFF, 0xFF, 0xFF, 0xFF, 0xFF, 0xFF, 0xFF, 0x8F, 0x00, 0x00, 0x00, 0x00, 0xE4,
    0xFF, 0xFF, 0xFF, 0xFF, 0xFF, 0xFF, 0xFF, 0xFF, 0x05, 0x00, 0x00, 0x00, 0x00, 0x10, 0xE8, 0xFF,
    0xFF, 0xFF, 0xFF, 0xFF, 0xEF, 0x18, 0x00, 0x00, 0x00, 0x00, 0x00, 0x00, 0x00, 0x84, 0xDB, 0xFF,
    0xEF, 0x8B, 0x04, 0x00, 0x00, 0x00, 0x00, 0xF7, 0xFF, 0xFF, 0xFF, 0x02, 0x00, 0x00, 0x00, 0x00,
    0xE0, 0xFF, 0xFF, 0xFF, 0x0A, 0xF1, 0xFF, 0xFF, 0xFF, 0x08, 0x00, 0x00, 0x00, 0x00, 0xF6, 0xFF,
    0xFF, 0xFF, 0x03, 0x90, 0xFF, 0xFF, 0xFF, 0x0E, 0x00, 0x00, 0x00, 0x00, 0xFC, 0xFF, 0xFF, 0xBF,
    0x00, 0x20, 0xFF, 0xFF, 0xFF, 0x5F, 0x00, 0x00, 0x00, 0x30, 0xFF, 0xFF, 0xFF, 0x4F, 0x00, 0x00,
    0xFB, 0xFF, 0xFF, 0xBF, 0x00, 0x00, 0x00, 0x90, 0xFF, 0xFF, 0xFF, 0x0D, 0x00, 0x00, 0xF4, 0xFF,
    0xFF, 0xFF, 0x01, 0x00, 0x00, 0xF0, 0xFF, 0xFF, 0xFF, 0x05, 0x00, 0x00, 0xC0, 0xFF, 0xFF, 0xFF,
    0x08, 0x00, 0x00, 0xF6, 0xFF, 0xFF, 0xEF, 0x00, 0x00, 0x00, 0x50, 0xFF, 0xFF, 0xFF, 0x0E, 0x00,
    0x00, 0xFD, 0xFF, 0xFF, 0x7F, 0x00, 0x00, 0x00, 0x00, 0xFE, 0xFF, 0xFF, 0x4F, 0x00, 0x30, 0xFF,
    0xFF, 0xFF, 0x0F, 0x00, 0x00, 0x00, 0x00, 0xF7, 0xFF, 0xFF, 0xBF, 0x00, 0xA0, 0xFF, 0xFF, 0xFF,
    0x08, 0x00, 0x00, 0x00, 0x00, 0xF0, 0xFF, 0xFF, 0xFF, 0x01, 0xF1, 0xFF, 0xFF, 0xFF, 0x01, 0x00,
    0x00, 0x00, 0x00, 0x80, 0xFF, 0xFF, 0xFF, 0x08, 0xF7, 0xFF, 0xFF, 0xAF, 0x00, 0x00, 0x00, 0x00,
    0x00, 0x10, 0xFF, 0xFF, 0xFF, 0x0E, 0xFE, 0xFF, 0xFF, 0x2F, 0x00, 0x00, 0x00, 0x00, 0x00, 0x00,
    0xFA, 0xFF, 0xFF, 0x9F, 0xFF, 0xFF, 0xFF, 0x0B, 0x00, 0x00, 0x00, 0x00, 0x00, 0x00, 0xF3, 0xFF,
    0xFF, 0xFF, 0xFF, 0xFF, 0xFF, 0x04, 0x00, 0x00, 0x00, 0x00, 0x00, 0x00, 0xC0, 0xFF, 0xFF, 0xFF,
    0xFF, 0xFF, 0xCF, 0x00, 0x00, 0x00, 0x00, 0x00, 0x00, 0x00, 0x40, 0xFF, 0xFF, 0xFF, 0xFF, 0xFF,
    0x5F, 0x00, 0x00, 0x00, 0x00, 0x00, 0x00, 0x00, 0x00, 0xFD, 0xFF, 0xFF, 0xFF, 0xFF, 0x0D, 0x00,
    0x00, 0x00, 0x00, 0x00, 0x00, 0x00, 0x00, 0xF6, 0xFF, 0xFF, 0xFF, 0xFF, 0x06, 0x00, 0x00, 0x00,
    0x00, 0x00, 0x00, 0x00, 0x00, 0xE0, 0xFF, 0xFF, 0xFF, 0xEF, 0x00, 0x00, 0x00, 0x00, 0x00, 0x00,
    0x00, 0x00, 0x00, 0x80, 0xFF, 0xFF, 0xFF, 0x8F, 0x00, 0x00, 0x00, 0x00, 0x00, 0x00, 0x00, 0x00,
    0x00, 0x10, 0xFF, 0xFF, 0xFF, 0x1F, 0x00, 0x00, 0x00, 0x00, 0x00, 0x00, 0x00, 0x00, 0x00, 0x00,
    0xF9, 0xFF, 0xFF, 0x09, 0x00, 0x00, 0x00, 0x00, 0x00, 0x00, 0x00, 0x00, 0x00, 0x00, 0xF2, 0xFF,
    0xFF, 0x02, 0x00, 0x00, 0x00, 0x00, 0x00, 0xF8, 0xFF, 0xFF, 0xFF, 0x01, 0x00, 0x00, 0x00, 0x00,
    0xF7, 0xFF, 0xFF, 0x03, 0x00, 0x00, 0x00, 0x00, 0xF3, 0xFF, 0xFF, 0xFF, 0x04, 0xF1, 0xFF, 0xFF,
    0xFF, 0x07, 0x00, 0x00, 0x00, 0x00, 0xFE, 0xFF, 0xFF, 0x0A, 0x00, 0x00, 0x00, 0x00, 0xF9, 0xFF,
    0xFF, 0xDF, 0x00, 0xA0, 0xFF, 0xFF, 0xFF, 0x0D, 0x00, 0x00, 0x00, 0x50, 0xFF, 0xFF, 0xFF, 0x1F,
    0x00, 0x00, 0x00, 0x00, 0xFF, 0xFF, 0xFF, 0x6F, 0x00, 0x30, 0xFF, 0xFF, 0xFF, 0x4F, 0x00, 0x00,
    0x00, 0xC0, 0xFF, 0xFF, 0xFF, 0x8F, 0x00, 0x00, 0x00, 0x60, 0xFF, 0xFF, 0xFF, 0x0E, 0x00, 0x00,
    0xFC, 0xFF, 0xFF, 0xAF, 0x00, 0x00, 0x00, 0xF4, 0xFF, 0xFF, 0xFF, 0xEF, 0x00, 0x00, 0x00, 0xD0,
    0xFF, 0xFF, 0xFF, 0x08, 0x00, 0x00, 0xF5, 0xFF, 0xFF, 0xFF, 0x01, 0x00, 0x00, 0xFB, 0xFF, 0xFF,
    0xFF, 0xFF, 0x06, 0x00, 0x00, 0xF3, 0xFF, 0xFF, 0xFF, 0x01, 0x00, 0x00, 0xE0, 0xFF, 0xFF, 0xFF,
    0x06, 0x00, 0x20, 0xFF, 0xFF, 0xFF, 0xFF, 0xFF, 0x0D, 0x00, 0x00, 0xFA, 0xFF, 0xFF, 0xAF, 0x00,
    0x00, 0x00, 0x70, 0xFF, 0xFF, 0xFF, 0x0C, 0x00, 0x90, 0xFF, 0xFF, 0xFF, 0xFF, 0xFF, 0x4F, 0x00,
    0x10, 0xFF, 0xFF, 0xFF, 0x3F, 0x00, 0x00, 0x00, 0x10, 0xFF, 0xFF, 0xFF, 0x3F, 0x00, 0xF1, 0xFF,
    0xFF, 0xFF, 0xFF, 0xFF, 0xBF, 0x00, 0x70, 0xFF, 0xFF, 0xFF, 0x0C, 0x00, 0x00, 0x00, 0x00, 0xFA,
    0xFF, 0xFF, 0x9F, 0x00, 0xF7, 0xFF, 0xFF, 0xFF, 0xFF, 0xFF, 0xFF, 0x02, 0xD0, 0xFF, 0xFF, 0xFF,
    0x05, 0x00, 0x00, 0x00, 0x00, 0xF3, 0xFF, 0xFF, 0xFF, 0x00, 0xFE, 0xFF, 0xFF, 0x8F, 0xFF, 0xFF,
    0xFF, 0x09, 0xF4, 0xFF, 0xFF, 0xEF, 0x00, 0x00, 0x00, 0x00, 0x00, 0xC0, 0xFF, 0xFF, 0xFF, 0x65,
    0xFF, 0xFF, 0xFF, 0x0B, 0xFE, 0xFF, 0xFF, 0x1F, 0xFB, 0xFF, 0xFF, 0x7F, 0x00, 0x00, 0x00, 0x00,
    0x00, 0x50, 0xFF, 0xFF, 0xFF, 0xDC, 0xFF, 0xFF, 0xFF, 0x03, 0xF7, 0xFF, 0xFF, 0x9F, 0xFF, 0xFF,
    0xFF, 0x1F, 0x00, 0x00, 0x00, 0x00, 0x00, 0x00, 0xFE, 0xFF, 0xFF, 0xFF, 0xFF, 0xFF, 0xCF, 0x00,
    0xF1, 0xFF, 0xFF, 0xFF, 0xFF, 0xFF, 0xFF, 0x09, 0x00, 0x00, 0x00, 0x00, 0x00, 0x00, 0xF7, 0xFF,
    0xFF, 0xFF, 0xFF, 0xFF, 0x4F, 0x00, 0x90, 0xFF, 0xFF, 0xFF, 0xFF, 0xFF, 0xFF, 0x02, 0x00, 0x00,
    0x00, 0x00, 0x00, 0x00, 0xF1, 0xFF, 0xFF, 0xFF, 0xFF, 0xFF, 0x0D, 0x00, 0x20, 0xFF, 0xFF, 0xFF,
    0xFF, 0xFF, 0xBF, 0x00, 0x00, 0x00, 0x00, 0x00, 0x00, 0x00, 0x90, 0xFF, 0xFF, 0xFF, 0xFF, 0xFF,
    0x06, 0x00, 0x00, 0xFA, 0xFF, 0xFF, 0xFF, 0xFF, 0x4F, 0x00, 0x00, 0x00, 0x00, 0x00, 0x00, 0x00,
    0x20, 0xFF, 0xFF, 0xFF, 0xFF, 0xEF, 0x00, 0x00, 0x00, 0xF3, 0xFF, 0xFF, 0xFF, 0xFF, 0x0D, 0x00,
    0x00, 0x00, 0x00, 0x00, 0x00, 0x00, 0x00, 0xFB, 0xFF, 0xFF, 0xFF, 0x7F, 0x00, 0x00, 0x00, 0xC0,
    0xFF, 0xFF, 0xFF, 0xFF, 0x06, 0x00, 0x00, 0x00, 0x00, 0x00, 0x00, 0x00, 0x00, 0xF5, 0xFF, 0xFF,
    0xFF, 0x0E, 0x00, 0x00, 0x00, 0x50, 0xFF, 0xFF, 0xFF, 0xEF, 0x00, 0x00, 0x00, 0x00, 0x00, 0x00,
    0x00, 0x00, 0x00, 0xD0, 0xFF, 0xFF, 0xFF, 0x08, 0x00, 0x00, 0x00, 0x00, 0xFD, 0xFF, 0xFF, 0x8F,
    0x00, 0x00, 0x00, 0x00, 0x00, 0x00, 0x00, 0x00, 0x00, 0x70, 0xFF, 0xFF, 0xFF, 0x01, 0x00, 0x00,
    0x00, 0x00, 0xF6, 0xFF, 0xFF, 0x1F, 0x00, 0x00, 0x00, 0x00, 0x00, 0x00, 0x00, 0x00, 0x00, 0x10,
    0xFF, 0xFF, 0x9F, 0x00, 0x00, 0x00, 0x00, 0x00, 0xE0, 0xFF, 0xFF, 0x0A, 0x00, 0x00, 0x00, 0x00,
    0x00, 0x00, 0x00, 0x00, 0x00, 0x00, 0xF9, 0xFF, 0x2F, 0x00, 0x00, 0x00, 0x00, 0x00, 0x80, 0xFF,
    0xFF, 0x03, 0x00, 0x00, 0x00, 0x00, 0x00, 0xD1, 0xFF, 0xFF, 0xFF, 0xFF, 0x07, 0x00, 0x00, 0x00,
    0x50, 0xFF, 0xFF, 0xFF, 0xFF, 0x1D, 0x00, 0x20, 0xFE, 0xFF, 0xFF, 0xFF, 0x5F, 0x00, 0x00, 0x00,
    0xF3, 0xFF, 0xFF, 0xFF, 0xFF, 0x02, 0x00, 0x00, 0xF3, 0xFF, 0xFF, 0xFF, 0xFF, 0x03, 0x00, 0x20,
    0xFE, 0xFF, 0xFF, 0xFF, 0x4F, 0x00, 0x00, 0x00, 0x50, 0xFF, 0xFF, 0xFF, 0xFF, 0x2E, 0x00, 0xD1,
    0xFF, 0xFF, 0xFF, 0xFF, 0x07, 0x00, 0x00, 0x00, 0x00, 0xF7, 0xFF, 0xFF, 0xFF, 0xDF, 0x01, 0xFB,
    0xFF, 0xFF, 0xFF, 0xAF, 0x00, 0x00, 0x00, 0x00, 0x00, 0xA0, 0xFF, 0xFF, 0xFF, 0xFF, 0x7B, 0xFF,
    0xFF, 0xFF, 0xFF, 0x0C, 0x00, 0x00, 0x00, 0x00, 0x00, 0x00, 0xFC, 0xFF, 0xFF, 0xFF, 0xFF, 0xFF,
    0xFF, 0xFF, 0xEF, 0x01, 0x00, 0x00, 0x00, 0x00, 0x00, 0x00, 0xD1, 0xFF, 0xFF, 0xFF, 0xFF, 0xFF,
    0xFF, 0xFF, 0x3F, 0x00, 0x00, 0x00, 0x00, 0x00, 0x00, 0x00, 0x20, 0xFE, 0xFF, 0xFF, 0xFF, 0xFF,
    0xFF, 0xFF, 0x05, 0x00, 0x00, 0x00, 0x00, 0x00, 0x00, 0x00, 0x00, 0xF3, 0xFF, 0xFF, 0xFF, 0xFF,
    0xFF, 0x8F, 0x00, 0x00, 0x00, 0x00, 0x00, 0x00, 0x00, 0x00, 0x00, 0x50, 0xFF, 0xFF, 0xFF, 0xFF,
    0xFF, 0x0B, 0x00, 0x00, 0x00, 0x00, 0x00, 0x00, 0x00, 0x00, 0x00, 0x00, 0xFB, 0xFF, 0xFF, 0xFF,
    0xFF, 0x01, 0x00, 0x00, 0x00, 0x00, 0x00, 0x00, 0x00, 0x00, 0x00, 0x40, 0xFF, 0xFF, 0xFF, 0xFF,
    0xFF, 0x0B, 0x00, 0x00, 0x00, 0x00, 0x00, 0x00, 0x00, 0x00, 0x00, 0xF2, 0xFF, 0xFF, 0xFF, 0xFF,
    0xFF, 0x8F, 0x00, 0x00, 0x00, 0x00, 0x00, 0x00, 0x00, 0x00, 0x10, 0xFD, 0xFF, 0xFF, 0xFF, 0xFF,
    0xFF, 0xFF, 0x06, 0x00, 0x00, 0x00, 0x00, 0x00, 0x00, 0x00, 0xC0, 0xFF, 0xFF, 0xFF, 0xFF, 0xFF,
    0xFF, 0xFF, 0x4F, 0x00, 0x00, 0x00, 0x00, 0x00, 0x00, 0x00, 0xF9, 0xFF, 0xFF, 0xFF, 0xFF, 0xFF,
    0xFF, 0xFF, 0xFF, 0x02, 0x00, 0x00, 0x00, 0x00, 0x00, 0x70, 0xFF, 0xFF, 0xFF, 0xFF, 0x7C, 0xFF,
    0xFF, 0xFF, 0xFF, 0x1E, 0x00, 0x00, 0x00, 0x00, 0x00, 0xF4, 0xFF, 0xFF, 0xFF, 0xEF, 0x01, 0xF9,
    0xFF, 0xFF, 0xFF, 0xCF, 0x00, 0x00, 0x00, 0x00, 0x20, 0xFF, 0xFF, 0xFF, 0xFF, 0x3F, 0x00, 0xB0,
    0xFF, 0xFF, 0xFF, 0xFF, 0x0B, 0x00, 0x00, 0x00, 0xD1, 0xFF, 0xFF, 0xFF, 0xFF, 0x06, 0x00, 0x10,
    0xFD, 0xFF, 0xFF, 0xFF, 0x8F, 0x00, 0x00, 0x00, 0xFB, 0xFF, 0xFF, 0xFF, 0x9F, 0x00, 0x00, 0x00,
    0xE2, 0xFF, 0xFF, 0xFF, 0xFF, 0x06, 0x00, 0x90, 0xFF, 0xFF, 0xFF, 0xFF, 0x0B, 0x00, 0x00, 0x00,
    0x30, 0xFF, 0xFF, 0xFF, 0xFF, 0x4F, 0x00, 0xF6, 0xFF, 0xFF, 0xFF, 0xDF, 0x00, 0x00, 0x00, 0x00,
    0x00, 0xF5, 0xFF, 0xFF, 0xFF, 0xFF, 0x02, 0xF6, 0xFF, 0xFF, 0xFF, 0x04, 0x00, 0x00, 0x00, 0x00,
    0xF5, 0xFF, 0xFF, 0xFF, 0x07, 0xA0, 0xFF, 0xFF, 0xFF, 0x1E, 0x00, 0x00, 0x00, 0x30, 0xFF, 0xFF,
    0xFF, 0xBF, 0x00, 0x00, 0xFD, 0xFF, 0xFF, 0xCF, 0x00, 0x00, 0x00, 0xE1, 0xFF, 0xFF, 0xFF, 0x1E,
    0x00, 0x00, 0xF3, 0xFF, 0xFF, 0xFF, 0x0A, 0x00, 0x00, 0xFB, 0xFF, 0xFF, 0xFF, 0x04, 0x00, 0x00,
    0x70, 0xFF, 0xFF, 0xFF, 0x7F, 0x00, 0x90, 0xFF, 0xFF, 0xFF, 0x8F, 0x00, 0x00, 0x00, 0x00, 0xFB,
    0xFF, 0xFF, 0xFF, 0x04, 0xF5, 0xFF, 0xFF, 0xFF, 0x0C, 0x00, 0x00, 0x00, 0x00, 0xE1, 0xFF, 0xFF,
    0xFF, 0x5E, 0xFF, 0xFF, 0xFF, 0xEF, 0x01, 0x00, 0x00, 0x00, 0x00, 0x30, 0xFF, 0xFF, 0xFF, 0xFF,
    0xFF, 0xFF, 0xFF, 0x5F, 0x00, 0x00, 0x00, 0x00, 0x00, 0x00, 0xF7, 0xFF, 0xFF, 0xFF, 0xFF, 0xFF,
    0xFF, 0x09, 0x00, 0x00, 0x00, 0x00, 0x00, 0x00, 0xB0, 0xFF, 0xFF, 0xFF, 0xFF, 0xFF, 0xDF, 0x00,
    0x00, 0x00, 0x00, 0x00, 0x00, 0x00, 0x10, 0xFE, 0xFF, 0xFF, 0xFF, 0xFF, 0x2F, 0x00, 0x00, 0x00,
    0x00, 0x00, 0x00, 0x00, 0x00, 0xF4, 0xFF, 0xFF, 0xFF, 0xFF, 0x06, 0x00, 0x00, 0x00, 0x00, 0x00,
    0x00, 0x00, 0x00, 0x80, 0xFF, 0xFF, 0xFF, 0xAF, 0x00, 0x00, 0x00, 0x00, 0x00, 0x00, 0x00, 0x00,
    0x00, 0x10, 0xFF, 0xFF, 0xFF, 0x4F, 0x00, 0x00, 0x00, 0x00, 0x00, 0x00, 0x00, 0x00, 0x00, 0x10,
    0xFF, 0xFF, 0xFF, 0x4F, 0x00, 0x00, 0x00, 0x00, 0x00, 0x00, 0x00, 0x00, 0x00, 0x10, 0xFF, 0xFF,
    0xFF, 0x4F, 0x00, 0x00, 0x00, 0x00, 0x00, 0x00, 0x00, 0x00, 0x00, 0x10, 0xFF, 0xFF, 0xFF, 0x4F,
    0x00, 0x00, 0x00, 0x00, 0x00, 0x00, 0x00, 0x00, 0x00, 0x10, 0xFF, 0xFF, 0xFF, 0x4F, 0x00, 0x00,
    0x00, 0x00, 0x00, 0x00, 0x00, 0x00, 0x00, 0x10, 0xFF, 0xFF, 0xFF, 0x4F, 0x00, 0x00, 0x00, 0x00,
    0x00, 0x00, 0x00, 0x00, 0x00, 0x10, 0xFF, 0xFF, 0xFF, 0x4F, 0x00, 0x00, 0x00, 0x00, 0x00, 0x00,
    0x00, 0x00, 0x00, 0x10, 0xFF, 0xFF, 0xFF, 0x4F, 0x00, 0x00, 0x00, 0x00, 0x00, 0x00, 0x00, 0x00,
    0x00, 0x10, 0xFF, 0xFF, 0xFF, 0x4F, 0x00, 0x00, 0x00, 0x00, 0x00, 0x00, 0x00, 0x00, 0x00, 0x10,
    0xFF, 0xFF, 0xFF, 0x4F, 0x00, 0x00, 0x00, 0x00, 0x00, 0x00, 0x00, 0x00, 0x00, 0x10, 0xFF, 0xFF,
    0xFF, 0x4F, 0x00, 0x00, 0x00, 0x00, 0x00, 0x40, 0xFF, 0xFF, 0xFF, 0xFF, 0xFF, 0xFF, 0xFF, 0xFF,
    0xFF, 0xFF, 0xFF, 0x2F, 0x40, 0xFF, 0xFF, 0xFF, 0xFF, 0xFF, 0xFF, 0xFF, 0xFF, 0xFF, 0xFF, 0xFF,
    0x05, 0x40, 0xFF, 0xFF, 0xFF, 0xFF, 0xFF, 0xFF, 0xFF, 0xFF, 0xFF, 0xFF, 0xAF, 0x00, 0x40, 0xFF,
    0xFF, 0xFF, 0xFF, 0xFF, 0xFF, 0xFF, 0xFF, 0xFF, 0xFF, 0x1E, 0x00, 0x40, 0xFF, 0xFF, 0xFF, 0xFF,
    0xFF, 0xFF, 0xFF, 0xFF, 0xFF, 0xFF, 0x04, 0x00, 0x40, 0xFF, 0xFF, 0xFF, 0xFF, 0xFF, 0xFF, 0xFF,
    0xFF, 0xFF, 0x9F, 0x00, 0x00, 0x00, 0x00, 0x00, 0x00, 0x00, 0x00, 0xF1, 0xFF, 0xFF, 0xFF, 0x0D,
    0x00, 0x00, 0x00, 0x00, 0x00, 0x00, 0x00, 0x00, 0xFB, 0xFF, 0xFF, 0xFF, 0x03, 0x00, 0x00, 0x00,
    0x00, 0x00, 0x00, 0x00, 0x70, 0xFF, 0xFF, 0xFF, 0x7F, 0x00, 0x00, 0x00, 0x00, 0x00, 0x00, 0x00,
    0x00, 0xF2, 0xFF, 0xFF, 0xFF, 0x0C, 0x00, 0x00, 0x00, 0x00, 0x00, 0x00, 0x00, 0x00, 0xFD, 0xFF,
    0xFF, 0xFF, 0x02, 0x00, 0x00, 0x00, 0x00, 0x00, 0x00, 0x00, 0x80, 0xFF, 0xFF, 0xFF, 0x6F, 0x00,
    0x00, 0x00, 0x00, 0x00, 0x00, 0x00, 0x00, 0xF4, 0xFF, 0xFF, 0xFF, 0x0A, 0x00, 0x00, 0x00, 0x00,
    0x00, 0x00, 0x00, 0x10, 0xFE, 0xFF, 0xFF, 0xEF, 0x01, 0x00, 0x00, 0x00, 0x00, 0x00, 0x00, 0x00,
    0xA0, 0xFF, 0xFF, 0xFF, 0x4F, 0x00, 0x00, 0x00, 0x00, 0x00, 0x00, 0x00, 0x00, 0xF5, 0xFF, 0xFF,
    0xFF, 0x09, 0x00, 0x00, 0x00, 0x00, 0x00, 0x00, 0x00, 0x10, 0xFF, 0xFF, 0xFF, 0xDF, 0x00, 0x00,
    0x00, 0x00, 0x00, 0x00, 0x00, 0x00, 0xC0, 0xFF, 0xFF, 0xFF, 0x3F, 0x00, 0x00, 0x00, 0x00, 0x00,
    0x00, 0x00, 0x00, 0xF7, 0xFF, 0xFF, 0xFF, 0xFF, 0xFF, 0xFF, 0xFF, 0xFF, 0xFF, 0x6F, 0x00, 0x20,
    0xFF, 0xFF, 0xFF, 0xFF, 0xFF, 0xFF, 0xFF, 0xFF, 0xFF, 0xFF, 0x6F, 0x00, 0xD0, 0xFF, 0xFF, 0xFF,
    0xFF, 0xFF, 0xFF, 0xFF, 0xFF, 0xFF, 0xFF, 0x6F, 0x00, 0xF9, 0xFF, 0xFF, 0xFF, 0xFF, 0xFF, 0xFF,
    0xFF, 0xFF, 0xFF, 0xFF, 0x6F, 0x40, 0xFF, 0xFF, 0xFF, 0xFF, 0xFF, 0xFF, 0xFF, 0xFF, 0xFF, 0xFF,
    0xFF, 0x6F, 0xE1, 0xFF, 0xFF, 0xFF, 0xFF, 0xFF, 0xFF, 0xFF, 0xFF, 0xFF, 0xFF, 0xFF, 0x6F, 0xF1,
    0xFF, 0xFF, 0xFF, 0xFF, 0xFF, 0x4F, 0xF1, 0xFF, 0xFF, 0xFF, 0xFF, 0xFF, 0x4F, 0xF1, 0xFF, 0xFF,
    0xFF, 0xFF, 0xFF, 0x4F, 0xF1, 0xFF, 0xFF, 0xFF, 0xFF, 0xFF, 0x4F, 0xF1, 0xFF, 0xFF, 0x0E, 0x00,
    0x00, 0x00, 0xF1, 0xFF, 0xFF, 0x0E, 0x00, 0x00, 0x00, 0xF1, 0xFF, 0xFF, 0x0E, 0x00, 0x00, 0x00,
    0xF1, 0xFF, 0xFF, 0x0E, 0x00, 0x00, 0x00, 0xF1, 0xFF, 0xFF, 0x0E, 0x00, 0x00, 0x00, 0xF1, 0xFF,
    0xFF, 0x0E, 0x00, 0x00, 0x00, 0xF1, 0xFF, 0xFF, 0x0E, 0x00, 0x00, 0x00, 0xF1, 0xFF, 0xFF, 0x0E,
    0x00, 0x00, 0x00, 0xF1, 0xFF, 0xFF, 0x0E, 0x00, 0x00, 0x00, 0xF1, 0xFF, 0xFF, 0x0E, 0x00, 0x00,
    0x00, 0xF1, 0xFF, 0xFF, 0x0E, 0x00, 0x00, 0x00, 0xF1, 0xFF, 0xFF, 0x0E, 0x00, 0x00, 0x00, 0xF1,
    0xFF, 0xFF, 0x0E, 0x00, 0x00, 0x00, 0xF1, 0xFF, 0xFF, 0x0E, 0x00, 0x00, 0x00, 0xF1, 0xFF, 0xFF,
    0x0E, 0x00, 0x00, 0x00, 0xF1, 0xFF, 0xFF, 0x0E, 0x00, 0x00, 0x00, 0xF1, 0xFF, 0xFF, 0x0E, 0x00,
    0x00, 0x00, 0xF1, 0xFF, 0xFF, 0x0E, 0x00, 0x00, 0x00, 0xF1, 0xFF, 0xFF, 0x0E, 0x00, 0x00, 0x00,
    0xF1, 0xFF, 0xFF, 0x0E, 0x00, 0x00, 0x00, 0xF1, 0xFF, 0xFF, 0x0E, 0x00, 0x00, 0x00, 0xF1, 0xFF,
    0xFF, 0x0E, 0x00, 0x00, 0x00, 0xF1, 0xFF, 0xFF, 0x0E, 0x00, 0x00, 0x00, 0xF1, 0xFF, 0xFF, 0x0E,
    0x00, 0x00, 0x00, 0xF1, 0xFF, 0xFF, 0xFF, 0xFF, 0xFF, 0x4F, 0xF1, 0xFF, 0xFF, 0xFF, 0xFF, 0xFF,
    0x4F, 0xF1, 0xFF, 0xFF, 0xFF, 0xFF, 0xFF, 0x4F, 0xF1, 0xFF, 0xFF, 0xFF, 0xFF, 0xFF, 0x4F, 0xF3,
    0xFF, 0x8F, 0x00, 0x00, 0x00, 0x00, 0x00, 0x00, 0x00, 0xA0, 0xFF, 0xFF, 0x01, 0x00, 0x00, 0x00,
    0x00, 0x00, 0x00, 0x20, 0xFF, 0xFF, 0x09, 0x00, 0x00, 0x00, 0x00, 0x00, 0x00, 0x00, 0xF9, 0xFF,
    0x2F, 0x00, 0x00, 0x00, 0x00, 0x00, 0x00, 0x00, 0xF1, 0xFF, 0xAF, 0x00, 0x00, 0x00, 0x00, 0x00,
    0x00, 0x00, 0x80, 0xFF, 0xFF, 0x02, 0x00, 0x00, 0x00, 0x00, 0x00, 0x00, 0x10, 0xFF, 0xFF, 0x0B,
    0x00, 0x00, 0x00, 0x00, 0x00, 0x00, 0x00, 0xF7, 0xFF, 0x3F, 0x00, 0x00, 0x00, 0x00, 0x00, 0x00,
    0x00, 0xE0, 0xFF, 0xCF, 0x00, 0x00, 0x00, 0x00, 0x00, 0x00, 0x00, 0x60, 0xFF, 0xFF, 0x04, 0x00,
    0x00, 0x00, 0x00, 0x00, 0x00, 0x00, 0xFD, 0xFF, 0x0D, 0x00, 0x00, 0x00, 0x00, 0x00, 0x00, 0x00,
    0xF5, 0xFF, 0x5F, 0x00, 0x00, 0x00, 0x00, 0x00, 0x00, 0x00, 0xD0, 0xFF, 0xDF, 0x00, 0x00, 0x00,
    0x00, 0x00, 0x00, 0x00, 0x40, 0xFF, 0xFF, 0x06, 0x00, 0x00, 0x00, 0x00, 0x00, 0x00, 0x00, 0xFC,
    0xFF, 0x0E, 0x00, 0x00, 0x00, 0x00, 0x00, 0x00, 0x00, 0xF3, 0xFF, 0x7F, 0x00, 0x00, 0x00, 0x00,
    0x00, 0x00, 0x00, 0xB0, 0xFF, 0xFF, 0x01, 0x00, 0x00, 0x00, 0x00, 0x00, 0x00, 0x30, 0xFF, 0xFF,
    0x08, 0x00, 0x00, 0x00, 0x00, 0x00, 0x00, 0x00, 0xFA, 0xFF, 0x1F, 0x00, 0x00, 0x00, 0x00, 0x00,
    0x00, 0x00, 0xF2, 0xFF, 0x9F, 0x00, 0x00, 0x00, 0x00, 0x00, 0x00, 0x00, 0x90, 0xFF, 0xFF, 0x02,
    0x00, 0x00, 0x00, 0x00, 0x00, 0x00, 0x10, 0xFF, 0xFF, 0x0A, 0x00, 0x00, 0x00, 0x00, 0x00, 0x00,
    0x00, 0xF8, 0xFF, 0x3F, 0x00, 0x00, 0x00, 0x00, 0x00, 0x00, 0x00, 0xF1, 0xFF, 0xBF, 0x00, 0x00,
    0x00, 0x00, 0x00, 0x00, 0x00, 0x70, 0xFF, 0xFF, 0x04, 0xF2, 0xFF, 0xFF, 0xFF, 0xFF, 0xFF, 0x4F,
    0xF2, 0xFF, 0xFF, 0xFF, 0xFF, 0xFF, 0x4F, 0xF2, 0xFF, 0xFF, 0xFF, 0xFF, 0xFF, 0x4F, 0xF2, 0xFF,
    0xFF, 0xFF, 0xFF, 0xFF, 0x4F, 0x00, 0x00, 0x00, 0xC0, 0xFF, 0xFF, 0x4F, 0x00, 0x00, 0x00, 0xC0,
    0xFF, 0xFF, 0x4F, 0x00, 0x00, 0x00, 0xC0, 0xFF, 0xFF, 0x4F, 0x00, 0x00, 0x00, 0xC0, 0xFF, 0xFF,
    0x4F, 0x00, 0x00, 0x00, 0xC0, 0xFF, 0xFF, 0x4F, 0x00, 0x00, 0x00, 0xC0, 0xFF, 0xFF, 0x4F, 0x00,
    0x00, 0x00, 0xC0, 0xFF, 0xFF, 0x4F, 0x00, 0x00, 0x00, 0xC0, 0xFF, 0xFF, 0x4F, 0x00, 0x00, 0x00,
    0xC0, 0xFF, 0xFF, 0x4F, 0x00, 0x00, 0x00, 0xC0, 0xFF, 0xFF, 0x4F, 0x00, 0x00, 0x00, 0xC0, 0xFF,
    0xFF, 0x4F, 0x00, 0x00, 0x00, 0xC0, 0xFF, 0xFF, 0x4F, 0x00, 0x00, 0x00, 0xC0, 0xFF, 0xFF, 0x4F,
    0x00, 0x00, 0x00, 0xC0, 0xFF, 0xFF, 0x4F, 0x00, 0x00, 0x00, 0xC0, 0xFF, 0xFF, 0x4F, 0x00, 0x00,
    0x00, 0xC0, 0xFF, 0xFF, 0x4F, 0x00, 0x00, 0x00, 0xC0, 0xFF, 0xFF, 0x4F, 0x00, 0x00, 0x00, 0xC0,
    0xFF, 0xFF, 0x4F, 0x00, 0x00, 0x00, 0xC0, 0xFF, 0xFF, 0x4F, 0x00, 0x00, 0x00, 0xC0, 0xFF, 0xFF,
    0x4F, 0x00, 0x00, 0x00, 0xC0, 0xFF, 0xFF, 0x4F, 0x00, 0x00, 0x00, 0xC0, 0xFF, 0xFF, 0x4F, 0x00,
    0x00, 0x00, 0xC0, 0xFF, 0xFF, 0x4F, 0x00, 0x00, 0x00, 0xC0, 0xFF, 0xFF, 0x4F, 0xF2, 0xFF, 0xFF,
    0xFF, 0xFF, 0xFF, 0x4F, 0xF2, 0xFF, 0xFF, 0xFF, 0xFF, 0xFF, 0x4F, 0xF2, 0xFF, 0xFF, 0xFF, 0xFF,
    0xFF, 0x4F, 0xF2, 0xFF, 0xFF, 0xFF, 0xFF, 0xFF, 0x4F, 0x00, 0x00, 0x00, 0xD0, 0xFF, 0xFF, 0x09,
    0x00, 0x00, 0x00, 0x00, 0x00, 0x00, 0xF5, 0xFF, 0xFF, 0x1F, 0x00, 0x00, 0x00, 0x00, 0x00, 0x00,
    0xFD, 0xFF, 0xFF, 0x9F, 0x00, 0x00, 0x00, 0x00, 0x00, 0x50, 0xFF, 0xFF, 0xFF, 0xFF, 0x02, 0x00,
    0x00, 0x00, 0x00, 0xD0, 0xFF, 0xFF, 0xFF, 0xFF, 0x0A, 0x00, 0x00, 0x00, 0x00, 0xF6, 0xFF, 0xBF,
    0xFE, 0xFF, 0x2F, 0x00, 0x00, 0x00, 0x00, 0xFD, 0xFF, 0x5F, 0xF8, 0xFF, 0xAF, 0x00, 0x00, 0x00,
    0x60, 0xFF, 0xFF, 0x0E, 0xF2, 0xFF, 0xFF, 0x02, 0x00, 0x00, 0xE0, 0xFF, 0xFF, 0x09, 0xC0, 0xFF,
    0xFF, 0x0A, 0x00, 0x00, 0xF6, 0xFF, 0xFF, 0x03, 0x60, 0xFF, 0xFF, 0x3F, 0x00, 0x00, 0xFE, 0xFF,
    0xDF, 0x00, 0x00, 0xFF, 0xFF, 0xBF, 0x00, 0x70, 0xFF, 0xFF, 0x7F, 0x00, 0x00, 0xFA, 0xFF, 0xFF,
    0x03, 0xE0, 0xFF, 0xFF, 0x1F, 0x00, 0x00, 0xF4, 0xFF, 0xFF, 0x0B, 0xF7, 0xFF, 0xFF, 0x0A, 0x00,
    0x00, 0xE0, 0xFF, 0xFF, 0x3F, 0xF2, 0xFF, 0xFF, 0xFF, 0xFF, 0xFF, 0xFF, 0xFF, 0xFF, 0x4F, 0xF2,
    0xFF, 0xFF, 0xFF, 0xFF, 0xFF, 0xFF, 0xFF, 0xFF, 0x4F, 0xF2, 0xFF, 0xFF, 0xFF, 0xFF, 0xFF, 0xFF,
    0xFF, 0xFF, 0x4F, 0xF7, 0xFF, 0xFF, 0x1F, 0x00, 0x60, 0xFF, 0xFF, 0x9F, 0x00, 0x00, 0xF5, 0xFF,
    0xFF, 0x01, 0x00, 0x40, 0xFF, 0xFF, 0x09, 0x00, 0x00, 0xE3, 0xFF, 0x2F, 0x00, 0x00, 0x20, 0xFE,
    0x9F, 0x00, 0x00, 0x94, 0xEC, 0xFF, 0xDE, 0x5A, 0x00, 0x00, 0x00, 0x10, 0xF8, 0xFF, 0xFF, 0xFF,
    0xFF, 0xFF, 0x3D, 0x00, 0x00, 0xE1, 0xFF, 0xFF, 0xFF, 0xFF, 0xFF, 0xFF, 0xFF, 0x02, 0x00, 0xF2,
    0xFF, 0xFF, 0xFF, 0xFF, 0xFF, 0xFF, 0xFF, 0x0A, 0x00, 0xF2, 0xFF, 0x6C, 0x02, 0x30, 0xFE, 0xFF,
    0xFF, 0x0F, 0x00, 0xF2, 0x4D, 0x00, 0x00, 0x00, 0xF6, 0xFF, 0xFF, 0x1F, 0x00, 0xB2, 0x00, 0x00,
    0x00, 0x00, 0xF5, 0xFF, 0xFF, 0x1F, 0x00, 0x00, 0x00, 0x00, 0x20, 0xB6, 0xFF, 0xFF, 0xFF, 0x1F,
    0x00, 0x00, 0x00, 0x71, 0xFC, 0xFF, 0xFF, 0xFF, 0xFF, 0x1F, 0x00, 0x00, 0xB2, 0xFF, 0xFF, 0x9F,
    0xF5, 0xFF, 0xFF, 0x1F, 0x00, 0x50, 0xFF, 0xFF, 0xCF, 0x02, 0xF3, 0xFF, 0xFF, 0x1F, 0x00, 0xF2,
    0xFF, 0xFF, 0x0D, 0x00, 0xF3, 0xFF, 0xFF, 0x1F, 0x00, 0xF8, 0xFF, 0xFF, 0x08, 0x00, 0xF3, 0xFF,
    0xFF, 0x1F, 0x00, 0xFB, 0xFF, 0xFF, 0x08, 0x00, 0xF4, 0xFF, 0xFF, 0x3F, 0x00, 0xFA, 0xFF, 0xFF,
    0x3E, 0x60, 0xFE, 0xFF, 0xFF, 0xDF, 0x8B, 0xF5, 0xFF, 0xFF, 0xFF, 0xFF, 0xFF, 0xFF, 0xFF, 0xFF,
    0x9F, 0xA0, 0xFF, 0xFF, 0xFF, 0xFF, 0xCB, 0xFF, 0xFF, 0xFF, 0x9F, 0x00, 0xB5, 0xFE, 0xDF, 0x39,
    0x20, 0xFB, 0xEF, 0x9C, 0x04, 0xF0, 0xFF, 0xFF, 0x5F, 0x00, 0x00, 0x00, 0x00, 0x00, 0x00, 0x00,
    0xF0, 0xFF, 0xFF, 0x5F, 0x00, 0x00, 0x00, 0x00, 0x00, 0x00, 0x00, 0xF0, 0xFF, 0xFF, 0x5F, 0x00,
    0x00, 0x00, 0x00, 0x00, 0x00, 0x00, 0xF0, 0xFF, 0xFF, 0x5F, 0x00, 0x00, 0x00, 0x00, 0x00, 0x00,
    0x00, 0xF0, 0xFF, 0xFF, 0x5F, 0x00, 0x00, 0x00, 0x00, 0x00, 0x00, 0x00, 0xF0, 0xFF, 0xFF, 0x5F,
    0x00, 0x00, 0x00, 0x00, 0x00, 0x00, 0x00, 0xF0, 0xFF, 0xFF, 0x5F, 0x93, 0xFD, 0xDF, 0x5A, 0x00,
    0x00, 0x00, 0xF0, 0xFF, 0xFF, 0xCF, 0xFF, 0xFF, 0xFF, 0xFF, 0x3D, 0x00, 0x00, 0xF0, 0xFF, 0xFF,
    0xFF, 0xFF, 0xFF, 0xFF, 0xFF, 0xFF, 0x04, 0x00, 0xF0, 0xFF, 0xFF, 0xFF, 0xFF, 0xFF, 0xFF, 0xFF,
    0xFF, 0x1E, 0x00, 0xF0, 0xFF, 0xFF, 0xFF, 0xFF, 0xFF, 0xFF, 0xFF, 0xFF, 0x9F, 0x00, 0xF0, 0xFF,
    0xFF, 0xEF, 0x27, 0x20, 0xFA, 0xFF, 0xFF, 0xFF, 0x01, 0xF0, 0xFF, 0xFF, 0x5F, 0x00, 0x00, 0xB0,
    0xFF, 0xFF, 0xFF, 0x05, 0xF0, 0xFF, 0xFF, 0x5F, 0x00, 0x00, 0x30, 0xFF, 0xFF, 0xFF, 0x08, 0xF0,
    0xFF, 0xFF, 0x5F, 0x00, 0x00, 0x00, 0xFF, 0xFF, 0xFF, 0x09, 0xF0, 0xFF, 0xFF, 0x5F, 0x00, 0x00,
    0x00, 0xFF, 0xFF, 0xFF, 0x0A, 0xF0, 0xFF, 0xFF, 0x5F, 0x00, 0x00, 0x20, 0xFF, 0xFF, 0xFF, 0x09,
    0xF0, 0xFF, 0xFF, 0x5F, 0x00, 0x00, 0x90, 0xFF, 0xFF, 0xFF, 0x07, 0xF0, 0xFF, 0xFF, 0xEF, 0x16,
    0x30, 0xFA, 0xFF, 0xFF, 0xFF, 0x02, 0xF0, 0xFF, 0xFF, 0xFF, 0xFF, 0xFF, 0xFF, 0xFF, 0xFF, 0xCF,
    0x00, 0xF0, 0xFF, 0xFF, 0xFF, 0xFF, 0xFF, 0xFF, 0xFF, 0xFF, 0x3F, 0x00, 0xF0, 0xFF, 0xFF, 0xFF,
    0xFF, 0xFF, 0xFF, 0xFF, 0xFF, 0x06, 0x00, 0xF0, 0xFF, 0xFF, 0x7F, 0xFD, 0xFF, 0xFF, 0xFF, 0x5E,
    0x00, 0x00, 0xF0, 0xFF, 0xFF, 0x5F, 0x60, 0xEC, 0xEF, 0x6B, 0x00, 0x00, 0x00, 0x00, 0x00, 0x10,
    0xB6, 0xED, 0xFF, 0xBD, 0x26, 0x00, 0x00, 0x00, 0xF9, 0xFF, 0xFF, 0xFF, 0xFF, 0xFF, 0x00, 0x00,
    0xD1, 0xFF, 0xFF, 0xFF, 0xFF, 0xFF, 0xFF, 0x01, 0x00, 0xFD, 0xFF, 0xFF, 0xFF, 0xFF, 0xFF, 0xFF,
    0x01, 0x80, 0xFF, 0xFF, 0xFF, 0xFF, 0xFF, 0xFF, 0xFF, 0x01, 0xF0, 0xFF, 0xFF, 0xFF, 0x5D, 0x01,
    0x41, 0xD8, 0x00, 0xF5, 0xFF, 0xFF, 0xBF, 0x00, 0x00, 0x00, 0x00, 0x00, 0xF9, 0xFF, 0xFF, 0x2F,
    0x00, 0x00, 0x00, 0x00, 0x00, 0xFB, 0xFF, 0xFF, 0x0F, 0x00, 0x00, 0x00, 0x00, 0x00, 0xFB, 0xFF,
    0xFF, 0x0F, 0x00, 0x00, 0x00, 0x00, 0x00, 0xF8, 0xFF, 0xFF, 0x3F, 0x00, 0x00, 0x00, 0x00, 0x00,
    0xF5, 0xFF, 0xFF, 0xCF, 0x00, 0x00, 0x00, 0x00, 0x00, 0xF0, 0xFF, 0xFF, 0xFF, 0x5D, 0x01, 0x51,
    0xD9, 0x05, 0x70, 0xFF, 0xFF, 0xFF, 0xFF, 0xFF, 0xFF, 0xFF, 0x05, 0x00, 0xFD, 0xFF, 0xFF, 0xFF,
    0xFF, 0xFF, 0xFF, 0x05, 0x00, 0xD1, 0xFF, 0xFF, 0xFF, 0xFF, 0xFF, 0xFF, 0x05, 0x00, 0x00, 0xF8,
    0xFF, 0xFF, 0xFF, 0xFF, 0xFF, 0x05, 0x00, 0x00, 0x10, 0xB6, 0xED, 0xEF, 0xAD, 0x27, 0x00, 0x00,
    0x00, 0x00, 0x00, 0x00, 0x00, 0x60, 0xFF, 0xFF, 0xFF, 0x00, 0x00, 0x00, 0x00, 0x00, 0x00, 0x60,
    0xFF, 0xFF, 0xFF, 0x00, 0x00, 0x00, 0x00, 0x00, 0x00, 0x60, 0xFF, 0xFF, 0xFF, 0x00, 0x00, 0x00,
    0x00, 0x00, 0x00, 0x60, 0xFF, 0xFF, 0xFF, 0x00, 0x00, 0x00, 0x00, 0x00, 0x00, 0x60, 0xFF, 0xFF,
    0xFF, 0x00, 0x00, 0x00, 0x00, 0x00, 0x00, 0x60, 0xFF, 0xFF, 0xFF, 0x00, 0x00, 0x60, 0xEB, 0xFF,
    0x9D, 0x62, 0xFF, 0xFF, 0xFF, 0x00, 0x40, 0xFE, 0xFF, 0xFF, 0xFF, 0xCF, 0xFF, 0xFF, 0xFF, 0x00,
    0xF5, 0xFF, 0xFF, 0xFF, 0xFF, 0xFF, 0xFF, 0xFF, 0xFF, 0x20, 0xFF, 0xFF, 0xFF, 0xFF, 0xFF, 0xFF,
    0xFF, 0xFF, 0xFF, 0xB0, 0xFF, 0xFF, 0xFF, 0xFF, 0xFF, 0xFF, 0xFF, 0xFF, 0xFF, 0xF1, 0xFF, 0xFF,
    0xFF, 0x29, 0x20, 0xE7, 0xFF, 0xFF, 0xFF, 0xF6, 0xFF, 0xFF, 0xAF, 0x00, 0x00, 0x60, 0xFF, 0xFF,
    0xFF, 0xF9, 0xFF, 0xFF, 0x2F, 0x00, 0x00, 0x60, 0xFF, 0xFF, 0xFF, 0xFA, 0xFF, 0xFF, 0x0F, 0x00,
    0x00, 0x60, 0xFF, 0xFF, 0xFF, 0xFB, 0xFF, 0xFF, 0x0F, 0x00, 0x00, 0x60, 0xFF, 0xFF, 0xFF, 0xFA,
    0xFF, 0xFF, 0x1F, 0x00, 0x00, 0x60, 0xFF, 0xFF, 0xFF, 0xF8, 0xFF, 0xFF, 0x8F, 0x00, 0x00, 0x60,
    0xFF, 0xFF, 0xFF, 0xF3, 0xFF, 0xFF, 0xFF, 0x29, 0x10, 0xF7, 0xFF, 0xFF, 0xFF, 0xD0, 0xFF, 0xFF,
    0xFF, 0xFF, 0xFF, 0xFF, 0xFF, 0xFF, 0xFF, 0x40, 0xFF, 0xFF, 0xFF, 0xFF, 0xFF, 0xFF, 0xFF, 0xFF,
    0xFF, 0x00, 0xF7, 0xFF, 0xFF, 0xFF, 0xFF, 0xFF, 0xFF, 0xFF, 0xFF, 0x00, 0x60, 0xFF, 0xFF, 0xFF,
    0xFF, 0x8C, 0xFF, 0xFF, 0xFF, 0x00, 0x00, 0x61, 0xEB, 0xEF, 0x6B, 0x60, 0xFF, 0xFF, 0xFF, 0x00,
    0x00, 0x10, 0xB7, 0xFD, 0xEF, 0x7C, 0x01, 0x00, 0x00, 0x00, 0x10, 0xF9, 0xFF, 0xFF, 0xFF, 0xFF,
    0x9F, 0x00, 0x00, 0x00, 0xE2, 0xFF, 0xFF, 0xFF, 0xFF, 0xFF, 0xFF, 0x0C, 0x00, 0x10, 0xFE, 0xFF,
    0xFF, 0xFF, 0xFF, 0xFF, 0xFF, 0xAF, 0x00, 0xA0, 0xFF, 0xFF, 0xFF, 0x16, 0x40, 0xFE, 0xFF, 0xFF,
    0x04, 0xF2, 0xFF, 0xFF, 0x5F, 0x00, 0x00, 0xF3, 0xFF, 0xFF, 0x0B, 0xF6, 0xFF, 0xFF, 0x0D, 0x00,
    0x00, 0xC0, 0xFF, 0xFF, 0x0F, 0xFA, 0xFF, 0xFF, 0x0A, 0x00, 0x00, 0xA0, 0xFF, 0xFF, 0x3F, 0xFB,
    0xFF, 0xFF, 0xFF, 0xFF, 0xFF, 0xFF, 0xFF, 0xFF, 0x5F, 0xFB, 0xFF, 0xFF, 0xFF, 0xFF, 0xFF, 0xFF,
    0xFF, 0xFF, 0x5F, 0xF9, 0xFF, 0xFF, 0xFF, 0xFF, 0xFF, 0xFF, 0xFF, 0xFF, 0x6F, 0xF6, 0xFF, 0xFF,
    0x0E, 0x00, 0x00, 0x00, 0x00, 0x00, 0x00, 0xF1, 0xFF, 0xFF, 0xBF, 0x00, 0x00, 0x00, 0x00, 0x00,
    0x04, 0x90, 0xFF, 0xFF, 0xFF, 0x7D, 0x02, 0x10, 0x63, 0xFA, 0x0E, 0x10, 0xFD, 0xFF, 0xFF, 0xFF,
    0xFF, 0xFF, 0xFF, 0xFF, 0x0E, 0x00, 0xD2, 0xFF, 0xFF, 0xFF, 0xFF, 0xFF, 0xFF, 0xFF, 0x0E, 0x00,
    0x00, 0xF9, 0xFF, 0xFF, 0xFF, 0xFF, 0xFF, 0xBF, 0x04, 0x00, 0x00, 0x10, 0xB7, 0xFD, 0xFF, 0xDE,
    0x6A, 0x01, 0x00, 0x00, 0x00, 0x00, 0x70, 0xEB, 0xEF, 0x3A, 0x00, 0x00, 0x00, 0x30, 0xFE, 0xFF,
    0xFF, 0xFF, 0x00, 0x00, 0x00, 0xF3, 0xFF, 0xFF, 0xFF, 0xFF, 0x00, 0x00, 0x00, 0xFC, 0xFF, 0xFF,
    0xFF, 0xFF, 0x00, 0x00, 0x40, 0xFF, 0xFF, 0xFF, 0xFF, 0xFF, 0x00, 0x00, 0x80, 0xFF, 0xFF, 0xFF,
    0x05, 0x31, 0x00, 0x00, 0xB0, 0xFF, 0xFF, 0xAF, 0x00, 0x00, 0x00, 0x00, 0xC0, 0xFF, 0xFF, 0x8F,
    0x00, 0x00, 0x00, 0xFC, 0xFF, 0xFF, 0xFF, 0xFF, 0xFF, 0x0B, 0x00, 0xFC, 0xFF, 0xFF, 0xFF, 0xFF,
    0xFF, 0x0B, 0x00, 0xFC, 0xFF, 0xFF, 0xFF, 0xFF, 0xFF, 0x0B, 0x00, 0xFC, 0xFF, 0xFF, 0xFF, 0xFF,
    0xFF, 0x0B, 0x00, 0x00, 0xD0, 0xFF, 0xFF, 0x8F, 0x00, 0x00, 0x00, 0x00, 0xD0, 0xFF, 0xFF, 0x8F,
    0x00, 0x00, 0x00, 0x00, 0xD0, 0xFF, 0xFF, 0x8F, 0x00, 0x00, 0x00, 0x00, 0xD0, 0xFF, 0xFF, 0x8F,
    0x00, 0x00, 0x00, 0x00, 0xD0, 0xFF, 0xFF, 0x8F, 0x00, 0x00, 0x00, 0x00, 0xD0, 0xFF, 0xFF, 0x8F,
    0x00, 0x00, 0x00, 0x00, 0xD0, 0xFF, 0xFF, 0x8F, 0x00, 0x00, 0x00, 0x00, 0xD0, 0xFF, 0xFF, 0x8F,
    0x00, 0x00, 0x00, 0x00, 0xD0, 0xFF, 0xFF, 0x8F, 0x00, 0x00, 0x00, 0x00, 0xD0, 0xFF, 0xFF, 0x8F,
    0x00, 0x00, 0x00, 0x00, 0xD0, 0xFF, 0xFF, 0x8F, 0x00, 0x00, 0x00, 0x00, 0xD0, 0xFF, 0xFF, 0x8F,
    0x00, 0x00, 0x00, 0x00, 0xD0, 0xFF, 0xFF, 0x8F, 0x00, 0x00, 0x00, 0x00, 0x00, 0x20, 0xB8, 0xFE,
    0xFF, 0xFF, 0xFF, 0xFF, 0xFF, 0x00, 0x00, 0x10, 0xFB, 0xFF, 0xFF, 0xFF, 0xFF, 0xFF, 0xFF, 0xFF,
    0x00, 0x00, 0xE2, 0xFF, 0xFF, 0xFF, 0xFF, 0xFF, 0xFF, 0xFF, 0xFF, 0x00, 0x00, 0xFC, 0xFF, 0xFF,
    0xFF, 0xFF, 0xFF, 0xFF, 0xFF, 0xFF, 0x00, 0x30, 0xFF, 0xFF, 0xFF, 0x17, 0x71, 0xFF, 0xFF, 0x6F,
    0x00, 0x00, 0x70, 0xFF, 0xFF, 0x6F, 0x00, 0x00, 0xF6, 0xFF, 0xFF, 0x01, 0x00, 0x80, 0xFF, 0xFF,
    0x0F, 0x00, 0x00, 0xF1, 0xFF, 0xFF, 0x06, 0x00, 0x80, 0xFF, 0xFF, 0x0F, 0x00, 0x00, 0xF1, 0xFF,
    0xFF, 0x08, 0x00, 0x50, 0xFF, 0xFF, 0x4F, 0x00, 0x00, 0xF7, 0xFF, 0xFF, 0x06, 0x00, 0x00, 0xFD,
    0xFF, 0xEF, 0x05, 0x71, 0xFF, 0xFF, 0xEF, 0x01, 0x00, 0x00, 0xE3, 0xFF, 0xFF, 0xFF, 0xFF, 0xFF,
    0xFF, 0x5F, 0x00, 0x00, 0x00, 0x10, 0xFB, 0xFF, 0xFF, 0xFF, 0xFF, 0xEF, 0x04, 0x00, 0x00, 0x00,
    0x00, 0x50, 0xFF, 0xFF, 0xFF, 0xAD, 0x06, 0x00, 0x00, 0x00, 0x00, 0x00, 0xF7, 0xFF, 0xAF, 0x02,
    0x00, 0x00, 0x00, 0x00, 0x00, 0x00, 0x20, 0xFF, 0xFF, 0x6F, 0x00, 0x00, 0x00, 0x00, 0x00, 0x00,
    0x00, 0x50, 0xFF, 0xFF, 0xFF, 0xDF, 0x9B, 0x36, 0x00, 0x00, 0x00, 0x00, 0x30, 0xFF, 0xFF, 0xFF,
    0xFF, 0xFF, 0xFF, 0x4D, 0x00, 0x00, 0x00, 0x00, 0xF8, 0xFF, 0xFF, 0xFF, 0xFF, 0xFF, 0xFF, 0x05,
    0x00, 0x00, 0x92, 0xFD, 0xFF, 0xFF, 0xFF, 0xFF, 0xFF, 0xFF, 0x0E, 0x00, 0x40, 0xFF, 0xFF, 0x7F,
    0x23, 0x21, 0xA5, 0xFF, 0xFF, 0x4F, 0x00, 0xE0, 0xFF, 0xFF, 0x07, 0x00, 0x00, 0x00, 0xFC, 0xFF,
    0x4F, 0x00, 0xF1, 0xFF, 0xFF, 0x07, 0x00, 0x00, 0x00, 0xFD, 0xFF, 0x2F, 0x00, 0xE0, 0xFF, 0xFF,
    0x7F, 0x02, 0x10, 0xB4, 0xFF, 0xFF, 0x0D, 0x00, 0x60, 0xFF, 0xFF, 0xFF, 0xFF, 0xFF, 0xFF, 0xFF,
    0xFF, 0x04, 0x00, 0x00, 0xE5, 0xFF, 0xFF, 0xFF, 0xFF, 0xFF, 0xFF, 0x4D, 0x00, 0x00, 0x00, 0x00,
    0x95, 0xEC, 0xFF, 0xFF, 0xCE, 0x49, 0x00, 0x00, 0x00, 0xFF, 0xFF, 0xFF, 0x05, 0x00, 0x00, 0x00,
    0x00, 0x00, 0x00, 0xFF, 0xFF, 0xFF, 0x05, 0x00, 0x00, 0x00, 0x00, 0x00, 0x00, 0xFF, 0xFF, 0xFF,
    0x05, 0x00, 0x00, 0x00, 0x00, 0x00, 0x00, 0xFF, 0xFF, 0xFF, 0x05, 0x00, 0x00, 0x00, 0x00, 0x00,
    0x00, 0xFF, 0xFF, 0xFF, 0x05, 0x00, 0x00, 0x00, 0x00, 0x00, 0x00, 0xFF, 0xFF, 0xFF, 0x05, 0x00,
    0x00, 0x00, 0x00, 0x00, 0x00, 0xFF, 0xFF, 0xFF, 0x05, 0x50, 0xEB, 0xEF, 0x8C, 0x01, 0x00, 0xFF,
    0xFF, 0xFF, 0x35, 0xFD, 0xFF, 0xFF, 0xFF, 0x3E, 0x00, 0xFF, 0xFF, 0xFF, 0xF9, 0xFF, 0xFF, 0xFF,
    0xFF, 0xEF, 0x01, 0xFF, 0xFF, 0xFF, 0xFF, 0xFF, 0xFF, 0xFF, 0xFF, 0xFF, 0x08, 0xFF, 0xFF, 0xFF,
    0xFF, 0xFF, 0xFF, 0xFF, 0xFF, 0xFF, 0x0D, 0xFF, 0xFF, 0xFF, 0xFF, 0x18, 0x50, 0xFF, 0xFF, 0xFF,
    0x0F, 0xFF, 0xFF, 0xFF, 0x5F, 0x00, 0x00, 0xF9, 0xFF, 0xFF, 0x1F, 0xFF, 0xFF, 0xFF, 0x08, 0x00,
    0x00, 0xF4, 0xFF, 0xFF, 0x1F, 0xFF, 0xFF, 0xFF, 0x05, 0x00, 0x00, 0xF3, 0xFF, 0xFF, 0x2F, 0xFF,
    0xFF, 0xFF, 0x05, 0x00, 0x00, 0xF3, 0xFF, 0xFF, 0x2F, 0xFF, 0xFF, 0xFF, 0x05, 0x00, 0x00, 0xF3,
    0xFF, 0xFF, 0x2F, 0xFF, 0xFF, 0xFF, 0x05, 0x00, 0x00, 0xF3, 0xFF, 0xFF, 0x2F, 0xFF, 0xFF, 0xFF,
    0x05, 0x00, 0x00, 0xF3, 0xFF, 0xFF, 0x2F, 0xFF, 0xFF, 0xFF, 0x05, 0x00, 0x00, 0xF3, 0xFF, 0xFF,
    0x2F, 0xFF, 0xFF, 0xFF, 0x05, 0x00, 0x00, 0xF3, 0xFF, 0xFF, 0x2F, 0xFF, 0xFF, 0xFF, 0x05, 0x00,
    0x00, 0xF3, 0xFF, 0xFF, 0x2F, 0xFF, 0xFF, 0xFF, 0x05, 0x00, 0x00, 0xF3, 0xFF, 0xFF, 0x2F, 0xFF,
    0xFF, 0xFF, 0x05, 0x00, 0x00, 0xF3, 0xFF, 0xFF, 0x2F, 0x20, 0xFC, 0x2C, 0x00, 0xD0, 0xFF, 0xDF,
    0x00, 0xF1, 0xFF, 0xFF, 0x01, 0xE0, 0xFF, 0xEF, 0x00, 0x20, 0xFC, 0x2C, 0x00, 0x00, 0x00, 0x00,
    0x00, 0x00, 0x00, 0x00, 0x00, 0xFA, 0xFF, 0xFF, 0x0B, 0xFA, 0xFF, 0xFF, 0x0B, 0xFA, 0xFF, 0xFF,
    0x0B, 0xFA, 0xFF, 0xFF, 0x0B, 0xFA, 0xFF, 0xFF, 0x0B, 0xFA, 0xFF, 0xFF, 0x0B, 0xFA, 0xFF, 0xFF,
    0x0B, 0xFA, 0xFF, 0xFF, 0x0B, 0xFA, 0xFF, 0xFF, 0x0B, 0xFA, 0xFF, 0xFF, 0x0B, 0xFA, 0xFF, 0xFF,
    0x0B, 0xFA, 0xFF, 0xFF, 0x0B, 0xFA, 0xFF, 0xFF, 0x0B, 0xFA, 0xFF, 0xFF, 0x0B, 0xFA, 0xFF, 0xFF,
    0x0B, 0xFA, 0xFF, 0xFF, 0x0B, 0xFA, 0xFF, 0xFF, 0x0B, 0xFA, 0xFF, 0xFF, 0x0B, 0x00, 0x00, 0xC2,
    0xCF, 0x02, 0x00, 0x00, 0xFD, 0xFF, 0x0D, 0x00, 0x10, 0xFF, 0xFF, 0x1F, 0x00, 0x00, 0xFE, 0xFF,
    0x0E, 0x00, 0x00, 0xC2, 0xCF, 0x02, 0x00, 0x00, 0x00, 0x00, 0x00, 0x00, 0x00, 0x00, 0x00, 0x00,
    0x00, 0xA0, 0xFF, 0xFF, 0xBF, 0x00, 0xA0, 0xFF, 0xFF, 0xBF, 0x00, 0xA0, 0xFF, 0xFF, 0xBF, 0x00,
    0xA0, 0xFF, 0xFF, 0xBF, 0x00, 0xA0, 0xFF, 0xFF, 0xBF, 0x00, 0xA0, 0xFF, 0xFF, 0xBF, 0x00, 0xA0,
    0xFF, 0xFF, 0xBF, 0x00, 0xA0, 0xFF, 0xFF, 0xBF, 0x00, 0xA0, 0xFF, 0xFF, 0xBF, 0x00, 0xA0, 0xFF,
    0xFF, 0xBF, 0x00, 0xA0, 0xFF, 0xFF, 0xBF, 0x00, 0xA0, 0xFF, 0xFF, 0xBF, 0x00, 0xA0, 0xFF, 0xFF,
    0xBF, 0x00, 0xA0, 0xFF, 0xFF, 0xBF, 0x00, 0xA0, 0xFF, 0xFF, 0xBF, 0x00, 0xA0, 0xFF, 0xFF, 0xBF,
    0x00, 0xA0, 0xFF, 0xFF, 0xBF, 0x00, 0xB0, 0xFF, 0xFF, 0xBF, 0x00, 0xD0, 0xFF, 0xFF, 0xAF, 0x00,
    0xF2, 0xFF, 0xFF, 0xAF, 0x10, 0xFC, 0xFF, 0xFF, 0x8F, 0xF2, 0xFF, 0xFF, 0xFF, 0x3F, 0xC0, 0xFF,
    0xFF, 0xFF, 0x0C, 0x50, 0xFF, 0xFF, 0xEF, 0x02, 0x00, 0xFD, 0xFF, 0x2D, 0x00, 0x00, 0xE6, 0x6B,
    0x00, 0x00, 0xF0, 0xFF, 0xFF, 0x6F, 0x00, 0x00, 0x00, 0x00, 0x00, 0x00, 0x00, 0x00, 0xF0, 0xFF,
    0xFF, 0x6F, 0x00, 0x00, 0x00, 0x00, 0x00, 0x00, 0x00, 0x00, 0xF0, 0xFF, 0xFF, 0x6F, 0x00, 0x00,
    0x00, 0x00, 0x00, 0x00, 0x00, 0x00, 0xF0, 0xFF, 0xFF, 0x6F, 0x00, 0x00, 0x00, 0x00, 0x00, 0x00,
    0x00, 0x00, 0xF0, 0xFF, 0xFF, 0x6F, 0x00, 0x00, 0x00, 0x00, 0x00, 0x00, 0x00, 0x00, 0xF0, 0xFF,
    0xFF, 0x6F, 0x00, 0x00, 0x00, 0x00, 0x00, 0x00, 0x00, 0x00, 0xF0, 0xFF, 0xFF, 0x6F, 0x00, 0x00,
    0xB0, 0xFF, 0xFF, 0xFF, 0x0C, 0x00, 0xF0, 0xFF, 0xFF, 0x6F, 0x00, 0x00, 0xF8, 0xFF, 0xFF, 0xEF,
    0x01, 0x00, 0xF0, 0xFF, 0xFF, 0x6F, 0x00, 0x40, 0xFF, 0xFF, 0xFF, 0x3F, 0x00, 0x00, 0xF0, 0xFF,
    0xFF, 0x6F, 0x00, 0xF2, 0xFF, 0xFF, 0xFF, 0x05, 0x00, 0x00, 0xF0, 0xFF, 0xFF, 0x6F, 0x00, 0xFD,
    0xFF, 0xFF, 0x8F, 0x00, 0x00, 0x00, 0xF0, 0xFF, 0xFF, 0x6F, 0xA0, 0xFF, 0xFF, 0xFF, 0x0A, 0x00,
    0x00, 0x00, 0xF0, 0xFF, 0xFF, 0x6F, 0xF7, 0xFF, 0xFF, 0xCF, 0x00, 0x00, 0x00, 0x00, 0xF0, 0xFF,
    0xFF, 0xAF, 0xFF, 0xFF, 0xFF, 0x1E, 0x00, 0x00, 0x00, 0x00, 0xF0, 0xFF, 0xFF, 0xFF, 0xFF, 0xFF,
    0xFF, 0x07, 0x00, 0x00, 0x00, 0x00, 0xF0, 0xFF, 0xFF, 0xFF, 0xFF, 0xFF, 0xFF, 0x3F, 0x00, 0x00,
    0x00, 0x00, 0xF0, 0xFF, 0xFF, 0x9F, 0xFF, 0xFF, 0xFF, 0xEF, 0x01, 0x00, 0x00, 0x00, 0xF0, 0xFF,
    0xFF, 0x6F, 0xF5, 0xFF, 0xFF, 0xFF, 0x0C, 0x00, 0x00, 0x00, 0xF0, 0xFF, 0xFF, 0x6F, 0x70, 0xFF,
    0xFF, 0xFF, 0xAF, 0x00, 0x00, 0x00, 0xF0, 0xFF, 0xFF, 0x6F, 0x00, 0xF9, 0xFF, 0xFF, 0xFF, 0x08,
    0x00, 0x00, 0xF0, 0xFF, 0xFF, 0x6F, 0x00, 0xB0, 0xFF, 0xFF, 0xFF, 0x5F, 0x00, 0x00, 0xF0, 0xFF,
    0xFF, 0x6F, 0x00, 0x00, 0xFD, 0xFF, 0xFF, 0xFF, 0x03, 0x00, 0xF0, 0xFF, 0xFF, 0x6F, 0x00, 0x00,
    0xE1, 0xFF, 0xFF, 0xFF, 0x1E, 0x00, 0xF0, 0xFF, 0xFF, 0x6F, 0x00, 0x00, 0x30, 0xFF, 0xFF, 0xFF,
    0xDF, 0x00, 0xFA, 0xFF, 0xFF, 0x0B, 0xFA, 0xFF, 0xFF, 0x0B, 0xFA, 0xFF, 0xFF, 0x0B, 0xFA, 0xFF,
    0xFF, 0x0B, 0xFA, 0xFF, 0xFF, 0x0B, 0xFA, 0xFF, 0xFF, 0x0B, 0xFA, 0xFF, 0xFF, 0x0B, 0xFA, 0xFF,
    0xFF, 0x0B, 0xFA, 0xFF, 0xFF, 0x0B, 0xFA, 0xFF, 0xFF, 0x0B, 0xFA, 0xFF, 0xFF, 0x0B, 0xFA, 0xFF,
    0xFF, 0x0B, 0xFA, 0xFF, 0xFF, 0x0B, 0xFA, 0xFF, 0xFF, 0x0B, 0xFA, 0xFF, 0xFF, 0x0B, 0xFA, 0xFF,
    0xFF, 0x0B, 0xFA, 0xFF, 0xFF, 0x0B, 0xFA, 0xFF, 0xFF, 0x0B, 0xFA, 0xFF, 0xFF, 0x0B, 0xFA, 0xFF,
    0xFF, 0x0B, 0xFA, 0xFF, 0xFF, 0x0B, 0xFA, 0xFF, 0xFF, 0x0B, 0xFA, 0xFF, 0xFF, 0x0B, 0xFA, 0xFF,
    0xFF, 0x0B, 0xFF, 0xFF, 0xFF, 0x05, 0x60, 0xEB, 0xEF, 0x6C, 0x00, 0x00, 0x00, 0xB6, 0xFE, 0xBE,
    0x05, 0x00, 0xFF, 0xFF, 0xFF, 0x25, 0xFD, 0xFF, 0xFF, 0xFF, 0x2D, 0x00, 0xE4, 0xFF, 0xFF, 0xFF,
    0xCF, 0x01, 0xFF, 0xFF, 0xFF, 0xF9, 0xFF, 0xFF, 0xFF, 0xFF, 0xDF, 0x60, 0xFF, 0xFF, 0xFF, 0xFF,
    0xFF, 0x0B, 0xFF, 0xFF, 0xFF, 0xFF, 0xFF, 0xFF, 0xFF, 0xFF, 0xFF, 0xFC, 0xFF, 0xFF, 0xFF, 0xFF,
    0xFF, 0x3F, 0xFF, 0xFF, 0xFF, 0xFF, 0xFF, 0xFF, 0xFF, 0xFF, 0xFF, 0xFF, 0xFF, 0xFF, 0xFF, 0xFF,
    0xFF, 0x8F, 0xFF, 0xFF, 0xFF, 0xFF, 0x18, 0x61, 0xFF, 0xFF, 0xFF, 0xFF, 0x5E, 0x11, 0xF8, 0xFF,
    0xFF, 0xCF, 0xFF, 0xFF, 0xFF, 0x5F, 0x00, 0x00, 0xF9, 0xFF, 0xFF, 0xFF, 0x03, 0x00, 0xC0, 0xFF,
    0xFF, 0xDF, 0xFF, 0xFF, 0xFF, 0x09, 0x00, 0x00, 0xF5, 0xFF, 0xFF, 0x5F, 0x00, 0x00, 0x80, 0xFF,
    0xFF, 0xEF, 0xFF, 0xFF, 0xFF, 0x05, 0x00, 0x00, 0xF3, 0xFF, 0xFF, 0x2F, 0x00, 0x00, 0x70, 0xFF,
    0xFF, 0xEF, 0xFF, 0xFF, 0xFF, 0x05, 0x00, 0x00, 0xF3, 0xFF, 0xFF, 0x2F, 0x00, 0x00, 0x60, 0xFF,
    0xFF, 0xEF, 0xFF, 0xFF, 0xFF, 0x05, 0x00, 0x00, 0xF3, 0xFF, 0xFF, 0x2F, 0x00, 0x00, 0x60, 0xFF,
    0xFF, 0xEF, 0xFF, 0xFF, 0xFF, 0x05, 0x00, 0x00, 0xF3, 0xFF, 0xFF, 0x2F, 0x00, 0x00, 0x60, 0xFF,
    0xFF, 0xEF, 0xFF, 0xFF, 0xFF, 0x05, 0x00, 0x00, 0xF3, 0xFF, 0xFF, 0x2F, 0x00, 0x00, 0x60, 0xFF,
    0xFF, 0xEF, 0xFF, 0xFF, 0xFF, 0x05, 0x00, 0x00, 0xF3, 0xFF, 0xFF, 0x2F, 0x00, 0x00, 0x60, 0xFF,
    0xFF, 0xEF, 0xFF, 0xFF, 0xFF, 0x05, 0x00, 0x00, 0xF3, 0xFF, 0xFF, 0x2F, 0x00, 0x00, 0x60, 0xFF,
    0xFF, 0xEF, 0xFF, 0xFF, 0xFF, 0x05, 0x00, 0x00, 0xF3, 0xFF, 0xFF, 0x2F, 0x00, 0x00, 0x60, 0xFF,
    0xFF, 0xEF, 0xFF, 0xFF, 0xFF, 0x05, 0x00, 0x00, 0xF3, 0xFF, 0xFF, 0x2F, 0x00, 0x00, 0x60, 0xFF,
    0xFF, 0xEF, 0xFF, 0xFF, 0xFF, 0x05, 0x00, 0x00, 0xF3, 0xFF, 0xFF, 0x2F, 0x00, 0x00, 0x60, 0xFF,
    0xFF, 0xEF, 0xFF, 0xFF, 0xFF, 0x05, 0x50, 0xEB, 0xEF, 0x7C, 0x00, 0x00, 0xFF, 0xFF, 0xFF, 0x25,
    0xFD, 0xFF, 0xFF, 0xFF, 0x2E, 0x00, 0xFF, 0xFF, 0xFF, 0xE9, 0xFF, 0xFF, 0xFF, 0xFF, 0xDF, 0x00,
    0xFF, 0xFF, 0xFF, 0xFF, 0xFF, 0xFF, 0xFF, 0xFF, 0xFF, 0x06, 0xFF, 0xFF, 0xFF, 0xFF, 0xFF, 0xFF,
    0xFF, 0xFF, 0xFF, 0x0C, 0xFF, 0xFF, 0xFF, 0xFF, 0x18, 0x40, 0xFF, 0xFF, 0xFF, 0x0F, 0xFF, 0xFF,
    0xFF, 0x5F, 0x00, 0x00, 0xF8, 0xFF, 0xFF, 0x0F, 0xFF, 0xFF, 0xFF, 0x08, 0x00, 0x00, 0xF4, 0xFF,
    0xFF, 0x1F, 0xFF, 0xFF, 0xFF, 0x05, 0x00, 0x00, 0xF3, 0xFF, 0xFF, 0x2F, 0xFF, 0xFF, 0xFF, 0x05,
    0x00, 0x00, 0xF3, 0xFF, 0xFF, 0x2F, 0xFF, 0xFF, 0xFF, 0x05, 0x00, 0x00, 0xF3, 0xFF, 0xFF, 0x2F,
    0xFF, 0xFF, 0xFF, 0x05, 0x00, 0x00, 0xF3, 0xFF, 0xFF, 0x2F, 0xFF, 0xFF, 0xFF, 0x05, 0x00, 0x00,
    0xF3, 0xFF, 0xFF, 0x2F, 0xFF, 0xFF, 0xFF, 0x05, 0x00, 0x00, 0xF3, 0xFF, 0xFF, 0x2F, 0xFF, 0xFF,
    0xFF, 0x05, 0x00, 0x00, 0xF3, 0xFF, 0xFF, 0x2F, 0xFF, 0xFF, 0xFF, 0x05, 0x00, 0x00, 0xF3, 0xFF,
    0xFF, 0x2F, 0xFF, 0xFF, 0xFF, 0x05, 0x00, 0x00, 0xF3, 0xFF, 0xFF, 0x2F, 0xFF, 0xFF, 0xFF, 0x05,
    0x00, 0x00, 0xF3, 0xFF, 0xFF, 0x2F, 0x00, 0x00, 0x10, 0xA6, 0xED, 0xEF, 0xAD, 0x17, 0x00, 0x00,
    0x00, 0x00, 0x00, 0xF9, 0xFF, 0xFF, 0xFF, 0xFF, 0xFF, 0x1A, 0x00, 0x00, 0x00, 0xD2, 0xFF, 0xFF,
    0xFF, 0xFF, 0xFF, 0xFF, 0xEF, 0x02, 0x00, 0x10, 0xFD, 0xFF, 0xFF, 0xFF, 0xFF, 0xFF, 0xFF, 0xFF,
    0x1E, 0x00, 0x90, 0xFF, 0xFF, 0xFF, 0xFF, 0xFF, 0xFF, 0xFF, 0xFF, 0xAF, 0x00, 0xF1, 0xFF, 0xFF,
    0xFF, 0x28, 0x10, 0xF8, 0xFF, 0xFF, 0xFF, 0x02, 0xF6, 0xFF, 0xFF, 0x9F, 0x00, 0x00, 0x80, 0xFF,
    0xFF, 0xFF, 0x07, 0xF9, 0xFF, 0xFF, 0x2F, 0x00, 0x00, 0x10, 0xFF, 0xFF, 0xFF, 0x0A, 0xFB, 0xFF,
    0xFF, 0x0F, 0x00, 0x00, 0x00, 0xFF, 0xFF, 0xFF, 0x0B, 0xFB, 0xFF, 0xFF, 0x0F, 0x00, 0x00, 0x00,
    0xFF, 0xFF, 0xFF, 0x0B, 0xF9, 0xFF, 0xFF, 0x2F, 0x00, 0x00, 0x10, 0xFF, 0xFF, 0xFF, 0x0A, 0xF6,
    0xFF, 0xFF, 0x9F, 0x00, 0x00, 0x90, 0xFF, 0xFF, 0xFF, 0x07, 0xF1, 0xFF, 0xFF, 0xFF, 0x28, 0x10,
    0xF8, 0xFF, 0xFF, 0xFF, 0x02, 0xA0, 0xFF, 0xFF, 0xFF, 0xFF, 0xFF, 0xFF, 0xFF, 0xFF, 0xAF, 0x00,
    0x10, 0xFE, 0xFF, 0xFF, 0xFF, 0xFF, 0xFF, 0xFF, 0xFF, 0x1E, 0x00, 0x00, 0xD2, 0xFF, 0xFF, 0xFF,
    0xFF, 0xFF, 0xFF, 0xEF, 0x02, 0x00, 0x00, 0x10, 0xF9, 0xFF, 0xFF, 0xFF, 0xFF, 0xFF, 0x19, 0x00,
    0x00, 0x00, 0x00, 0x10, 0xB7, 0xFD, 0xFF, 0xBD, 0x17, 0x00, 0x00, 0x00, 0xF0, 0xFF, 0xFF, 0x5F,
    0x60, 0xEC, 0xEF, 0x6B, 0x00, 0x00, 0x00, 0xF0, 0xFF, 0xFF, 0x7F, 0xFD, 0xFF, 0xFF, 0xFF, 0x5E,
    0x00, 0x00, 0xF0, 0xFF, 0xFF, 0xFF, 0xFF, 0xFF, 0xFF, 0xFF, 0xFF, 0x06, 0x00, 0xF0, 0xFF, 0xFF,
    0xFF, 0xFF, 0xFF, 0xFF, 0xFF, 0xFF, 0x3F, 0x00, 0xF0, 0xFF, 0xFF, 0xFF, 0xFF, 0xFF, 0xFF, 0xFF,
    0xFF, 0xCF, 0x00, 0xF0, 0xFF, 0xFF, 0xEF, 0x16, 0x20, 0xF9, 0xFF, 0xFF, 0xFF, 0x02, 0xF0, 0xFF,
    0xFF, 0x5F, 0x00, 0x00, 0xA0, 0xFF, 0xFF, 0xFF, 0x07, 0xF0, 0xFF, 0xFF, 0x5F, 0x00, 0x00, 0x30,
    0xFF, 0xFF, 0xFF, 0x09, 0xF0, 0xFF, 0xFF, 0x5F, 0x00, 0x00, 0x00, 0xFF, 0xFF, 0xFF, 0x0A, 0xF0,
    0xFF, 0xFF, 0x5F, 0x00, 0x00, 0x10, 0xFF, 0xFF, 0xFF, 0x09, 0xF0, 0xFF, 0xFF, 0x5F, 0x00, 0x00,
    0x40, 0xFF, 0xFF, 0xFF, 0x08, 0xF0, 0xFF, 0xFF, 0x5F, 0x00, 0x00, 0xB0, 0xFF, 0xFF, 0xFF, 0x05,
    0xF0, 0xFF, 0xFF, 0xDF, 0x26, 0x20, 0xFA, 0xFF, 0xFF, 0xFF, 0x01, 0xF0, 0xFF, 0xFF, 0xFF, 0xFF,
    0xFF, 0xFF, 0xFF, 0xFF, 0x9F, 0x00, 0xF0, 0xFF, 0xFF, 0xFF, 0xFF, 0xFF, 0xFF, 0xFF, 0xFF, 0x1E,
    0x00, 0xF0, 0xFF, 0xFF, 0xFF, 0xFF, 0xFF, 0xFF, 0xFF, 0xFF, 0x04, 0x00, 0xF0, 0xFF, 0xFF, 0xCF,
    0xFF, 0xFF, 0xFF, 0xFF, 0x3D, 0x00, 0x00, 0xF0, 0xFF, 0xFF, 0x5F, 0xA3, 0xFD, 0xDF, 0x5B, 0x00,
    0x00, 0x00, 0xF0, 0xFF, 0xFF, 0x5F, 0x00, 0x00, 0x00, 0x00, 0x00, 0x00, 0x00, 0xF0, 0xFF, 0xFF,
    0x5F, 0x00, 0x00, 0x00, 0x00, 0x00, 0x00, 0x00, 0xF0, 0xFF, 0xFF, 0x5F, 0x00, 0x00, 0x00, 0x00,
    0x00, 0x00, 0x00, 0xF0, 0xFF, 0xFF, 0x5F, 0x00, 0x00, 0x00, 0x00, 0x00, 0x00, 0x00, 0xF0, 0xFF,
    0xFF, 0x5F, 0x00, 0x00, 0x00, 0x00, 0x00, 0x00, 0x00, 0xF0, 0xFF, 0xFF, 0x5F, 0x00, 0x00, 0x00,
    0x00, 0x00, 0x00, 0x00, 0xF0, 0xFF, 0xFF, 0x5F, 0x00, 0x00, 0x00, 0x00, 0x00, 0x00, 0x00, 0xF0,
    0xFF, 0xFF, 0x5F, 0x00, 0x00, 0x00, 0x00, 0x00, 0x00, 0x00, 0x00, 0x00, 0x61, 0xEB, 0xEF, 0x6B,
    0x60, 0xFF, 0xFF, 0xFF, 0x00, 0x60, 0xFF, 0xFF, 0xFF, 0xFF, 0x8D, 0xFF, 0xFF, 0xFF, 0x00, 0xF7,
    0xFF, 0xFF, 0xFF, 0xFF, 0xFF, 0xFF, 0xFF, 0xFF, 0x40, 0xFF, 0xFF, 0xFF, 0xFF, 0xFF, 0xFF, 0xFF,
    0xFF, 0xFF, 0xD0, 0xFF, 0xFF, 0xFF, 0xFF, 0xFF, 0xFF, 0xFF, 0xFF, 0xFF, 0xF3, 0xFF, 0xFF, 0xFF,
    0x29, 0x10, 0xF7, 0xFF, 0xFF, 0xFF, 0xF7, 0xFF, 0xFF, 0x8F, 0x00, 0x00, 0x60, 0xFF, 0xFF, 0xFF,
    0xFA, 0xFF, 0xFF, 0x1F, 0x00, 0x00, 0x60, 0xFF, 0xFF, 0xFF, 0xFB, 0xFF, 0xFF, 0x0F, 0x00, 0x00,
    0x60, 0xFF, 0xFF, 0xFF, 0xFA, 0xFF, 0xFF, 0x0F, 0x00, 0x00, 0x60, 0xFF, 0xFF, 0xFF, 0xF9, 0xFF,
    0xFF, 0x2F, 0x00, 0x00, 0x60, 0xFF, 0xFF, 0xFF, 0xF6, 0xFF, 0xFF, 0xAF, 0x00, 0x00, 0x60, 0xFF,
    0xFF, 0xFF, 0xF1, 0xFF, 0xFF, 0xFF, 0x29, 0x20, 0xE7, 0xFF, 0xFF, 0xFF, 0xB0, 0xFF, 0xFF, 0xFF,
    0xFF, 0xFF, 0xFF, 0xFF, 0xFF, 0xFF, 0x30, 0xFF, 0xFF, 0xFF, 0xFF, 0xFF, 0xFF, 0xFF, 0xFF, 0xFF,
    0x00, 0xF5, 0xFF, 0xFF, 0xFF, 0xFF, 0xFF, 0xFF, 0xFF, 0xFF, 0x00, 0x40, 0xFE, 0xFF, 0xFF, 0xFF,
    0xDF, 0xFF, 0xFF, 0xFF, 0x00, 0x00, 0x60, 0xEB, 0xFF, 0x9D, 0x63, 0xFF, 0xFF, 0xFF, 0x00, 0x00,
    0x00, 0x00, 0x00, 0x00, 0x60, 0xFF, 0xFF, 0xFF, 0x00, 0x00, 0x00, 0x00, 0x00, 0x00, 0x60, 0xFF,
    0xFF, 0xFF, 0x00, 0x00, 0x00, 0x00, 0x00, 0x00, 0x60, 0xFF, 0xFF, 0xFF, 0x00, 0x00, 0x00, 0x00,
    0x00, 0x00, 0x60, 0xFF, 0xFF, 0xFF, 0x00, 0x00, 0x00, 0x00, 0x00, 0x00, 0x60, 0xFF, 0xFF, 0xFF,
    0x00, 0x00, 0x00, 0x00, 0x00, 0x00, 0x60, 0xFF, 0xFF, 0xFF, 0x00, 0x00, 0x00, 0x00, 0x00, 0x00,
    0x60, 0xFF, 0xFF, 0xFF, 0x00, 0x00, 0x00, 0x00, 0x00, 0x00, 0x60, 0xFF, 0xFF, 0xFF, 0xF0, 0xFF,
    0xFF, 0x5F, 0x00, 0xC5, 0xFF, 0x6C, 0x00, 0xF0, 0xFF, 0xFF, 0x5F, 0x90, 0xFF, 0xFF, 0xFF, 0x09,
    0xF0, 0xFF, 0xFF, 0x5F, 0xF7, 0xFF, 0xFF, 0xFF, 0x04, 0xF0, 0xFF, 0xFF, 0x7F, 0xFF, 0xFF, 0xFF,
    0xEF, 0x00, 0xF0, 0xFF, 0xFF, 0xFF, 0xFF, 0xFF, 0xFF, 0x8F, 0x00, 0xF0, 0xFF, 0xFF, 0xFF, 0xFF,
    0xFF, 0xFF, 0x2F, 0x00, 0xF0, 0xFF, 0xFF, 0xFF, 0xBF, 0x03, 0xA2, 0x0C, 0x00, 0xF0, 0xFF, 0xFF,
    0xFF, 0x0B, 0x00, 0x00, 0x01, 0x00, 0xF0, 0xFF, 0xFF, 0xFF, 0x01, 0x00, 0x00, 0x00, 0x00, 0xF0,
    0xFF, 0xFF, 0x9F, 0x00, 0x00, 0x00, 0x00, 0x00, 0xF0, 0xFF, 0xFF, 0x5F, 0x00, 0x00, 0x00, 0x00,
    0x00, 0xF0, 0xFF, 0xFF, 0x5F, 0x00, 0x00, 0x00, 0x00, 0x00, 0xF0, 0xFF, 0xFF, 0x5F, 0x00, 0x00,
    0x00, 0x00, 0x00, 0xF0, 0xFF, 0xFF, 0x5F, 0x00, 0x00, 0x00, 0x00, 0x00, 0xF0, 0xFF, 0xFF, 0x5F,
    0x00, 0x00, 0x00, 0x00, 0x00, 0xF0, 0xFF, 0xFF, 0x5F, 0x00, 0x00, 0x00, 0x00, 0x00, 0xF0, 0xFF,
    0xFF, 0x5F, 0x00, 0x00, 0x00, 0x00, 0x00, 0xF0, 0xFF, 0xFF, 0x5F, 0x00, 0x00, 0x00, 0x00, 0x00,
    0x00, 0x00, 0xB6, 0xFD, 0xEF, 0x8B, 0x03, 0x00, 0x00, 0xE5, 0xFF, 0xFF, 0xFF, 0xFF, 0xDF, 0x00,
    0x50, 0xFF, 0xFF, 0xFF, 0xFF, 0xFF, 0xFF, 0x01, 0xE0, 0xFF, 0xFF, 0xFF, 0xFF, 0xFF, 0xFF, 0x01,
    0xF3, 0xFF, 0xFF, 0x6F, 0x10, 0x83, 0xFE, 0x01, 0xF5, 0xFF, 0xFF, 0x2F, 0x00, 0x00, 0x70, 0x00,
    0xF2, 0xFF, 0xFF, 0xEF, 0x16, 0x00, 0x00, 0x00, 0xB0, 0xFF, 0xFF, 0xFF, 0xFF, 0x29, 0x00, 0x00,
    0x10, 0xFC, 0xFF, 0xFF, 0xFF, 0xFF, 0x09, 0x00, 0x00, 0x80, 0xFF, 0xFF, 0xFF, 0xFF, 0xCF, 0x00,
    0x00, 0x00, 0x81, 0xFE, 0xFF, 0xFF, 0xFF, 0x08, 0x00, 0x00, 0x00, 0x70, 0xFF, 0xFF, 0xFF, 0x0E,
    0x90, 0x01, 0x00, 0x00, 0xF6, 0xFF, 0xFF, 0x0F, 0xF0, 0x9F, 0x13, 0x20, 0xFB, 0xFF, 0xFF, 0x0E,
    0xF0, 0xFF, 0xFF, 0xFF, 0xFF, 0xFF, 0xFF, 0x0A, 0xF0, 0xFF, 0xFF, 0xFF, 0xFF, 0xFF, 0xFF, 0x02,
    0xC0, 0xFF, 0xFF, 0xFF, 0xFF, 0xFF, 0x3E, 0x00, 0x00, 0x62, 0xDA, 0xFF, 0xEF, 0x6B, 0x00, 0x00,
    0x00, 0x00, 0x00, 0x00, 0x9A, 0x00, 0x00, 0x00, 0x00, 0x00, 0x00, 0x00, 0xA0, 0x9F, 0x00, 0x00,
    0x00, 0x00, 0x00, 0x00, 0x00, 0xFB, 0x9F, 0x00, 0x00, 0x00, 0x00, 0x00, 0x00, 0xC0, 0xFF, 0x9F,
    0x00, 0x00, 0x00, 0x00, 0x00, 0x10, 0xFC, 0xFF, 0x9F, 0x00, 0x00, 0x00, 0x00, 0x00, 0xD1, 0xFF,
    0xFF, 0xFF, 0xFF, 0xFF, 0xAF, 0x00, 0x20, 0xFE, 0xFF, 0xFF, 0xFF, 0xFF, 0xFF, 0xAF, 0x00, 0xE2,
    0xFF, 0xFF, 0xFF, 0xFF, 0xFF, 0xFF, 0xAF, 0x00, 0xF9, 0xFF, 0xFF, 0xFF, 0xFF, 0xFF, 0xFF, 0xAF,
    0x00, 0x00, 0xB0, 0xFF, 0xFF, 0x9F, 0x00, 0x00, 0x00, 0x00, 0x00, 0xB0, 0xFF, 0xFF, 0x9F, 0x00,
    0x00, 0x00, 0x00, 0x00, 0xB0, 0xFF, 0xFF, 0x9F, 0x00, 0x00, 0x00, 0x00, 0x00, 0xB0, 0xFF, 0xFF,
    0x9F, 0x00, 0x00, 0x00, 0x00, 0x00, 0xB0, 0xFF, 0xFF, 0x9F, 0x00, 0x00, 0x00, 0x00, 0x00, 0xB0,
    0xFF, 0xFF, 0x9F, 0x00, 0x00, 0x00, 0x00, 0x00, 0xB0, 0xFF, 0xFF, 0xAF, 0x00, 0x00, 0x00, 0x00,
    0x00, 0xB0, 0xFF, 0xFF, 0xCF, 0x00, 0x00, 0x00, 0x00, 0x00, 0xA0, 0xFF, 0xFF, 0xFF, 0x17, 0x30,
    0xE8, 0x02, 0x00, 0x70, 0xFF, 0xFF, 0xFF, 0xFF, 0xFF, 0xFF, 0x02, 0x00, 0x20, 0xFF, 0xFF, 0xFF,
    0xFF, 0xFF, 0xFF, 0x02, 0x00, 0x00, 0xFA, 0xFF, 0xFF, 0xFF, 0xFF, 0xFF, 0x02, 0x00, 0x00, 0xB0,
    0xFF, 0xFF, 0xFF, 0xFF, 0xEF, 0x01, 0x00, 0x00, 0x00, 0xA4, 0xFD, 0xEF, 0x8B, 0x04, 0x00, 0xF3,
    0xFF, 0xFF, 0x1F, 0x00, 0x00, 0x70, 0xFF, 0xFF, 0xEF, 0xF3, 0xFF, 0xFF, 0x1F, 0x00, 0x00, 0x70,
    0xFF, 0xFF, 0xEF, 0xF3, 0xFF, 0xFF, 0x1F, 0x00, 0x00, 0x70, 0xFF, 0xFF, 0xEF, 0xF3, 0xFF, 0xFF,
    0x1F, 0x00, 0x00, 0x70, 0xFF, 0xFF, 0xEF, 0xF3, 0xFF, 0xFF, 0x1F, 0x00, 0x00, 0x70, 0xFF, 0xFF,
    0xEF, 0xF3, 0xFF, 0xFF, 0x1F, 0x00, 0x00, 0x70, 0xFF, 0xFF, 0xEF, 0xF3, 0xFF, 0xFF, 0x1F, 0x00,
    0x00, 0x70, 0xFF, 0xFF, 0xEF, 0xF3, 0xFF, 0xFF, 0x1F, 0x00, 0x00, 0x70, 0xFF, 0xFF, 0xEF, 0xF3,
    0xFF, 0xFF, 0x1F, 0x00, 0x00, 0x70, 0xFF, 0xFF, 0xEF, 0xF3, 0xFF, 0xFF, 0x1F, 0x00, 0x00, 0x70,
    0xFF, 0xFF, 0xEF, 0xF3, 0xFF, 0xFF, 0x3F, 0x00, 0x00, 0xA0, 0xFF, 0xFF, 0xEF, 0xF2, 0xFF, 0xFF,
    0x7F, 0x00, 0x00, 0xF7, 0xFF, 0xFF, 0xEF, 0xF0, 0xFF, 0xFF, 0xEF, 0x03, 0x82, 0xFF, 0xFF, 0xFF,
    0xEF, 0xD0, 0xFF, 0xFF, 0xFF, 0xFF, 0xFF, 0xFF, 0xFF, 0xFF, 0xEF, 0x80, 0xFF, 0xFF, 0xFF, 0xFF,
    0xFF, 0xFF, 0xFF, 0xFF, 0xEF, 0x20, 0xFF, 0xFF, 0xFF, 0xFF, 0xFF, 0xAE, 0xFF, 0xFF, 0xEF, 0x00,
    0xF6, 0xFF, 0xFF, 0xFF, 0xCF, 0x72, 0xFF, 0xFF, 0xEF, 0x00, 0x30, 0xD9, 0xFF, 0xBE, 0x05, 0x70,
    0xFF, 0xFF, 0xEF, 0xFA, 0xFF, 0xFF, 0x1F, 0x00, 0x00, 0x00, 0xF7, 0xFF, 0xFF, 0x0A, 0xF3, 0xFF,
    0xFF, 0x8F, 0x00, 0x00, 0x00, 0xFE, 0xFF, 0xFF, 0x03, 0xC0, 0xFF, 0xFF, 0xEF, 0x00, 0x00, 0x60,
    0xFF, 0xFF, 0xCF, 0x00, 0x50, 0xFF, 0xFF, 0xFF, 0x05, 0x00, 0xD0, 0xFF, 0xFF, 0x4F, 0x00, 0x00,
    0xFE, 0xFF, 0xFF, 0x0C, 0x00, 0xF5, 0xFF, 0xFF, 0x0D, 0x00, 0x00, 0xF7, 0xFF, 0xFF, 0x2F, 0x00,
    0xFC, 0xFF, 0xFF, 0x06, 0x00, 0x00, 0xF1, 0xFF, 0xFF, 0x9F, 0x30, 0xFF, 0xFF, 0xEF, 0x00, 0x00,
    0x00, 0x90, 0xFF, 0xFF, 0xFF, 0xB0, 0xFF, 0xFF, 0x7F, 0x00, 0x00, 0x00, 0x20, 0xFF, 0xFF, 0xFF,
    0xF9, 0xFF, 0xFF, 0x1F, 0x00, 0x00, 0x00, 0x00, 0xFB, 0xFF, 0xFF, 0xFF, 0xFF, 0xFF, 0x09, 0x00,
    0x00, 0x00, 0x00, 0xF4, 0xFF, 0xFF, 0xFF, 0xFF, 0xFF, 0x02, 0x00, 0x00, 0x00, 0x00, 0xC0, 0xFF,
    0xFF, 0xFF, 0xFF, 0xBF, 0x00, 0x00, 0x00, 0x00, 0x00, 0x50, 0xFF, 0xFF, 0xFF, 0xFF, 0x3F, 0x00,
    0x00, 0x00, 0x00, 0x00, 0x00, 0xFE, 0xFF, 0xFF, 0xFF, 0x0C, 0x00, 0x00, 0x00, 0x00, 0x00, 0x00,
    0xF7, 0xFF, 0xFF, 0xFF, 0x05, 0x00, 0x00, 0x00, 0x00, 0x00, 0x00, 0xF1, 0xFF, 0xFF, 0xDF, 0x00,
    0x00, 0x00, 0x00, 0x00, 0x00, 0x00, 0x90, 0xFF, 0xFF, 0x6F, 0x00, 0x00, 0x00, 0x00, 0x00, 0x00,
    0x00, 0x20, 0xFF, 0xFF, 0x0E, 0x00, 0x00, 0x00, 0x00, 0xF8, 0xFF, 0xFF, 0x0D, 0x00, 0x00, 0xC0,
    0xFF, 0xAF, 0x00, 0x00, 0x00, 0xFF, 0xFF, 0xFF, 0x04, 0xF2, 0xFF, 0xFF, 0x3F, 0x00, 0x00, 0xF2,
    0xFF, 0xFF, 0x01, 0x00, 0x60, 0xFF, 0xFF, 0xEF, 0x00, 0xB0, 0xFF, 0xFF, 0x9F, 0x00, 0x00, 0xF8,
    0xFF, 0xFF, 0x06, 0x00, 0xB0, 0xFF, 0xFF, 0x8F, 0x00, 0x50, 0xFF, 0xFF, 0xEF, 0x00, 0x00, 0xFE,
    0xFF, 0xFF, 0x0D, 0x00, 0xF1, 0xFF, 0xFF, 0x2F, 0x00, 0x00, 0xFE, 0xFF, 0xFF, 0x04, 0x50, 0xFF,
    0xFF, 0xFF, 0x3F, 0x00, 0xF6, 0xFF, 0xFF, 0x0B, 0x00, 0x00, 0xF8, 0xFF, 0xFF, 0x0A, 0xB0, 0xFF,
    0xFF, 0xFF, 0x9F, 0x00, 0xFC, 0xFF, 0xFF, 0x05, 0x00, 0x00, 0xF2, 0xFF, 0xFF, 0x0F, 0xF1, 0xFF,
    0xFF, 0xFF, 0xFF, 0x20, 0xFF, 0xFF, 0xEF, 0x00, 0x00, 0x00, 0xB0, 0xFF, 0xFF, 0x6F, 0xF7, 0xFF,
    0xFF, 0xFF, 0xFF, 0x76, 0xFF, 0xFF, 0x8F, 0x00, 0x00, 0x00, 0x50, 0xFF, 0xFF, 0xCF, 0xFD, 0xFF,
    0x9F, 0xFF, 0xFF, 0xDC, 0xFF, 0xFF, 0x2F, 0x00, 0x00, 0x00, 0x00, 0xFE, 0xFF, 0xFF, 0xFF, 0xFF,
    0x0D, 0xFE, 0xFF, 0xFF, 0xFF, 0xFF, 0x0C, 0x00, 0x00, 0x00, 0x00, 0xF8, 0xFF, 0xFF, 0xFF, 0xFF,
    0x07, 0xF8, 0xFF, 0xFF, 0xFF, 0xFF, 0x06, 0x00, 0x00, 0x00, 0x00, 0xF2, 0xFF, 0xFF, 0xFF, 0xFF,
    0x01, 0xF2, 0xFF, 0xFF, 0xFF, 0xFF, 0x00, 0x00, 0x00, 0x00, 0x00, 0xB0, 0xFF, 0xFF, 0xFF, 0xAF,
    0x00, 0xC0, 0xFF, 0xFF, 0xFF, 0x9F, 0x00, 0x00, 0x00, 0x00, 0x00, 0x50, 0xFF, 0xFF, 0xFF, 0x4F,
    0x00, 0x50, 0xFF, 0xFF, 0xFF, 0x3F, 0x00, 0x00, 0x00, 0x00, 0x00, 0x00, 0xFE, 0xFF, 0xFF, 0x0D,
    0x00, 0x00, 0xFE, 0xFF, 0xFF, 0x0C, 0x00, 0x00, 0x00, 0x00, 0x00, 0x00, 0xF8, 0xFF, 0xFF, 0x07,
    0x00, 0x00, 0xF9, 0xFF, 0xFF, 0x06, 0x00, 0x00, 0x00, 0x00, 0x00, 0x00, 0xF2, 0xFF, 0xFF, 0x01,
    0x00, 0x00, 0xF2, 0xFF, 0xFF, 0x00, 0x00, 0x00, 0x00, 0x00, 0x00, 0x00, 0xB0, 0xFF, 0xAF, 0x00,
    0x00, 0x00, 0xC0, 0xFF, 0xAF, 0x00, 0x00, 0x00, 0x00, 0xF7, 0xFF, 0xFF, 0xFF, 0x04, 0x00, 0x00,
    0xFB, 0xFF, 0xFF, 0x2F, 0xA0, 0xFF, 0xFF, 0xFF, 0x0E, 0x00, 0x60, 0xFF, 0xFF, 0xFF, 0x05, 0x00,
    0xFD, 0xFF, 0xFF, 0x9F, 0x00, 0xF1, 0xFF, 0xFF, 0x8F, 0x00, 0x00, 0xF2, 0xFF, 0xFF, 0xFF, 0x04,
    0xFB, 0xFF, 0xFF, 0x0B, 0x00, 0x00, 0x50, 0xFF, 0xFF, 0xFF, 0x7E, 0xFF, 0xFF, 0xEF, 0x01, 0x00,
    0x00, 0x00, 0xF9, 0xFF, 0xFF, 0xFF, 0xFF, 0xFF, 0x3F, 0x00, 0x00, 0x00, 0x00, 0xC0, 0xFF, 0xFF,
    0xFF, 0xFF, 0xFF, 0x06, 0x00, 0x00, 0x00, 0x00, 0x10, 0xFE, 0xFF, 0xFF, 0xFF, 0x9F, 0x00, 0x00,
    0x00, 0x00, 0x00, 0x00, 0xF4, 0xFF, 0xFF, 0xFF, 0x0E, 0x00, 0x00, 0x00, 0x00, 0x00, 0x00, 0xE1,
    0xFF, 0xFF, 0xFF, 0x7F, 0x00, 0x00, 0x00, 0x00, 0x00, 0x00, 0xFC, 0xFF, 0xFF, 0xFF, 0xFF, 0x04,
    0x00, 0x00, 0x00, 0x00, 0x90, 0xFF, 0xFF, 0xFF, 0xFF, 0xFF, 0x1E, 0x00, 0x00, 0x00, 0x00, 0xF5,
    0xFF, 0xFF, 0xFF, 0xFF, 0xFF, 0xCF, 0x00, 0x00, 0x00, 0x30, 0xFF, 0xFF, 0xFF, 0xE6, 0xFF, 0xFF,
    0xFF, 0x08, 0x00, 0x00, 0xD1, 0xFF, 0xFF, 0xAF, 0x40, 0xFF, 0xFF, 0xFF, 0x4F, 0x00, 0x00, 0xFB,
    0xFF, 0xFF, 0x1E, 0x00, 0xF9, 0xFF, 0xFF, 0xEF, 0x01, 0x80, 0xFF, 0xFF, 0xFF, 0x04, 0x00, 0xD0,
    0xFF, 0xFF, 0xFF, 0x0C, 0xF4, 0xFF, 0xFF, 0x9F, 0x00, 0x00, 0x30, 0xFF, 0xFF, 0xFF, 0x9F, 0xF4,
    0xFF, 0xFF, 0x7F, 0x00, 0x00, 0x00, 0xF2, 0xFF, 0xFF, 0x0E, 0xD0, 0xFF, 0xFF, 0xEF, 0x00, 0x00,
    0x00, 0xFA, 0xFF, 0xFF, 0x08, 0x60, 0xFF, 0xFF, 0xFF, 0x04, 0x00, 0x10, 0xFF, 0xFF, 0xFF, 0x01,
    0x00, 0xFE, 0xFF, 0xFF, 0x0B, 0x00, 0x80, 0xFF, 0xFF, 0x9F, 0x00, 0x00, 0xF7, 0xFF, 0xFF, 0x1F,
    0x00, 0xF1, 0xFF, 0xFF, 0x1F, 0x00, 0x00, 0xF1, 0xFF, 0xFF, 0x8F, 0x00, 0xF7, 0xFF, 0xFF, 0x0A,
    0x00, 0x00, 0x90, 0xFF, 0xFF, 0xEF, 0x00, 0xFE, 0xFF, 0xFF, 0x02, 0x00, 0x00, 0x10, 0xFF, 0xFF,
    0xFF, 0x65, 0xFF, 0xFF, 0xBF, 0x00, 0x00, 0x00, 0x00, 0xFA, 0xFF, 0xFF, 0xDB, 0xFF, 0xFF, 0x3F,
    0x00, 0x00, 0x00, 0x00, 0xF3, 0xFF, 0xFF, 0xFF, 0xFF, 0xFF, 0x0C, 0x00, 0x00, 0x00, 0x00, 0xB0,
    0xFF, 0xFF, 0xFF, 0xFF, 0xFF, 0x04, 0x00, 0x00, 0x00, 0x00, 0x40, 0xFF, 0xFF, 0xFF, 0xFF, 0xDF,
    0x00, 0x00, 0x00, 0x00, 0x00, 0x00, 0xFD, 0xFF, 0xFF, 0xFF, 0x5F, 0x00, 0x00, 0x00, 0x00, 0x00,
    0x00, 0xF5, 0xFF, 0xFF, 0xFF, 0x0D, 0x00, 0x00, 0x00, 0x00, 0x00, 0x00, 0xE0, 0xFF, 0xFF, 0xFF,
    0x06, 0x00, 0x00, 0x00, 0x00, 0x00, 0x00, 0x80, 0xFF, 0xFF, 0xEF, 0x00, 0x00, 0x00, 0x00, 0x00,
    0x00, 0x00, 0xE0, 0xFF, 0xFF, 0x7F, 0x00, 0x00, 0x00, 0x00, 0x00, 0x00, 0x00, 0xF5, 0xFF, 0xFF,
    0x1F, 0x00, 0x00, 0x00, 0x00, 0x00, 0x00, 0x00, 0xFD, 0xFF, 0xFF, 0x08, 0x00, 0x00, 0x00, 0x00,
    0x00, 0x00, 0x40, 0xFF, 0xFF, 0xFF, 0x01, 0x00, 0x00, 0x00, 0x00, 0x00, 0x00, 0xC0, 0xFF, 0xFF,
    0x9F, 0x00, 0x00, 0x00, 0x00, 0x00, 0x00, 0x00, 0xF3, 0xFF, 0xFF, 0x2F, 0x00, 0x00, 0x00, 0x00,
    0x00, 0x00, 0x00, 0xFB, 0xFF, 0xFF, 0x0A, 0x00, 0x00, 0x00, 0x00, 0x00, 0x00, 0x30, 0xFF, 0xFF,
    0xFF, 0x03, 0x00, 0x00, 0x00, 0x00, 0x00, 0x00, 0xA0, 0xFF, 0xFF, 0xBF, 0x00, 0x00, 0x00, 0x00,
    0x00, 0x00, 0x00, 0xF2, 0xFF, 0xFF, 0x4F, 0x00, 0x00, 0x00, 0x00, 0x00, 0x00, 0xC0, 0xFF, 0xFF,
    0xFF, 0xFF, 0xFF, 0xFF, 0xFF, 0xFF, 0x0F, 0xC0, 0xFF, 0xFF, 0xFF, 0xFF, 0xFF, 0xFF, 0xFF, 0xFF,
    0x06, 0xC0, 0xFF, 0xFF, 0xFF, 0xFF, 0xFF, 0xFF, 0xFF, 0xBF, 0x00, 0xC0, 0xFF, 0xFF, 0xFF, 0xFF,
    0xFF, 0xFF, 0xFF, 0x1E, 0x00, 0xC0, 0xFF, 0xFF, 0xFF, 0xFF, 0xFF, 0xFF, 0xFF, 0x05, 0x00, 0x00,
    0x00, 0x00, 0x00, 0xF4, 0xFF, 0xFF, 0xAF, 0x00, 0x00, 0x00, 0x00, 0x00, 0x10, 0xFE, 0xFF, 0xFF,
    0x1E, 0x00, 0x00, 0x00, 0x00, 0x00, 0xA0, 0xFF, 0xFF, 0xFF, 0x04, 0x00, 0x00, 0x00, 0x00, 0x00,
    0xF5, 0xFF, 0xFF, 0x9F, 0x00, 0x00, 0x00, 0x00, 0x00, 0x10, 0xFE, 0xFF, 0xFF, 0x0D, 0x00, 0x00,
    0x00, 0x00, 0x00, 0xB0, 0xFF, 0xFF, 0xFF, 0x03, 0x00, 0x00, 0x00, 0x00, 0x00, 0xF6, 0xFF, 0xFF,
    0x8F, 0x00, 0x00, 0x00, 0x00, 0x00, 0x20, 0xFF, 0xFF, 0xFF, 0x0C, 0x00, 0x00, 0x00, 0x00, 0x00,
    0xC0, 0xFF, 0xFF, 0xFF, 0xFF, 0xFF, 0xFF, 0xFF, 0x0D, 0x00, 0xF7, 0xFF, 0xFF, 0xFF, 0xFF, 0xFF,
    0xFF, 0xFF, 0x0D, 0x30, 0xFF, 0xFF, 0xFF, 0xFF, 0xFF, 0xFF, 0xFF, 0xFF, 0x0D, 0xD0, 0xFF, 0xFF,
    0xFF, 0xFF, 0xFF, 0xFF, 0xFF, 0xFF, 0x0D, 0xF6, 0xFF, 0xFF, 0xFF, 0xFF, 0xFF, 0xFF, 0xFF, 0xFF,
    0x0D, 0x00, 0x00, 0x00, 0x50, 0xDA, 0xFF, 0x5F, 0x00, 0x00, 0x10, 0xFD, 0xFF, 0xFF, 0x5F, 0x00,
    0x00, 0xB0, 0xFF, 0xFF, 0xFF, 0x5F, 0x00, 0x00, 0xF2, 0xFF, 0xFF, 0xFF, 0x5F, 0x00, 0x00, 0xF6,
    0xFF, 0xFF, 0xFF, 0x5F, 0x00, 0x00, 0xF8, 0xFF, 0xFF, 0x2A, 0x00, 0x00, 0x00, 0xF9, 0xFF, 0xFF,
    0x00, 0x00, 0x00, 0x00, 0xF9, 0xFF, 0xEF, 0x00, 0x00, 0x00, 0x00, 0xF9, 0xFF, 0xDF, 0x00, 0x00,
    0x00, 0x00, 0xFA, 0xFF, 0xCF, 0x00, 0x00, 0x00, 0x00, 0xFB, 0xFF, 0xCF, 0x00, 0x00, 0x00, 0x00,
    0xFE, 0xFF, 0xAF, 0x00, 0x00, 0x00, 0x40, 0xFF, 0xFF, 0x8F, 0x00, 0x00, 0x10, 0xE5, 0xFF, 0xFF,
    0x4F, 0x00, 0x00, 0xF4, 0xFF, 0xFF, 0xFF, 0x0D, 0x00, 0x00, 0xF4, 0xFF, 0xFF, 0xFF, 0x03, 0x00,
    0x00, 0xF4, 0xFF, 0xFF, 0x2E, 0x00, 0x00, 0x00, 0xF4, 0xFF, 0xFF, 0xEF, 0x03, 0x00, 0x00, 0xF4,
    0xFF, 0xFF, 0xFF, 0x1E, 0x00, 0x00, 0x10, 0xE5, 0xFF, 0xFF, 0x6F, 0x00, 0x00, 0x00, 0x40, 0xFF,
    0xFF, 0xAF, 0x00, 0x00, 0x00, 0x00, 0xFE, 0xFF, 0xCF, 0x00, 0x00, 0x00, 0x00, 0xFC, 0xFF, 0xCF,
    0x00, 0x00, 0x00, 0x00, 0xFA, 0xFF, 0xDF, 0x00, 0x00, 0x00, 0x00, 0xFA, 0xFF, 0xDF, 0x00, 0x00,
    0x00, 0x00, 0xFA, 0xFF, 0xEF, 0x00, 0x00, 0x00, 0x00, 0xF9, 0xFF, 0xFF, 0x01, 0x00, 0x00, 0x00,
    0xF8, 0xFF, 0xFF, 0x2A, 0x00, 0x00, 0x00, 0xF6, 0xFF, 0xFF, 0xFF, 0x5F, 0x00, 0x00, 0xF3, 0xFF,
    0xFF, 0xFF, 0x5F, 0x00, 0x00, 0xC0, 0xFF, 0xFF, 0xFF, 0x5F, 0x00, 0x00, 0x10, 0xFD, 0xFF, 0xFF,
    0x5F, 0x00, 0x00, 0x00, 0x60, 0xDA, 0xFE, 0x5F, 0xFE, 0xFF, 0x07, 0xFE, 0xFF, 0x07, 0xFE, 0xFF,
    0x07, 0xFE, 0xFF, 0x07, 0xFE, 0xFF, 0x07, 0xFE, 0xFF, 0x07, 0xFE, 0xFF, 0x07, 0xFE, 0xFF, 0x07,
    0xFE, 0xFF, 0x07, 0xFE, 0xFF, 0x07, 0xFE, 0xFF, 0x07, 0xFE, 0xFF, 0x07, 0xFE, 0xFF, 0x07, 0xFE,
    0xFF, 0x07, 0xFE, 0xFF, 0x07, 0xFE, 0xFF, 0x07, 0xFE, 0xFF, 0x07, 0xFE, 0xFF, 0x07, 0xFE, 0xFF,
    0x07, 0xFE, 0xFF, 0x07, 0xFE, 0xFF, 0x07, 0xFE, 0xFF, 0x07, 0xFE, 0xFF, 0x07, 0xFE, 0xFF, 0x07,
    0xFE, 0xFF, 0x07, 0xFE, 0xFF, 0x07, 0xFE, 0xFF, 0x07, 0xFE, 0xFF, 0x07, 0xFE, 0xFF, 0x07, 0xFE,
    0xFF, 0x07, 0xFE, 0xFF, 0x07, 0xFE, 0xFF, 0x07, 0xFE, 0xFF, 0x07, 0xF7, 0xFF, 0xAD, 0x05, 0x00,
    0x00, 0x00, 0xF7, 0xFF, 0xFF, 0xCF, 0x01, 0x00, 0x00, 0xF7, 0xFF, 0xFF, 0xFF, 0x0A, 0x00, 0x00,
    0xF7, 0xFF, 0xFF, 0xFF, 0x1F, 0x00, 0x00, 0xF7, 0xFF, 0xFF, 0xFF, 0x4F, 0x00, 0x00, 0x00, 0xC3,
    0xFF, 0xFF, 0x6F, 0x00, 0x00, 0x00, 0x30, 0xFF, 0xFF, 0x7F, 0x00, 0x00, 0x00, 0x00, 0xFF, 0xFF,
    0x8F, 0x00, 0x00, 0x00, 0x00, 0xFF, 0xFF, 0x8F, 0x00, 0x00, 0x00, 0x00, 0xFF, 0xFF, 0x8F, 0x00,
    0x00, 0x00, 0x00, 0xFF, 0xFF, 0xAF, 0x00, 0x00, 0x00, 0x00, 0xFE, 0xFF, 0xCF, 0x00, 0x00, 0x00,
    0x00, 0xFC, 0xFF, 0xFF, 0x02, 0x00, 0x00, 0x00, 0xF8, 0xFF, 0xFF, 0x4D, 0x00, 0x00, 0x00, 0xF2,
    0xFF, 0xFF, 0xFF, 0x1F, 0x00, 0x00, 0x40, 0xFF, 0xFF, 0xFF, 0x1F, 0x00, 0x00, 0x00, 0xF4, 0xFF,
    0xFF, 0x1F, 0x00, 0x00, 0x40, 0xFF, 0xFF, 0xFF, 0x1F, 0x00, 0x00, 0xF1, 0xFF, 0xFF, 0xFF, 0x1F,
    0x00, 0x00, 0xF6, 0xFF, 0xFF, 0x4D, 0x00, 0x00, 0x00, 0xFA, 0xFF, 0xFF, 0x02, 0x00, 0x00, 0x00,
    0xFD, 0xFF, 0xCF, 0x00, 0x00, 0x00, 0x00, 0xFE, 0xFF, 0x9F, 0x00, 0x00, 0x00, 0x00, 0xFF, 0xFF,
    0x8F, 0x00, 0x00, 0x00, 0x00, 0xFF, 0xFF, 0x7F, 0x00, 0x00, 0x00, 0x00, 0xFF, 0xFF, 0x7F, 0x00,
    0x00, 0x00, 0x20, 0xFF, 0xFF, 0x7F, 0x00, 0x00, 0x00, 0xB2, 0xFF, 0xFF, 0x6F, 0x00, 0x00, 0xF7,
    0xFF, 0xFF, 0xFF, 0x4F, 0x00, 0x00, 0xF7, 0xFF, 0xFF, 0xFF, 0x1F, 0x00, 0x00, 0xF7, 0xFF, 0xFF,
    0xFF, 0x09, 0x00, 0x00, 0xF7, 0xFF, 0xFF, 0xBF, 0x00, 0x00, 0x00, 0xF7, 0xFF, 0xAD, 0x04, 0x00,
    0x00, 0x00, 0x00, 0x93, 0xFD, 0xCF, 0x17, 0x00, 0x00, 0x00, 0x00, 0x70, 0xA1, 0xFF, 0xFF, 0xFF,
    0xFF, 0x4B, 0x00, 0x00, 0x30, 0xEC, 0xFD, 0xFF, 0xFF, 0xFF, 0xFF, 0xFF, 0x9E, 0x87, 0xFC, 0xEF,
    0xFE, 0xFF, 0xFF, 0xFF, 0xFF, 0xFF, 0xFF, 0xFF, 0xFF, 0xEF, 0xFE, 0x7D, 0x02, 0x62, 0xFD, 0xFF,
    0xFF, 0xFF, 0xFF, 0xAF, 0x8D, 0x00, 0x00, 0x00, 0x40, 0xFC, 0xFF, 0xFF, 0xEF, 0x06, 0x03, 0x00,
    0x00, 0x00, 0x00, 0x20, 0xB7, 0xAB, 0x05, 0x00, 0x00, 0xD6, 0xCF, 0x04, 0x00, 0x70, 0xFF, 0xFF,
    0x5F, 0x00, 0xF1, 0xFF, 0xFF, 0xEF, 0x00, 0xF4, 0xFF, 0xFF, 0xFF, 0x02, 0xF4, 0xFF, 0xFF, 0xFF,
    0x02, 0xF1, 0xFF, 0xFF, 0xEF, 0x00, 0x80, 0xFF, 0xFF, 0x5F, 0x00, 0x00, 0xD7, 0xDF, 0x04, 0x00,
    0x00, 0x00, 0x00, 0x00, 0x00, 0x00, 0xB0, 0x8F, 0x00, 0x00, 0x00, 0xF4, 0xFF, 0x01, 0x00, 0x00,
    0xFA, 0xFF, 0x07, 0x00, 0x00, 0xFF, 0xFF, 0x0C, 0x00, 0x40, 0xFF, 0xFF, 0x1F, 0x00, 0x70, 0xFF,
    0xFF, 0x5F, 0x00, 0xB0, 0xFF, 0xFF, 0x9F, 0x00, 0xF0, 0xFF, 0xFF, 0xDF, 0x00, 0xF2, 0xFF, 0xFF,
    0xFF, 0x00, 0xF4, 0xFF, 0xFF, 0xFF, 0x02, 0xF5, 0xFF, 0xFF, 0xFF, 0x03, 0xF4, 0xFF, 0xFF, 0xFF,
    0x02, 0xF2, 0xFF, 0xFF, 0xFF, 0x00, 0xE0, 0xFF, 0xFF, 0xBF, 0x00, 0x50, 0xFF, 0xFF, 0x3F, 0x00,
    0x00, 0xD5, 0xCF, 0x03, 0x00, 0x00, 0x00, 0x00, 0x00, 0x00, 0x00, 0x00, 0xF6, 0x0C, 0x00, 0x00,
    0x00, 0x00, 0x00, 0x00, 0x00, 0xFB, 0x06, 0x00, 0x00, 0x00, 0x00, 0x00, 0x00, 0x10, 0xFF, 0x01,
    0x00, 0x00, 0x00, 0x00, 0x00, 0x00, 0x60, 0xCF, 0x00, 0x00, 0x00, 0x00, 0x00, 0x00, 0x00, 0xC0,
    0x6F, 0x00, 0x00, 0x00, 0x10, 0xA6, 0xFD, 0xFF, 0xFF, 0x4F, 0x00, 0x00, 0x00, 0xF7, 0xFF, 0xFF,
    0xFF, 0xFF, 0xFF, 0x04, 0x00, 0xA0, 0xFF, 0xFF, 0xFF, 0xFF, 0xFF, 0xFF, 0x05, 0x00, 0xFA, 0xFF,
    0xFF, 0xFF, 0xFF, 0xFF, 0xFF, 0x05, 0x40, 0xFF, 0xFF, 0xFF, 0xFF, 0xFF, 0xFF, 0xFF, 0x05, 0xB0,
    0xFF, 0xFF, 0xFF, 0x6E, 0x82, 0xAF, 0xC7, 0x04, 0xF1, 0xFF, 0xFF, 0xCF, 0x00, 0xD0, 0x3F, 0x00,
    0x00, 0xF4, 0xFF, 0xFF, 0x2F, 0x00, 0xF3, 0x0D, 0x00, 0x00, 0xF6, 0xFF, 0xFF, 0x0D, 0x00, 0xF9,
    0x07, 0x00, 0x00, 0xF6, 0xFF, 0xFF, 0x0C, 0x00, 0xFE, 0x02, 0x00, 0x00, 0xF5, 0xFF, 0xFF, 0x0F,
    0x50, 0xCF, 0x00, 0x00, 0x00, 0xF1, 0xFF, 0xFF, 0x9F, 0xA0, 0x6F, 0x00, 0x00, 0x01, 0xC0, 0xFF,
    0xFF, 0xFF, 0xFB, 0x1F, 0x30, 0xC7, 0x09, 0x40, 0xFF, 0xFF, 0xFF, 0xFF, 0xFF, 0xFF, 0xFF, 0x09,
    0x00, 0xFA, 0xFF, 0xFF, 0xFF, 0xFF, 0xFF, 0xFF, 0x09, 0x00, 0xA0, 0xFF, 0xFF, 0xFF, 0xFF, 0xFF,
    0xFF, 0x09, 0x00, 0x00, 0xE5, 0xFF, 0xFF, 0xFF, 0xFF, 0xFF, 0x08, 0x00, 0x00, 0x00, 0xD5, 0xFF,
    0xFF, 0xBE, 0x17, 0x00, 0x00, 0x00, 0x00, 0xE0, 0x3F, 0x00, 0x00, 0x00, 0x00, 0x00, 0x00, 0x00,
    0xF3, 0x0E, 0x00, 0x00, 0x00, 0x00, 0x00, 0x00, 0x00, 0xF7, 0x0A, 0x00, 0x00, 0x00, 0x00, 0x00,
    0x00, 0x00, 0xFC, 0x05, 0x00, 0x00, 0x00, 0x00, 0x00, 0x00, 0x10, 0xFF, 0x01, 0x00, 0x00, 0x00,
    0x00, 0x00, 0x00, 0x50, 0xCF, 0x00, 0x00, 0x00, 0x00, 0x00, 0x00, 0x00, 0xA0, 0x7F, 0x00, 0x00,
    0x00, 0x00, 0x00, 0x00, 0x00, 0x00, 0x00, 0x00, 0x71, 0xEC, 0x9E, 0x00, 0x00, 0x00, 0x00, 0x00,
    0x00, 0x80, 0xFF, 0xFF, 0xFF, 0x09, 0x00, 0x00, 0x00, 0x00, 0x00, 0xFB, 0xFF, 0xFF, 0xFF, 0x2F,
    0x00, 0x00, 0x00, 0x00, 0xA0, 0xFF, 0xFF, 0xFF, 0xFF, 0xBF, 0x00, 0x00, 0x00, 0x00, 0xF6, 0xFF,
    0xFF, 0xFF, 0xFF, 0xFF, 0x05, 0x00, 0x00, 0x10, 0xFF, 0xFF, 0xFF, 0xDF, 0x15, 0x20, 0x04, 0x00,
    0x00, 0x80, 0xFF, 0xFF, 0xFF, 0x0C, 0x00, 0x00, 0x00, 0x00, 0x00, 0xE0, 0xFF, 0xFF, 0xFF, 0x02,
    0x00, 0x00, 0x00, 0x00, 0x00, 0xF5, 0xFF, 0xFF, 0x9F, 0x00, 0x00, 0x00, 0x00, 0x00, 0x00, 0xFC,
    0xFF, 0xFF, 0x3F, 0x00, 0x00, 0x00, 0x00, 0xF7, 0xFF, 0xFF, 0xFF, 0xFF, 0xFF, 0xCF, 0x00, 0x00,
    0x00, 0xF7, 0xFF, 0xFF, 0xFF, 0xFF, 0xFF, 0xCF, 0x00, 0x00, 0x00, 0xF7, 0xFF, 0xFF, 0xFF, 0xFF,
    0xFF, 0xCF, 0x00, 0x00, 0x00, 0xF7, 0xFF, 0xFF, 0xFF, 0xFF, 0xFF, 0xCF, 0x00, 0x00, 0x00, 0xF7,
    0xFF, 0xFF, 0xFF, 0xFF, 0xFF, 0xCF, 0x00, 0x00, 0x00, 0x00, 0xF7, 0xFF, 0xFF, 0x6F, 0x00, 0x00,
    0x00, 0x00, 0x00, 0x00, 0xFB, 0xFF, 0xFF, 0x2F, 0x00, 0x00, 0x00, 0x00, 0x00, 0x00, 0xFF, 0xFF,
    0xFF, 0x0E, 0x00, 0x00, 0x00, 0x00, 0x00, 0x20, 0xFF, 0xFF, 0xFF, 0x0A, 0x00, 0x00, 0x00, 0x00,
    0x00, 0x60, 0xFF, 0xFF, 0xFF, 0x8A, 0x89, 0x36, 0x00, 0x61, 0x00, 0x90, 0xFF, 0xFF, 0xFF, 0xFF,
    0xFF, 0xFF, 0xFF, 0xDF, 0x00, 0xD0, 0xFF, 0xFF, 0xFF, 0xFF, 0xFF, 0xFF, 0xFF, 0xDF, 0x00, 0xF1,
    0xFF, 0xFF, 0xFF, 0xFF, 0xFF, 0xFF, 0xFF, 0xDF, 0x00, 0xF4, 0xFF, 0xFF, 0xFF, 0xFF, 0xFF, 0xFF,
    0xFF, 0xDF, 0x00, 0xD7, 0x9B, 0x78, 0x77, 0xB8, 0xFE, 0xFF, 0xFF, 0x8D, 0x00, 0x00, 0x00, 0x00,
    0x00, 0x00, 0x00, 0x00, 0x00, 0x00, 0x00, 0x00, 0x9A, 0x00, 0x00, 0x00, 0x00, 0x00, 0x70, 0x0C,
    0x00, 0xA0, 0xFF, 0x09, 0xB6, 0xFE, 0xCE, 0x07, 0xF7, 0xCF, 0x00, 0xF9, 0xFF, 0xFF, 0xFF, 0xFF,
    0xFF, 0xFF, 0xFF, 0xFF, 0x0B, 0xF3, 0xFF, 0xFF, 0xFF, 0xFF, 0xFF, 0xFF, 0xFF, 0xFF, 0x04, 0x30,
    0xFE, 0xFF, 0xFF, 0xFF, 0xFF, 0xFF, 0xFF, 0x4F, 0x00, 0x00, 0xFC, 0xFF, 0x8F, 0x02, 0x71, 0xFF,
    0xFF, 0x0E, 0x00, 0x30, 0xFF, 0xFF, 0x05, 0x00, 0x00, 0xF4, 0xFF, 0x5F, 0x00, 0x70, 0xFF, 0xAF,
    0x00, 0x00, 0x00, 0x80, 0xFF, 0xAF, 0x00, 0xA0, 0xFF, 0x5F, 0x00, 0x00, 0x00, 0x30, 0xFF, 0xDF,
    0x00, 0xB0, 0xFF, 0x3F, 0x00, 0x00, 0x00, 0x10, 0xFF, 0xDF, 0x00, 0xA0, 0xFF, 0x5F, 0x00, 0x00,
    0x00, 0x30, 0xFF, 0xDF, 0x00, 0x80, 0xFF, 0xAF, 0x00, 0x00, 0x00, 0x90, 0xFF, 0xAF, 0x00, 0x30,
    0xFF, 0xFF, 0x05, 0x00, 0x00, 0xF4, 0xFF, 0x5F, 0x00, 0x00, 0xFC, 0xFF, 0x9F, 0x02, 0x82, 0xFF,
    0xFF, 0x0E, 0x00, 0x20, 0xFE, 0xFF, 0xFF, 0xFF, 0xFF, 0xFF, 0xFF, 0x4F, 0x00, 0xE2, 0xFF, 0xFF,
    0xFF, 0xFF, 0xFF, 0xFF, 0xFF, 0xFF, 0x04, 0xF9, 0xFF, 0xFF, 0xFF, 0xFF, 0xFF, 0xFF, 0xFF, 0xFF,
    0x0B, 0xA0, 0xFF, 0x09, 0xB6, 0xFE, 0xCF, 0x06, 0xF7, 0xCF, 0x00, 0x00, 0x9A, 0x00, 0x00, 0x00,
    0x00, 0x00, 0x70, 0x0C, 0x00, 0x00, 0x00, 0x00, 0x00, 0x00, 0x00, 0x00, 0x00, 0x00, 0x00, 0xF6,
    0xFF, 0xFF, 0xFF, 0x7F, 0x00, 0x00, 0x00, 0x00, 0xF4, 0xFF, 0xFF, 0xFF, 0x07, 0xA0, 0xFF, 0xFF,
    0xFF, 0xFF, 0x02, 0x00, 0x00, 0x10, 0xFE, 0xFF, 0xFF, 0xBF, 0x00, 0x00, 0xFD, 0xFF, 0xFF, 0xFF,
    0x0C, 0x00, 0x00, 0xA0, 0xFF, 0xFF, 0xFF, 0x1E, 0x00, 0x00, 0xF2, 0xFF, 0xFF, 0xFF, 0x7F, 0x00,
    0x00, 0xF5, 0xFF, 0xFF, 0xFF, 0x03, 0x00, 0x00, 0x60, 0xFF, 0xFF, 0xFF, 0xFF, 0x02, 0x10, 0xFE,
    0xFF, 0xFF, 0x7F, 0x00, 0x00, 0x00, 0x00, 0xFA, 0xFF, 0xFF, 0xFF, 0x0C, 0xA0, 0xFF, 0xFF, 0xFF,
    0x0B, 0x00, 0x00, 0x00, 0x00, 0xD0, 0xFF, 0xFF, 0xFF, 0x8F, 0xF5, 0xFF, 0xFF, 0xEF, 0x01, 0x00,
    0x00, 0x00, 0x00, 0x20, 0xFF, 0xFF, 0xFF, 0xFF, 0xFF, 0xFF, 0xFF, 0x3F, 0x00, 0x00, 0x00, 0x00,
    0x00, 0x00, 0xF6, 0xFF, 0xFF, 0xFF, 0xFF, 0xFF, 0xFF, 0x07, 0x00, 0x00, 0x00, 0x00, 0x00, 0x00,
    0xA0, 0xFF, 0xFF, 0xFF, 0xFF, 0xFF, 0xBF, 0x00, 0x00, 0x00, 0x00, 0xA0, 0xFF, 0xFF, 0xFF, 0xFF,
    0xFF, 0xFF, 0xFF, 0xFF, 0xFF, 0xFF, 0xFF, 0xBF, 0x00, 0xA0, 0xFF, 0xFF, 0xFF, 0xFF, 0xFF, 0xFF,
    0xFF, 0xFF, 0xFF, 0xFF, 0xFF, 0xBF, 0x00, 0xA0, 0xFF, 0xFF, 0xFF, 0xFF, 0xFF, 0xFF, 0xFF, 0xFF,
    0xFF, 0xFF, 0xFF, 0xBF, 0x00, 0x00, 0x00, 0x00, 0x00, 0x10, 0xFF, 0xFF, 0xFF, 0x4F, 0x00, 0x00,
    0x00, 0x00, 0x00, 0x00, 0x00, 0x00, 0x00, 0x10, 0xFF, 0xFF, 0xFF, 0x4F, 0x00, 0x00, 0x00, 0x00,
    0x00, 0x00, 0x00, 0x00, 0x00, 0x10, 0xFF, 0xFF, 0xFF, 0x4F, 0x00, 0x00, 0x00, 0x00, 0x00, 0x00,
    0x00, 0x00, 0x00, 0x10, 0xFF, 0xFF, 0xFF, 0x4F, 0x00, 0x00, 0x00, 0x00, 0x00, 0xA0, 0xFF, 0xFF,
    0xFF, 0xFF, 0xFF, 0xFF, 0xFF, 0xFF, 0xFF, 0xFF, 0xFF, 0xBF, 0x00, 0xA0, 0xFF, 0xFF, 0xFF, 0xFF,
    0xFF, 0xFF, 0xFF, 0xFF, 0xFF, 0xFF, 0xFF, 0xBF, 0x00, 0xA0, 0xFF, 0xFF, 0xFF, 0xFF, 0xFF, 0xFF,
    0xFF, 0xFF, 0xFF, 0xFF, 0xFF, 0xBF, 0x00, 0x00, 0x00, 0x00, 0x00, 0x10, 0xFF, 0xFF, 0xFF, 0x4F,
    0x00, 0x00, 0x00, 0x00, 0x00, 0x00, 0x00, 0x00, 0x00, 0x10, 0xFF, 0xFF, 0xFF, 0x4F, 0x00, 0x00,
    0x00, 0x00, 0x00, 0x00, 0x00, 0x00, 0x00, 0x10, 0xFF, 0xFF, 0xFF, 0x4F, 0x00, 0x00, 0x00, 0x00,
    0x00, 0x00, 0x00, 0x00, 0x00, 0x10, 0xFF, 0xFF, 0xFF, 0x4F, 0x00, 0x00, 0x00, 0x00, 0x00, 0xFE,
    0xFF, 0x07, 0xFE, 0xFF, 0x07, 0xFE, 0xFF, 0x07, 0xFE, 0xFF, 0x07, 0xFE, 0xFF, 0x07, 0xFE, 0xFF,
    0x07, 0xFE, 0xFF, 0x07, 0xFE, 0xFF, 0x07, 0xFE, 0xFF, 0x07, 0xFE, 0xFF, 0x07, 0xFE, 0xFF, 0x07,
    0xFE, 0xFF, 0x07, 0xFE, 0xFF, 0x07, 0xFE, 0xFF, 0x07, 0xFE, 0xFF, 0x07, 0x00, 0x00, 0x00, 0x00,
    0x00, 0x00, 0x00, 0x00, 0x00, 0x00, 0x00, 0x00, 0xFE, 0xFF, 0x07, 0xFE, 0xFF, 0x07, 0xFE, 0xFF,
    0x07, 0xFE, 0xFF, 0x07, 0xFE, 0xFF, 0x07, 0xFE, 0xFF, 0x07, 0xFE, 0xFF, 0x07, 0xFE, 0xFF, 0x07,
    0xFE, 0xFF, 0x07, 0xFE, 0xFF, 0x07, 0xFE, 0xFF, 0x07, 0xFE, 0xFF, 0x07, 0xFE, 0xFF, 0x07, 0xFE,
    0xFF, 0x07, 0x00, 0x00, 0x20, 0xB8, 0xFE, 0xEF, 0xAD, 0x06, 0x00, 0x00, 0x00, 0x00, 0xF9, 0xFF,
    0xFF, 0xFF, 0xFF, 0xEF, 0x04, 0x00, 0x00, 0xA0, 0xFF, 0xFF, 0xFF, 0xFF, 0xFF, 0xFF, 0x3F, 0x00,
    0x00, 0xF5, 0xFF, 0xFF, 0x16, 0xA1, 0xFF, 0xFF, 0xAF, 0x00, 0x00, 0xFA, 0xFF, 0xBF, 0x00, 0x00,
    0xFD, 0xFF, 0x9F, 0x00, 0x00, 0xFC, 0xFF, 0xDF, 0x00, 0x00, 0xF3, 0xFF, 0x3F, 0x00, 0x00, 0xFB,
    0xFF, 0xFF, 0x1B, 0x00, 0x20, 0x77, 0x02, 0x00, 0x00, 0xF5, 0xFF, 0xFF, 0xFF, 0x07, 0x00, 0x00,
    0x00, 0x00, 0x00, 0xA0, 0xFF, 0xFF, 0xFF, 0xDF, 0x05, 0x00, 0x00, 0x00, 0x00, 0xC0, 0xFF, 0xFF,
    0xFF, 0xFF, 0xCF, 0x02, 0x00, 0x00, 0x00, 0xF9, 0xFF, 0xFF, 0xFF, 0xFF, 0xFF, 0x7F, 0x00, 0x00,
    0x30, 0xFF, 0xFF, 0xFF, 0xFF, 0xFF, 0xFF, 0xFF, 0x0B, 0x00, 0xB0, 0xFF, 0xEF, 0x73, 0xFF, 0xFF,
    0xFF, 0xFF, 0xBF, 0x00, 0xF1, 0xFF, 0x7F, 0x00, 0x91, 0xFF, 0xFF, 0xFF, 0xFF, 0x07, 0xF4, 0xFF,
    0x6F, 0x00, 0x00, 0xC3, 0xFF, 0xFF, 0xFF, 0x0E, 0xF5, 0xFF, 0xDF, 0x00, 0x00, 0x00, 0xF7, 0xFF,
    0xFF, 0x4F, 0xF3, 0xFF, 0xFF, 0x0A, 0x00, 0x00, 0x40, 0xFF, 0xFF, 0x6F, 0xF0, 0xFF, 0xFF, 0xBF,
    0x01, 0x00, 0x00, 0xF6, 0xFF, 0x7F, 0x90, 0xFF, 0xFF, 0xFF, 0x4E, 0x00, 0x00, 0xF0, 0xFF, 0x5F,
    0x10, 0xFE, 0xFF, 0xFF, 0xFF, 0x1A, 0x00, 0xF1, 0xFF, 0x3F, 0x00, 0xF4, 0xFF, 0xFF, 0xFF, 0xFF,
    0x07, 0xF7, 0xFF, 0x0D, 0x00, 0x30, 0xFE, 0xFF, 0xFF, 0xFF, 0xDF, 0xFF, 0xFF, 0x05, 0x00, 0x00,
    0xB1, 0xFF, 0xFF, 0xFF, 0xFF, 0xFF, 0x9F, 0x00, 0x00, 0x00, 0x00, 0xE5, 0xFF, 0xFF, 0xFF, 0xFF,
    0x0C, 0x00, 0x00, 0x00, 0x00, 0x00, 0xF7, 0xFF, 0xFF, 0xFF, 0x0E, 0x00, 0x00, 0x00, 0x00, 0x00,
    0x10, 0xFA, 0xFF, 0xFF, 0x8F, 0x00, 0x00, 0x00, 0x22, 0x00, 0x00, 0x50, 0xFF, 0xFF, 0xDF, 0x00,
    0x00, 0xC0, 0xFF, 0x1C, 0x00, 0x00, 0xF9, 0xFF, 0xFF, 0x00, 0x00, 0xF7, 0xFF, 0xDF, 0x00, 0x00,
    0xF8, 0xFF, 0xEF, 0x00, 0x00, 0xF7, 0xFF, 0xFF, 0x2A, 0x50, 0xFF, 0xFF, 0xAF, 0x00, 0x00, 0xE1,
    0xFF, 0xFF, 0xFF, 0xFF, 0xFF, 0xFF, 0x2E, 0x00, 0x00, 0x20, 0xFC, 0xFF, 0xFF, 0xFF, 0xFF, 0xCF,
    0x01, 0x00, 0x00, 0x00, 0x30, 0xC9, 0xFE, 0xEF, 0x9C, 0x03, 0x00, 0x00, 0xB1, 0xBF, 0x01, 0x00,
    0x10, 0xFB, 0x1B, 0xFA, 0xFF, 0x0A, 0x00, 0xA0, 0xFF, 0xAF, 0xFD, 0xFF, 0x0D, 0x00, 0xE0, 0xFF,
    0xDF, 0xFA, 0xFF, 0x0A, 0x00, 0xB0, 0xFF, 0xAF, 0xB1, 0xBF, 0x01, 0x00, 0x10, 0xFB, 0x1B, 0x00,
    0x00, 0x00, 0x00, 0x61, 0xDA, 0xFF, 0xDF, 0x5A, 0x00, 0x00, 0x00, 0x00, 0x00, 0x00, 0x00, 0x00,
    0x81, 0xFF, 0xFF, 0xFF, 0xFF, 0xFF, 0x7F, 0x00, 0x00, 0x00, 0x00, 0x00, 0x00, 0x50, 0xFE, 0xFF,
    0xFF, 0xFF, 0xFF, 0xFF, 0xFF, 0x4E, 0x00, 0x00, 0x00, 0x00, 0x00, 0xF8, 0xFF, 0xFF, 0xFF, 0xFF,
    0xFF, 0xFF, 0xFF, 0xFF, 0x06, 0x00, 0x00, 0x00, 0x80, 0xFF, 0xFF, 0xDF, 0x37, 0x01, 0x31, 0xC7,
    0xFF, 0xFF, 0x6F, 0x00, 0x00, 0x00, 0xF5, 0xFF, 0xDF, 0x05, 0x00, 0x00, 0x00, 0x00, 0xD4, 0xFF,
    0xFF, 0x04, 0x00, 0x10, 0xFE, 0xFF, 0x0A, 0x00, 0xB5, 0xFD, 0xAE, 0x04, 0x00, 0xFA, 0xFF, 0x0D,
    0x00, 0x80, 0xFF, 0xBF, 0x00, 0xC2, 0xFF, 0xFF, 0xFF, 0xAF, 0x00, 0xA0, 0xFF, 0x6F, 0x00, 0xF1,
    0xFF, 0x0D, 0x10, 0xFE, 0xFF, 0xFF, 0xFF, 0xFF, 0x0A, 0x00, 0xFC, 0xEF, 0x00, 0xF6, 0xFF, 0x05,
    0xB0, 0xFF, 0xAF, 0x02, 0xC3, 0xFF, 0x5F, 0x00, 0xF4, 0xFF, 0x04, 0xFA, 0xDF, 0x00, 0xF3, 0xFF,
    0x0D, 0x00, 0x10, 0xFE, 0xCF, 0x00, 0xC0, 0xFF, 0x08, 0xFD, 0x8F, 0x00, 0xF8, 0xFF, 0x06, 0x00,
    0x00, 0xA7, 0x58, 0x00, 0x70, 0xFF, 0x0B, 0xFF, 0x5F, 0x00, 0xFA, 0xFF, 0x03, 0x00, 0x00, 0x00,
    0x00, 0x00, 0x40, 0xFF, 0x0C, 0xFF, 0x3F, 0x00, 0xFC, 0xFF, 0x02, 0x00, 0x00, 0x00, 0x00, 0x00,
    0x20, 0xFF, 0x0D, 0xFF, 0x3F, 0x00, 0xFB, 0xFF, 0x03, 0x00, 0x00, 0x22, 0x00, 0x00, 0x20, 0xFF,
    0x0C, 0xFD, 0x4F, 0x00, 0xF8, 0xFF, 0x06, 0x00, 0x00, 0xFB, 0xAE, 0x00, 0x40, 0xFF, 0x0B, 0xFA,
    0x8F, 0x00, 0xF3, 0xFF, 0x0B, 0x00, 0x20, 0xFF, 0xCF, 0x00, 0x70, 0xFF, 0x08, 0xF6, 0xDF, 0x00,
    0xC0, 0xFF, 0x8F, 0x01, 0xD4, 0xFF, 0x5F, 0x00, 0xC0, 0xFF, 0x03, 0xF1, 0xFF, 0x04, 0x20, 0xFF,
    0xFF, 0xFF, 0xFF, 0xFF, 0x0A, 0x00, 0xF4, 0xEF, 0x00, 0x90, 0xFF, 0x1D, 0x00, 0xD2, 0xFF, 0xFF,
    0xFF, 0xAF, 0x00, 0x00, 0xFD, 0x6F, 0x00, 0x10, 0xFE, 0xBF, 0x00, 0x00, 0xC7, 0xFE, 0xBE, 0x05,
    0x00, 0xB0, 0xFF, 0x0D, 0x00, 0x00, 0xF5, 0xFF, 0x1A, 0x00, 0x00, 0x00, 0x00, 0x00, 0x00, 0xFA,
    0xFF, 0x03, 0x00, 0x00, 0x80, 0xFF, 0xDF, 0x04, 0x00, 0x00, 0x00, 0x00, 0xD3, 0xFF, 0x6F, 0x00,
    0x00, 0x00, 0x00, 0xF8, 0xFF, 0xCF, 0x36, 0x00, 0x30, 0xC6, 0xFF, 0xFF, 0x06, 0x00, 0x00, 0x00,
    0x00, 0x50, 0xFF, 0xFF, 0xFF, 0xFF, 0xFF, 0xFF, 0xFF, 0x4E, 0x00, 0x00, 0x00, 0x00, 0x00, 0x00,
    0x91, 0xFF, 0xFF, 0xFF, 0xFF, 0xFF, 0x8F, 0x00, 0x00, 0x00, 0x00, 0x00, 0x00, 0x00, 0x00, 0x61,
    0xDA, 0xFF, 0xDE, 0x5A, 0x00, 0x00, 0x00, 0x00, 0x00, 0x00, 0x61, 0xEB, 0xFF, 0x9D, 0x02, 0x00,
    0x80, 0xFF, 0xFF, 0xFF, 0xFF, 0x4F, 0x00, 0xE0, 0xFF, 0xFF, 0xFF, 0xFF, 0xDF, 0x00, 0xE0, 0x8F,
    0x03, 0xB1, 0xFF, 0xFF, 0x00, 0xB0, 0x02, 0x40, 0xD7, 0xFF, 0xFF, 0x01, 0x00, 0xB4, 0xFF, 0xFF,
    0xFF, 0xFF, 0x01, 0x70, 0xFF, 0xFF, 0xFF, 0xFF, 0xFF, 0x01, 0xF1, 0xFF, 0xCF, 0x85, 0xFF, 0xFF,
    0x01, 0xF4, 0xFF, 0x5F, 0xB1, 0xFF, 0xFF, 0x68, 0xF3, 0xFF, 0xFF, 0xFF, 0xFF, 0xFF, 0xAF, 0xC0,
    0xFF, 0xFF, 0xFF, 0xFF, 0xFF, 0xAF, 0x10, 0xFA, 0xEF, 0x19, 0xD5, 0xEF, 0x29, 0x00, 0x00, 0x40,
    0xFF, 0xFF, 0x9F, 0x00, 0x10, 0xFF, 0xFF, 0xCF, 0x00, 0x00, 0x00, 0xD0, 0xFF, 0xFF, 0x1E, 0x00,
    0xB0, 0xFF, 0xFF, 0x3F, 0x00, 0x00, 0x00, 0xF8, 0xFF, 0xFF, 0x05, 0x00, 0xF5, 0xFF, 0xFF, 0x08,
    0x00, 0x00, 0x30, 0xFF, 0xFF, 0xAF, 0x00, 0x10, 0xFE, 0xFF, 0xDF, 0x00, 0x00, 0x00, 0xD0, 0xFF,
    0xFF, 0x1E, 0x00, 0xA0, 0xFF, 0xFF, 0x3F, 0x00, 0x00, 0x00, 0xF8, 0xFF, 0xFF, 0x05, 0x00, 0xF5,
    0xFF, 0xFF, 0x08, 0x00, 0x00, 0x30, 0xFF, 0xFF, 0xBF, 0x00, 0x10, 0xFE, 0xFF, 0xDF, 0x00, 0x00,
    0x00, 0xC0, 0xFF, 0xFF, 0x1F, 0x00, 0xA0, 0xFF, 0xFF, 0x4F, 0x00, 0x00, 0x00, 0xF4, 0xFF, 0xFF,
    0x09, 0x00, 0xF1, 0xFF, 0xFF, 0x0C, 0x00, 0x00, 0x00, 0xC0, 0xFF, 0xFF, 0x2F, 0x00, 0x90, 0xFF,
    0xFF, 0x4F, 0x00, 0x00, 0x00, 0x20, 0xFF, 0xFF, 0xBF, 0x00, 0x00, 0xFE, 0xFF, 0xEF, 0x00, 0x00,
    0x00, 0x00, 0xF7, 0xFF, 0xFF, 0x06, 0x00, 0xF4, 0xFF, 0xFF, 0x09, 0x00, 0x00, 0x00, 0xD0, 0xFF,
    0xFF, 0x1F, 0x00, 0xA0, 0xFF, 0xFF, 0x3F, 0x00, 0x00, 0x00, 0x30, 0xFF, 0xFF, 0xAF, 0x00, 0x10,
    0xFE, 0xFF, 0xDF, 0x00, 0x00, 0x00, 0x00, 0xF8, 0xFF, 0xFF, 0x05, 0x00, 0xF5, 0xFF, 0xFF, 0x08,
    0x00, 0x00, 0x00, 0xD0, 0xFF, 0xFF, 0x1E, 0x00, 0xB0, 0xFF, 0xFF, 0x3F, 0x00, 0x00, 0x00, 0x40,
    0xFF, 0xFF, 0xAF, 0x00, 0x10, 0xFF, 0xFF, 0xDF, 0x00, 0xFE, 0xFF, 0xFF, 0xFF, 0xFF, 0xFF, 0xFF,
    0xFF, 0xFF, 0xEF, 0xFE, 0xFF, 0xFF, 0xFF, 0xFF, 0xFF, 0xFF, 0xFF, 0xFF, 0xEF, 0xFE, 0xFF, 0xFF,
    0xFF, 0xFF, 0xFF, 0xFF, 0xFF, 0xFF, 0xEF, 0xFE, 0xFF, 0xFF, 0xFF, 0xFF, 0xFF, 0xFF, 0xFF, 0xFF,
    0xEF, 0x00, 0x00, 0x00, 0x00, 0x00, 0x00, 0x00, 0x70, 0xFF, 0xEF, 0x00, 0x00, 0x00, 0x00, 0x00,
    0x00, 0x00, 0x70, 0xFF, 0xEF, 0x00, 0x00, 0x00, 0x00, 0x00, 0x00, 0x00, 0x70, 0xFF, 0xEF, 0x00,
    0x00, 0x00, 0x00, 0x00, 0x00, 0x00, 0x70, 0xFF, 0xEF, 0x00, 0x00, 0x00, 0x00, 0x00, 0x00, 0x00,
    0x70, 0xFF, 0xEF, 0x00, 0x00, 0x00, 0x00, 0x00, 0x00, 0x00, 0x70, 0xFF, 0xEF, 0x00, 0x00, 0x00,
    0x00, 0x00, 0x00, 0x00, 0x70, 0xFF, 0xEF, 0x00, 0x00, 0x00, 0x00, 0x00, 0x00, 0x00, 0x70, 0xFF,
    0xEF, 0xFF, 0xFF, 0xFF, 0xFF, 0xFF, 0x9F, 0xFF, 0xFF, 0xFF, 0xFF, 0xFF, 0x9F, 0xFF, 0xFF, 0xFF,
    0xFF, 0xFF, 0x9F, 0xFF, 0xFF, 0xFF, 0xFF, 0xFF, 0x9F, 0xFF, 0xFF, 0xFF, 0xFF, 0xFF, 0x9F, 0xFF,
    0xFF, 0xFF, 0xFF, 0xFF, 0x9F, 0x00, 0x00, 0x00, 0x00, 0x00, 0x94, 0xEC, 0xFF, 0xCE, 0x38, 0x00,
    0x00, 0x00, 0x00, 0x00, 0x00, 0x00, 0x00, 0x00, 0xE6, 0xFF, 0xFF, 0xFF, 0xFF, 0xFF, 0x5D, 0x00,
    0x00, 0x00, 0x00, 0x00, 0x00, 0x00, 0xD4, 0xFF, 0xFF, 0xFF, 0xFF, 0xFF, 0xFF, 0xFF, 0x2C, 0x00,
    0x00, 0x00, 0x00, 0x00, 0x60, 0xFF, 0xFF, 0xFF, 0xFF, 0xFF, 0xFF, 0xFF, 0xFF, 0xFF, 0x05, 0x00,
    0x00, 0x00, 0x00, 0xF8, 0xFF, 0xFF, 0x9E, 0x24, 0x00, 0x52, 0xFA, 0xFF, 0xFF, 0x6F, 0x00, 0x00,
    0x00, 0x50, 0xFF, 0xFF, 0x7F, 0x00, 0x00, 0x00, 0x00, 0x10, 0xF8, 0xFF, 0xFF, 0x03, 0x00, 0x00,
    0xF2, 0xFF, 0xDF, 0x02, 0x00, 0x00, 0x00, 0x00, 0x00, 0x30, 0xFE, 0xFF, 0x1E, 0x00, 0x00, 0xFB,
    0xFF, 0x0D, 0x00, 0x00, 0x00, 0x00, 0x00, 0x00, 0x00, 0xE1, 0xFF, 0x8F, 0x00, 0x40, 0xFF, 0xEF,
    0x01, 0xA0, 0xFF, 0xFF, 0xFF, 0xCE, 0x17, 0x00, 0x30, 0xFF, 0xFF, 0x01, 0xB0, 0xFF, 0x6F, 0x00,
    0xA0, 0xFF, 0xFF, 0xFF, 0xFF, 0xEF, 0x02, 0x00, 0xF9, 0xFF, 0x08, 0xF0, 0xFF, 0x0E, 0x00, 0xA0,
    0xFF, 0x0E, 0x10, 0xF7, 0xFF, 0x0A, 0x00, 0xF1, 0xFF, 0x0D, 0xF4, 0xFF, 0x09, 0x00, 0xA0, 0xFF,
    0x0E, 0x00, 0xC0, 0xFF, 0x0E, 0x00, 0xB0, 0xFF, 0x1F, 0xF6, 0xFF, 0x04, 0x00, 0xA0, 0xFF, 0x0E,
    0x00, 0xE0, 0xFF, 0x0E, 0x00, 0x70, 0xFF, 0x3F, 0xF8, 0xFF, 0x03, 0x00, 0xA0, 0xFF, 0x6F, 0x86,
    0xFD, 0xFF, 0x0B, 0x00, 0x50, 0xFF, 0x5F, 0xF9, 0xFF, 0x01, 0x00, 0xA0, 0xFF, 0xFF, 0xFF, 0xFF,
    0xEF, 0x02, 0x00, 0x40, 0xFF, 0x5F, 0xF8, 0xFF, 0x02, 0x00, 0xA0, 0xFF, 0xFF, 0xFF, 0xEF, 0x19,
    0x00, 0x00, 0x40, 0xFF, 0x4F, 0xF6, 0xFF, 0x04, 0x00, 0xA0, 0xFF, 0xCF, 0xFF, 0xAF, 0x01, 0x00,
    0x00, 0x70, 0xFF, 0x3F, 0xF3, 0xFF, 0x08, 0x00, 0xA0, 0xFF, 0x0E, 0xF3, 0xFF, 0x0D, 0x00, 0x00,
    0xB0, 0xFF, 0x0F, 0xF0, 0xFF, 0x0E, 0x00, 0xA0, 0xFF, 0x0E, 0x80, 0xFF, 0x9F, 0x00, 0x00, 0xF1,
    0xFF, 0x0C, 0xA0, 0xFF, 0x6F, 0x00, 0xA0, 0xFF, 0x0E, 0x00, 0xFE, 0xFF, 0x02, 0x00, 0xF9, 0xFF,
    0x07, 0x40, 0xFF, 0xFF, 0x01, 0xA0, 0xFF, 0x0E, 0x00, 0xF6, 0xFF, 0x0B, 0x30, 0xFF, 0xFF, 0x01,
    0x00, 0xFC, 0xFF, 0x0C, 0xA0, 0xFF, 0x0E, 0x00, 0xE0, 0xFF, 0x4F, 0xE1, 0xFF, 0x8F, 0x00, 0x00,
    0xF2, 0xFF, 0xCF, 0x31, 0x66, 0x05, 0x00, 0x30, 0x66, 0x66, 0xFE, 0xFF, 0x0E, 0x00, 0x00, 0x70,
    0xFF, 0xFF, 0x6F, 0x00, 0x00, 0x00, 0x00, 0x00, 0xF8, 0xFF, 0xFF, 0x04, 0x00, 0x00, 0x00, 0xF9,
    0xFF, 0xFF, 0x8E, 0x14, 0x00, 0x41, 0xE9, 0xFF, 0xFF, 0x5F, 0x00, 0x00, 0x00, 0x00, 0x80, 0xFF,
    0xFF, 0xFF, 0xFF, 0xFF, 0xFF, 0xFF, 0xFF, 0xFF, 0x05, 0x00, 0x00, 0x00, 0x00, 0x00, 0xE4, 0xFF,
    0xFF, 0xFF, 0xFF, 0xFF, 0xFF, 0xFF, 0x2C, 0x00, 0x00, 0x00, 0x00, 0x00, 0x00, 0x00, 0xE7, 0xFF,
    0xFF, 0xFF, 0xFF, 0xFF, 0x6D, 0x00, 0x00, 0x00, 0x00, 0x00, 0x00, 0x00, 0x00, 0x00, 0x94, 0xEC,
    0xFF, 0xBE, 0x38, 0x00, 0x00, 0x00, 0x00, 0x00, 0xF2, 0xFF, 0xFF, 0xFF, 0xFF, 0xFF, 0xFF, 0xFF,
    0xFF, 0x6F, 0xF2, 0xFF, 0xFF, 0xFF, 0xFF, 0xFF, 0xFF, 0xFF, 0xFF, 0x6F, 0xF2, 0xFF, 0xFF, 0xFF,
    0xFF, 0xFF, 0xFF, 0xFF, 0xFF, 0x6F, 0xF2, 0xFF, 0xFF, 0xFF, 0xFF, 0xFF, 0xFF, 0xFF, 0xFF, 0x6F,
    0x00, 0xA3, 0xFE, 0x6C, 0x00, 0x00, 0x50, 0xFF, 0xFF, 0xFF, 0x0A, 0x00, 0xF2, 0xFF, 0xFF, 0xFF,
    0x7F, 0x00, 0xF9, 0xEF, 0x13, 0xFB, 0xEF, 0x00, 0xFC, 0x8F, 0x00, 0xF2, 0xFF, 0x02, 0xFC, 0x7F,
    0x00, 0xF2, 0xFF, 0x02, 0xF9, 0xEF, 0x13, 0xFB, 0xEF, 0x00, 0xF2, 0xFF, 0xFF, 0xFF, 0x7F, 0x00,
    0x50, 0xFF, 0xFF, 0xFF, 0x0A, 0x00, 0x00, 0xA3, 0xFE, 0x6C, 0x00, 0x00, 0x00, 0x00, 0x00, 0x20,
    0xFF, 0xFF, 0x03, 0x00, 0x00, 0x00, 0x00, 0x00, 0x00, 0x20, 0xFF, 0xFF, 0x03, 0x00, 0x00, 0x00,
    0x00, 0x00, 0x00, 0x20, 0xFF, 0xFF, 0x03, 0x00, 0x00, 0x00, 0x00, 0x00, 0x00, 0x20, 0xFF, 0xFF,
    0x03, 0x00, 0x00, 0x00, 0x00, 0x00, 0x00, 0x20, 0xFF, 0xFF, 0x03, 0x00, 0x00, 0x00, 0x00, 0x00,
    0x00, 0x20, 0xFF, 0xFF, 0x03, 0x00, 0x00, 0x00, 0x00, 0x00, 0x00, 0x20, 0xFF, 0xFF, 0x03, 0x00,
    0x00, 0x00, 0x00, 0x00, 0x00, 0x20, 0xFF, 0xFF, 0x03, 0x00, 0x00, 0x00, 0xFE, 0xFF, 0xFF, 0xFF,
    0xFF, 0xFF, 0xFF, 0xFF, 0xFF, 0xEF, 0xFE, 0xFF, 0xFF, 0xFF, 0xFF, 0xFF, 0xFF, 0xFF, 0xFF, 0xEF,
    0xFE, 0xFF, 0xFF, 0xFF, 0xFF, 0xFF, 0xFF, 0xFF, 0xFF, 0xEF, 0xFE, 0xFF, 0xFF, 0xFF, 0xFF, 0xFF,
    0xFF, 0xFF, 0xFF, 0xEF, 0x00, 0x00, 0x00, 0x20, 0xFF, 0xFF, 0x03, 0x00, 0x00, 0x00, 0x00, 0x00,
    0x00, 0x20, 0xFF, 0xFF, 0x03, 0x00, 0x00, 0x00, 0x00, 0x00, 0x00, 0x20, 0xFF, 0xFF, 0x03, 0x00,
    0x00, 0x00, 0x00, 0x00, 0x00, 0x20, 0xFF, 0xFF, 0x03, 0x00, 0x00, 0x00, 0x00, 0x00, 0x00, 0x20,
    0xFF, 0xFF, 0x03, 0x00, 0x00, 0x00, 0x00, 0x00, 0x00, 0x20, 0xFF, 0xFF, 0x03, 0x00, 0x00, 0x00,
    0x00, 0x00, 0x00, 0x20, 0xFF, 0xFF, 0x03, 0x00, 0x00, 0x00, 0x00, 0x00, 0x00, 0x20, 0xEE, 0xEE,
    0x02, 0x00, 0x00, 0x00, 0x00, 0x00, 0x00, 0x00, 0x00, 0x00, 0x00, 0x00, 0x00, 0x00, 0x00, 0x00,
    0x00, 0x00, 0x00, 0x00, 0x00, 0x00, 0x00, 0x00, 0xFE, 0xFF, 0xFF, 0xFF, 0xFF, 0xFF, 0xFF, 0xFF,
    0xFF, 0xEF, 0xFE, 0xFF, 0xFF, 0xFF, 0xFF, 0xFF, 0xFF, 0xFF, 0xFF, 0xEF, 0xFE, 0xFF, 0xFF, 0xFF,
    0xFF, 0xFF, 0xFF, 0xFF, 0xFF, 0xEF, 0xFE, 0xFF, 0xFF, 0xFF, 0xFF, 0xFF, 0xFF, 0xFF, 0xFF, 0xEF,
    0x00, 0x93, 0xFD, 0xDF, 0x18, 0x00, 0x00, 0xA0, 0xFF, 0xFF, 0xFF, 0xDF, 0x01, 0x00, 0xC0, 0xFF,
    0xFF, 0xFF, 0xFF, 0x09, 0x00, 0xC0, 0x4C, 0x10, 0xFC, 0xFF, 0x0E, 0x00, 0x50, 0x00, 0x00, 0xF5,
    0xFF, 0x0F, 0x00, 0x00, 0x00, 0x00, 0xF6, 0xFF, 0x0C, 0x00, 0x00, 0x00, 0x00, 0xFB, 0xFF, 0x05,
    0x00, 0x00, 0x00, 0x50, 0xFF, 0xCF, 0x00, 0x00, 0x00, 0x00, 0xF2, 0xFF, 0x1E, 0x00, 0x00, 0x00,
    0x10, 0xFE, 0xFF, 0x03, 0x00, 0x00, 0x00, 0xE2, 0xFF, 0xFF, 0xFF, 0xFF, 0x01, 0x30, 0xFE, 0xFF,
    0xFF, 0xFF, 0xFF, 0x01, 0xF3, 0xFF, 0xFF, 0xFF, 0xFF, 0xFF, 0x01, 0x50, 0xD9, 0xFF, 0x7C, 0x00,
    0x00, 0xF3, 0xFF, 0xFF, 0xFF, 0x0C, 0x00, 0xF3, 0xFF, 0xFF, 0xFF, 0x8F, 0x00, 0xC3, 0x04, 0xD2,
    0xFF, 0xDF, 0x00, 0x00, 0x00, 0x80, 0xFF, 0xDF, 0x00, 0x00, 0x00, 0xD3, 0xFF, 0x7F, 0x00, 0x00,
    0xF2, 0xFF, 0xFF, 0x0B, 0x00, 0x00, 0xF2, 0xFF, 0xFF, 0x4E, 0x00, 0x00, 0x00, 0xA2, 0xFF, 0xEF,
    0x00, 0x89, 0x03, 0x81, 0xFF, 0xFF, 0x01, 0xFA, 0xFF, 0xFF, 0xFF, 0xEF, 0x00, 0xFA, 0xFF, 0xFF,
    0xFF, 0x4F, 0x00, 0x61, 0xDB, 0xFF, 0x8D, 0x01, 0x00, 0x00, 0x50, 0xFF, 0xFF, 0xFF, 0x04, 0x00,
    0xC0, 0xFF, 0xFF, 0x3E, 0x00, 0x00, 0xF5, 0xFF, 0xEF, 0x02, 0x00, 0x00, 0xFD, 0xFF, 0x2D, 0x00,
    0x00, 0x50, 0xFF, 0xDF, 0x01, 0x00, 0x00, 0xD0, 0xFF, 0x1C, 0x00, 0x00, 0x00, 0xF3, 0xFF, 0xFF,
    0x1F, 0x00, 0x00, 0x70, 0xFF, 0xFF, 0xEF, 0xF3, 0xFF, 0xFF, 0x1F, 0x00, 0x00, 0x70, 0xFF, 0xFF,
    0xEF, 0xF3, 0xFF, 0xFF, 0x1F, 0x00, 0x00, 0x70, 0xFF, 0xFF, 0xEF, 0xF3, 0xFF, 0xFF, 0x1F, 0x00,
    0x00, 0x70, 0xFF, 0xFF, 0xEF, 0xF3, 0xFF, 0xFF, 0x1F, 0x00, 0x00, 0x70, 0xFF, 0xFF, 0xEF, 0xF3,
    0xFF, 0xFF, 0x1F, 0x00, 0x00, 0x70, 0xFF, 0xFF, 0xEF, 0xF3, 0xFF, 0xFF, 0x1F, 0x00, 0x00, 0x70,
    0xFF, 0xFF, 0xEF, 0xF3, 0xFF, 0xFF, 0x1F, 0x00, 0x00, 0x70, 0xFF, 0xFF, 0xEF, 0xF3, 0xFF, 0xFF,
    0x1F, 0x00, 0x00, 0x70, 0xFF, 0xFF, 0xEF, 0xF3, 0xFF, 0xFF, 0x2F, 0x00, 0x00, 0x70, 0xFF, 0xFF,
    0xEF, 0xF3, 0xFF, 0xFF, 0x3F, 0x00, 0x00, 0xA0, 0xFF, 0xFF, 0xEF, 0xF3, 0xFF, 0xFF, 0x7F, 0x00,
    0x00, 0xF6, 0xFF, 0xFF, 0xEF, 0xF3, 0xFF, 0xFF, 0xEF, 0x03, 0x82, 0xFF, 0xFF, 0xFF, 0xEF, 0xF3,
    0xFF, 0xFF, 0xFF, 0xFF, 0xFF, 0xFF, 0xFF, 0xFF, 0xEF, 0xF3, 0xFF, 0xFF, 0xFF, 0xFF, 0xFF, 0xFF,
    0xFF, 0xFF, 0xEF, 0xF3, 0xFF, 0xFF, 0xFF, 0xFF, 0xFF, 0xFF, 0xFF, 0xFF, 0xEF, 0xF3, 0xFF, 0xFF,
    0xFF, 0xFF, 0xFF, 0xEF, 0xFF, 0xFF, 0xEF, 0xF3, 0xFF, 0xFF, 0x6F, 0xFC, 0xDF, 0x76, 0xFF, 0xFF,
    0xEF, 0xF3, 0xFF, 0xFF, 0x1F, 0x00, 0x00, 0x00, 0x00, 0x00, 0x00, 0xF3, 0xFF, 0xFF, 0x1F, 0x00,
    0x00, 0x00, 0x00, 0x00, 0x00, 0xF3, 0xFF, 0xFF, 0x1F, 0x00, 0x00, 0x00, 0x00, 0x00, 0x00, 0xF3,
    0xFF, 0xFF, 0x1F, 0x00, 0x00, 0x00, 0x00, 0x00, 0x00, 0xF3, 0xFF, 0xFF, 0x1F, 0x00, 0x00, 0x00,
    0x00, 0x00, 0x00, 0xF3, 0xFF, 0xFF, 0x1F, 0x00, 0x00, 0x00, 0x00, 0x00, 0x00, 0xF3, 0xFF, 0xFF,
    0x1F, 0x00, 0x00, 0x00, 0x00, 0x00, 0x00, 0xF3, 0xFF, 0xFF, 0x1F, 0x00, 0x00, 0x00, 0x00, 0x00,
    0x00, 0x00, 0x00, 0x50, 0xB9, 0xFD, 0xFF, 0xFF, 0xFF, 0xFF, 0xFF, 0x08, 0x00, 0x40, 0xFE, 0xFF,
    0xFF, 0xFF, 0xFF, 0xFF, 0xFF, 0xFF, 0x08, 0x00, 0xF4, 0xFF, 0xFF, 0xFF, 0xFF, 0x0F, 0x30, 0xFF,
    0x03, 0x00, 0x10, 0xFE, 0xFF, 0xFF, 0xFF, 0xFF, 0x0F, 0x30, 0xFF, 0x03, 0x00, 0x80, 0xFF, 0xFF,
    0xFF, 0xFF, 0xFF, 0x0F, 0x30, 0xFF, 0x03, 0x00, 0xE0, 0xFF, 0xFF, 0xFF, 0xFF, 0xFF, 0x0F, 0x30,
    0xFF, 0x03, 0x00, 0xF1, 0xFF, 0xFF, 0xFF, 0xFF, 0xFF, 0x0F, 0x30, 0xFF, 0x03, 0x00, 0xF3, 0xFF,
    0xFF, 0xFF, 0xFF, 0xFF, 0x0F, 0x30, 0xFF, 0x03, 0x00, 0xF3, 0xFF, 0xFF, 0xFF, 0xFF, 0xFF, 0x0F,
    0x30, 0xFF, 0x03, 0x00, 0xF1, 0xFF, 0xFF, 0xFF, 0xFF, 0xFF, 0x0F, 0x30, 0xFF, 0x03, 0x00, 0xD0,
    0xFF, 0xFF, 0xFF, 0xFF, 0xFF, 0x0F, 0x30, 0xFF, 0x03, 0x00, 0x70, 0xFF, 0xFF, 0xFF, 0xFF, 0xFF,
    0x0F, 0x30, 0xFF, 0x03, 0x00, 0x00, 0xFE, 0xFF, 0xFF, 0xFF, 0xFF, 0x0F, 0x30, 0xFF, 0x03, 0x00,
    0x00, 0xF3, 0xFF, 0xFF, 0xFF, 0xFF, 0x0F, 0x30, 0xFF, 0x03, 0x00, 0x00, 0x30, 0xFD, 0xFF, 0xFF,
    0xFF, 0x0F, 0x30, 0xFF, 0x03, 0x00, 0x00, 0x00, 0x60, 0xFB, 0xFF, 0xFF, 0x0F, 0x30, 0xFF, 0x03,
    0x00, 0x00, 0x00, 0x00, 0x00, 0x42, 0xF9, 0x0F, 0x30, 0xFF, 0x03, 0x00, 0x00, 0x00, 0x00, 0x00,
    0x00, 0xF6, 0x0F, 0x30, 0xFF, 0x03, 0x00, 0x00, 0x00, 0x00, 0x00, 0x00, 0xF6, 0x0F, 0x30, 0xFF,
    0x03, 0x00, 0x00, 0x00, 0x00, 0x00, 0x00, 0xF6, 0x0F, 0x30, 0xFF, 0x03, 0x00, 0x00, 0x00, 0x00,
    0x00, 0x00, 0xF6, 0x0F, 0x30, 0xFF, 0x03, 0x00, 0x00, 0x00, 0x00, 0x00, 0x00, 0xF6, 0x0F, 0x30,
    0xFF, 0x03, 0x00, 0x00, 0x00, 0x00, 0x00, 0x00, 0xF6, 0x0F, 0x30, 0xFF, 0x03, 0x00, 0x00, 0x00,
    0x00, 0x00, 0x00, 0xF6, 0x0F, 0x30, 0xFF, 0x03, 0x00, 0x00, 0x00, 0x00, 0x00, 0x00, 0xF6, 0x0F,
    0x30, 0xFF, 0x03, 0x00, 0x00, 0x00, 0x00, 0x00, 0x00, 0xF6, 0x0F, 0x30, 0xFF, 0x03, 0x00, 0x00,
    0x00, 0x00, 0x00, 0x00, 0xF6, 0x0F, 0x30, 0xFF, 0x03, 0x00, 0x00, 0x00, 0x00, 0x00, 0x00, 0xF6,
    0x0F, 0x30, 0xFF, 0x03, 0x00, 0x00, 0x00, 0x00, 0x00, 0x00, 0xF6, 0x0F, 0x30, 0xFF, 0x03, 0x00,
    0x00, 0x00, 0x00, 0x00, 0x00, 0xF6, 0x0F, 0x30, 0xFF, 0x03, 0x00, 0x00, 0x00, 0x00, 0x00, 0x00,
    0xF6, 0x0F, 0x30, 0xFF, 0x03, 0x00, 0x00, 0x00, 0x00, 0x00, 0x00, 0xF6, 0x0F, 0x30, 0xFF, 0x03,
    0x00, 0x00, 0xE9, 0xAF, 0x01, 0xC0, 0xFF, 0xFF, 0x1E, 0xF6, 0xFF, 0xFF, 0x8F, 0xFA, 0xFF, 0xFF,
    0xCF, 0xFA, 0xFF, 0xFF, 0xCF, 0xF6, 0xFF, 0xFF, 0x8F, 0xC0, 0xFF, 0xFF, 0x1E, 0x00, 0xE9, 0xAF,
    0x01, 0x00, 0x00, 0xF8, 0x8F, 0x00, 0x00, 0x00, 0x40, 0xFF, 0x8F, 0x01, 0x00, 0x00, 0xE1, 0xFF,
    0xFF, 0x3E, 0x00, 0x00, 0x20, 0xFE, 0xFF, 0xDF, 0x00, 0x00, 0x00, 0xFC, 0xFF, 0xFF, 0x00, 0x71,
    0xD8, 0xFF, 0xFF, 0xDF, 0x00, 0xF2, 0xFF, 0xFF, 0xFF, 0x4F, 0x00, 0xF2, 0xFF, 0xFF, 0x8C, 0x02,
    0x00, 0xFD, 0xFF, 0x09, 0xFD, 0xFF, 0x09, 0xFD, 0xFF, 0x09, 0xFD, 0xFF, 0x09, 0xFD, 0xFF, 0x09,
    0xFD, 0xFF, 0x09, 0xFD, 0xFF, 0x09, 0xFD, 0xFF, 0x09, 0xFD, 0xFF, 0x09, 0xFD, 0xFF, 0x09, 0xFD,
    0xFF, 0x09, 0xFD, 0xFF, 0x09, 0x00, 0x20, 0xD8, 0xFE, 0xBE, 0x06, 0x00, 0x00, 0x00, 0xF7, 0xFF,
    0xFF, 0xFF, 0xDF, 0x02, 0x00, 0x60, 0xFF, 0xFF, 0xFF, 0xFF, 0xFF, 0x1E, 0x00, 0xF0, 0xFF, 0xEF,
    0x13, 0xF7, 0xFF, 0x9F, 0x00, 0xF5, 0xFF, 0x6F, 0x00, 0xD0, 0xFF, 0xFF, 0x00, 0xF8, 0xFF, 0x3F,
    0x00, 0x90, 0xFF, 0xFF, 0x02, 0xF8, 0xFF, 0x3F, 0x00, 0x90, 0xFF, 0xFF, 0x02, 0xF5, 0xFF, 0x6F,
    0x00, 0xC0, 0xFF, 0xFF, 0x00, 0xF0, 0xFF, 0xDF, 0x03, 0xF7, 0xFF, 0xAF, 0x00, 0x70, 0xFF, 0xFF,
    0xFF, 0xFF, 0xFF, 0x1E, 0x00, 0x00, 0xF7, 0xFF, 0xFF, 0xFF, 0xDF, 0x02, 0x00, 0x00, 0x20, 0xD8,
    0xFE, 0xBE, 0x06, 0x00, 0x00, 0xD0, 0xFF, 0xFF, 0x1E, 0x00, 0xB0, 0xFF, 0xFF, 0x3F, 0x00, 0x00,
    0x00, 0x30, 0xFF, 0xFF, 0xAF, 0x00, 0x10, 0xFE, 0xFF, 0xCF, 0x00, 0x00, 0x00, 0x00, 0xF9, 0xFF,
    0xFF, 0x04, 0x00, 0xF6, 0xFF, 0xFF, 0x07, 0x00, 0x00, 0x00, 0xE0, 0xFF, 0xFF, 0x1E, 0x00, 0xB0,
    0xFF, 0xFF, 0x2F, 0x00, 0x00, 0x00, 0x40, 0xFF, 0xFF, 0x9F, 0x00, 0x10, 0xFF, 0xFF, 0xCF, 0x00,
    0x00, 0x00, 0x00, 0xFA, 0xFF, 0xFF, 0x04, 0x00, 0xF6, 0xFF, 0xFF, 0x07, 0x00, 0x00, 0x00, 0xE1,
    0xFF, 0xFF, 0x0E, 0x00, 0xB0, 0xFF, 0xFF, 0x2F, 0x00, 0x00, 0x00, 0x50, 0xFF, 0xFF, 0x9F, 0x00,
    0x20, 0xFF, 0xFF, 0xCF, 0x00, 0x00, 0x00, 0x00, 0xFD, 0xFF, 0xFF, 0x01, 0x00, 0xFA, 0xFF, 0xFF,
    0x03, 0x00, 0x00, 0x60, 0xFF, 0xFF, 0x8F, 0x00, 0x20, 0xFF, 0xFF, 0xBF, 0x00, 0x00, 0x00, 0xE1,
    0xFF, 0xFF, 0x0D, 0x00, 0xC0, 0xFF, 0xFF, 0x1F, 0x00, 0x00, 0x00, 0xFA, 0xFF, 0xFF, 0x03, 0x00,
    0xF7, 0xFF, 0xFF, 0x06, 0x00, 0x00, 0x40, 0xFF, 0xFF, 0x9F, 0x00, 0x20, 0xFF, 0xFF, 0xCF, 0x00,
    0x00, 0x00, 0xE0, 0xFF, 0xFF, 0x0E, 0x00, 0xB0, 0xFF, 0xFF, 0x2F, 0x00, 0x00, 0x00, 0xF9, 0xFF,
    0xFF, 0x04, 0x00, 0xF6, 0xFF, 0xFF, 0x07, 0x00, 0x00, 0x30, 0xFF, 0xFF, 0xAF, 0x00, 0x10, 0xFF,
    0xFF, 0xCF, 0x00, 0x00, 0x00, 0xD0, 0xFF, 0xFF, 0x1E, 0x00, 0xB0, 0xFF, 0xFF, 0x2F, 0x00, 0x00,
    0x00, 0x00, 0x00, 0x00, 0x00, 0x00, 0x00, 0x00, 0x00, 0xF4, 0xFF, 0x06, 0x00, 0x00, 0xFD, 0xFF,
    0x09, 0x00, 0x00, 0x00, 0x00, 0x00, 0xFD, 0xCF, 0x00, 0x00, 0x00, 0xFD, 0xFF, 0x09, 0x00, 0x00,
    0x00, 0x00, 0x80, 0xFF, 0x2F, 0x00, 0x00, 0x00, 0xFD, 0xFF, 0x09, 0x00, 0x00, 0x00, 0x00, 0xF2,
    0xFF, 0x07, 0x00, 0x00, 0x00, 0xFD, 0xFF, 0x09, 0x00, 0x00, 0x00, 0x00, 0xFC, 0xDF, 0x00, 0x00,
    0x00, 0x00, 0xFD, 0xFF, 0x09, 0x00, 0x00, 0x00, 0x60, 0xFF, 0x3F, 0x00, 0x00, 0x00, 0x00, 0xFD,
    0xFF, 0x09, 0x00, 0x00, 0x00, 0xF1, 0xFF, 0x09, 0x00, 0x00, 0x00, 0x00, 0xFD, 0xFF, 0x09, 0x00,
    0x00, 0x00, 0xFA, 0xEF, 0x01, 0x00, 0x00, 0x00, 0x00, 0xFD, 0xFF, 0x09, 0x00, 0x00, 0x40, 0xFF,
    0x5F, 0x00, 0x00, 0x00, 0x00, 0x00, 0xFD, 0xFF, 0x09, 0x00, 0x00, 0xE0, 0xFF, 0x0B, 0x00, 0x00,
    0x00, 0x00, 0x00, 0xFD, 0xFF, 0x09, 0x00, 0x00, 0xF8, 0xFF, 0x02, 0x00, 0x00, 0x00, 0x00, 0x00,
    0xFD, 0xFF, 0x09, 0x00, 0x30, 0xFF, 0x7F, 0x00, 0x00, 0x00, 0x00, 0x00, 0x00, 0xFD, 0xFF, 0x09,
    0x00, 0xC0, 0xFF, 0x0C, 0x00, 0x00, 0xC0, 0xFF, 0x0E, 0x00, 0x00, 0x00, 0x00, 0x00, 0xF7, 0xFF,
    0x03, 0x00, 0x00, 0xFA, 0xFF, 0x0E, 0x00, 0x00, 0x00, 0x00, 0x10, 0xFF, 0x9F, 0x00, 0x00, 0x80,
    0xFF, 0xFF, 0x0E, 0x00, 0x00, 0x00, 0x00, 0xB0, 0xFF, 0x0E, 0x00, 0x00, 0xF5, 0xFF, 0xFF, 0x0E,
    0x00, 0x00, 0x00, 0x00, 0xF5, 0xFF, 0x04, 0x00, 0x30, 0xFF, 0xFF, 0xFF, 0x0E, 0x00, 0x00, 0x00,
    0x10, 0xFE, 0xAF, 0x00, 0x00, 0xE2, 0xFF, 0xF4, 0xFF, 0x0E, 0x00, 0x00, 0x00, 0x90, 0xFF, 0x1F,
    0x00, 0x00, 0xFD, 0x4F, 0xF0, 0xFF, 0x0E, 0x00, 0x00, 0x00, 0xF3, 0xFF, 0x06, 0x00, 0xB0, 0xFF,
    0x05, 0xF0, 0xFF, 0x0E, 0x00, 0x00, 0x00, 0xFD, 0xCF, 0x00, 0x00, 0xF2, 0xFF, 0xFF, 0xFF, 0xFF,
    0xFF, 0x09, 0x00, 0x70, 0xFF, 0x2F, 0x00, 0x00, 0xF3, 0xFF, 0xFF, 0xFF, 0xFF, 0xFF, 0x09, 0x00,
    0xF2, 0xFF, 0x08, 0x00, 0x00, 0xF3, 0xFF, 0xFF, 0xFF, 0xFF, 0xFF, 0x09, 0x00, 0xFB, 0xDF, 0x00,
    0x00, 0x00, 0x00, 0x00, 0x00, 0xF0, 0xFF, 0x0E, 0x00, 0x60, 0xFF, 0x4F, 0x00, 0x00, 0x00, 0x00,
    0x00, 0x00, 0xF0, 0xFF, 0x0E, 0x00, 0xE1, 0xFF, 0x0A, 0x00, 0x00, 0x00, 0x00, 0x00, 0x00, 0x90,
    0x99, 0x08, 0x00, 0x73, 0x77, 0x01, 0x00, 0x00, 0x00, 0x00, 0x00, 0x00, 0x00, 0x00, 0x00, 0x00,
    0x00, 0x00, 0x00, 0x00, 0x00, 0x00, 0x00, 0x00, 0xF1, 0xFF, 0x09, 0x00, 0x00, 0xD0, 0xFF, 0x9F,
    0x00, 0x00, 0x00, 0x00, 0x00, 0xFB, 0xEF, 0x00, 0x00, 0x00, 0xD0, 0xFF, 0x9F, 0x00, 0x00, 0x00,
    0x00, 0x50, 0xFF, 0x4F, 0x00, 0x00, 0x00, 0xD0, 0xFF, 0x9F, 0x00, 0x00, 0x00, 0x00, 0xE1, 0xFF,
    0x0A, 0x00, 0x00, 0x00, 0xD0, 0xFF, 0x9F, 0x00, 0x00, 0x00, 0x00, 0xFA, 0xEF, 0x01, 0x00, 0x00,
    0x00, 0xD0, 0xFF, 0x9F, 0x00, 0x00, 0x00, 0x40, 0xFF, 0x5F, 0x00, 0x00, 0x00, 0x00, 0xD0, 0xFF,
    0x9F, 0x00, 0x00, 0x00, 0xE0, 0xFF, 0x0B, 0x00, 0x00, 0x00, 0x00, 0xD0, 0xFF, 0x9F, 0x00, 0x00,
    0x00, 0xF9, 0xFF, 0x01, 0x00, 0x00, 0x00, 0x00, 0xD0, 0xFF, 0x9F, 0x00, 0x00, 0x30, 0xFF, 0x6F,
    0x00, 0x00, 0x00, 0x00, 0x00, 0xD0, 0xFF, 0x9F, 0x00, 0x00, 0xD0, 0xFF, 0x0C, 0x00, 0x00, 0x00,
    0x00, 0x00, 0xD0, 0xFF, 0x9F, 0x00, 0x00, 0xF7, 0xFF, 0x02, 0x00, 0x00, 0x00, 0x00, 0x00, 0xD0,
    0xFF, 0x9F, 0x00, 0x20, 0xFF, 0x7F, 0x00, 0x00, 0x00, 0x00, 0x00, 0x00, 0x80, 0xAA, 0x6A, 0x00,
    0xC0, 0xFF, 0x0D, 0x00, 0xB6, 0xFE, 0xBE, 0x04, 0x00, 0x00, 0x00, 0x00, 0x00, 0xF6, 0xFF, 0x03,
    0xF3, 0xFF, 0xFF, 0xFF, 0x6F, 0x00, 0x00, 0x00, 0x00, 0x10, 0xFF, 0x9F, 0x00, 0xF5, 0xFF, 0xFF,
    0xFF, 0xFF, 0x01, 0x00, 0x00, 0x00, 0xB0, 0xFF, 0x0E, 0x00, 0xF5, 0x28, 0x50, 0xFF, 0xFF, 0x06,
    0x00, 0x00, 0x00, 0xF5, 0xFF, 0x04, 0x00, 0x23, 0x00, 0x00, 0xFD, 0xFF, 0x06, 0x00, 0x00, 0x10,
    0xFE, 0xAF, 0x00, 0x00, 0x00, 0x00, 0x00, 0xFE, 0xFF, 0x04, 0x00, 0x00, 0xA0, 0xFF, 0x1E, 0x00,
    0x00, 0x00, 0x00, 0x40, 0xFF, 0xDF, 0x00, 0x00, 0x00, 0xF4, 0xFF, 0x05, 0x00, 0x00, 0x00, 0x00,
    0xD0, 0xFF, 0x4F, 0x00, 0x00, 0x00, 0xFE, 0xBF, 0x00, 0x00, 0x00, 0x00, 0x00, 0xFA, 0xFF, 0x08,
    0x00, 0x00, 0x90, 0xFF, 0x1F, 0x00, 0x00, 0x00, 0x00, 0x80, 0xFF, 0xAF, 0x00, 0x00, 0x00, 0xF3,
    0xFF, 0x06, 0x00, 0x00, 0x00, 0x00, 0xF8, 0xFF, 0xFF, 0xFF, 0x8F, 0x00, 0xFD, 0xCF, 0x00, 0x00,
    0x00, 0x00, 0xA0, 0xFF, 0xFF, 0xFF, 0xFF, 0x8F, 0x80, 0xFF, 0x2F, 0x00, 0x00, 0x00, 0x00, 0xFB,
    0xFF, 0xFF, 0xFF, 0xFF, 0x8F, 0xD1, 0xDD, 0x07, 0x00, 0x00, 0x00, 0x00, 0x00, 0x00, 0x00, 0x00,
    0x00, 0x00, 0x50, 0xD9, 0xFF, 0x7C, 0x00, 0x00, 0x00, 0x00, 0x00, 0x10, 0xFE, 0xAF, 0x00, 0x00,
    0xF3, 0xFF, 0xFF, 0xFF, 0x0C, 0x00, 0x00, 0x00, 0x00, 0x90, 0xFF, 0x1F, 0x00, 0x00, 0xF3, 0xFF,
    0xFF, 0xFF, 0x8F, 0x00, 0x00, 0x00, 0x00, 0xF3, 0xFF, 0x06, 0x00, 0x00, 0xC3, 0x04, 0xD2, 0xFF,
    0xDF, 0x00, 0x00, 0x00, 0x00, 0xFD, 0xCF, 0x00, 0x00, 0x00, 0x00, 0x00, 0x80, 0xFF, 0xDF, 0x00,
    0x00, 0x00, 0x70, 0xFF, 0x2F, 0x00, 0x00, 0x00, 0x00, 0x00, 0xD3, 0xFF, 0x7F, 0x00, 0x00, 0x00,
    0xF2, 0xFF, 0x08, 0x00, 0x00, 0x00, 0x00, 0xF2, 0xFF, 0xFF, 0x0B, 0x00, 0x00, 0x00, 0xFC, 0xDF,
    0x00, 0x00, 0x00, 0x00, 0x00, 0xF2, 0xFF, 0xFF, 0x4E, 0x00, 0x00, 0x60, 0xFF, 0x4F, 0x00, 0x00,
    0x00, 0x00, 0x00, 0x00, 0xA2, 0xFF, 0xEF, 0x00, 0x00, 0xE1, 0xFF, 0x0A, 0x00, 0x00, 0x00, 0x00,
    0x89, 0x03, 0x81, 0xFF, 0xFF, 0x01, 0x00, 0xFA, 0xEF, 0x01, 0x00, 0x00, 0x00, 0x00, 0xFA, 0xFF,
    0xFF, 0xFF, 0xEF, 0x00, 0x40, 0xFF, 0x5F, 0x00, 0x00, 0x00, 0x00, 0x00, 0xFA, 0xFF, 0xFF, 0xFF,
    0x4F, 0x00, 0xD0, 0xFF, 0x0B, 0x00, 0x00, 0x00, 0x00, 0x00, 0x61, 0xDB, 0xFF, 0x8D, 0x01, 0x00,
    0xF8, 0xFF, 0x02, 0x00, 0x00, 0xC8, 0xAC, 0x00, 0x00, 0x00, 0x00, 0x00, 0x00, 0x20, 0xFF, 0x7F,
    0x00, 0x00, 0x80, 0xFF, 0xEF, 0x00, 0x00, 0x00, 0x00, 0x00, 0x00, 0xC0, 0xFF, 0x0D, 0x00, 0x00,
    0xF6, 0xFF, 0xEF, 0x00, 0x00, 0x00, 0x00, 0x00, 0x00, 0xF6, 0xFF, 0x03, 0x00, 0x40, 0xFF, 0xFF,
    0xEF, 0x00, 0x00, 0x00, 0x00, 0x00, 0x10, 0xFF, 0x9F, 0x00, 0x00, 0xF3, 0xEF, 0xFF, 0xEF, 0x00,
    0x00, 0x00, 0x00, 0x00, 0xA0, 0xFF, 0x0E, 0x00, 0x20, 0xFE, 0x2E, 0xFF, 0xEF, 0x00, 0x00, 0x00,
    0x00, 0x00, 0xF5, 0xFF, 0x05, 0x00, 0xD1, 0xFF, 0x03, 0xFF, 0xEF, 0x00, 0x00, 0x00, 0x00, 0x00,
    0xFE, 0xBF, 0x00, 0x00, 0xFC, 0x4F, 0x00, 0xFF, 0xEF, 0x00, 0x00, 0x00, 0x00, 0x90, 0xFF, 0x1F,
    0x00, 0x30, 0xFF, 0xFF, 0xFF, 0xFF, 0xFF, 0x9F, 0x00, 0x00, 0x00, 0xF3, 0xFF, 0x06, 0x00, 0x30,
    0xFF, 0xFF, 0xFF, 0xFF, 0xFF, 0x9F, 0x00, 0x00, 0x00, 0xFD, 0xCF, 0x00, 0x00, 0x30, 0xFF, 0xFF,
    0xFF, 0xFF, 0xFF, 0x9F, 0x00, 0x00, 0x70, 0xFF, 0x3F, 0x00, 0x00, 0x00, 0x00, 0x00, 0x00, 0xFF,
    0xEF, 0x00, 0x00, 0x00, 0xF2, 0xFF, 0x08, 0x00, 0x00, 0x00, 0x00, 0x00, 0x00, 0xFF, 0xEF, 0x00,
    0x00, 0x00, 0xFB, 0xDF, 0x00, 0x00, 0x00, 0x00, 0x00, 0x00, 0x00, 0x99, 0x89, 0x00, 0x00, 0x10,
    0x77, 0x37, 0x00, 0x00, 0x00, 0x00, 0x00, 0x00, 0x00, 0x00, 0x00, 0x00, 0x00, 0x00, 0x80, 0xFE,
    0x2B, 0x00, 0x00, 0x00, 0xFB, 0xFF, 0xFF, 0x02, 0x00, 0x40, 0xFF, 0xFF, 0xFF, 0x0A, 0x00, 0x80,
    0xFF, 0xFF, 0xFF, 0x0E, 0x00, 0x80, 0xFF, 0xFF, 0xFF, 0x0E, 0x00, 0x40, 0xFF, 0xFF, 0xFF, 0x0A,
    0x00, 0x00, 0xFB, 0xFF, 0xFF, 0x02, 0x00, 0x00, 0x90, 0xFE, 0x2B, 0x00, 0x00, 0x00, 0x00, 0x00,
    0x00, 0x00, 0x00, 0x00, 0x00, 0xFC, 0x08, 0x00, 0x00, 0x00, 0x10, 0xFF, 0x0D, 0x00, 0x00, 0x00,
    0x60, 0xFF, 0x0E, 0x00, 0x00, 0x00, 0xD0, 0xFF, 0x0D, 0x00, 0x00, 0x00, 0xF9, 0xFF, 0x0B, 0x00,
    0x00, 0x70, 0xFF, 0xFF, 0x07, 0x00, 0x00, 0xF8, 0xFF, 0xFF, 0x01, 0x00, 0x80, 0xFF, 0xFF, 0x9F,
    0x00, 0x00, 0xF4, 0xFF, 0xFF, 0x2F, 0x00, 0x00, 0xFA, 0xFF, 0xFF, 0x0F, 0x00, 0x00, 0xFD, 0xFF,
    0xFF, 0x9F, 0x01, 0x33, 0xFD, 0xFF, 0xFF, 0xFF, 0xFF, 0x3F, 0xFA, 0xFF, 0xFF, 0xFF, 0xFF, 0x0E,
    0xF2, 0xFF, 0xFF, 0xFF, 0xFF, 0x09, 0x40, 0xFF, 0xFF, 0xFF, 0xFF, 0x03, 0x00, 0x81, 0xEC, 0xEF,
    0x8C, 0x00, 0x00, 0x00, 0x00, 0x00, 0x70, 0xFF, 0xFF, 0xFF, 0x01, 0x00, 0x00, 0x00, 0x00, 0x00,
    0x00, 0x00, 0x00, 0x00, 0x00, 0x00, 0xF6, 0xFF, 0xFF, 0x09, 0x00, 0x00, 0x00, 0x00, 0x00, 0x00,
    0x00, 0x00, 0x00, 0x00, 0x00, 0x50, 0xFF, 0xFF, 0x1F, 0x00, 0x00, 0x00, 0x00, 0x00, 0x00, 0x00,
    0x00, 0x00, 0x00, 0x00, 0x00, 0xF4, 0xFF, 0x9F, 0x00, 0x00, 0x00, 0x00, 0x00, 0x00, 0x00, 0x00,
    0x00, 0x00, 0x00, 0x00, 0x30, 0xFE, 0xFF, 0x02, 0x00, 0x00, 0x00, 0x00, 0x00, 0x00, 0x00, 0x00,
    0x00, 0x00, 0x00, 0x00, 0xE2, 0xFF, 0x09, 0x00, 0x00, 0x00, 0x00, 0x00, 0x00, 0x00, 0x00, 0x00,
    0x00, 0x00, 0x00, 0x00, 0x00, 0x00, 0x00, 0x00, 0x00, 0x00, 0x00, 0x00, 0x00, 0x00, 0x00, 0x00,
    0x00, 0x00, 0x00, 0x00, 0x00, 0x00, 0x00, 0x00, 0x00, 0x00, 0x00, 0x00, 0x00, 0x00, 0x00, 0xF4,
    0xFF, 0xFF, 0xFF, 0x4F, 0x00, 0x00, 0x00, 0x00, 0x00, 0x00, 0x00, 0x00, 0x00, 0x00, 0xFB, 0xFF,
    0xFF, 0xFF, 0xBF, 0x00, 0x00, 0x00, 0x00, 0x00, 0x00, 0x00, 0x00, 0x00, 0x20, 0xFF, 0xFF, 0xFF,
    0xFF, 0xFF, 0x03, 0x00, 0x00, 0x00, 0x00, 0x00, 0x00, 0x00, 0x00, 0x90, 0xFF, 0xFF, 0xFF, 0xFF,
    0xFF, 0x0A, 0x00, 0x00, 0x00, 0x00, 0x00, 0x00, 0x00, 0x00, 0xF1, 0xFF, 0xFF, 0xFF, 0xFF, 0xFF,
    0x1F, 0x00, 0x00, 0x00, 0x00, 0x00, 0x00, 0x00, 0x00, 0xF8, 0xFF, 0xFF, 0xFF, 0xFF, 0xFF, 0x8F,
    0x00, 0x00, 0x00, 0x00, 0x00, 0x00, 0x00, 0x00, 0xFE, 0xFF, 0xFF, 0xCD, 0xFF, 0xFF, 0xEF, 0x00,
    0x00, 0x00, 0x00, 0x00, 0x00, 0x00, 0x60, 0xFF, 0xFF, 0xFF, 0x67, 0xFF, 0xFF, 0xFF, 0x06, 0x00,
    0x00, 0x00, 0x00, 0x00, 0x00, 0xD0, 0xFF, 0xFF, 0xFF, 0x01, 0xFF, 0xFF, 0xFF, 0x0D, 0x00, 0x00,
    0x00, 0x00, 0x00, 0x00, 0xF5, 0xFF, 0xFF, 0xAF, 0x00, 0xF9, 0xFF, 0xFF, 0x5F, 0x00, 0x00, 0x00,
    0x00, 0x00, 0x00, 0xFC, 0xFF, 0xFF, 0x4F, 0x00, 0xF3, 0xFF, 0xFF, 0xCF, 0x00, 0x00, 0x00, 0x00,
    0x00, 0x30, 0xFF, 0xFF, 0xFF, 0x0D, 0x00, 0xC0, 0xFF, 0xFF, 0xFF, 0x03, 0x00, 0x00, 0x00, 0x00,
    0xA0, 0xFF, 0xFF, 0xFF, 0x07, 0x00, 0x60, 0xFF, 0xFF, 0xFF, 0x0A, 0x00, 0x00, 0x00, 0x00, 0xF2,
    0xFF, 0xFF, 0xFF, 0x01, 0x00, 0x00, 0xFF, 0xFF, 0xFF, 0x2F, 0x00, 0x00, 0x00, 0x00, 0xF9, 0xFF,
    0xFF, 0xAF, 0x00, 0x00, 0x00, 0xF9, 0xFF, 0xFF, 0x8F, 0x00, 0x00, 0x00, 0x00, 0xFF, 0xFF, 0xFF,
    0xFF, 0xFF, 0xFF, 0xFF, 0xFF, 0xFF, 0xFF, 0xFF, 0x00, 0x00, 0x00, 0x70, 0xFF, 0xFF, 0xFF, 0xFF,
    0xFF, 0xFF, 0xFF, 0xFF, 0xFF, 0xFF, 0xFF, 0x07, 0x00, 0x00, 0xE0, 0xFF, 0xFF, 0xFF, 0xFF, 0xFF,
    0xFF, 0xFF, 0xFF, 0xFF, 0xFF, 0xFF, 0x0E, 0x00, 0x00, 0xF5, 0xFF, 0xFF, 0xFF, 0xFF, 0xFF, 0xFF,
    0xFF, 0xFF, 0xFF, 0xFF, 0xFF, 0x5F, 0x00, 0x00, 0xFC, 0xFF, 0xFF, 0x8F, 0x00, 0x00, 0x00, 0x00,
    0x00, 0xF8, 0xFF, 0xFF, 0xCF, 0x00, 0x40, 0xFF, 0xFF, 0xFF, 0x1F, 0x00, 0x00, 0x00, 0x00, 0x00,
    0xF1, 0xFF, 0xFF, 0xFF, 0x03, 0xB0, 0xFF, 0xFF, 0xFF, 0x0B, 0x00, 0x00, 0x00, 0x00, 0x00, 0xB0,
    0xFF, 0xFF, 0xFF, 0x0B, 0xF2, 0xFF, 0xFF, 0xFF, 0x04, 0x00, 0x00, 0x00, 0x00, 0x00, 0x40, 0xFF,
    0xFF, 0xFF, 0x2F, 0xF9, 0xFF, 0xFF, 0xEF, 0x00, 0x00, 0x00, 0x00, 0x00, 0x00, 0x00, 0xFE, 0xFF,
    0xFF, 0x9F, 0x00, 0x00, 0x00, 0x00, 0x00, 0x00, 0x00, 0xF5, 0xFF, 0xFF, 0x4F, 0x00, 0x00, 0x00,
    0x00, 0x00, 0x00, 0x00, 0x00, 0x00, 0x00, 0x00, 0xFC, 0xFF, 0xEF, 0x03, 0x00, 0x00, 0x00, 0x00,
    0x00, 0x00, 0x00, 0x00, 0x00, 0x00, 0x50, 0xFF, 0xFF, 0x2E, 0x00, 0x00, 0x00, 0x00, 0x00, 0x00,
    0x00, 0x00, 0x00, 0x00, 0x00, 0xD0, 0xFF, 0xDF, 0x02, 0x00, 0x00, 0x00, 0x00, 0x00, 0x00, 0x00,
    0x00, 0x00, 0x00, 0x00, 0xF5, 0xFF, 0x1D, 0x00, 0x00, 0x00, 0x00, 0x00, 0x00, 0x00, 0x00, 0x00,
    0x00, 0x00, 0x00, 0xFD, 0xCF, 0x01, 0x00, 0x00, 0x00, 0x00, 0x00, 0x00, 0x00, 0x00, 0x00, 0x00,
    0x00, 0x00, 0x00, 0x00, 0x00, 0x00, 0x00, 0x00, 0x00, 0x00, 0x00, 0x00, 0x00, 0x00, 0x00, 0x00,
    0x00, 0x00, 0x00, 0x00, 0x00, 0x00, 0x00, 0x00, 0x00, 0x00, 0x00, 0x00, 0x00, 0x00, 0x00, 0xF4,
    0xFF, 0xFF, 0xFF, 0x4F, 0x00, 0x00, 0x00, 0x00, 0x00, 0x00, 0x00, 0x00, 0x00, 0x00, 0xFB, 0xFF,
    0xFF, 0xFF, 0xBF, 0x00, 0x00, 0x00, 0x00, 0x00, 0x00, 0x00, 0x00, 0x00, 0x20, 0xFF, 0xFF, 0xFF,
    0xFF, 0xFF, 0x03, 0x00, 0x00, 0x00, 0x00, 0x00, 0x00, 0x00, 0x00, 0x90, 0xFF, 0xFF, 0xFF, 0xFF,
    0xFF, 0x0A, 0x00, 0x00, 0x00, 0x00, 0x00, 0x00, 0x00, 0x00, 0xF1, 0xFF, 0xFF, 0xFF, 0xFF, 0xFF,
    0x1F, 0x00, 0x00, 0x00, 0x00, 0x00, 0x00, 0x00, 0x00, 0xF8, 0xFF, 0xFF, 0xFF, 0xFF, 0xFF, 0x8F,
    0x00, 0x00, 0x00, 0x00, 0x00, 0x00, 0x00, 0x00, 0xFE, 0xFF, 0xFF, 0xCD, 0xFF, 0xFF, 0xEF, 0x00,
    0x00, 0x00, 0x00, 0x00, 0x00, 0x00, 0x60, 0xFF, 0xFF, 0xFF, 0x67, 0xFF, 0xFF, 0xFF, 0x06, 0x00,
    0x00, 0x00, 0x00, 0x00, 0x00, 0xD0, 0xFF, 0xFF, 0xFF, 0x01, 0xFF, 0xFF, 0xFF, 0x0D, 0x00, 0x00,
    0x00, 0x00, 0x00, 0x00, 0xF5, 0xFF, 0xFF, 0xAF, 0x00, 0xF9, 0xFF, 0xFF, 0x5F, 0x00, 0x00, 0x00,
    0x00, 0x00, 0x00, 0xFC, 0xFF, 0xFF, 0x4F, 0x00, 0xF3, 0xFF, 0xFF, 0xCF, 0x00, 0x00, 0x00, 0x00,
    0x00, 0x30, 0xFF, 0xFF, 0xFF, 0x0D, 0x00, 0xC0, 0xFF, 0xFF, 0xFF, 0x03, 0x00, 0x00, 0x00, 0x00,
    0xA0, 0xFF, 0xFF, 0xFF, 0x07, 0x00, 0x60, 0xFF, 0xFF, 0xFF, 0x0A, 0x00, 0x00, 0x00, 0x00, 0xF2,
    0xFF, 0xFF, 0xFF, 0x01, 0x00, 0x00, 0xFF, 0xFF, 0xFF, 0x2F, 0x00, 0x00, 0x00, 0x00, 0xF9, 0xFF,
    0xFF, 0xAF, 0x00, 0x00, 0x00, 0xF9, 0xFF, 0xFF, 0x8F, 0x00, 0x00, 0x00, 0x00, 0xFF, 0xFF, 0xFF,
    0xFF, 0xFF, 0xFF, 0xFF, 0xFF, 0xFF, 0xFF, 0xFF, 0x00, 0x00, 0x00, 0x70, 0xFF, 0xFF, 0xFF, 0xFF,
    0xFF, 0xFF, 0xFF, 0xFF, 0xFF, 0xFF, 0xFF, 0x07, 0x00, 0x00, 0xE0, 0xFF, 0xFF, 0xFF, 0xFF, 0xFF,
    0xFF, 0xFF, 0xFF, 0xFF, 0xFF, 0xFF, 0x0E, 0x00, 0x00, 0xF5, 0xFF, 0xFF, 0xFF, 0xFF, 0xFF, 0xFF,
    0xFF, 0xFF, 0xFF, 0xFF, 0xFF, 0x5F, 0x00, 0x00, 0xFC, 0xFF, 0xFF, 0x8F, 0x00, 0x00, 0x00, 0x00,
    0x00, 0xF8, 0xFF, 0xFF, 0xCF, 0x00, 0x40, 0xFF, 0xFF, 0xFF, 0x1F, 0x00, 0x00, 0x00, 0x00, 0x00,
    0xF1, 0xFF, 0xFF, 0xFF, 0x03, 0xB0, 0xFF, 0xFF, 0xFF, 0x0B, 0x00, 0x00, 0x00, 0x00, 0x00, 0xB0,
    0xFF, 0xFF, 0xFF, 0x0B, 0xF2, 0xFF, 0xFF, 0xFF, 0x04, 0x00, 0x00, 0x00, 0x00, 0x00, 0x40, 0xFF,
    0xFF, 0xFF, 0x2F, 0xF9, 0xFF, 0xFF, 0xEF, 0x00, 0x00, 0x00, 0x00, 0x00, 0x00, 0x00, 0xFE, 0xFF,
    0xFF, 0x9F, 0x00, 0x00, 0x00, 0x00, 0x00, 0xF1, 0xFF, 0xFF, 0xFF, 0x1F, 0x00, 0x00, 0x00, 0x00,
    0x00, 0x00, 0x00, 0x00, 0x00, 0x00, 0xF9, 0xFF, 0xFF, 0xFF, 0x8F, 0x00, 0x00, 0x00, 0x00, 0x00,
    0x00, 0x00, 0x00, 0x00, 0x20, 0xFF, 0xFF, 0xFF, 0xFF, 0xFF, 0x01, 0x00, 0x00, 0x00, 0x00, 0x00,
    0x00, 0x00, 0x00, 0xA0, 0xFF, 0xFF, 0x44, 0xFF, 0xFF, 0x09, 0x00, 0x00, 0x00, 0x00, 0x00, 0x00,
    0x00, 0x00, 0xF2, 0xFF, 0x5F, 0x00, 0xF5, 0xFF, 0x2F, 0x00, 0x00, 0x00, 0x00, 0x00, 0x00, 0x00,
    0x00, 0xFB, 0xFF, 0x05, 0x00, 0x50, 0xFF, 0xAF, 0x00, 0x00, 0x00, 0x00, 0x00, 0x00, 0x00, 0x00,
    0x00, 0x00, 0x00, 0x00, 0x00, 0x00, 0x00, 0x00, 0x00, 0x00, 0x00, 0x00, 0x00, 0x00, 0x00, 0x00,
    0x00, 0x00, 0x00, 0x00, 0x00, 0x00, 0x00, 0x00, 0x00, 0x00, 0x00, 0x00, 0x00, 0x00, 0x00, 0xF4,
    0xFF, 0xFF, 0xFF, 0x4F, 0x00, 0x00, 0x00, 0x00, 0x00, 0x00, 0x00, 0x00, 0x00, 0x00, 0xFB, 0xFF,
    0xFF, 0xFF, 0xBF, 0x00, 0x00, 0x00, 0x00, 0x00, 0x00, 0x00, 0x00, 0x00, 0x20, 0xFF, 0xFF, 0xFF,
    0xFF, 0xFF, 0x03, 0x00, 0x00, 0x00, 0x00, 0x00, 0x00, 0x00, 0x00, 0x90, 0xFF, 0xFF, 0xFF, 0xFF,
    0xFF, 0x0A, 0x00, 0x00, 0x00, 0x00, 0x00, 0x00, 0x00, 0x00, 0xF1, 0xFF, 0xFF, 0xFF, 0xFF, 0xFF,
    0x1F, 0x00, 0x00, 0x00, 0x00, 0x00, 0x00, 0x00, 0x00, 0xF8, 0xFF, 0xFF, 0xFF, 0xFF, 0xFF, 0x8F,
    0x00, 0x00, 0x00, 0x00, 0x00, 0x00, 0x00, 0x00, 0xFE, 0xFF, 0xFF, 0xCD, 0xFF, 0xFF, 0xEF, 0x00,
    0x00, 0x00, 0x00, 0x00, 0x00, 0x00, 0x60, 0xFF, 0xFF, 0xFF, 0x67, 0xFF, 0xFF, 0xFF, 0x06, 0x00,
    0x00, 0x00, 0x00, 0x00, 0x00, 0xD0, 0xFF, 0xFF, 0xFF, 0x01, 0xFF, 0xFF, 0xFF, 0x0D, 0x00, 0x00,
    0x00, 0x00, 0x00, 0x00, 0xF5, 0xFF, 0xFF, 0xAF, 0x00, 0xF9, 0xFF, 0xFF, 0x5F, 0x00, 0x00, 0x00,
    0x00, 0x00, 0x00, 0xFC, 0xFF, 0xFF, 0x4F, 0x00, 0xF3, 0xFF, 0xFF, 0xCF, 0x00, 0x00, 0x00, 0x00,
    0x00, 0x30, 0xFF, 0xFF, 0xFF, 0x0D, 0x00, 0xC0, 0xFF, 0xFF, 0xFF, 0x03, 0x00, 0x00, 0x00, 0x00,
    0xA0, 0xFF, 0xFF, 0xFF, 0x07, 0x00, 0x60, 0xFF, 0xFF, 0xFF, 0x0A, 0x00, 0x00, 0x00, 0x00, 0xF2,
    0xFF, 0xFF, 0xFF, 0x01, 0x00, 0x00, 0xFF, 0xFF, 0xFF, 0x2F, 0x00, 0x00, 0x00, 0x00, 0xF9, 0xFF,
    0xFF, 0xAF, 0x00, 0x00, 0x00, 0xF9, 0xFF, 0xFF, 0x8F, 0x00, 0x00, 0x00, 0x00, 0xFF, 0xFF, 0xFF,
    0xFF, 0xFF, 0xFF, 0xFF, 0xFF, 0xFF, 0xFF, 0xFF, 0x00, 0x00, 0x00, 0x70, 0xFF, 0xFF, 0xFF, 0xFF,
    0xFF, 0xFF, 0xFF, 0xFF, 0xFF, 0xFF, 0xFF, 0x07, 0x00, 0x00, 0xE0, 0xFF, 0xFF, 0xFF, 0xFF, 0xFF,
    0xFF, 0xFF, 0xFF, 0xFF, 0xFF, 0xFF, 0x0E, 0x00, 0x00, 0xF5, 0xFF, 0xFF, 0xFF, 0xFF, 0xFF, 0xFF,
    0xFF, 0xFF, 0xFF, 0xFF, 0xFF, 0x5F, 0x00, 0x00, 0xFC, 0xFF, 0xFF, 0x8F, 0x00, 0x00, 0x00, 0x00,
    0x00, 0xF8, 0xFF, 0xFF, 0xCF, 0x00, 0x40, 0xFF, 0xFF, 0xFF, 0x1F, 0x00, 0x00, 0x00, 0x00, 0x00,
    0xF1, 0xFF, 0xFF, 0xFF, 0x03, 0xB0, 0xFF, 0xFF, 0xFF, 0x0B, 0x00, 0x00, 0x00, 0x00, 0x00, 0xB0,
    0xFF, 0xFF, 0xFF, 0x0B, 0xF2, 0xFF, 0xFF, 0xFF, 0x04, 0x00, 0x00, 0x00, 0x00, 0x00, 0x40, 0xFF,
    0xFF, 0xFF, 0x2F, 0xF9, 0xFF, 0xFF, 0xEF, 0x00, 0x00, 0x00, 0x00, 0x00, 0x00, 0x00, 0xFE, 0xFF,
    0xFF, 0x9F, 0x00, 0x00, 0x00, 0x00, 0x00, 0xE7, 0xBF, 0x05, 0x00, 0xF0, 0xEF, 0x00, 0x00, 0x00,
    0x00, 0x00, 0x00, 0x00, 0x00, 0x90, 0xFF, 0xFF, 0xDF, 0x16, 0xF6, 0xDF, 0x00, 0x00, 0x00, 0x00,
    0x00, 0x00, 0x00, 0x00, 0xF3, 0xFF, 0xFF, 0xFF, 0xFF, 0xFF, 0xAF, 0x00, 0x00, 0x00, 0x00, 0x00,
    0x00, 0x00, 0x00, 0xF9, 0xFF, 0xFF, 0xFF, 0xFF, 0xFF, 0x4F, 0x00, 0x00, 0x00, 0x00, 0x00, 0x00,
    0x00, 0x00, 0xFD, 0x6F, 0x51, 0xFD, 0xFF, 0xFF, 0x0B, 0x00, 0x00, 0x00, 0x00, 0x00, 0x00, 0x00,
    0x00, 0xFE, 0x0E, 0x00, 0x40, 0xEB, 0x9E, 0x00, 0x00, 0x00, 0x00, 0x00, 0x00, 0x00, 0x00, 0x00,
    0x00, 0x00, 0x00, 0x00, 0x00, 0x00, 0x00, 0x00, 0x00, 0x00, 0x00, 0x00, 0x00, 0x00, 0x00, 0x00,
    0x00, 0x00, 0x00, 0x00, 0x00, 0x00, 0x00, 0x00, 0x00, 0x00, 0x00, 0x00, 0x00, 0x00, 0x00, 0xF4,
    0xFF, 0xFF, 0xFF, 0x4F, 0x00, 0x00, 0x00, 0x00, 0x00, 0x00, 0x00, 0x00, 0x00, 0x00, 0xFB, 0xFF,
    0xFF, 0xFF, 0xBF, 0x00, 0x00, 0x00, 0x00, 0x00, 0x00, 0x00, 0x00, 0x00, 0x20, 0xFF, 0xFF, 0xFF,
    0xFF, 0xFF, 0x03, 0x00, 0x00, 0x00, 0x00, 0x00, 0x00, 0x00, 0x00, 0x90, 0xFF, 0xFF, 0xFF, 0xFF,
    0xFF, 0x0A, 0x00, 0x00, 0x00, 0x00, 0x00, 0x00, 0x00, 0x00, 0xF1, 0xFF, 0xFF, 0xFF, 0xFF, 0xFF,
    0x1F, 0x00, 0x00, 0x00, 0x00, 0x00, 0x00, 0x00, 0x00, 0xF8, 0xFF, 0xFF, 0xFF, 0xFF, 0xFF, 0x8F,
    0x00, 0x00, 0x00, 0x00, 0x00, 0x00, 0x00, 0x00, 0xFE, 0xFF, 0xFF, 0xCD, 0xFF, 0xFF, 0xEF, 0x00,
    0x00, 0x00, 0x00, 0x00, 0x00, 0x00, 0x60, 0xFF, 0xFF, 0xFF, 0x67, 0xFF, 0xFF, 0xFF, 0x06, 0x00,
    0x00, 0x00, 0x00, 0x00, 0x00, 0xD0, 0xFF, 0xFF, 0xFF, 0x01, 0xFF, 0xFF, 0xFF, 0x0D, 0x00, 0x00,
    0x00, 0x00, 0x00, 0x00, 0xF5, 0xFF, 0xFF, 0xAF, 0x00, 0xF9, 0xFF, 0xFF, 0x5F, 0x00, 0x00, 0x00,
    0x00, 0x00, 0x00, 0xFC, 0xFF, 0xFF, 0x4F, 0x00, 0xF3, 0xFF, 0xFF, 0xCF, 0x00, 0x00, 0x00, 0x00,
    0x00, 0x30, 0xFF, 0xFF, 0xFF, 0x0D, 0x00, 0xC0, 0xFF, 0xFF, 0xFF, 0x03, 0x00, 0x00, 0x00, 0x00,
    0xA0, 0xFF, 0xFF, 0xFF, 0x07, 0x00, 0x60, 0xFF, 0xFF, 0xFF, 0x0A, 0x00, 0x00, 0x00, 0x00, 0xF2,
    0xFF, 0xFF, 0xFF, 0x01, 0x00, 0x00, 0xFF, 0xFF, 0xFF, 0x2F, 0x00, 0x00, 0x00, 0x00, 0xF9, 0xFF,
    0xFF, 0xAF, 0x00, 0x00, 0x00, 0xF9, 0xFF, 0xFF, 0x8F, 0x00, 0x00, 0x00, 0x00, 0xFF, 0xFF, 0xFF,
    0xFF, 0xFF, 0xFF, 0xFF, 0xFF, 0xFF, 0xFF, 0xFF, 0x00, 0x00, 0x00, 0x70, 0xFF, 0xFF, 0xFF, 0xFF,
    0xFF, 0xFF, 0xFF, 0xFF, 0xFF, 0xFF, 0xFF, 0x07, 0x00, 0x00, 0xE0, 0xFF, 0xFF, 0xFF, 0xFF, 0xFF,
    0xFF, 0xFF, 0xFF, 0xFF, 0xFF, 0xFF, 0x0E, 0x00, 0x00, 0xF5, 0xFF, 0xFF, 0xFF, 0xFF, 0xFF, 0xFF,
    0xFF, 0xFF, 0xFF, 0xFF, 0xFF, 0x5F, 0x00, 0x00, 0xFC, 0xFF, 0xFF, 0x8F, 0x00, 0x00, 0x00, 0x00,
    0x00, 0xF8, 0xFF, 0xFF, 0xCF, 0x00, 0x40, 0xFF, 0xFF, 0xFF, 0x1F, 0x00, 0x00, 0x00, 0x00, 0x00,
    0xF1, 0xFF, 0xFF, 0xFF, 0x03, 0xB0, 0xFF, 0xFF, 0xFF, 0x0B, 0x00, 0x00, 0x00, 0x00, 0x00, 0xB0,
    0xFF, 0xFF, 0xFF, 0x0B, 0xF2, 0xFF, 0xFF, 0xFF, 0x04, 0x00, 0x00, 0x00, 0x00, 0x00, 0x40, 0xFF,
    0xFF, 0xFF, 0x2F, 0xF9, 0xFF, 0xFF, 0xEF, 0x00, 0x00, 0x00, 0x00, 0x00, 0x00, 0x00, 0xFE, 0xFF,
    0xFF, 0x9F, 0x00, 0x00, 0x00, 0x00, 0xB1, 0xBF, 0x01, 0x00, 0x10, 0xFB, 0x1B, 0x00, 0x00, 0x00,
    0x00, 0x00, 0x00, 0x00, 0x00, 0xFA, 0xFF, 0x0A, 0x00, 0xA0, 0xFF, 0xAF, 0x00, 0x00, 0x00, 0x00,
    0x00, 0x00, 0x00, 0x00, 0xFD, 0xFF, 0x0D, 0x00, 0xE0, 0xFF, 0xDF, 0x00, 0x00, 0x00, 0x00, 0x00,
    0x00, 0x00, 0x00, 0xFA, 0xFF, 0x0A, 0x00, 0xB0, 0xFF, 0xAF, 0x00, 0x00, 0x00, 0x00, 0x00, 0x00,
    0x00, 0x00, 0xB1, 0xBF, 0x01, 0x00, 0x10, 0xFB, 0x1B, 0x00, 0x00, 0x00, 0x00, 0x00, 0x00, 0x00,
    0x00, 0x00, 0x00, 0x00, 0x00, 0x00, 0x00, 0x00, 0x00, 0x00, 0x00, 0x00, 0x00, 0x00, 0x00, 0x00,
    0x00, 0x00, 0x00, 0x00, 0x00, 0x00, 0x00, 0x00, 0x00, 0x00, 0x00, 0x00, 0x00, 0x00, 0x00, 0x00,
    0xF4, 0xFF, 0xFF, 0xFF, 0x4F, 0x00, 0x00, 0x00, 0x00, 0x00, 0x00, 0x00, 0x00, 0x00, 0x00, 0xFB,
    0xFF, 0xFF, 0xFF, 0xBF, 0x00, 0x00, 0x00, 0x00, 0x00, 0x00, 0x00, 0x00, 0x00, 0x20, 0xFF, 0xFF,
    0xFF, 0xFF, 0xFF, 0x03, 0x00, 0x00, 0x00, 0x00, 0x00, 0x00, 0x00, 0x00, 0x90, 0xFF, 0xFF, 0xFF,
    0xFF, 0xFF, 0x0A, 0x00, 0x00, 0x00, 0x00, 0x00, 0x00, 0x00, 0x00, 0xF1, 0xFF, 0xFF, 0xFF, 0xFF,
    0xFF, 0x1F, 0x00, 0x00, 0x00, 0x00, 0x00, 0x00, 0x00, 0x00, 0xF8, 0xFF, 0xFF, 0xFF, 0xFF, 0xFF,
    0x8F, 0x00, 0x00, 0x00, 0x00, 0x00, 0x00, 0x00, 0x00, 0xFE, 0xFF, 0xFF, 0xCD, 0xFF, 0xFF, 0xEF,
    0x00, 0x00, 0x00, 0x00, 0x00, 0x00, 0x00, 0x60, 0xFF, 0xFF, 0xFF, 0x67, 0xFF, 0xFF, 0xFF, 0x06,
    0x00, 0x00, 0x00, 0x00, 0x00, 0x00, 0xD0, 0xFF, 0xFF, 0xFF, 0x01, 0xFF, 0xFF, 0xFF, 0x0D, 0x00,
    0x00, 0x00, 0x00, 0x00, 0x00, 0xF5, 0xFF, 0xFF, 0xAF, 0x00, 0xF9, 0xFF, 0xFF, 0x5F, 0x00, 0x00,
    0x00, 0x00, 0x00, 0x00, 0xFC, 0xFF, 0xFF, 0x4F, 0x00, 0xF3, 0xFF, 0xFF, 0xCF, 0x00, 0x00, 0x00,
    0x00, 0x00, 0x30, 0xFF, 0xFF, 0xFF, 0x0D, 0x00, 0xC0, 0xFF, 0xFF, 0xFF, 0x03, 0x00, 0x00, 0x00,
    0x00, 0xA0, 0xFF, 0xFF, 0xFF, 0x07, 0x00, 0x60, 0xFF, 0xFF, 0xFF, 0x0A, 0x00, 0x00, 0x00, 0x00,
    0xF2, 0xFF, 0xFF, 0xFF, 0x01, 0x00, 0x00, 0xFF, 0xFF, 0xFF, 0x2F, 0x00, 0x00, 0x00, 0x00, 0xF9,
    0xFF, 0xFF, 0xAF, 0x00, 0x00, 0x00, 0xF9, 0xFF, 0xFF, 0x8F, 0x00, 0x00, 0x00, 0x00, 0xFF, 0xFF,
    0xFF, 0xFF, 0xFF, 0xFF, 0xFF, 0xFF, 0xFF, 0xFF, 0xFF, 0x00, 0x00, 0x00, 0x70, 0xFF, 0xFF, 0xFF,
    0xFF, 0xFF, 0xFF, 0xFF, 0xFF, 0xFF, 0xFF, 0xFF, 0x07, 0x00, 0x00, 0xE0, 0xFF, 0xFF, 0xFF, 0xFF,
    0xFF, 0xFF, 0xFF, 0xFF, 0xFF, 0xFF, 0xFF, 0x0E, 0x00, 0x00, 0xF5, 0xFF, 0xFF, 0xFF, 0xFF, 0xFF,
    0xFF, 0xFF, 0xFF, 0xFF, 0xFF, 0xFF, 0x5F, 0x00, 0x00, 0xFC, 0xFF, 0xFF, 0x8F, 0x00, 0x00, 0x00,
    0x00, 0x00, 0xF8, 0xFF, 0xFF, 0xCF, 0x00, 0x40, 0xFF, 0xFF, 0xFF, 0x1F, 0x00, 0x00, 0x00, 0x00,
    0x00, 0xF1, 0xFF, 0xFF, 0xFF, 0x03, 0xB0, 0xFF, 0xFF, 0xFF, 0x0B, 0x00, 0x00, 0x00, 0x00, 0x00,
    0xB0, 0xFF, 0xFF, 0xFF, 0x0B, 0xF2, 0xFF, 0xFF, 0xFF, 0x04, 0x00, 0x00, 0x00, 0x00, 0x00, 0x40,
    0xFF, 0xFF, 0xFF, 0x2F, 0xF9, 0xFF, 0xFF, 0xEF, 0x00, 0x00, 0x00, 0x00, 0x00, 0x00, 0x00, 0xFE,
    0xFF, 0xFF, 0x9F, 0x00, 0x00, 0x00, 0x00, 0x00, 0x00, 0x91, 0xFE, 0x7D, 0x00, 0x00, 0x00, 0x00,
    0x00, 0x00, 0x00, 0x00, 0x00, 0x00, 0x00, 0x00, 0xFD, 0xFF, 0xFF, 0x0B, 0x00, 0x00, 0x00, 0x00,
    0x00, 0x00, 0x00, 0x00, 0x00, 0x00, 0x70, 0xDF, 0x03, 0xF5, 0x4F, 0x00, 0x00, 0x00, 0x00, 0x00,
    0x00, 0x00, 0x00, 0x00, 0x00, 0x90, 0x8F, 0x00, 0xC0, 0x7F, 0x00, 0x00, 0x00, 0x00, 0x00, 0x00,
    0x00, 0x00, 0x00, 0x00, 0x60, 0xEF, 0x03, 0xF5, 0x4F, 0x00, 0x00, 0x00, 0x00, 0x00, 0x00, 0x00,
    0x00, 0x00, 0x00, 0x00, 0xFC, 0xFF, 0xFF, 0x0B, 0x00, 0x00, 0x00, 0x00, 0x00, 0x00, 0x00, 0x00,
    0x00, 0x00, 0x00, 0x80, 0xFE, 0x7D, 0x00, 0x00, 0x00, 0x00, 0x00, 0x00, 0x00, 0x00, 0x00, 0x00,
    0x00, 0x00, 0x00, 0x00, 0x00, 0x00, 0x00, 0x00, 0x00, 0x00, 0x00, 0x00, 0x00, 0x00, 0x00, 0x00,
    0x00, 0x00, 0x00, 0x00, 0x00, 0x00, 0x00, 0x00, 0x00, 0x00, 0x00, 0x00, 0x00, 0x00, 0x00, 0xF4,
    0xFF, 0xFF, 0xFF, 0x4F, 0x00, 0x00, 0x00, 0x00, 0x00, 0x00, 0x00, 0x00, 0x00, 0x00, 0xFB, 0xFF,
    0xFF, 0xFF, 0xBF, 0x00, 0x00, 0x00, 0x00, 0x00, 0x00, 0x00, 0x00, 0x00, 0x20, 0xFF, 0xFF, 0xFF,
    0xFF, 0xFF, 0x03, 0x00, 0x00, 0x00, 0x00, 0x00, 0x00, 0x00, 0x00, 0x90, 0xFF, 0xFF, 0xFF, 0xFF,
    0xFF, 0x0A, 0x00, 0x00, 0x00, 0x00, 0x00, 0x00, 0x00, 0x00, 0xF1, 0xFF, 0xFF, 0xFF, 0xFF, 0xFF,
    0x1F, 0x00, 0x00, 0x00, 0x00, 0x00, 0x00, 0x00, 0x00, 0xF8, 0xFF, 0xFF, 0xFF, 0xFF, 0xFF, 0x8F,
    0x00, 0x00, 0x00, 0x00, 0x00, 0x00, 0x00, 0x00, 0xFE, 0xFF, 0xFF, 0xCD, 0xFF, 0xFF, 0xEF, 0x00,
    0x00, 0x00, 0x00, 0x00, 0x00, 0x00, 0x60, 0xFF, 0xFF, 0xFF, 0x67, 0xFF, 0xFF, 0xFF, 0x06, 0x00,
    0x00, 0x00, 0x00, 0x00, 0x00, 0xD0, 0xFF, 0xFF, 0xFF, 0x01, 0xFF, 0xFF, 0xFF, 0x0D, 0x00, 0x00,
    0x00, 0x00, 0x00, 0x00, 0xF5, 0xFF, 0xFF, 0xAF, 0x00, 0xF9, 0xFF, 0xFF, 0x5F, 0x00, 0x00, 0x00,
    0x00, 0x00, 0x00, 0xFC, 0xFF, 0xFF, 0x4F, 0x00, 0xF3, 0xFF, 0xFF, 0xCF, 0x00, 0x00, 0x00, 0x00,
    0x00, 0x30, 0xFF, 0xFF, 0xFF, 0x0D, 0x00, 0xC0, 0xFF, 0xFF, 0xFF, 0x03, 0x00, 0x00, 0x00, 0x00,
    0xA0, 0xFF, 0xFF, 0xFF, 0x07, 0x00, 0x60, 0xFF, 0xFF, 0xFF, 0x0A, 0x00, 0x00, 0x00, 0x00, 0xF2,
    0xFF, 0xFF, 0xFF, 0x01, 0x00, 0x00, 0xFF, 0xFF, 0xFF, 0x2F, 0x00, 0x00, 0x00, 0x00, 0xF9, 0xFF,
    0xFF, 0xAF, 0x00, 0x00, 0x00, 0xF9, 0xFF, 0xFF, 0x8F, 0x00, 0x00, 0x00, 0x00, 0xFF, 0xFF, 0xFF,
    0xFF, 0xFF, 0xFF, 0xFF, 0xFF, 0xFF, 0xFF, 0xFF, 0x00, 0x00, 0x00, 0x70, 0xFF, 0xFF, 0xFF, 0xFF,
    0xFF, 0xFF, 0xFF, 0xFF, 0xFF, 0xFF, 0xFF, 0x07, 0x00, 0x00, 0xE0, 0xFF, 0xFF, 0xFF, 0xFF, 0xFF,
    0xFF, 0xFF, 0xFF, 0xFF, 0xFF, 0xFF, 0x0E, 0x00, 0x00, 0xF5, 0xFF, 0xFF, 0xFF, 0xFF, 0xFF, 0xFF,
    0xFF, 0xFF, 0xFF, 0xFF, 0xFF, 0x5F, 0x00, 0x00, 0xFC, 0xFF, 0xFF, 0x8F, 0x00, 0x00, 0x00, 0x00,
    0x00, 0xF8, 0xFF, 0xFF, 0xCF, 0x00, 0x40, 0xFF, 0xFF, 0xFF, 0x1F, 0x00, 0x00, 0x00, 0x00, 0x00,
    0xF1, 0xFF, 0xFF, 0xFF, 0x03, 0xB0, 0xFF, 0xFF, 0xFF, 0x0B, 0x00, 0x00, 0x00, 0x00, 0x00, 0xB0,
    0xFF, 0xFF, 0xFF, 0x0B, 0xF2, 0xFF, 0xFF, 0xFF, 0x04, 0x00, 0x00, 0x00, 0x00, 0x00, 0x40, 0xFF,
    0xFF, 0xFF, 0x2F, 0xF9, 0xFF, 0xFF, 0xEF, 0x00, 0x00, 0x00, 0x00, 0x00, 0x00, 0x00, 0xFE, 0xFF,
    0xFF, 0x9F, 0x00, 0x00, 0x00, 0x00, 0x00, 0x00, 0x00, 0xB0, 0xFF, 0xFF, 0xFF, 0xFF, 0xFF, 0xFF,
    0xFF, 0xFF, 0xFF, 0xFF, 0xFF, 0x00, 0x00, 0x00, 0x00, 0x00, 0x00, 0x00, 0x00, 0xF5, 0xFF, 0xFF,
    0xFF, 0xFF, 0xFF, 0xFF, 0xFF, 0xFF, 0xFF, 0xFF, 0xFF, 0x00, 0x00, 0x00, 0x00, 0x00, 0x00, 0x00,
    0x10, 0xFE, 0xFF, 0xFF, 0xFF, 0xFF, 0xFF, 0xFF, 0xFF, 0xFF, 0xFF, 0xFF, 0xFF, 0x00, 0x00, 0x00,
    0x00, 0x00, 0x00, 0x00, 0xA0, 0xFF, 0xFF, 0xBF, 0xFF, 0xFF, 0xFF, 0xFF, 0xFF, 0xFF, 0xFF, 0xFF,
    0xFF, 0x00, 0x00, 0x00, 0x00, 0x00, 0x00, 0x00, 0xF4, 0xFF, 0xFF, 0x2F, 0xFF, 0xFF, 0xFF, 0xFF,
    0xFF, 0xFF, 0xFF, 0xFF, 0xFF, 0x00, 0x00, 0x00, 0x00, 0x00, 0x00, 0x00, 0xFE, 0xFF, 0xFF, 0x09,
    0xFF, 0xFF, 0xFF, 0x5F, 0x00, 0x00, 0x00, 0x00, 0x00, 0x00, 0x00, 0x00, 0x00, 0x00, 0x00, 0x90,
    0xFF, 0xFF, 0xEF, 0x01, 0xFF, 0xFF, 0xFF, 0x5F, 0x00, 0x00, 0x00, 0x00, 0x00, 0x00, 0x00, 0x00,
    0x00, 0x00, 0x00, 0xF3, 0xFF, 0xFF, 0x7F, 0x00, 0xFF, 0xFF, 0xFF, 0x5F, 0x00, 0x00, 0x00, 0x00,
    0x00, 0x00, 0x00, 0x00, 0x00, 0x00, 0x00, 0xFD, 0xFF, 0xFF, 0x0D, 0x00, 0xFF, 0xFF, 0xFF, 0x5F,
    0x00, 0x00, 0x00, 0x00, 0x00, 0x00, 0x00, 0x00, 0x00, 0x00, 0x80, 0xFF, 0xFF, 0xFF, 0x05, 0x00,
    0xFF, 0xFF, 0xFF, 0xFF, 0xFF, 0xFF, 0xFF, 0xFF, 0x5F, 0x00, 0x00, 0x00, 0x00, 0x00, 0xF2, 0xFF,
    0xFF, 0xCF, 0x00, 0x00, 0xFF, 0xFF, 0xFF, 0xFF, 0xFF, 0xFF, 0xFF, 0xFF, 0x5F, 0x00, 0x00, 0x00,
    0x00, 0x00, 0xFC, 0xFF, 0xFF, 0xFF, 0xFF, 0xFF, 0xFF, 0xFF, 0xFF, 0xFF, 0xFF, 0xFF, 0xFF, 0xFF,
    0x5F, 0x00, 0x00, 0x00, 0x00, 0x70, 0xFF, 0xFF, 0xFF, 0xFF, 0xFF, 0xFF, 0xFF, 0xFF, 0xFF, 0xFF,
    0xFF, 0xFF, 0xFF, 0xFF, 0x5F, 0x00, 0x00, 0x00, 0x00, 0xF2, 0xFF, 0xFF, 0xFF, 0xFF, 0xFF, 0xFF,
    0xFF, 0xFF, 0xFF, 0xFF, 0xFF, 0xFF, 0xFF, 0xFF, 0x5F, 0x00, 0x00, 0x00, 0x00, 0xFB, 0xFF, 0xFF,
    0xFF, 0xFF, 0xFF, 0xFF, 0xFF, 0xFF, 0xFF, 0x5F, 0x00, 0x00, 0x00, 0x00, 0x00, 0x00, 0x00, 0x00,
    0x50, 0xFF, 0xFF, 0xFF, 0x0A, 0x00, 0x00, 0x00, 0xFF, 0xFF, 0xFF, 0x5F, 0x00, 0x00, 0x00, 0x00,
    0x00, 0x00, 0x00, 0x00, 0xE1, 0xFF, 0xFF, 0xFF, 0x01, 0x00, 0x00, 0x00, 0xFF, 0xFF, 0xFF, 0x5F,
    0x00, 0x00, 0x00, 0x00, 0x00, 0x00, 0x00, 0x00, 0xFA, 0xFF, 0xFF, 0x7F, 0x00, 0x00, 0x00, 0x00,
    0xFF, 0xFF, 0xFF, 0x5F, 0x00, 0x00, 0x00, 0x00, 0x00, 0x00, 0x00, 0x40, 0xFF, 0xFF, 0xFF, 0x0D,
    0x00, 0x00, 0x00, 0x00, 0xFF, 0xFF, 0xFF, 0x5F, 0x00, 0x00, 0x00, 0x00, 0x00, 0x00, 0x00, 0xE0,
    0xFF, 0xFF, 0xFF, 0x04, 0x00, 0x00, 0x00, 0x00, 0xFF, 0xFF, 0xFF, 0xFF, 0xFF, 0xFF, 0xFF, 0xFF,
    0xFF, 0x03, 0x00, 0xF9, 0xFF, 0xFF, 0xBF, 0x00, 0x00, 0x00, 0x00, 0x00, 0xFF, 0xFF, 0xFF, 0xFF,
    0xFF, 0xFF, 0xFF, 0xFF, 0xFF, 0x03, 0x30, 0xFF, 0xFF, 0xFF, 0x2F, 0x00, 0x00, 0x00, 0x00, 0x00,
    0xFF, 0xFF, 0xFF, 0xFF, 0xFF, 0xFF, 0xFF, 0xFF, 0xFF, 0x03, 0xD0, 0xFF, 0xFF, 0xFF, 0x08, 0x00,
    0x00, 0x00, 0x00, 0x00, 0xFF, 0xFF, 0xFF, 0xFF, 0xFF, 0xFF, 0xFF, 0xFF, 0xFF, 0x03, 0xF8, 0xFF,
    0xFF, 0xEF, 0x00, 0x00, 0x00, 0x00, 0x00, 0x00, 0xFF, 0xFF, 0xFF, 0xFF, 0xFF, 0xFF, 0xFF, 0xFF,
    0xFF, 0x03, 0x00, 0x00, 0x00, 0x00, 0x50, 0xC8, 0xFD, 0xEF, 0xBD, 0x58, 0x01, 0x00, 0x00, 0x00,
    0x00, 0x92, 0xFF, 0xFF, 0xFF, 0xFF, 0xFF, 0xFF, 0xCF, 0x27, 0x00, 0x00, 0x70, 0xFF, 0xFF, 0xFF,
    0xFF, 0xFF, 0xFF, 0xFF, 0xFF, 0xCF, 0x00, 0x00, 0xFB, 0xFF, 0xFF, 0xFF, 0xFF, 0xFF, 0xFF, 0xFF,
    0xFF, 0xCF, 0x00, 0xB0, 0xFF, 0xFF, 0xFF, 0xFF, 0xFF, 0xFF, 0xFF, 0xFF, 0xFF, 0xCF, 0x00, 0xF7,
    0xFF, 0xFF, 0xFF, 0xFF, 0xFF, 0xFF, 0xFF, 0xFF, 0xFF, 0xCF, 0x10, 0xFF, 0xFF, 0xFF, 0xFF, 0xFF,
    0x5A, 0x02, 0x20, 0x84, 0xFE, 0xCF, 0x90, 0xFF, 0xFF, 0xFF, 0xFF, 0x2B, 0x00, 0x00, 0x00, 0x00,
    0x50, 0xCD, 0xE0, 0xFF, 0xFF, 0xFF, 0xAF, 0x00, 0x00, 0x00, 0x00, 0x00, 0x00, 0x40, 0xF3, 0xFF,
    0xFF, 0xFF, 0x0C, 0x00, 0x00, 0x00, 0x00, 0x00, 0x00, 0x00, 0xF5, 0xFF, 0xFF, 0xFF, 0x05, 0x00,
    0x00, 0x00, 0x00, 0x00, 0x00, 0x00, 0xF7, 0xFF, 0xFF, 0xFF, 0x01, 0x00, 0x00, 0x00, 0x00, 0x00,
    0x00, 0x00, 0xF8, 0xFF, 0xFF, 0xFF, 0x00, 0x00, 0x00, 0x00, 0x00, 0x00, 0x00, 0x00, 0xF7, 0xFF,
    0xFF, 0xFF, 0x01, 0x00, 0x00, 0x00, 0x00, 0x00, 0x00, 0x00, 0xF5, 0xFF, 0xFF, 0xFF, 0x05, 0x00,
    0x00, 0x00, 0x00, 0x00, 0x00, 0x00, 0xF3, 0xFF, 0xFF, 0xFF, 0x0C, 0x00, 0x00, 0x00, 0x00, 0x00,
    0x00, 0x00, 0xE0, 0xFF, 0xFF, 0xFF, 0x9F, 0x00, 0x00, 0x00, 0x00, 0x00, 0x00, 0x50, 0x90, 0xFF,
    0xFF, 0xFF, 0xFF, 0x1A, 0x00, 0x00, 0x00, 0x00, 0x50, 0xED, 0x20, 0xFF, 0xFF, 0xFF, 0xFF, 0xFF,
    0x49, 0x01, 0x20, 0x95, 0xFE, 0xEF, 0x00, 0xF9, 0xFF, 0xFF, 0xFF, 0xFF, 0xFF, 0xFF, 0xFF, 0xFF,
    0xFF, 0xEF, 0x00, 0xD0, 0xFF, 0xFF, 0xFF, 0xFF, 0xFF, 0xFF, 0xFF, 0xFF, 0xFF, 0xEF, 0x00, 0x10,
    0xFD, 0xFF, 0xFF, 0xFF, 0xFF, 0xFF, 0xFF, 0xFF, 0xFF, 0xEF, 0x00, 0x00, 0xB1, 0xFF, 0xFF, 0xFF,
    0xFF, 0xFF, 0xFF, 0xFF, 0xFF, 0xCF, 0x00, 0x00, 0x00, 0xC5, 0xFF, 0xFF, 0xFF, 0xFF, 0xFF, 0xFF,
    0xCF, 0x06, 0x00, 0x00, 0x00, 0x00, 0x73, 0xDB, 0xFF, 0xFF, 0xCE, 0x6A, 0x02, 0x00, 0x00, 0x00,
    0x00, 0x00, 0x00, 0x10, 0xFE, 0x4F, 0x00, 0x00, 0x00, 0x00, 0x00, 0x00, 0x00, 0x00, 0x00, 0xB0,
    0xFF, 0xFF, 0x1B, 0x00, 0x00, 0x00, 0x00, 0x00, 0x00, 0x00, 0x00, 0x91, 0xFF, 0xFF, 0xBF, 0x00,
    0x00, 0x00, 0x00, 0x00, 0x00, 0x00, 0x00, 0x00, 0xFB, 0xFF, 0xFF, 0x00, 0x00, 0x00, 0x00, 0x00,
    0x00, 0x00, 0x00, 0x51, 0xFF, 0xFF, 0xEF, 0x00, 0x00, 0x00, 0x00, 0x00, 0x00, 0x00, 0xF2, 0xFF,
    0xFF, 0xFF, 0x5F, 0x00, 0x00, 0x00, 0x00, 0x00, 0x00, 0x00, 0xF2, 0xFF, 0xEF, 0x8C, 0x01, 0x00,
    0x00, 0x00, 0x00, 0x40, 0xFF, 0xFF, 0xFF, 0x04, 0x00, 0x00, 0x00, 0x00, 0x00, 0x00, 0xF3, 0xFF,
    0xFF, 0x0C, 0x00, 0x00, 0x00, 0x00, 0x00, 0x00, 0x30, 0xFE, 0xFF, 0x4F, 0x00, 0x00, 0x00, 0x00,
    0x00, 0x00, 0x00, 0xE2, 0xFF, 0xCF, 0x00, 0x00, 0x00, 0x00, 0x00, 0x00, 0x00, 0x10, 0xFD, 0xFF,
    0x04, 0x00, 0x00, 0x00, 0x00, 0x00, 0x00, 0x00, 0xC1, 0xFF, 0x0C, 0x00, 0x00, 0x00, 0x00, 0x00,
    0x00, 0x00, 0x00, 0x00, 0x00, 0x00, 0x00, 0x00, 0x00, 0x00, 0x00, 0x00, 0x00, 0x00, 0x00, 0x00,
    0x00, 0x00, 0xFF, 0xFF, 0xFF, 0xFF, 0xFF, 0xFF, 0xFF, 0xFF, 0xFF, 0x02, 0xFF, 0xFF, 0xFF, 0xFF,
    0xFF, 0xFF, 0xFF, 0xFF, 0xFF, 0x02, 0xFF, 0xFF, 0xFF, 0xFF, 0xFF, 0xFF, 0xFF, 0xFF, 0xFF, 0x02,
    0xFF, 0xFF, 0xFF, 0xFF, 0xFF, 0xFF, 0xFF, 0xFF, 0xFF, 0x02, 0xFF, 0xFF, 0xFF, 0xFF, 0xFF, 0xFF,
    0xFF, 0xFF, 0xFF, 0x02, 0xFF, 0xFF, 0xFF, 0x6F, 0x00, 0x00, 0x00, 0x00, 0x00, 0x00, 0xFF, 0xFF,
    0xFF, 0x6F, 0x00, 0x00, 0x00, 0x00, 0x00, 0x00, 0xFF, 0xFF, 0xFF, 0x6F, 0x00, 0x00, 0x00, 0x00,
    0x00, 0x00, 0xFF, 0xFF, 0xFF, 0x6F, 0x00, 0x00, 0x00, 0x00, 0x00, 0x00, 0xFF, 0xFF, 0xFF, 0xFF,
    0xFF, 0xFF, 0xFF, 0xFF, 0xAF, 0x00, 0xFF, 0xFF, 0xFF, 0xFF, 0xFF, 0xFF, 0xFF, 0xFF, 0xAF, 0x00,
    0xFF, 0xFF, 0xFF, 0xFF, 0xFF, 0xFF, 0xFF, 0xFF, 0xAF, 0x00, 0xFF, 0xFF, 0xFF, 0xFF, 0xFF, 0xFF,
    0xFF, 0xFF, 0xAF, 0x00, 0xFF, 0xFF, 0xFF, 0xFF, 0xFF, 0xFF, 0xFF, 0xFF, 0xAF, 0x00, 0xFF, 0xFF,
    0xFF, 0x6F, 0x00, 0x00, 0x00, 0x00, 0x00, 0x00, 0xFF, 0xFF, 0xFF, 0x6F, 0x00, 0x00, 0x00, 0x00,
    0x00, 0x00, 0xFF, 0xFF, 0xFF, 0x6F, 0x00, 0x00, 0x00, 0x00, 0x00, 0x00, 0xFF, 0xFF, 0xFF, 0x6F,
    0x00, 0x00, 0x00, 0x00, 0x00, 0x00, 0xFF, 0xFF, 0xFF, 0x6F, 0x00, 0x00, 0x00, 0x00, 0x00, 0x00,
    0xFF, 0xFF, 0xFF, 0xFF, 0xFF, 0xFF, 0xFF, 0xFF, 0xFF, 0x06, 0xFF, 0xFF, 0xFF, 0xFF, 0xFF, 0xFF,
    0xFF, 0xFF, 0xFF, 0x06, 0xFF, 0xFF, 0xFF, 0xFF, 0xFF, 0xFF, 0xFF, 0xFF, 0xFF, 0x06, 0xFF, 0xFF,
    0xFF, 0xFF, 0xFF, 0xFF, 0xFF, 0xFF, 0xFF, 0x06, 0xFF, 0xFF, 0xFF, 0xFF, 0xFF, 0xFF, 0xFF, 0xFF,
    0xFF, 0x06, 0x00, 0x00, 0x00, 0x00, 0xF2, 0xFF, 0xFF, 0x6F, 0x00, 0x00, 0x00, 0x00, 0x00, 0x00,
    0xFA, 0xFF, 0xFF, 0x05, 0x00, 0x00, 0x00, 0x00, 0x00, 0x20, 0xFF, 0xFF, 0x4F, 0x00, 0x00, 0x00,
    0x00, 0x00, 0x00, 0xA0, 0xFF, 0xFF, 0x03, 0x00, 0x00, 0x00, 0x00, 0x00, 0x00, 0xF2, 0xFF, 0x3E,
    0x00, 0x00, 0x00, 0x00, 0x00, 0x00, 0x00, 0xFA, 0xEF, 0x02, 0x00, 0x00, 0x00, 0x00, 0x00, 0x00,
    0x00, 0x00, 0x00, 0x00, 0x00, 0x00, 0x00, 0x00, 0x00, 0x00, 0x00, 0x00, 0x00, 0x00, 0x00, 0x00,
    0x00, 0x00, 0xFF, 0xFF, 0xFF, 0xFF, 0xFF, 0xFF, 0xFF, 0xFF, 0xFF, 0x02, 0xFF, 0xFF, 0xFF, 0xFF,
    0xFF, 0xFF, 0xFF, 0xFF, 0xFF, 0x02, 0xFF, 0xFF, 0xFF, 0xFF, 0xFF, 0xFF, 0xFF, 0xFF, 0xFF, 0x02,
    0xFF, 0xFF, 0xFF, 0xFF, 0xFF, 0xFF, 0xFF, 0xFF, 0xFF, 0x02, 0xFF, 0xFF, 0xFF, 0xFF, 0xFF, 0xFF,
    0xFF, 0xFF, 0xFF, 0x02, 0xFF, 0xFF, 0xFF, 0x6F, 0x00, 0x00, 0x00, 0x00, 0x00, 0x00, 0xFF, 0xFF,
    0xFF, 0x6F, 0x00, 0x00, 0x00, 0x00, 0x00, 0x00, 0xFF, 0xFF, 0xFF, 0x6F, 0x00, 0x00, 0x00, 0x00,
    0x00, 0x00, 0xFF, 0xFF, 0xFF, 0x6F, 0x00, 0x00, 0x00, 0x00, 0x00, 0x00, 0xFF, 0xFF, 0xFF, 0xFF,
    0xFF, 0xFF, 0xFF, 0xFF, 0xAF, 0x00, 0xFF, 0xFF, 0xFF, 0xFF, 0xFF, 0xFF, 0xFF, 0xFF, 0xAF, 0x00,
    0xFF, 0xFF, 0xFF, 0xFF, 0xFF, 0xFF, 0xFF, 0xFF, 0xAF, 0x00, 0xFF, 0xFF, 0xFF, 0xFF, 0xFF, 0xFF,
    0xFF, 0xFF, 0xAF, 0x00, 0xFF, 0xFF, 0xFF, 0xFF, 0xFF, 0xFF, 0xFF, 0xFF, 0xAF, 0x00, 0xFF, 0xFF,
    0xFF, 0x6F, 0x00, 0x00, 0x00, 0x00, 0x00, 0x00, 0xFF, 0xFF, 0xFF, 0x6F, 0x00, 0x00, 0x00, 0x00,
    0x00, 0x00, 0xFF, 0xFF, 0xFF, 0x6F, 0x00, 0x00, 0x00, 0x00, 0x00, 0x00, 0xFF, 0xFF, 0xFF, 0x6F,
    0x00, 0x00, 0x00, 0x00, 0x00, 0x00, 0xFF, 0xFF, 0xFF, 0x6F, 0x00, 0x00, 0x00, 0x00, 0x00, 0x00,
    0xFF, 0xFF, 0xFF, 0xFF, 0xFF, 0xFF, 0xFF, 0xFF, 0xFF, 0x06, 0xFF, 0xFF, 0xFF, 0xFF, 0xFF, 0xFF,
    0xFF, 0xFF, 0xFF, 0x06, 0xFF, 0xFF, 0xFF, 0xFF, 0xFF, 0xFF, 0xFF, 0xFF, 0xFF, 0x06, 0xFF, 0xFF,
    0xFF, 0xFF, 0xFF, 0xFF, 0xFF, 0xFF, 0xFF, 0x06, 0xFF, 0xFF, 0xFF, 0xFF, 0xFF, 0xFF, 0xFF, 0xFF,
    0xFF, 0x06, 0x00, 0x00, 0xD0, 0xFF, 0xFF, 0xFF, 0x3F, 0x00, 0x00, 0x00, 0x00, 0x00, 0xF6, 0xFF,
    0xFF, 0xFF, 0xBF, 0x00, 0x00, 0x00, 0x00, 0x00, 0xFE, 0xFF, 0xFF, 0xFF, 0xFF, 0x04, 0x00, 0x00,
    0x00, 0x70, 0xFF, 0xFF, 0x27, 0xFE, 0xFF, 0x0C, 0x00, 0x00, 0x00, 0xE0, 0xFF, 0x7F, 0x00, 0xE2,
    0xFF, 0x5F, 0x00, 0x00, 0x00, 0xF8, 0xFF, 0x07, 0x00, 0x30, 0xFE, 0xDF, 0x00, 0x00, 0x00, 0x00,
    0x00, 0x00, 0x00, 0x00, 0x00, 0x00, 0x00, 0x00, 0x00, 0x00, 0x00, 0x00, 0x00, 0x00, 0x00, 0x00,
    0x00, 0x00, 0xFF, 0xFF, 0xFF, 0xFF, 0xFF, 0xFF, 0xFF, 0xFF, 0xFF, 0x02, 0xFF, 0xFF, 0xFF, 0xFF,
    0xFF, 0xFF, 0xFF, 0xFF, 0xFF, 0x02, 0xFF, 0xFF, 0xFF, 0xFF, 0xFF, 0xFF, 0xFF, 0xFF, 0xFF, 0x02,
    0xFF, 0xFF, 0xFF, 0xFF, 0xFF, 0xFF, 0xFF, 0xFF, 0xFF, 0x02, 0xFF, 0xFF, 0xFF, 0xFF, 0xFF, 0xFF,
    0xFF, 0xFF, 0xFF, 0x02, 0xFF, 0xFF, 0xFF, 0x6F, 0x00, 0x00, 0x00, 0x00, 0x00, 0x00, 0xFF, 0xFF,
    0xFF, 0x6F, 0x00, 0x00, 0x00, 0x00, 0x00, 0x00, 0xFF, 0xFF, 0xFF, 0x6F, 0x00, 0x00, 0x00, 0x00,
    0x00, 0x00, 0xFF, 0xFF, 0xFF, 0x6F, 0x00, 0x00, 0x00, 0x00, 0x00, 0x00, 0xFF, 0xFF, 0xFF, 0xFF,
    0xFF, 0xFF, 0xFF, 0xFF, 0xAF, 0x00, 0xFF, 0xFF, 0xFF, 0xFF, 0xFF, 0xFF, 0xFF, 0xFF, 0xAF, 0x00,
    0xFF, 0xFF, 0xFF, 0xFF, 0xFF, 0xFF, 0xFF, 0xFF, 0xAF, 0x00, 0xFF, 0xFF, 0xFF, 0xFF, 0xFF, 0xFF,
    0xFF, 0xFF, 0xAF, 0x00, 0xFF, 0xFF, 0xFF, 0xFF, 0xFF, 0xFF, 0xFF, 0xFF, 0xAF, 0x00, 0xFF, 0xFF,
    0xFF, 0x6F, 0x00, 0x00, 0x00, 0x00, 0x00, 0x00, 0xFF, 0xFF, 0xFF, 0x6F, 0x00, 0x00, 0x00, 0x00,
    0x00, 0x00, 0xFF, 0xFF, 0xFF, 0x6F, 0x00, 0x00, 0x00, 0x00, 0x00, 0x00, 0xFF, 0xFF, 0xFF, 0x6F,
    0x00, 0x00, 0x00, 0x00, 0x00, 0x00, 0xFF, 0xFF, 0xFF, 0x6F, 0x00, 0x00, 0x00, 0x00, 0x00, 0x00,
    0xFF, 0xFF, 0xFF, 0xFF, 0xFF, 0xFF, 0xFF, 0xFF, 0xFF, 0x06, 0xFF, 0xFF, 0xFF, 0xFF, 0xFF, 0xFF,
    0xFF, 0xFF, 0xFF, 0x06, 0xFF, 0xFF, 0xFF, 0xFF, 0xFF, 0xFF, 0xFF, 0xFF, 0xFF, 0x06, 0xFF, 0xFF,
    0xFF, 0xFF, 0xFF, 0xFF, 0xFF, 0xFF, 0xFF, 0x06, 0xFF, 0xFF, 0xFF, 0xFF, 0xFF, 0xFF, 0xFF, 0xFF,
    0xFF, 0x06, 0x00, 0x90, 0xCF, 0x02, 0x00, 0x00, 0xFA, 0x2C, 0x00, 0x00, 0x00, 0xF7, 0xFF, 0x0D,
    0x00, 0x70, 0xFF, 0xDF, 0x00, 0x00, 0x00, 0xFA, 0xFF, 0x0F, 0x00, 0xB0, 0xFF, 0xFF, 0x00, 0x00,
    0x00, 0xF7, 0xFF, 0x0D, 0x00, 0x80, 0xFF, 0xDF, 0x00, 0x00, 0x00, 0x90, 0xCF, 0x03, 0x00, 0x00,
    0xFA, 0x2C, 0x00, 0x00, 0x00, 0x00, 0x00, 0x00, 0x00, 0x00, 0x00, 0x00, 0x00, 0x00, 0x00, 0x00,
    0x00, 0x00, 0x00, 0x00, 0x00, 0x00, 0x00, 0x00, 0xFF, 0xFF, 0xFF, 0xFF, 0xFF, 0xFF, 0xFF, 0xFF,
    0xFF, 0x02, 0xFF, 0xFF, 0xFF, 0xFF, 0xFF, 0xFF, 0xFF, 0xFF, 0xFF, 0x02, 0xFF, 0xFF, 0xFF, 0xFF,
    0xFF, 0xFF, 0xFF, 0xFF, 0xFF, 0x02, 0xFF, 0xFF, 0xFF, 0xFF, 0xFF, 0xFF, 0xFF, 0xFF, 0xFF, 0x02,
    0xFF, 0xFF, 0xFF, 0xFF, 0xFF, 0xFF, 0xFF, 0xFF, 0xFF, 0x02, 0xFF, 0xFF, 0xFF, 0x6F, 0x00, 0x00,
    0x00, 0x00, 0x00, 0x00, 0xFF, 0xFF, 0xFF, 0x6F, 0x00, 0x00, 0x00, 0x00, 0x00, 0x00, 0xFF, 0xFF,
    0xFF, 0x6F, 0x00, 0x00, 0x00, 0x00, 0x00, 0x00, 0xFF, 0xFF, 0xFF, 0x6F, 0x00, 0x00, 0x00, 0x00,
    0x00, 0x00, 0xFF, 0xFF, 0xFF, 0xFF, 0xFF, 0xFF, 0xFF, 0xFF, 0xAF, 0x00, 0xFF, 0xFF, 0xFF, 0xFF,
    0xFF, 0xFF, 0xFF, 0xFF, 0xAF, 0x00, 0xFF, 0xFF, 0xFF, 0xFF, 0xFF, 0xFF, 0xFF, 0xFF, 0xAF, 0x00,
    0xFF, 0xFF, 0xFF, 0xFF, 0xFF, 0xFF, 0xFF, 0xFF, 0xAF, 0x00, 0xFF, 0xFF, 0xFF, 0xFF, 0xFF, 0xFF,
    0xFF, 0xFF, 0xAF, 0x00, 0xFF, 0xFF, 0xFF, 0x6F, 0x00, 0x00, 0x00, 0x00, 0x00, 0x00, 0xFF, 0xFF,
    0xFF, 0x6F, 0x00, 0x00, 0x00, 0x00, 0x00, 0x00, 0xFF, 0xFF, 0xFF, 0x6F, 0x00, 0x00, 0x00, 0x00,
    0x00, 0x00, 0xFF, 0xFF, 0xFF, 0x6F, 0x00, 0x00, 0x00, 0x00, 0x00, 0x00, 0xFF, 0xFF, 0xFF, 0x6F,
    0x00, 0x00, 0x00, 0x00, 0x00, 0x00, 0xFF, 0xFF, 0xFF, 0xFF, 0xFF, 0xFF, 0xFF, 0xFF, 0xFF, 0x06,
    0xFF, 0xFF, 0xFF, 0xFF, 0xFF, 0xFF, 0xFF, 0xFF, 0xFF, 0x06, 0xFF, 0xFF, 0xFF, 0xFF, 0xFF, 0xFF,
    0xFF, 0xFF, 0xFF, 0x06, 0xFF, 0xFF, 0xFF, 0xFF, 0xFF, 0xFF, 0xFF, 0xFF, 0xFF, 0x06, 0xFF, 0xFF,
    0xFF, 0xFF, 0xFF, 0xFF, 0xFF, 0xFF, 0xFF, 0x06, 0xA0, 0xFF, 0xFF, 0xDF, 0x00, 0x00, 0x00, 0xF9,
    0xFF, 0xFF, 0x06, 0x00, 0x00, 0x80, 0xFF, 0xFF, 0x0D, 0x00, 0x00, 0x00, 0xF6, 0xFF, 0x6F, 0x00,
    0x00, 0x00, 0x50, 0xFF, 0xEF, 0x00, 0x00, 0x00, 0x00, 0xF4, 0xFF, 0x06, 0x00, 0x00, 0x00, 0x00,
    0x00, 0x00, 0x00, 0x00, 0x00, 0x00, 0x00, 0x00, 0x00, 0xE0, 0xFF, 0xFF, 0xFF, 0x07, 0x00, 0xE0,
    0xFF, 0xFF, 0xFF, 0x07, 0x00, 0xE0, 0xFF, 0xFF, 0xFF, 0x07, 0x00, 0xE0, 0xFF, 0xFF, 0xFF, 0x07,
    0x00, 0xE0, 0xFF, 0xFF, 0xFF, 0x07, 0x00, 0xE0, 0xFF, 0xFF, 0xFF, 0x07, 0x00, 0xE0, 0xFF, 0xFF,
    0xFF, 0x07, 0x00, 0xE0, 0xFF, 0xFF, 0xFF, 0x07, 0x00, 0xE0, 0xFF, 0xFF, 0xFF, 0x07, 0x00, 0xE0,
    0xFF, 0xFF, 0xFF, 0x07, 0x00, 0xE0, 0xFF, 0xFF, 0xFF, 0x07, 0x00, 0xE0, 0xFF, 0xFF, 0xFF, 0x07,
    0x00, 0xE0, 0xFF, 0xFF, 0xFF, 0x07, 0x00, 0xE0, 0xFF, 0xFF, 0xFF, 0x07, 0x00, 0xE0, 0xFF, 0xFF,
    0xFF, 0x07, 0x00, 0xE0, 0xFF, 0xFF, 0xFF, 0x07, 0x00, 0xE0, 0xFF, 0xFF, 0xFF, 0x07, 0x00, 0xE0,
    0xFF, 0xFF, 0xFF, 0x07, 0x00, 0xE0, 0xFF, 0xFF, 0xFF, 0x07, 0x00, 0xE0, 0xFF, 0xFF, 0xFF, 0x07,
    0x00, 0xE0, 0xFF, 0xFF, 0xFF, 0x07, 0x00, 0xE0, 0xFF, 0xFF, 0xFF, 0x07, 0x00, 0xE0, 0xFF, 0xFF,
    0xFF, 0x07, 0x00, 0xE0, 0xFF, 0xFF, 0xFF, 0x07, 0x00, 0x80, 0xFF, 0xFF, 0xEF, 0x02, 0x00, 0xF1,
    0xFF, 0xFF, 0x1D, 0x00, 0x00, 0xF8, 0xFF, 0xCF, 0x01, 0x00, 0x10, 0xFF, 0xFF, 0x0B, 0x00, 0x00,
    0x80, 0xFF, 0xAF, 0x00, 0x00, 0x00, 0xF1, 0xFF, 0x09, 0x00, 0x00, 0x00, 0x00, 0x00, 0x00, 0x00,
    0x00, 0x00, 0x00, 0x00, 0x00, 0x00, 0x00, 0x00, 0xFE, 0xFF, 0xFF, 0x7F, 0x00, 0x00, 0xFE, 0xFF,
    0xFF, 0x7F, 0x00, 0x00, 0xFE, 0xFF, 0xFF, 0x7F, 0x00, 0x00, 0xFE, 0xFF, 0xFF, 0x7F, 0x00, 0x00,
    0xFE, 0xFF, 0xFF, 0x7F, 0x00, 0x00, 0xFE, 0xFF, 0xFF, 0x7F, 0x00, 0x00, 0xFE, 0xFF, 0xFF, 0x7F,
    0x00, 0x00, 0xFE, 0xFF, 0xFF, 0x7F, 0x00, 0x00, 0xFE, 0xFF, 0xFF, 0x7F, 0x00, 0x00, 0xFE, 0xFF,
    0xFF, 0x7F, 0x00, 0x00, 0xFE, 0xFF, 0xFF, 0x7F, 0x00, 0x00, 0xFE, 0xFF, 0xFF, 0x7F, 0x00, 0x00,
    0xFE, 0xFF, 0xFF, 0x7F, 0x00, 0x00, 0xFE, 0xFF, 0xFF, 0x7F, 0x00, 0x00, 0xFE, 0xFF, 0xFF, 0x7F,
    0x00, 0x00, 0xFE, 0xFF, 0xFF, 0x7F, 0x00, 0x00, 0xFE, 0xFF, 0xFF, 0x7F, 0x00, 0x00, 0xFE, 0xFF,
    0xFF, 0x7F, 0x00, 0x00, 0xFE, 0xFF, 0xFF, 0x7F, 0x00, 0x00, 0xFE, 0xFF, 0xFF, 0x7F, 0x00, 0x00,
    0xFE, 0xFF, 0xFF, 0x7F, 0x00, 0x00, 0xFE, 0xFF, 0xFF, 0x7F, 0x00, 0x00, 0xFE, 0xFF, 0xFF, 0x7F,
    0x00, 0x00, 0xFE, 0xFF, 0xFF, 0x7F, 0x00, 0x00, 0x00, 0x30, 0xFF, 0xFF, 0xFF, 0xCF, 0x00, 0x00,
    0x00, 0xC0, 0xFF, 0xFF, 0xFF, 0xFF, 0x05, 0x00, 0x00, 0xF4, 0xFF, 0xFF, 0xFF, 0xFF, 0x0D, 0x00,
    0x00, 0xFD, 0xFF, 0x2E, 0xF7, 0xFF, 0x6F, 0x00, 0x50, 0xFF, 0xEF, 0x02, 0x80, 0xFF, 0xEF, 0x00,
    0xE0, 0xFF, 0x2E, 0x00, 0x00, 0xF8, 0xFF, 0x07, 0x00, 0x00, 0x00, 0x00, 0x00, 0x00, 0x00, 0x00,
    0x00, 0x00, 0x00, 0x00, 0x00, 0x00, 0x00, 0x00, 0x00, 0x00, 0xFE, 0xFF, 0xFF, 0x7F, 0x00, 0x00,
    0x00, 0x00, 0xFE, 0xFF, 0xFF, 0x7F, 0x00, 0x00, 0x00, 0x00, 0xFE, 0xFF, 0xFF, 0x7F, 0x00, 0x00,
    0x00, 0x00, 0xFE, 0xFF, 0xFF, 0x7F, 0x00, 0x00, 0x00, 0x00, 0xFE, 0xFF, 0xFF, 0x7F, 0x00, 0x00,
    0x00, 0x00, 0xFE, 0xFF, 0xFF, 0x7F, 0x00, 0x00, 0x00, 0x00, 0xFE, 0xFF, 0xFF, 0x7F, 0x00, 0x00,
    0x00, 0x00, 0xFE, 0xFF, 0xFF, 0x7F, 0x00, 0x00, 0x00, 0x00, 0xFE, 0xFF, 0xFF, 0x7F, 0x00, 0x00,
    0x00, 0x00, 0xFE, 0xFF, 0xFF, 0x7F, 0x00, 0x00, 0x00, 0x00, 0xFE, 0xFF, 0xFF, 0x7F, 0x00, 0x00,
    0x00, 0x00, 0xFE, 0xFF, 0xFF, 0x7F, 0x00, 0x00, 0x00, 0x00, 0xFE, 0xFF, 0xFF, 0x7F, 0x00, 0x00,
    0x00, 0x00, 0xFE, 0xFF, 0xFF, 0x7F, 0x00, 0x00, 0x00, 0x00, 0xFE, 0xFF, 0xFF, 0x7F, 0x00, 0x00,
    0x00, 0x00, 0xFE, 0xFF, 0xFF, 0x7F, 0x00, 0x00, 0x00, 0x00, 0xFE, 0xFF, 0xFF, 0x7F, 0x00, 0x00,
    0x00, 0x00, 0xFE, 0xFF, 0xFF, 0x7F, 0x00, 0x00, 0x00, 0x00, 0xFE, 0xFF, 0xFF, 0x7F, 0x00, 0x00,
    0x00, 0x00, 0xFE, 0xFF, 0xFF, 0x7F, 0x00, 0x00, 0x00, 0x00, 0xFE, 0xFF, 0xFF, 0x7F, 0x00, 0x00,
    0x00, 0x00, 0xFE, 0xFF, 0xFF, 0x7F, 0x00, 0x00, 0x00, 0x00, 0xFE, 0xFF, 0xFF, 0x7F, 0x00, 0x00,
    0x00, 0x00, 0xFE, 0xFF, 0xFF, 0x7F, 0x00, 0x00, 0x20, 0xFC, 0x09, 0x00, 0x00, 0xD3, 0x9E, 0x00,
    0xD0, 0xFF, 0x7F, 0x00, 0x00, 0xFE, 0xFF, 0x06, 0xF1, 0xFF, 0xAF, 0x00, 0x10, 0xFF, 0xFF, 0x09,
    0xD0, 0xFF, 0x7F, 0x00, 0x00, 0xFE, 0xFF, 0x06, 0x20, 0xFC, 0x09, 0x00, 0x00, 0xD3, 0x9F, 0x00,
    0x00, 0x00, 0x00, 0x00, 0x00, 0x00, 0x00, 0x00, 0x00, 0x00, 0x00, 0x00, 0x00, 0x00, 0x00, 0x00,
    0x00, 0x00, 0xFE, 0xFF, 0xFF, 0x7F, 0x00, 0x00, 0x00, 0x00, 0xFE, 0xFF, 0xFF, 0x7F, 0x00, 0x00,
    0x00, 0x00, 0xFE, 0xFF, 0xFF, 0x7F, 0x00, 0x00, 0x00, 0x00, 0xFE, 0xFF, 0xFF, 0x7F, 0x00, 0x00,
    0x00, 0x00, 0xFE, 0xFF, 0xFF, 0x7F, 0x00, 0x00, 0x00, 0x00, 0xFE, 0xFF, 0xFF, 0x7F, 0x00, 0x00,
    0x00, 0x00, 0xFE, 0xFF, 0xFF, 0x7F, 0x00, 0x00, 0x00, 0x00, 0xFE, 0xFF, 0xFF, 0x7F, 0x00, 0x00,
    0x00, 0x00, 0xFE, 0xFF, 0xFF, 0x7F, 0x00, 0x00, 0x00, 0x00, 0xFE, 0xFF, 0xFF, 0x7F, 0x00, 0x00,
    0x00, 0x00, 0xFE, 0xFF, 0xFF, 0x7F, 0x00, 0x00, 0x00, 0x00, 0xFE, 0xFF, 0xFF, 0x7F, 0x00, 0x00,
    0x00, 0x00, 0xFE, 0xFF, 0xFF, 0x7F, 0x00, 0x00, 0x00, 0x00, 0xFE, 0xFF, 0xFF, 0x7F, 0x00, 0x00,
    0x00, 0x00, 0xFE, 0xFF, 0xFF, 0x7F, 0x00, 0x00, 0x00, 0x00, 0xFE, 0xFF, 0xFF, 0x7F, 0x00, 0x00,
    0x00, 0x00, 0xFE, 0xFF, 0xFF, 0x7F, 0x00, 0x00, 0x00, 0x00, 0xFE, 0xFF, 0xFF, 0x7F, 0x00, 0x00,
    0x00, 0x00, 0xFE, 0xFF, 0xFF, 0x7F, 0x00, 0x00, 0x00, 0x00, 0xFE, 0xFF, 0xFF, 0x7F, 0x00, 0x00,
    0x00, 0x00, 0xFE, 0xFF, 0xFF, 0x7F, 0x00, 0x00, 0x00, 0x00, 0xFE, 0xFF, 0xFF, 0x7F, 0x00, 0x00,
    0x00, 0x00, 0xFE, 0xFF, 0xFF, 0x7F, 0x00, 0x00, 0x00, 0x00, 0xFE, 0xFF, 0xFF, 0x7F, 0x00, 0x00,
    0x00, 0xF0, 0xFF, 0xFF, 0xFF, 0xFF, 0xFF, 0xEF, 0xBD, 0x38, 0x00, 0x00, 0x00, 0x00, 0x00, 0x00,
    0xF0, 0xFF, 0xFF, 0xFF, 0xFF, 0xFF, 0xFF, 0xFF, 0xFF, 0x8E, 0x01, 0x00, 0x00, 0x00, 0x00, 0xF0,
    0xFF, 0xFF, 0xFF, 0xFF, 0xFF, 0xFF, 0xFF, 0xFF, 0xFF, 0x4E, 0x00, 0x00, 0x00, 0x00, 0xF0, 0xFF,
    0xFF, 0xFF, 0xFF, 0xFF, 0xFF, 0xFF, 0xFF, 0xFF, 0xFF, 0x06, 0x00, 0x00, 0x00, 0xF0, 0xFF, 0xFF,
    0xFF, 0xFF, 0xFF, 0xFF, 0xFF, 0xFF, 0xFF, 0xFF, 0x6F, 0x00, 0x00, 0x00, 0xF0, 0xFF, 0xFF, 0xFF,
    0x06, 0x00, 0x31, 0xD7, 0xFF, 0xFF, 0xFF, 0xFF, 0x02, 0x00, 0x00, 0xF0, 0xFF, 0xFF, 0xFF, 0x06,
    0x00, 0x00, 0x00, 0xF9, 0xFF, 0xFF, 0xFF, 0x0B, 0x00, 0x00, 0xF0, 0xFF, 0xFF, 0xFF, 0x06, 0x00,
    0x00, 0x00, 0xA0, 0xFF, 0xFF, 0xFF, 0x2F, 0x00, 0x00, 0xF0, 0xFF, 0xFF, 0xFF, 0x06, 0x00, 0x00,
    0x00, 0x10, 0xFF, 0xFF, 0xFF, 0x8F, 0x00, 0x00, 0xF0, 0xFF, 0xFF, 0xFF, 0x06, 0x00, 0x00, 0x00,
    0x00, 0xFB, 0xFF, 0xFF, 0xCF, 0x00, 0xFA, 0xFF, 0xFF, 0xFF, 0xFF, 0xFF, 0xFF, 0x6F, 0x00, 0x00,
    0xF7, 0xFF, 0xFF, 0xFF, 0x00, 0xFA, 0xFF, 0xFF, 0xFF, 0xFF, 0xFF, 0xFF, 0x6F, 0x00, 0x00, 0xF6,
    0xFF, 0xFF, 0xFF, 0x00, 0xFA, 0xFF, 0xFF, 0xFF, 0xFF, 0xFF, 0xFF, 0x6F, 0x00, 0x00, 0xF6, 0xFF,
    0xFF, 0xFF, 0x01, 0xFA, 0xFF, 0xFF, 0xFF, 0xFF, 0xFF, 0xFF, 0x6F, 0x00, 0x00, 0xF7, 0xFF, 0xFF,
    0xFF, 0x00, 0x00, 0xF0, 0xFF, 0xFF, 0xFF, 0x06, 0x00, 0x00, 0x00, 0x00, 0xF9, 0xFF, 0xFF, 0xFF,
    0x00, 0x00, 0xF0, 0xFF, 0xFF, 0xFF, 0x06, 0x00, 0x00, 0x00, 0x00, 0xFD, 0xFF, 0xFF, 0xCF, 0x00,
    0x00, 0xF0, 0xFF, 0xFF, 0xFF, 0x06, 0x00, 0x00, 0x00, 0x50, 0xFF, 0xFF, 0xFF, 0x8F, 0x00, 0x00,
    0xF0, 0xFF, 0xFF, 0xFF, 0x06, 0x00, 0x00, 0x00, 0xF5, 0xFF, 0xFF, 0xFF, 0x2F, 0x00, 0x00, 0xF0,
    0xFF, 0xFF, 0xFF, 0x06, 0x00, 0x30, 0xC6, 0xFF, 0xFF, 0xFF, 0xFF, 0x0A, 0x00, 0x00, 0xF0, 0xFF,
    0xFF, 0xFF, 0xFF, 0xFF, 0xFF, 0xFF, 0xFF, 0xFF, 0xFF, 0xDF, 0x00, 0x00, 0x00, 0xF0, 0xFF, 0xFF,
    0xFF, 0xFF, 0xFF, 0xFF, 0xFF, 0xFF, 0xFF, 0xFF, 0x3E, 0x00, 0x00, 0x00, 0xF0, 0xFF, 0xFF, 0xFF,
    0xFF, 0xFF, 0xFF, 0xFF, 0xFF, 0xFF, 0xEF, 0x02, 0x00, 0x00, 0x00, 0xF0, 0xFF, 0xFF, 0xFF, 0xFF,
    0xFF, 0xFF, 0xFF, 0xFF, 0xFF, 0x19, 0x00, 0x00, 0x00, 0x00, 0xF0, 0xFF, 0xFF, 0xFF, 0xFF, 0xFF,
    0xFF, 0xEF, 0xAD, 0x17, 0x00, 0x00, 0x00, 0x00, 0x00, 0x00, 0x00, 0x00, 0xC4, 0xCF, 0x07, 0x00,
    0xA0, 0xFF, 0x03, 0x00, 0x00, 0x00, 0x00, 0x00, 0x00, 0x50, 0xFF, 0xFF, 0xFF, 0x28, 0xF2, 0xFF,
    0x01, 0x00, 0x00, 0x00, 0x00, 0x00, 0x00, 0xE0, 0xFF, 0xFF, 0xFF, 0xFF, 0xFF, 0xEF, 0x00, 0x00,
    0x00, 0x00, 0x00, 0x00, 0x00, 0xF5, 0xFF, 0xFF, 0xFF, 0xFF, 0xFF, 0x9F, 0x00, 0x00, 0x00, 0x00,
    0x00, 0x00, 0x00, 0xF8, 0xAF, 0x40, 0xFB, 0xFF, 0xFF, 0x1E, 0x00, 0x00, 0x00, 0x00, 0x00, 0x00,
    0x00, 0xFA, 0x3F, 0x00, 0x20, 0xE9, 0xBF, 0x02, 0x00, 0x00, 0x00, 0x00, 0x00, 0x00, 0x00, 0x00,
    0x00, 0x00, 0x00, 0x00, 0x00, 0x00, 0x00, 0x00, 0x00, 0x00, 0x00, 0x00, 0x00, 0x00, 0x00, 0x00,
    0x00, 0x00, 0x00, 0x00, 0x00, 0x00, 0x00, 0x00, 0xFF, 0xFF, 0xFF, 0x2E, 0x00, 0x00, 0x00, 0x00,
    0x00, 0xD0, 0xFF, 0xFF, 0xFF, 0x08, 0xFF, 0xFF, 0xFF, 0xEF, 0x01, 0x00, 0x00, 0x00, 0x00, 0xD0,
    0xFF, 0xFF, 0xFF, 0x08, 0xFF, 0xFF, 0xFF, 0xFF, 0x1D, 0x00, 0x00, 0x00, 0x00, 0xD0, 0xFF, 0xFF,
    0xFF, 0x08, 0xFF, 0xFF, 0xFF, 0xFF, 0xDF, 0x01, 0x00, 0x00, 0x00, 0xD0, 0xFF, 0xFF, 0xFF, 0x08,
    0xFF, 0xFF, 0xFF, 0xFF, 0xFF, 0x0C, 0x00, 0x00, 0x00, 0xD0, 0xFF, 0xFF, 0xFF, 0x08, 0xFF, 0xFF,
    0xFF, 0xFF, 0xFF, 0xCF, 0x00, 0x00, 0x00, 0xD0, 0xFF, 0xFF, 0xFF, 0x08, 0xFF, 0xFF, 0xFF, 0xFF,
    0xFF, 0xFF, 0x0B, 0x00, 0x00, 0xD0, 0xFF, 0xFF, 0xFF, 0x08, 0xFF, 0xFF, 0xFF, 0xFF, 0xFF, 0xFF,
    0xAF, 0x00, 0x00, 0xD0, 0xFF, 0xFF, 0xFF, 0x08, 0xFF, 0xFF, 0xFF, 0xFF, 0xFF, 0xFF, 0xFF, 0x0A,
    0x00, 0xD0, 0xFF, 0xFF, 0xFF, 0x08, 0xFF, 0xFF, 0xFF, 0xFF, 0xFF, 0xFF, 0xFF, 0x9F, 0x00, 0xD0,
    0xFF, 0xFF, 0xFF, 0x08, 0xFF, 0xFF, 0xFF, 0xEF, 0xFF, 0xFF, 0xFF, 0xFF, 0x08, 0xD0, 0xFF, 0xFF,
    0xFF, 0x08, 0xFF, 0xFF, 0xFF, 0x6F, 0xFC, 0xFF, 0xFF, 0xFF, 0x7F, 0xD0, 0xFF, 0xFF, 0xFF, 0x08,
    0xFF, 0xFF, 0xFF, 0x5F, 0xD1, 0xFF, 0xFF, 0xFF, 0xFF, 0xD6, 0xFF, 0xFF, 0xFF, 0x08, 0xFF, 0xFF,
    0xFF, 0x5F, 0x10, 0xFD, 0xFF, 0xFF, 0xFF, 0xFF, 0xFF, 0xFF, 0xFF, 0x08, 0xFF, 0xFF, 0xFF, 0x5F,
    0x00, 0xE1, 0xFF, 0xFF, 0xFF, 0xFF, 0xFF, 0xFF, 0xFF, 0x08, 0xFF, 0xFF, 0xFF, 0x5F, 0x00, 0x20,
    0xFE, 0xFF, 0xFF, 0xFF, 0xFF, 0xFF, 0xFF, 0x08, 0xFF, 0xFF, 0xFF, 0x5F, 0x00, 0x00, 0xE2, 0xFF,
    0xFF, 0xFF, 0xFF, 0xFF, 0xFF, 0x08, 0xFF, 0xFF, 0xFF, 0x5F, 0x00, 0x00, 0x30, 0xFF, 0xFF, 0xFF,
    0xFF, 0xFF, 0xFF, 0x08, 0xFF, 0xFF, 0xFF, 0x5F, 0x00, 0x00, 0x00, 0xF3, 0xFF, 0xFF, 0xFF, 0xFF,
    0xFF, 0x08, 0xFF, 0xFF, 0xFF, 0x5F, 0x00, 0x00, 0x00, 0x40, 0xFF, 0xFF, 0xFF, 0xFF, 0xFF, 0x08,
    0xFF, 0xFF, 0xFF, 0x5F, 0x00, 0x00, 0x00, 0x00, 0xF5, 0xFF, 0xFF, 0xFF, 0xFF, 0x08, 0xFF, 0xFF,
    0xFF, 0x5F, 0x00, 0x00, 0x00, 0x00, 0x60, 0xFF, 0xFF, 0xFF, 0xFF, 0x08, 0xFF, 0xFF, 0xFF, 0x5F,
    0x00, 0x00, 0x00, 0x00, 0x00, 0xF6, 0xFF, 0xFF, 0xFF, 0x08, 0xFF, 0xFF, 0xFF, 0x5F, 0x00, 0x00,
    0x00, 0x00, 0x00, 0x70, 0xFF, 0xFF, 0xFF, 0x08, 0x00, 0x00, 0x00, 0x00, 0xE3, 0xFF, 0xFF, 0x6F,
    0x00, 0x00, 0x00, 0x00, 0x00, 0x00, 0x00, 0x00, 0x00, 0x00, 0x00, 0x20, 0xFE, 0xFF, 0xEF, 0x00,
    0x00, 0x00, 0x00, 0x00, 0x00, 0x00, 0x00, 0x00, 0x00, 0x00, 0x00, 0xD1, 0xFF, 0xFF, 0x06, 0x00,
    0x00, 0x00, 0x00, 0x00, 0x00, 0x00, 0x00, 0x00, 0x00, 0x00, 0x10, 0xFC, 0xFF, 0x0E, 0x00, 0x00,
    0x00, 0x00, 0x00, 0x00, 0x00, 0x00, 0x00, 0x00, 0x00, 0x00, 0xB0, 0xFF, 0x7F, 0x00, 0x00, 0x00,
    0x00, 0x00, 0x00, 0x00, 0x00, 0x00, 0x00, 0x00, 0x00, 0x00, 0xFA, 0xEF, 0x00, 0x00, 0x00, 0x00,
    0x00, 0x00, 0x00, 0x00, 0x00, 0x00, 0x00, 0x00, 0x00, 0x00, 0x00, 0x00, 0x00, 0x00, 0x00, 0x00,
    0x00, 0x00, 0x00, 0x00, 0x00, 0x51, 0xC9, 0xFE, 0xEF, 0xBD, 0x37, 0x00, 0x00, 0x00, 0x00, 0x00,
    0x00, 0x00, 0x00, 0xA2, 0xFF, 0xFF, 0xFF, 0xFF, 0xFF, 0xFF, 0x6E, 0x00, 0x00, 0x00, 0x00, 0x00,
    0x00, 0x80, 0xFF, 0xFF, 0xFF, 0xFF, 0xFF, 0xFF, 0xFF, 0xFF, 0x3E, 0x00, 0x00, 0x00, 0x00, 0x00,
    0xFB, 0xFF, 0xFF, 0xFF, 0xFF, 0xFF, 0xFF, 0xFF, 0xFF, 0xFF, 0x06, 0x00, 0x00, 0x00, 0xB0, 0xFF,
    0xFF, 0xFF, 0xFF, 0xFF, 0xFF, 0xFF, 0xFF, 0xFF, 0xFF, 0x4F, 0x00, 0x00, 0x00, 0xF7, 0xFF, 0xFF,
    0xFF, 0xFF, 0xFF, 0xFF, 0xFF, 0xFF, 0xFF, 0xFF, 0xFF, 0x02, 0x00, 0x10, 0xFF, 0xFF, 0xFF, 0xFF,
    0x8F, 0x13, 0x10, 0xB5, 0xFF, 0xFF, 0xFF, 0xFF, 0x0A, 0x00, 0x80, 0xFF, 0xFF, 0xFF, 0xDF, 0x02,
    0x00, 0x00, 0x00, 0xF6, 0xFF, 0xFF, 0xFF, 0x2F, 0x00, 0xE0, 0xFF, 0xFF, 0xFF, 0x2F, 0x00, 0x00,
    0x00, 0x00, 0x70, 0xFF, 0xFF, 0xFF, 0x7F, 0x00, 0xF2, 0xFF, 0xFF, 0xFF, 0x09, 0x00, 0x00, 0x00,
    0x00, 0x00, 0xFE, 0xFF, 0xFF, 0xCF, 0x00, 0xF5, 0xFF, 0xFF, 0xFF, 0x03, 0x00, 0x00, 0x00, 0x00,
    0x00, 0xF9, 0xFF, 0xFF, 0xFF, 0x00, 0xF7, 0xFF, 0xFF, 0xFF, 0x00, 0x00, 0x00, 0x00, 0x00, 0x00,
    0xF6, 0xFF, 0xFF, 0xFF, 0x00, 0xF8, 0xFF, 0xFF, 0xFF, 0x00, 0x00, 0x00, 0x00, 0x00, 0x00, 0xF6,
    0xFF, 0xFF, 0xFF, 0x01, 0xF7, 0xFF, 0xFF, 0xFF, 0x00, 0x00, 0x00, 0x00, 0x00, 0x00, 0xF7, 0xFF,
    0xFF, 0xFF, 0x00, 0xF5, 0xFF, 0xFF, 0xFF, 0x03, 0x00, 0x00, 0x00, 0x00, 0x00, 0xFA, 0xFF, 0xFF,
    0xFF, 0x00, 0xF2, 0xFF, 0xFF, 0xFF, 0x09, 0x00, 0x00, 0x00, 0x00, 0x00, 0xFE, 0xFF, 0xFF, 0xCF,
    0x00, 0xD0, 0xFF, 0xFF, 0xFF, 0x2F, 0x00, 0x00, 0x00, 0x00, 0x80, 0xFF, 0xFF, 0xFF, 0x7F, 0x00,
    0x80, 0xFF, 0xFF, 0xFF, 0xDF, 0x02, 0x00, 0x00, 0x00, 0xF6, 0xFF, 0xFF, 0xFF, 0x2F, 0x00, 0x10,
    0xFF, 0xFF, 0xFF, 0xFF, 0x8F, 0x03, 0x20, 0xB5, 0xFF, 0xFF, 0xFF, 0xFF, 0x0A, 0x00, 0x00, 0xF7,
    0xFF, 0xFF, 0xFF, 0xFF, 0xFF, 0xFF, 0xFF, 0xFF, 0xFF, 0xFF, 0xFF, 0x01, 0x00, 0x00, 0xA0, 0xFF,
    0xFF, 0xFF, 0xFF, 0xFF, 0xFF, 0xFF, 0xFF, 0xFF, 0xFF, 0x5F, 0x00, 0x00, 0x00, 0x00, 0xFB, 0xFF,
    0xFF, 0xFF, 0xFF, 0xFF, 0xFF, 0xFF, 0xFF, 0xFF, 0x06, 0x00, 0x00, 0x00, 0x00, 0x70, 0xFF, 0xFF,
    0xFF, 0xFF, 0xFF, 0xFF, 0xFF, 0xFF, 0x4E, 0x00, 0x00, 0x00, 0x00, 0x00, 0x00, 0xA2, 0xFF, 0xFF,
    0xFF, 0xFF, 0xFF, 0xFF, 0x7E, 0x00, 0x00, 0x00, 0x00, 0x00, 0x00, 0x00, 0x00, 0x61, 0xC9, 0xFE,
    0xFF, 0xBE, 0x48, 0x00, 0x00, 0x00, 0x00, 0x00, 0x00, 0x00, 0x00, 0x00, 0x00, 0x00, 0x10, 0xFF,
    0xFF, 0xFF, 0x08, 0x00, 0x00, 0x00, 0x00, 0x00, 0x00, 0x00, 0x00, 0x00, 0x00, 0x80, 0xFF, 0xFF,
    0x7F, 0x00, 0x00, 0x00, 0x00, 0x00, 0x00, 0x00, 0x00, 0x00, 0x00, 0x00, 0xF1, 0xFF, 0xFF, 0x06,
    0x00, 0x00, 0x00, 0x00, 0x00, 0x00, 0x00, 0x00, 0x00, 0x00, 0x00, 0xF8, 0xFF, 0x5F, 0x00, 0x00,
    0x00, 0x00, 0x00, 0x00, 0x00, 0x00, 0x00, 0x00, 0x00, 0x10, 0xFF, 0xFF, 0x04, 0x00, 0x00, 0x00,
    0x00, 0x00, 0x00, 0x00, 0x00, 0x00, 0x00, 0x00, 0x80, 0xFF, 0x3E, 0x00, 0x00, 0x00, 0x00, 0x00,
    0x00, 0x00, 0x00, 0x00, 0x00, 0x00, 0x00, 0x00, 0x00, 0x00, 0x00, 0x00, 0x00, 0x00, 0x00, 0x00,
    0x00, 0x00, 0x00, 0x00, 0x00, 0x51, 0xC9, 0xFE, 0xEF, 0xBD, 0x37, 0x00, 0x00, 0x00, 0x00, 0x00,
    0x00, 0x00, 0x00, 0xA2, 0xFF, 0xFF, 0xFF, 0xFF, 0xFF, 0xFF, 0x6E, 0x00, 0x00, 0x00, 0x00, 0x00,
    0x00, 0x80, 0xFF, 0xFF, 0xFF, 0xFF, 0xFF, 0xFF, 0xFF, 0xFF, 0x3E, 0x00, 0x00, 0x00, 0x00, 0x00,
    0xFB, 0xFF, 0xFF, 0xFF, 0xFF, 0xFF, 0xFF, 0xFF, 0xFF, 0xFF, 0x06, 0x00, 0x00, 0x00, 0xB0, 0xFF,
    0xFF, 0xFF, 0xFF, 0xFF, 0xFF, 0xFF, 0xFF, 0xFF, 0xFF, 0x4F, 0x00, 0x00, 0x00, 0xF7, 0xFF, 0xFF,
    0xFF, 0xFF, 0xFF, 0xFF, 0xFF, 0xFF, 0xFF, 0xFF, 0xFF, 0x02, 0x00, 0x10, 0xFF, 0xFF, 0xFF, 0xFF,
    0x8F, 0x13, 0x10, 0xB5, 0xFF, 0xFF, 0xFF, 0xFF, 0x0A, 0x00, 0x80, 0xFF, 0xFF, 0xFF, 0xDF, 0x02,
    0x00, 0x00, 0x00, 0xF6, 0xFF, 0xFF, 0xFF, 0x2F, 0x00, 0xE0, 0xFF, 0xFF, 0xFF, 0x2F, 0x00, 0x00,
    0x00, 0x00, 0x70, 0xFF, 0xFF, 0xFF, 0x7F, 0x00, 0xF2, 0xFF, 0xFF, 0xFF, 0x09, 0x00, 0x00, 0x00,
    0x00, 0x00, 0xFE, 0xFF, 0xFF, 0xCF, 0x00, 0xF5, 0xFF, 0xFF, 0xFF, 0x03, 0x00, 0x00, 0x00, 0x00,
    0x00, 0xF9, 0xFF, 0xFF, 0xFF, 0x00, 0xF7, 0xFF, 0xFF, 0xFF, 0x00, 0x00, 0x00, 0x00, 0x00, 0x00,
    0xF6, 0xFF, 0xFF, 0xFF, 0x00, 0xF8, 0xFF, 0xFF, 0xFF, 0x00, 0x00, 0x00, 0x00, 0x00, 0x00, 0xF6,
    0xFF, 0xFF, 0xFF, 0x01, 0xF7, 0xFF, 0xFF, 0xFF, 0x00, 0x00, 0x00, 0x00, 0x00, 0x00, 0xF7, 0xFF,
    0xFF, 0xFF, 0x00, 0xF5, 0xFF, 0xFF, 0xFF, 0x03, 0x00, 0x00, 0x00, 0x00, 0x00, 0xFA, 0xFF, 0xFF,
    0xFF, 0x00, 0xF2, 0xFF, 0xFF, 0xFF, 0x09, 0x00, 0x00, 0x00, 0x00, 0x00, 0xFE, 0xFF, 0xFF, 0xCF,
    0x00, 0xD0, 0xFF, 0xFF, 0xFF, 0x2F, 0x00, 0x00, 0x00, 0x00, 0x80, 0xFF, 0xFF, 0xFF, 0x7F, 0x00,
    0x80, 0xFF, 0xFF, 0xFF, 0xDF, 0x02, 0x00, 0x00, 0x00, 0xF6, 0xFF, 0xFF, 0xFF, 0x2F, 0x00, 0x10,
    0xFF, 0xFF, 0xFF, 0xFF, 0x8F, 0x03, 0x20, 0xB5, 0xFF, 0xFF, 0xFF, 0xFF, 0x0A, 0x00, 0x00, 0xF7,
    0xFF, 0xFF, 0xFF, 0xFF, 0xFF, 0xFF, 0xFF, 0xFF, 0xFF, 0xFF, 0xFF, 0x01, 0x00, 0x00, 0xA0, 0xFF,
    0xFF, 0xFF, 0xFF, 0xFF, 0xFF, 0xFF, 0xFF, 0xFF, 0xFF, 0x5F, 0x00, 0x00, 0x00, 0x00, 0xFB, 0xFF,
    0xFF, 0xFF, 0xFF, 0xFF, 0xFF, 0xFF, 0xFF, 0xFF, 0x06, 0x00, 0x00, 0x00, 0x00, 0x70, 0xFF, 0xFF,
    0xFF, 0xFF, 0xFF, 0xFF, 0xFF, 0xFF, 0x4E, 0x00, 0x00, 0x00, 0x00, 0x00, 0x00, 0xA2, 0xFF, 0xFF,
    0xFF, 0xFF, 0xFF, 0xFF, 0x7E, 0x00, 0x00, 0x00, 0x00, 0x00, 0x00, 0x00, 0x00, 0x61, 0xC9, 0xFE,
    0xFF, 0xBE, 0x48, 0x00, 0x00, 0x00, 0x00, 0x00, 0x00, 0x00, 0x00, 0x00, 0x00, 0xFB, 0xFF, 0xFF,
    0xFF, 0x05, 0x00, 0x00, 0x00, 0x00, 0x00, 0x00, 0x00, 0x00, 0x00, 0x40, 0xFF, 0xFF, 0xFF, 0xFF,
    0x0D, 0x00, 0x00, 0x00, 0x00, 0x00, 0x00, 0x00, 0x00, 0x00, 0xC0, 0xFF, 0xFF, 0xFF, 0xFF, 0x6F,
    0x00, 0x00, 0x00, 0x00, 0x00, 0x00, 0x00, 0x00, 0x00, 0xF5, 0xFF, 0x9F, 0xD1, 0xFF, 0xEF, 0x00,
    0x00, 0x00, 0x00, 0x00, 0x00, 0x00, 0x00, 0x00, 0xFD, 0xFF, 0x09, 0x10, 0xFD, 0xFF, 0x07, 0x00,
    0x00, 0x00, 0x00, 0x00, 0x00, 0x00, 0x60, 0xFF, 0x9F, 0x00, 0x00, 0xE1, 0xFF, 0x1E, 0x00, 0x00,
    0x00, 0x00, 0x00, 0x00, 0x00, 0x00, 0x00, 0x00, 0x00, 0x00, 0x00, 0x00, 0x00, 0x00, 0x00, 0x00,
    0x00, 0x00, 0x00, 0x00, 0x00, 0x51, 0xC9, 0xFE, 0xEF, 0xBD, 0x37, 0x00, 0x00, 0x00, 0x00, 0x00,
    0x00, 0x00, 0x00, 0xA2, 0xFF, 0xFF, 0xFF, 0xFF, 0xFF, 0xFF, 0x6E, 0x00, 0x00, 0x00, 0x00, 0x00,
    0x00, 0x80, 0xFF, 0xFF, 0xFF, 0xFF, 0xFF, 0xFF, 0xFF, 0xFF, 0x3E, 0x00, 0x00, 0x00, 0x00, 0x00,
    0xFB, 0xFF, 0xFF, 0xFF, 0xFF, 0xFF, 0xFF, 0xFF, 0xFF, 0xFF, 0x06, 0x00, 0x00, 0x00, 0xB0, 0xFF,
    0xFF, 0xFF, 0xFF, 0xFF, 0xFF, 0xFF, 0xFF, 0xFF, 0xFF, 0x4F, 0x00, 0x00, 0x00, 0xF7, 0xFF, 0xFF,
    0xFF, 0xFF, 0xFF, 0xFF, 0xFF, 0xFF, 0xFF, 0xFF, 0xFF, 0x02, 0x00, 0x10, 0xFF, 0xFF, 0xFF, 0xFF,
    0x8F, 0x13, 0x10, 0xB5, 0xFF, 0xFF, 0xFF, 0xFF, 0x0A, 0x00, 0x80, 0xFF, 0xFF, 0xFF, 0xDF, 0x02,
    0x00, 0x00, 0x00, 0xF6, 0xFF, 0xFF, 0xFF, 0x2F, 0x00, 0xE0, 0xFF, 0xFF, 0xFF, 0x2F, 0x00, 0x00,
    0x00, 0x00, 0x70, 0xFF, 0xFF, 0xFF, 0x7F, 0x00, 0xF2, 0xFF, 0xFF, 0xFF, 0x09, 0x00, 0x00, 0x00,
    0x00, 0x00, 0xFE, 0xFF, 0xFF, 0xCF, 0x00, 0xF5, 0xFF, 0xFF, 0xFF, 0x03, 0x00, 0x00, 0x00, 0x00,
    0x00, 0xF9, 0xFF, 0xFF, 0xFF, 0x00, 0xF7, 0xFF, 0xFF, 0xFF, 0x00, 0x00, 0x00, 0x00, 0x00, 0x00,
    0xF6, 0xFF, 0xFF, 0xFF, 0x00, 0xF8, 0xFF, 0xFF, 0xFF, 0x00, 0x00, 0x00, 0x00, 0x00, 0x00, 0xF6,
    0xFF, 0xFF, 0xFF, 0x01, 0xF7, 0xFF, 0xFF, 0xFF, 0x00, 0x00, 0x00, 0x00, 0x00, 0x00, 0xF7, 0xFF,
    0xFF, 0xFF, 0x00, 0xF5, 0xFF, 0xFF, 0xFF, 0x03, 0x00, 0x00, 0x00, 0x00, 0x00, 0xFA, 0xFF, 0xFF,
    0xFF, 0x00, 0xF2, 0xFF, 0xFF, 0xFF, 0x09, 0x00, 0x00, 0x00, 0x00, 0x00, 0xFE, 0xFF, 0xFF, 0xCF,
    0x00, 0xD0, 0xFF, 0xFF, 0xFF, 0x2F, 0x00, 0x00, 0x00, 0x00, 0x80, 0xFF, 0xFF, 0xFF, 0x7F, 0x00,
    0x80, 0xFF, 0xFF, 0xFF, 0xDF, 0x02, 0x00, 0x00, 0x00, 0xF6, 0xFF, 0xFF, 0xFF, 0x2F, 0x00, 0x10,
    0xFF, 0xFF, 0xFF, 0xFF, 0x8F, 0x03, 0x20, 0xB5, 0xFF, 0xFF, 0xFF, 0xFF, 0x0A, 0x00, 0x00, 0xF7,
    0xFF, 0xFF, 0xFF, 0xFF, 0xFF, 0xFF, 0xFF, 0xFF, 0xFF, 0xFF, 0xFF, 0x01, 0x00, 0x00, 0xA0, 0xFF,
    0xFF, 0xFF, 0xFF, 0xFF, 0xFF, 0xFF, 0xFF, 0xFF, 0xFF, 0x5F, 0x00, 0x00, 0x00, 0x00, 0xFB, 0xFF,
    0xFF, 0xFF, 0xFF, 0xFF, 0xFF, 0xFF, 0xFF, 0xFF, 0x06, 0x00, 0x00, 0x00, 0x00, 0x70, 0xFF, 0xFF,
    0xFF, 0xFF, 0xFF, 0xFF, 0xFF, 0xFF, 0x4E, 0x00, 0x00, 0x00, 0x00, 0x00, 0x00, 0xA2, 0xFF, 0xFF,
    0xFF, 0xFF, 0xFF, 0xFF, 0x7E, 0x00, 0x00, 0x00, 0x00, 0x00, 0x00, 0x00, 0x00, 0x61, 0xC9, 0xFE,
    0xFF, 0xBE, 0x48, 0x00, 0x00, 0x00, 0x00, 0x00, 0x00, 0x00, 0x00, 0x00, 0x40, 0xFC, 0x7C, 0x01,
    0x00, 0xFA, 0x3F, 0x00, 0x00, 0x00, 0x00, 0x00, 0x00, 0x00, 0x00, 0xF4, 0xFF, 0xFF, 0x8F, 0x22,
    0xFE, 0x2F, 0x00, 0x00, 0x00, 0x00, 0x00, 0x00, 0x00, 0x00, 0xFE, 0xFF, 0xFF, 0xFF, 0xFF, 0xFF,
    0x0E, 0x00, 0x00, 0x00, 0x00, 0x00, 0x00, 0x00, 0x40, 0xFF, 0xFF, 0xFF, 0xFF, 0xFF, 0xFF, 0x09,
    0x00, 0x00, 0x00, 0x00, 0x00, 0x00, 0x00, 0x80, 0xFF, 0x0A, 0xB4, 0xFF, 0xFF, 0xEF, 0x02, 0x00,
    0x00, 0x00, 0x00, 0x00, 0x00, 0x00, 0x90, 0xFF, 0x03, 0x00, 0x92, 0xFE, 0x2B, 0x00, 0x00, 0x00,
    0x00, 0x00, 0x00, 0x00, 0x00, 0x00, 0x00, 0x00, 0x00, 0x00, 0x00, 0x00, 0x00, 0x00, 0x00, 0x00,
    0x00, 0x00, 0x00, 0x00, 0x00, 0x51, 0xC9, 0xFE, 0xEF, 0xBD, 0x37, 0x00, 0x00, 0x00, 0x00, 0x00,
    0x00, 0x00, 0x00, 0xA2, 0xFF, 0xFF, 0xFF, 0xFF, 0xFF, 0xFF, 0x6E, 0x00, 0x00, 0x00, 0x00, 0x00,
    0x00, 0x80, 0xFF, 0xFF, 0xFF, 0xFF, 0xFF, 0xFF, 0xFF, 0xFF, 0x3E, 0x00, 0x00, 0x00, 0x00, 0x00,
    0xFB, 0xFF, 0xFF, 0xFF, 0xFF, 0xFF, 0xFF, 0xFF, 0xFF, 0xFF, 0x06, 0x00, 0x00, 0x00, 0xB0, 0xFF,
    0xFF, 0xFF, 0xFF, 0xFF, 0xFF, 0xFF, 0xFF, 0xFF, 0xFF, 0x4F, 0x00, 0x00, 0x00, 0xF7, 0xFF, 0xFF,
    0xFF, 0xFF, 0xFF, 0xFF, 0xFF, 0xFF, 0xFF, 0xFF, 0xFF, 0x02, 0x00, 0x10, 0xFF, 0xFF, 0xFF, 0xFF,
    0x8F, 0x13, 0x10, 0xB5, 0xFF, 0xFF, 0xFF, 0xFF, 0x0A, 0x00, 0x80, 0xFF, 0xFF, 0xFF, 0xDF, 0x02,
    0x00, 0x00, 0x00, 0xF6, 0xFF, 0xFF, 0xFF, 0x2F, 0x00, 0xE0, 0xFF, 0xFF, 0xFF, 0x2F, 0x00, 0x00,
    0x00, 0x00, 0x70, 0xFF, 0xFF, 0xFF, 0x7F, 0x00, 0xF2, 0xFF, 0xFF, 0xFF, 0x09, 0x00, 0x00, 0x00,
    0x00, 0x00, 0xFE, 0xFF, 0xFF, 0xCF, 0x00, 0xF5, 0xFF, 0xFF, 0xFF, 0x03, 0x00, 0x00, 0x00, 0x00,
    0x00, 0xF9, 0xFF, 0xFF, 0xFF, 0x00, 0xF7, 0xFF, 0xFF, 0xFF, 0x00, 0x00, 0x00, 0x00, 0x00, 0x00,
    0xF6, 0xFF, 0xFF, 0xFF, 0x00, 0xF8, 0xFF, 0xFF, 0xFF, 0x00, 0x00, 0x00, 0x00, 0x00, 0x00, 0xF6,
    0xFF, 0xFF, 0xFF, 0x01, 0xF7, 0xFF, 0xFF, 0xFF, 0x00, 0x00, 0x00, 0x00, 0x00, 0x00, 0xF7, 0xFF,
    0xFF, 0xFF, 0x00, 0xF5, 0xFF, 0xFF, 0xFF, 0x03, 0x00, 0x00, 0x00, 0x00, 0x00, 0xFA, 0xFF, 0xFF,
    0xFF, 0x00, 0xF2, 0xFF, 0xFF, 0xFF, 0x09, 0x00, 0x00, 0x00, 0x00, 0x00, 0xFE, 0xFF, 0xFF, 0xCF,
    0x00, 0xD0, 0xFF, 0xFF, 0xFF, 0x2F, 0x00, 0x00, 0x00, 0x00, 0x80, 0xFF, 0xFF, 0xFF, 0x7F, 0x00,
    0x80, 0xFF, 0xFF, 0xFF, 0xDF, 0x02, 0x00, 0x00, 0x00, 0xF6, 0xFF, 0xFF, 0xFF, 0x2F, 0x00, 0x10,
    0xFF, 0xFF, 0xFF, 0xFF, 0x8F, 0x03, 0x20, 0xB5, 0xFF, 0xFF, 0xFF, 0xFF, 0x0A, 0x00, 0x00, 0xF7,
    0xFF, 0xFF, 0xFF, 0xFF, 0xFF, 0xFF, 0xFF, 0xFF, 0xFF, 0xFF, 0xFF, 0x01, 0x00, 0x00, 0xA0, 0xFF,
    0xFF, 0xFF, 0xFF, 0xFF, 0xFF, 0xFF, 0xFF, 0xFF, 0xFF, 0x5F, 0x00, 0x00, 0x00, 0x00, 0xFB, 0xFF,
    0xFF, 0xFF, 0xFF, 0xFF, 0xFF, 0xFF, 0xFF, 0xFF, 0x06, 0x00, 0x00, 0x00, 0x00, 0x70, 0xFF, 0xFF,
    0xFF, 0xFF, 0xFF, 0xFF, 0xFF, 0xFF, 0x4E, 0x00, 0x00, 0x00, 0x00, 0x00, 0x00, 0xA2, 0xFF, 0xFF,
    0xFF, 0xFF, 0xFF, 0xFF, 0x7E, 0x00, 0x00, 0x00, 0x00, 0x00, 0x00, 0x00, 0x00, 0x61, 0xC9, 0xFE,
    0xFF, 0xBE, 0x48, 0x00, 0x00, 0x00, 0x00, 0x00, 0x00, 0x00, 0x00, 0x00, 0xE8, 0x4D, 0x00, 0x00,
    0x80, 0xDE, 0x03, 0x00, 0x00, 0x00, 0x00, 0x00, 0x00, 0x00, 0x50, 0xFF, 0xEF, 0x00, 0x00, 0xF5,
    0xFF, 0x0E, 0x00, 0x00, 0x00, 0x00, 0x00, 0x00, 0x00, 0x80, 0xFF, 0xFF, 0x02, 0x00, 0xF9, 0xFF,
    0x2F, 0x00, 0x00, 0x00, 0x00, 0x00, 0x00, 0x00, 0x50, 0xFF, 0xEF, 0x00, 0x00, 0xF5, 0xFF, 0x0E,
    0x00, 0x00, 0x00, 0x00, 0x00, 0x00, 0x00, 0x00, 0xE8, 0x4D, 0x00, 0x00, 0x80, 0xDE, 0x03, 0x00,
    0x00, 0x00, 0x00, 0x00, 0x00, 0x00, 0x00, 0x00, 0x00, 0x00, 0x00, 0x00, 0x00, 0x00, 0x00, 0x00,
    0x00, 0x00, 0x00, 0x00, 0x00, 0x00, 0x51, 0xC9, 0xFE, 0xEF, 0xBD, 0x37, 0x00, 0x00, 0x00, 0x00,
    0x00, 0x00, 0x00, 0x00, 0xA2, 0xFF, 0xFF, 0xFF, 0xFF, 0xFF, 0xFF, 0x6E, 0x00, 0x00, 0x00, 0x00,
    0x00, 0x00, 0x80, 0xFF, 0xFF, 0xFF, 0xFF, 0xFF, 0xFF, 0xFF, 0xFF, 0x3E, 0x00, 0x00, 0x00, 0x00,
    0x00, 0xFB, 0xFF, 0xFF, 0xFF, 0xFF, 0xFF, 0xFF, 0xFF, 0xFF, 0xFF, 0x06, 0x00, 0x00, 0x00, 0xB0,
    0xFF, 0xFF, 0xFF, 0xFF, 0xFF, 0xFF, 0xFF, 0xFF, 0xFF, 0xFF, 0x4F, 0x00, 0x00, 0x00, 0xF7, 0xFF,
    0xFF, 0xFF, 0xFF, 0xFF, 0xFF, 0xFF, 0xFF, 0xFF, 0xFF, 0xFF, 0x02, 0x00, 0x10, 0xFF, 0xFF, 0xFF,
    0xFF, 0x8F, 0x13, 0x10, 0xB5, 0xFF, 0xFF, 0xFF, 0xFF, 0x0A, 0x00, 0x80, 0xFF, 0xFF, 0xFF, 0xDF,
    0x02, 0x00, 0x00, 0x00, 0xF6, 0xFF, 0xFF, 0xFF, 0x2F, 0x00, 0xE0, 0xFF, 0xFF, 0xFF, 0x2F, 0x00,
    0x00, 0x00, 0x00, 0x70, 0xFF, 0xFF, 0xFF, 0x7F, 0x00, 0xF2, 0xFF, 0xFF, 0xFF, 0x09, 0x00, 0x00,
    0x00, 0x00, 0x00, 0xFE, 0xFF, 0xFF, 0xCF, 0x00, 0xF5, 0xFF, 0xFF, 0xFF, 0x03, 0x00, 0x00, 0x00,
    0x00, 0x00, 0xF9, 0xFF, 0xFF, 0xFF, 0x00, 0xF7, 0xFF, 0xFF, 0xFF, 0x00, 0x00, 0x00, 0x00, 0x00,
    0x00, 0xF6, 0xFF, 0xFF, 0xFF, 0x00, 0xF8, 0xFF, 0xFF, 0xFF, 0x00, 0x00, 0x00, 0x00, 0x00, 0x00,
    0xF6, 0xFF, 0xFF, 0xFF, 0x01, 0xF7, 0xFF, 0xFF, 0xFF, 0x00, 0x00, 0x00, 0x00, 0x00, 0x00, 0xF7,
    0xFF, 0xFF, 0xFF, 0x00, 0xF5, 0xFF, 0xFF, 0xFF, 0x03, 0x00, 0x00, 0x00, 0x00, 0x00, 0xFA, 0xFF,
    0xFF, 0xFF, 0x00, 0xF2, 0xFF, 0xFF, 0xFF, 0x09, 0x00, 0x00, 0x00, 0x00, 0x00, 0xFE, 0xFF, 0xFF,
    0xCF, 0x00, 0xD0, 0xFF, 0xFF, 0xFF, 0x2F, 0x00, 0x00, 0x00, 0x00, 0x80, 0xFF, 0xFF, 0xFF, 0x7F,
    0x00, 0x80, 0xFF, 0xFF, 0xFF, 0xDF, 0x02, 0x00, 0x00, 0x00, 0xF6, 0xFF, 0xFF, 0xFF, 0x2F, 0x00,
    0x10, 0xFF, 0xFF, 0xFF, 0xFF, 0x8F, 0x03, 0x20, 0xB5, 0xFF, 0xFF, 0xFF, 0xFF, 0x0A, 0x00, 0x00,
    0xF7, 0xFF, 0xFF, 0xFF, 0xFF, 0xFF, 0xFF, 0xFF, 0xFF, 0xFF, 0xFF, 0xFF, 0x01, 0x00, 0x00, 0xA0,
    0xFF, 0xFF, 0xFF, 0xFF, 0xFF, 0xFF, 0xFF, 0xFF, 0xFF, 0xFF, 0x5F, 0x00, 0x00, 0x00, 0x00, 0xFB,
    0xFF, 0xFF, 0xFF, 0xFF, 0xFF, 0xFF, 0xFF, 0xFF, 0xFF, 0x06, 0x00, 0x00, 0x00, 0x00, 0x70, 0xFF,
    0xFF, 0xFF, 0xFF, 0xFF, 0xFF, 0xFF, 0xFF, 0x4E, 0x00, 0x00, 0x00, 0x00, 0x00, 0x00, 0xA2, 0xFF,
    0xFF, 0xFF, 0xFF, 0xFF, 0xFF, 0x7E, 0x00, 0x00, 0x00, 0x00, 0x00, 0x00, 0x00, 0x00, 0x61, 0xC9,
    0xFE, 0xFF, 0xBE, 0x48, 0x00, 0x00, 0x00, 0x00, 0x00, 0x00, 0xB0, 0x03, 0x00, 0x00, 0x00, 0x00,
    0x30, 0x0B, 0x00, 0x00, 0xFC, 0x2E, 0x00, 0x00, 0x00, 0x00, 0xE2, 0xCF, 0x00, 0xC0, 0xFF, 0xDF,
    0x01, 0x00, 0x00, 0x10, 0xFD, 0xFF, 0x0C, 0xE2, 0xFF, 0xFF, 0x0C, 0x00, 0x00, 0xC0, 0xFF, 0xFF,
    0x2E, 0x20, 0xFE, 0xFF, 0xBF, 0x00, 0x00, 0xFB, 0xFF, 0xEF, 0x02, 0x00, 0xE2, 0xFF, 0xFF, 0x0A,
    0xA0, 0xFF, 0xFF, 0x2E, 0x00, 0x00, 0x20, 0xFE, 0xFF, 0x8F, 0xF8, 0xFF, 0xEF, 0x02, 0x00, 0x00,
    0x00, 0xE2, 0xFF, 0xFF, 0xFF, 0xFF, 0x2E, 0x00, 0x00, 0x00, 0x00, 0x20, 0xFE, 0xFF, 0xFF, 0xEF,
    0x02, 0x00, 0x00, 0x00, 0x00, 0x00, 0xF5, 0xFF, 0xFF, 0x5F, 0x00, 0x00, 0x00, 0x00, 0x00, 0x20,
    0xFE, 0xFF, 0xFF, 0xEF, 0x02, 0x00, 0x00, 0x00, 0x00, 0xE2, 0xFF, 0xFF, 0xFF, 0xFF, 0x2E, 0x00,
    0x00, 0x00, 0x20, 0xFE, 0xFF, 0xFF, 0xFF, 0xFF, 0xEF, 0x02, 0x00, 0x00, 0xE2, 0xFF, 0xFF, 0x7F,
    0xF7, 0xFF, 0xFF, 0x2E, 0x00, 0x20, 0xFE, 0xFF, 0xFF, 0x06, 0x60, 0xFF, 0xFF, 0xEF, 0x02, 0xE1,
    0xFF, 0xFF, 0x6F, 0x00, 0x00, 0xF5, 0xFF, 0xFF, 0x1E, 0xC0, 0xFF, 0xFF, 0x05, 0x00, 0x00, 0x50,
    0xFF, 0xFF, 0x0C, 0x00, 0xFC, 0x4F, 0x00, 0x00, 0x00, 0x00, 0xF4, 0xCF, 0x00, 0x00, 0xB0, 0x04,
    0x00, 0x00, 0x00, 0x00, 0x40, 0x0B, 0x00, 0x00, 0x00, 0x00, 0x00, 0x00, 0x00, 0x00, 0x00, 0x00,
    0x00, 0x00, 0x00, 0x10, 0x00, 0x00, 0x00, 0x00, 0x00, 0x00, 0x51, 0xC9, 0xFE, 0xFF, 0xBE, 0x48,
    0x00, 0x00, 0xD1, 0x0B, 0x00, 0x00, 0x00, 0x00, 0xA2, 0xFF, 0xFF, 0xFF, 0xFF, 0xFF, 0xFF, 0x8E,
    0x21, 0xFE, 0xBF, 0x00, 0x00, 0x00, 0x70, 0xFF, 0xFF, 0xFF, 0xFF, 0xFF, 0xFF, 0xFF, 0xFF, 0xEE,
    0xFF, 0x3E, 0x00, 0x00, 0x00, 0xFB, 0xFF, 0xFF, 0xFF, 0xFF, 0xFF, 0xFF, 0xFF, 0xFF, 0xFF, 0xEF,
    0x02, 0x00, 0x00, 0xA0, 0xFF, 0xFF, 0xFF, 0xFF, 0xFF, 0xFF, 0xFF, 0xFF, 0xFF, 0xFF, 0x7F, 0x00,
    0x00, 0x00, 0xF7, 0xFF, 0xFF, 0xFF, 0xFF, 0xFF, 0xFF, 0xFF, 0xFF, 0xFF, 0xFF, 0xFF, 0x03, 0x00,
    0x10, 0xFF, 0xFF, 0xFF, 0xFF, 0x8F, 0x13, 0x10, 0xB5, 0xFF, 0xFF, 0xFF, 0xFF, 0x0C, 0x00, 0x80,
    0xFF, 0xFF, 0xFF, 0xEF, 0x02, 0x00, 0x00, 0x60, 0xFF, 0xFF, 0xFF, 0xFF, 0x3F, 0x00, 0xD0, 0xFF,
    0xFF, 0xFF, 0x3F, 0x00, 0x00, 0x00, 0xF6, 0xFF, 0xFF, 0xFF, 0xFF, 0x8F, 0x00, 0xF2, 0xFF, 0xFF,
    0xFF, 0x09, 0x00, 0x00, 0x60, 0xFF, 0xAF, 0xFE, 0xFF, 0xFF, 0xCF, 0x00, 0xF5, 0xFF, 0xFF, 0xFF,
    0x03, 0x00, 0x00, 0xF6, 0xFF, 0x0A, 0xF9, 0xFF, 0xFF, 0xFF, 0x00, 0xF7, 0xFF, 0xFF, 0xFF, 0x00,
    0x00, 0x60, 0xFF, 0xBF, 0x00, 0xF7, 0xFF, 0xFF, 0xFF, 0x00, 0xF8, 0xFF, 0xFF, 0xFF, 0x00, 0x00,
    0xF5, 0xFF, 0x0B, 0x00, 0xF6, 0xFF, 0xFF, 0xFF, 0x01, 0xF7, 0xFF, 0xFF, 0xFF, 0x01, 0x50, 0xFF,
    0xBF, 0x00, 0x00, 0xF7, 0xFF, 0xFF, 0xFF, 0x00, 0xF5, 0xFF, 0xFF, 0xFF, 0x03, 0xF5, 0xFF, 0x0B,
    0x00, 0x00, 0xFA, 0xFF, 0xFF, 0xFF, 0x00, 0xF3, 0xFF, 0xFF, 0xFF, 0x59, 0xFF, 0xBF, 0x00, 0x00,
    0x00, 0xFF, 0xFF, 0xFF, 0xBF, 0x00, 0xE0, 0xFF, 0xFF, 0xFF, 0xFF, 0xFF, 0x0B, 0x00, 0x00, 0x90,
    0xFF, 0xFF, 0xFF, 0x7F, 0x00, 0x90, 0xFF, 0xFF, 0xFF, 0xFF, 0xCF, 0x00, 0x00, 0x00, 0xF7, 0xFF,
    0xFF, 0xFF, 0x2F, 0x00, 0x10, 0xFF, 0xFF, 0xFF, 0xFF, 0xAF, 0x13, 0x20, 0xC5, 0xFF, 0xFF, 0xFF,
    0xFF, 0x09, 0x00, 0x00, 0xF8, 0xFF, 0xFF, 0xFF, 0xFF, 0xFF, 0xFF, 0xFF, 0xFF, 0xFF, 0xFF, 0xEF,
    0x01, 0x00, 0x00, 0xB0, 0xFF, 0xFF, 0xFF, 0xFF, 0xFF, 0xFF, 0xFF, 0xFF, 0xFF, 0xFF, 0x4F, 0x00,
    0x00, 0x00, 0x90, 0xFF, 0xFF, 0xFF, 0xFF, 0xFF, 0xFF, 0xFF, 0xFF, 0xFF, 0xFF, 0x05, 0x00, 0x00,
    0x00, 0xFA, 0xFF, 0xFF, 0xFF, 0xFF, 0xFF, 0xFF, 0xFF, 0xFF, 0xFF, 0x3D, 0x00, 0x00, 0x00, 0xB0,
    0xFF, 0x7F, 0xB3, 0xFF, 0xFF, 0xFF, 0xFF, 0xFF, 0xFF, 0x6E, 0x00, 0x00, 0x00, 0x00, 0xC0, 0xFF,
    0x06, 0x00, 0x61, 0xCA, 0xFE, 0xFF, 0xBE, 0x48, 0x00, 0x00, 0x00, 0x00, 0x00, 0x10, 0x5C, 0x00,
    0x00, 0x00, 0x00, 0x00, 0x00, 0x00, 0x00, 0x00, 0x00, 0x00, 0x00, 0x00, 0x00, 0x00, 0x00, 0x00,
    0x00, 0x00, 0x00, 0x00, 0x00, 0x00, 0x00, 0x00, 0x00, 0x00, 0x00, 0x00, 0x00, 0x00, 0x10, 0xFC,
    0xFF, 0xFF, 0x0A, 0x00, 0x00, 0x00, 0x00, 0x00, 0x00, 0x00, 0x00, 0x00, 0x00, 0xB0, 0xFF, 0xFF,
    0x2F, 0x00, 0x00, 0x00, 0x00, 0x00, 0x00, 0x00, 0x00, 0x00, 0x00, 0x00, 0xFB, 0xFF, 0xAF, 0x00,
    0x00, 0x00, 0x00, 0x00, 0x00, 0x00, 0x00, 0x00, 0x00, 0x00, 0xA0, 0xFF, 0xFF, 0x02, 0x00, 0x00,
    0x00, 0x00, 0x00, 0x00, 0x00, 0x00, 0x00, 0x00, 0x00, 0xF8, 0xFF, 0x0A, 0x00, 0x00, 0x00, 0x00,
    0x00, 0x00, 0x00, 0x00, 0x00, 0x00, 0x00, 0x70, 0xFF, 0x3F, 0x00, 0x00, 0x00, 0x00, 0x00, 0x00,
    0x00, 0x00, 0x00, 0x00, 0x00, 0x00, 0x00, 0x00, 0x00, 0x00, 0x00, 0x00, 0x00, 0x00, 0x00, 0x00,
    0x00, 0x00, 0x00, 0x00, 0x00, 0x00, 0x00, 0x00, 0x00, 0x00, 0x00, 0xF4, 0xFF, 0xFF, 0xFF, 0x00,
    0x00, 0x00, 0x00, 0x00, 0xE0, 0xFF, 0xFF, 0xFF, 0x07, 0xF4, 0xFF, 0xFF, 0xFF, 0x00, 0x00, 0x00,
    0x00, 0x00, 0xE0, 0xFF, 0xFF, 0xFF, 0x07, 0xF4, 0xFF, 0xFF, 0xFF, 0x00, 0x00, 0x00, 0x00, 0x00,
    0xE0, 0xFF, 0xFF, 0xFF, 0x07, 0xF4, 0xFF, 0xFF, 0xFF, 0x00, 0x00, 0x00, 0x00, 0x00, 0xE0, 0xFF,
    0xFF, 0xFF, 0x07, 0xF4, 0xFF, 0xFF, 0xFF, 0x00, 0x00, 0x00, 0x00, 0x00, 0xE0, 0xFF, 0xFF, 0xFF,
    0x07, 0xF4, 0xFF, 0xFF, 0xFF, 0x00, 0x00, 0x00, 0x00, 0x00, 0xE0, 0xFF, 0xFF, 0xFF, 0x07, 0xF4,
    0xFF, 0xFF, 0xFF, 0x00, 0x00, 0x00, 0x00, 0x00, 0xE0, 0xFF, 0xFF, 0xFF, 0x07, 0xF4, 0xFF, 0xFF,
    0xFF, 0x00, 0x00, 0x00, 0x00, 0x00, 0xE0, 0xFF, 0xFF, 0xFF, 0x07, 0xF4, 0xFF, 0xFF, 0xFF, 0x00,
    0x00, 0x00, 0x00, 0x00, 0xE0, 0xFF, 0xFF, 0xFF, 0x07, 0xF4, 0xFF, 0xFF, 0xFF, 0x00, 0x00, 0x00,
    0x00, 0x00, 0xE0, 0xFF, 0xFF, 0xFF, 0x07, 0xF4, 0xFF, 0xFF, 0xFF, 0x00, 0x00, 0x00, 0x00, 0x00,
    0xE0, 0xFF, 0xFF, 0xFF, 0x07, 0xF4, 0xFF, 0xFF, 0xFF, 0x00, 0x00, 0x00, 0x00, 0x00, 0xE0, 0xFF,
    0xFF, 0xFF, 0x07, 0xF4, 0xFF, 0xFF, 0xFF, 0x02, 0x00, 0x00, 0x00, 0x00, 0xF0, 0xFF, 0xFF, 0xFF,
    0x07, 0xF4, 0xFF, 0xFF, 0xFF, 0x04, 0x00, 0x00, 0x00, 0x00, 0xF2, 0xFF, 0xFF, 0xFF, 0x06, 0xF3,
    0xFF, 0xFF, 0xFF, 0x08, 0x00, 0x00, 0x00, 0x00, 0xF6, 0xFF, 0xFF, 0xFF, 0x05, 0xF1, 0xFF, 0xFF,
    0xFF, 0x1E, 0x00, 0x00, 0x00, 0x00, 0xFD, 0xFF, 0xFF, 0xFF, 0x03, 0xD0, 0xFF, 0xFF, 0xFF, 0xBF,
    0x00, 0x00, 0x00, 0x90, 0xFF, 0xFF, 0xFF, 0xFF, 0x00, 0x70, 0xFF, 0xFF, 0xFF, 0xFF, 0x5D, 0x01,
    0x51, 0xFC, 0xFF, 0xFF, 0xFF, 0x9F, 0x00, 0x10, 0xFE, 0xFF, 0xFF, 0xFF, 0xFF, 0xFF, 0xFF, 0xFF,
    0xFF, 0xFF, 0xFF, 0x2F, 0x00, 0x00, 0xF4, 0xFF, 0xFF, 0xFF, 0xFF, 0xFF, 0xFF, 0xFF, 0xFF, 0xFF,
    0xFF, 0x06, 0x00, 0x00, 0x60, 0xFF, 0xFF, 0xFF, 0xFF, 0xFF, 0xFF, 0xFF, 0xFF, 0xFF, 0x8F, 0x00,
    0x00, 0x00, 0x00, 0xE4, 0xFF, 0xFF, 0xFF, 0xFF, 0xFF, 0xFF, 0xFF, 0xFF, 0x05, 0x00, 0x00, 0x00,
    0x00, 0x10, 0xE8, 0xFF, 0xFF, 0xFF, 0xFF, 0xFF, 0xEF, 0x18, 0x00, 0x00, 0x00, 0x00, 0x00, 0x00,
    0x00, 0x84, 0xDB, 0xFF, 0xEF, 0x8B, 0x04, 0x00, 0x00, 0x00, 0x00, 0x00, 0x00, 0x00, 0x00, 0x00,
    0x00, 0xB0, 0xFF, 0xFF, 0xCF, 0x00, 0x00, 0x00, 0x00, 0x00, 0x00, 0x00, 0x00, 0x00, 0x00, 0xF3,
    0xFF, 0xFF, 0x0B, 0x00, 0x00, 0x00, 0x00, 0x00, 0x00, 0x00, 0x00, 0x00, 0x00, 0xFB, 0xFF, 0xAF,
    0x00, 0x00, 0x00, 0x00, 0x00, 0x00, 0x00, 0x00, 0x00, 0x00, 0x30, 0xFF, 0xFF, 0x09, 0x00, 0x00,
    0x00, 0x00, 0x00, 0x00, 0x00, 0x00, 0x00, 0x00, 0xB0, 0xFF, 0x7F, 0x00, 0x00, 0x00, 0x00, 0x00,
    0x00, 0x00, 0x00, 0x00, 0x00, 0x00, 0xF3, 0xFF, 0x06, 0x00, 0x00, 0x00, 0x00, 0x00, 0x00, 0x00,
    0x00, 0x00, 0x00, 0x00, 0x00, 0x00, 0x00, 0x00, 0x00, 0x00, 0x00, 0x00, 0x00, 0x00, 0x00, 0x00,
    0x00, 0x00, 0x00, 0x00, 0x00, 0x00, 0x00, 0x00, 0x00, 0x00, 0x00, 0xF4, 0xFF, 0xFF, 0xFF, 0x00,
    0x00, 0x00, 0x00, 0x00, 0xE0, 0xFF, 0xFF, 0xFF, 0x07, 0xF4, 0xFF, 0xFF, 0xFF, 0x00, 0x00, 0x00,
    0x00, 0x00, 0xE0, 0xFF, 0xFF, 0xFF, 0x07, 0xF4, 0xFF, 0xFF, 0xFF, 0x00, 0x00, 0x00, 0x00, 0x00,
    0xE0, 0xFF, 0xFF, 0xFF, 0x07, 0xF4, 0xFF, 0xFF, 0xFF, 0x00, 0x00, 0x00, 0x00, 0x00, 0xE0, 0xFF,
    0xFF, 0xFF, 0x07, 0xF4, 0xFF, 0xFF, 0xFF, 0x00, 0x00, 0x00, 0x00, 0x00, 0xE0, 0xFF, 0xFF, 0xFF,
    0x07, 0xF4, 0xFF, 0xFF, 0xFF, 0x00, 0x00, 0x00, 0x00, 0x00, 0xE0, 0xFF, 0xFF, 0xFF, 0x07, 0xF4,
    0xFF, 0xFF, 0xFF, 0x00, 0x00, 0x00, 0x00, 0x00, 0xE0, 0xFF, 0xFF, 0xFF, 0x07, 0xF4, 0xFF, 0xFF,
    0xFF, 0x00, 0x00, 0x00, 0x00, 0x00, 0xE0, 0xFF, 0xFF, 0xFF, 0x07, 0xF4, 0xFF, 0xFF, 0xFF, 0x00,
    0x00, 0x00, 0x00, 0x00, 0xE0, 0xFF, 0xFF, 0xFF, 0x07, 0xF4, 0xFF, 0xFF, 0xFF, 0x00, 0x00, 0x00,
    0x00, 0x00, 0xE0, 0xFF, 0xFF, 0xFF, 0x07, 0xF4, 0xFF, 0xFF, 0xFF, 0x00, 0x00, 0x00, 0x00, 0x00,
    0xE0, 0xFF, 0xFF, 0xFF, 0x07, 0xF4, 0xFF, 0xFF, 0xFF, 0x00, 0x00, 0x00, 0x00, 0x00, 0xE0, 0xFF,
    0xFF, 0xFF, 0x07, 0xF4, 0xFF, 0xFF, 0xFF, 0x02, 0x00, 0x00, 0x00, 0x00, 0xF0, 0xFF, 0xFF, 0xFF,
    0x07, 0xF4, 0xFF, 0xFF, 0xFF, 0x04, 0x00, 0x00, 0x00, 0x00, 0xF2, 0xFF, 0xFF, 0xFF, 0x06, 0xF3,
    0xFF, 0xFF, 0xFF, 0x08, 0x00, 0x00, 0x00, 0x00, 0xF6, 0xFF, 0xFF, 0xFF, 0x05, 0xF1, 0xFF, 0xFF,
    0xFF, 0x1E, 0x00, 0x00, 0x00, 0x00, 0xFD, 0xFF, 0xFF, 0xFF, 0x03, 0xD0, 0xFF, 0xFF, 0xFF, 0xBF,
    0x00, 0x00, 0x00, 0x90, 0xFF, 0xFF, 0xFF, 0xFF, 0x00, 0x70, 0xFF, 0xFF, 0xFF, 0xFF, 0x5D, 0x01,
    0x51, 0xFC, 0xFF, 0xFF, 0xFF, 0x9F, 0x00, 0x10, 0xFE, 0xFF, 0xFF, 0xFF, 0xFF, 0xFF, 0xFF, 0xFF,
    0xFF, 0xFF, 0xFF, 0x2F, 0x00, 0x00, 0xF4, 0xFF, 0xFF, 0xFF, 0xFF, 0xFF, 0xFF, 0xFF, 0xFF, 0xFF,
    0xFF, 0x06, 0x00, 0x00, 0x60, 0xFF, 0xFF, 0xFF, 0xFF, 0xFF, 0xFF, 0xFF, 0xFF, 0xFF, 0x8F, 0x00,
    0x00, 0x00, 0x00, 0xE4, 0xFF, 0xFF, 0xFF, 0xFF, 0xFF, 0xFF, 0xFF, 0xFF, 0x05, 0x00, 0x00, 0x00,
    0x00, 0x10, 0xE8, 0xFF, 0xFF, 0xFF, 0xFF, 0xFF, 0xEF, 0x18, 0x00, 0x00, 0x00, 0x00, 0x00, 0x00,
    0x00, 0x84, 0xDB, 0xFF, 0xEF, 0x8B, 0x04, 0x00, 0x00, 0x00, 0x00, 0x00, 0x00, 0x00, 0x00, 0x70,
    0xFF, 0xFF, 0xFF, 0x9F, 0x00, 0x00, 0x00, 0x00, 0x00, 0x00, 0x00, 0x00, 0x00, 0xE1, 0xFF, 0xFF,
    0xFF, 0xFF, 0x02, 0x00, 0x00, 0x00, 0x00, 0x00, 0x00, 0x00, 0x00, 0xF8, 0xFF, 0xFF, 0xFF, 0xFF,
    0x0A, 0x00, 0x00, 0x00, 0x00, 0x00, 0x00, 0x00, 0x10, 0xFF, 0xFF, 0x1C, 0xFA, 0xFF, 0x2F, 0x00,
    0x00, 0x00, 0x00, 0x00, 0x00, 0x00, 0x90, 0xFF, 0xCF, 0x01, 0xB0, 0xFF, 0xBF, 0x00, 0x00, 0x00,
    0x00, 0x00, 0x00, 0x00, 0xF2, 0xFF, 0x1C, 0x00, 0x00, 0xFB, 0xFF, 0x03, 0x00, 0x00, 0x00, 0x00,
    0x00, 0x00, 0x00, 0x00, 0x00, 0x00, 0x00, 0x00, 0x00, 0x00, 0x00, 0x00, 0x00, 0x00, 0x00, 0x00,
    0x00, 0x00, 0x00, 0x00, 0x00, 0x00, 0x00, 0x00, 0x00, 0x00, 0x00, 0xF4, 0xFF, 0xFF, 0xFF, 0x00,
    0x00, 0x00, 0x00, 0x00, 0xE0, 0xFF, 0xFF, 0xFF, 0x07, 0xF4, 0xFF, 0xFF, 0xFF, 0x00, 0x00, 0x00,
    0x00, 0x00, 0xE0, 0xFF, 0xFF, 0xFF, 0x07, 0xF4, 0xFF, 0xFF, 0xFF, 0x00, 0x00, 0x00, 0x00, 0x00,
    0xE0, 0xFF, 0xFF, 0xFF, 0x07, 0xF4, 0xFF, 0xFF, 0xFF, 0x00, 0x00, 0x00, 0x00, 0x00, 0xE0, 0xFF,
    0xFF, 0xFF, 0x07, 0xF4, 0xFF, 0xFF, 0xFF, 0x00, 0x00, 0x00, 0x00, 0x00, 0xE0, 0xFF, 0xFF, 0xFF,
    0x07, 0xF4, 0xFF, 0xFF, 0xFF, 0x00, 0x00, 0x00, 0x00, 0x00, 0xE0, 0xFF, 0xFF, 0xFF, 0x07, 0xF4,
    0xFF, 0xFF, 0xFF, 0x00, 0x00, 0x00, 0x00, 0x00, 0xE0, 0xFF, 0xFF, 0xFF, 0x07, 0xF4, 0xFF, 0xFF,
    0xFF, 0x00, 0x00, 0x00, 0x00, 0x00, 0xE0, 0xFF, 0xFF, 0xFF, 0x07, 0xF4, 0xFF, 0xFF, 0xFF, 0x00,
    0x00, 0x00, 0x00, 0x00, 0xE0, 0xFF, 0xFF, 0xFF, 0x07, 0xF4, 0xFF, 0xFF, 0xFF, 0x00, 0x00, 0x00,
    0x00, 0x00, 0xE0, 0xFF, 0xFF, 0xFF, 0x07, 0xF4, 0xFF, 0xFF, 0xFF, 0x00, 0x00, 0x00, 0x00, 0x00,
    0xE0, 0xFF, 0xFF, 0xFF, 0x07, 0xF4, 0xFF, 0xFF, 0xFF, 0x00, 0x00, 0x00, 0x00, 0x00, 0xE0, 0xFF,
    0xFF, 0xFF, 0x07, 0xF4, 0xFF, 0xFF, 0xFF, 0x02, 0x00, 0x00, 0x00, 0x00, 0xF0, 0xFF, 0xFF, 0xFF,
    0x07, 0xF4, 0xFF, 0xFF, 0xFF, 0x04, 0x00, 0x00, 0x00, 0x00, 0xF2, 0xFF, 0xFF, 0xFF, 0x06, 0xF3,
    0xFF, 0xFF, 0xFF, 0x08, 0x00, 0x00, 0x00, 0x00, 0xF6, 0xFF, 0xFF, 0xFF, 0x05, 0xF1, 0xFF, 0xFF,
    0xFF, 0x1E, 0x00, 0x00, 0x00, 0x00, 0xFD, 0xFF, 0xFF, 0xFF, 0x03, 0xD0, 0xFF, 0xFF, 0xFF, 0xBF,
    0x00, 0x00, 0x00, 0x90, 0xFF, 0xFF, 0xFF, 0xFF, 0x00, 0x70, 0xFF, 0xFF, 0xFF, 0xFF, 0x5D, 0x01,
    0x51, 0xFC, 0xFF, 0xFF, 0xFF, 0x9F, 0x00, 0x10, 0xFE, 0xFF, 0xFF, 0xFF, 0xFF, 0xFF, 0xFF, 0xFF,
    0xFF, 0xFF, 0xFF, 0x2F, 0x00, 0x00, 0xF4, 0xFF, 0xFF, 0xFF, 0xFF, 0xFF, 0xFF, 0xFF, 0xFF, 0xFF,
    0xFF, 0x06, 0x00, 0x00, 0x60, 0xFF, 0xFF, 0xFF, 0xFF, 0xFF, 0xFF, 0xFF, 0xFF, 0xFF, 0x8F, 0x00,
    0x00, 0x00, 0x00, 0xE4, 0xFF, 0xFF, 0xFF, 0xFF, 0xFF, 0xFF, 0xFF, 0xFF, 0x05, 0x00, 0x00, 0x00,
    0x00, 0x10, 0xE8, 0xFF, 0xFF, 0xFF, 0xFF, 0xFF, 0xEF, 0x18, 0x00, 0x00, 0x00, 0x00, 0x00, 0x00,
    0x00, 0x84, 0xDB, 0xFF, 0xEF, 0x8B, 0x04, 0x00, 0x00, 0x00, 0x00, 0x00, 0x00, 0x00, 0x40, 0xED,
    0x07, 0x00, 0x00, 0xE5, 0x6E, 0x00, 0x00, 0x00, 0x00, 0x00, 0x00, 0x00, 0xF1, 0xFF, 0x3F, 0x00,
    0x10, 0xFF, 0xFF, 0x03, 0x00, 0x00, 0x00, 0x00, 0x00, 0x00, 0xF4, 0xFF, 0x7F, 0x00, 0x40, 0xFF,
    0xFF, 0x06, 0x00, 0x00, 0x00, 0x00, 0x00, 0x00, 0xF1, 0xFF, 0x3F, 0x00, 0x10, 0xFF, 0xFF, 0x03,
    0x00, 0x00, 0x00, 0x00, 0x00, 0x00, 0x40, 0xED, 0x07, 0x00, 0x00, 0xE5, 0x6E, 0x00, 0x00, 0x00,
    0x00, 0x00, 0x00, 0x00, 0x00, 0x00, 0x00, 0x00, 0x00, 0x00, 0x00, 0x00, 0x00, 0x00, 0x00, 0x00,
    0x00, 0x00, 0x00, 0x00, 0x00, 0x00, 0x00, 0x00, 0x00, 0x00, 0x00, 0x00, 0x00, 0xF4, 0xFF, 0xFF,
    0xFF, 0x00, 0x00, 0x00, 0x00, 0x00, 0xE0, 0xFF, 0xFF, 0xFF, 0x07, 0xF4, 0xFF, 0xFF, 0xFF, 0x00,
    0x00, 0x00, 0x00, 0x00, 0xE0, 0xFF, 0xFF, 0xFF, 0x07, 0xF4, 0xFF, 0xFF, 0xFF, 0x00, 0x00, 0x00,
    0x00, 0x00, 0xE0, 0xFF, 0xFF, 0xFF, 0x07, 0xF4, 0xFF, 0xFF, 0xFF, 0x00, 0x00, 0x00, 0x00, 0x00,
    0xE0, 0xFF, 0xFF, 0xFF, 0x07, 0xF4, 0xFF, 0xFF, 0xFF, 0x00, 0x00, 0x00, 0x00, 0x00, 0xE0, 0xFF,
    0xFF, 0xFF, 0x07, 0xF4, 0xFF, 0xFF, 0xFF, 0x00, 0x00, 0x00, 0x00, 0x00, 0xE0, 0xFF, 0xFF, 0xFF,
    0x07, 0xF4, 0xFF, 0xFF, 0xFF, 0x00, 0x00, 0x00, 0x00, 0x00, 0xE0, 0xFF, 0xFF, 0xFF, 0x07, 0xF4,
    0xFF, 0xFF, 0xFF, 0x00, 0x00, 0x00, 0x00, 0x00, 0xE0, 0xFF, 0xFF, 0xFF, 0x07, 0xF4, 0xFF, 0xFF,
    0xFF, 0x00, 0x00, 0x00, 0x00, 0x00, 0xE0, 0xFF, 0xFF, 0xFF, 0x07, 0xF4, 0xFF, 0xFF, 0xFF, 0x00,
    0x00, 0x00, 0x00, 0x00, 0xE0, 0xFF, 0xFF, 0xFF, 0x07, 0xF4, 0xFF, 0xFF, 0xFF, 0x00, 0x00, 0x00,
    0x00, 0x00, 0xE0, 0xFF, 0xFF, 0xFF, 0x07, 0xF4, 0xFF, 0xFF, 0xFF, 0x00, 0x00, 0x00, 0x00, 0x00,
    0xE0, 0xFF, 0xFF, 0xFF, 0x07, 0xF4, 0xFF, 0xFF, 0xFF, 0x02, 0x00, 0x00, 0x00, 0x00, 0xF0, 0xFF,
    0xFF, 0xFF, 0x07, 0xF4, 0xFF, 0xFF, 0xFF, 0x04, 0x00, 0x00, 0x00, 0x00, 0xF2, 0xFF, 0xFF, 0xFF,
    0x06, 0xF3, 0xFF, 0xFF, 0xFF, 0x08, 0x00, 0x00, 0x00, 0x00, 0xF6, 0xFF, 0xFF, 0xFF, 0x05, 0xF1,
    0xFF, 0xFF, 0xFF, 0x1E, 0x00, 0x00, 0x00, 0x00, 0xFD, 0xFF, 0xFF, 0xFF, 0x03, 0xD0, 0xFF, 0xFF,
    0xFF, 0xBF, 0x00, 0x00, 0x00, 0x90, 0xFF, 0xFF, 0xFF, 0xFF, 0x00, 0x70, 0xFF, 0xFF, 0xFF, 0xFF,
    0x5D, 0x01, 0x51, 0xFC, 0xFF, 0xFF, 0xFF, 0x9F, 0x00, 0x10, 0xFE, 0xFF, 0xFF, 0xFF, 0xFF, 0xFF,
    0xFF, 0xFF, 0xFF, 0xFF, 0xFF, 0x2F, 0x00, 0x00, 0xF4, 0xFF, 0xFF, 0xFF, 0xFF, 0xFF, 0xFF, 0xFF,
    0xFF, 0xFF, 0xFF, 0x06, 0x00, 0x00, 0x60, 0xFF, 0xFF, 0xFF, 0xFF, 0xFF, 0xFF, 0xFF, 0xFF, 0xFF,
    0x8F, 0x00, 0x00, 0x00, 0x00, 0xE4, 0xFF, 0xFF, 0xFF, 0xFF, 0xFF, 0xFF, 0xFF, 0xFF, 0x05, 0x00,
    0x00, 0x00, 0x00, 0x10, 0xE8, 0xFF, 0xFF, 0xFF, 0xFF, 0xFF, 0xEF, 0x18, 0x00, 0x00, 0x00, 0x00,
    0x00, 0x00, 0x00, 0x84, 0xDB, 0xFF, 0xEF, 0x8B, 0x04, 0x00, 0x00, 0x00, 0x00, 0x00, 0x00, 0x00,
    0x00, 0x00, 0x00, 0xC0, 0xFF, 0xFF, 0xBF, 0x00, 0x00, 0x00, 0x00, 0x00, 0x00, 0x00, 0x00, 0x00,
    0x00, 0xF4, 0xFF, 0xFF, 0x0A, 0x00, 0x00, 0x00, 0x00, 0x00, 0x00, 0x00, 0x00, 0x00, 0x00, 0xFC,
    0xFF, 0x9F, 0x00, 0x00, 0x00, 0x00, 0x00, 0x00, 0x00, 0x00, 0x00, 0x00, 0x40, 0xFF, 0xFF, 0x08,
    0x00, 0x00, 0x00, 0x00, 0x00, 0x00, 0x00, 0x00, 0x00, 0x00, 0xC0, 0xFF, 0x7F, 0x00, 0x00, 0x00,
    0x00, 0x00, 0x00, 0x00, 0x00, 0x00, 0x00, 0x00, 0xF4, 0xFF, 0x05, 0x00, 0x00, 0x00, 0x00, 0x00,
    0x00, 0x00, 0x00, 0x00, 0x00, 0x00, 0x00, 0x00, 0x00, 0x00, 0x00, 0x00, 0x00, 0x00, 0x00, 0x00,
    0x00, 0x00, 0x00, 0x00, 0x00, 0x00, 0x00, 0x00, 0x00, 0x00, 0x00, 0x00, 0x00, 0xF6, 0xFF, 0xFF,
    0xFF, 0x03, 0x00, 0x00, 0x00, 0x00, 0xF5, 0xFF, 0xFF, 0xFF, 0x07, 0xA0, 0xFF, 0xFF, 0xFF, 0x1E,
    0x00, 0x00, 0x00, 0x20, 0xFF, 0xFF, 0xFF, 0xBF, 0x00, 0x00, 0xFD, 0xFF, 0xFF, 0xBF, 0x00, 0x00,
    0x00, 0xC0, 0xFF, 0xFF, 0xFF, 0x1E, 0x00, 0x00, 0xF3, 0xFF, 0xFF, 0xFF, 0x06, 0x00, 0x00, 0xF9,
    0xFF, 0xFF, 0xFF, 0x04, 0x00, 0x00, 0x70, 0xFF, 0xFF, 0xFF, 0x3F, 0x00, 0x40, 0xFF, 0xFF, 0xFF,
    0x8F, 0x00, 0x00, 0x00, 0x00, 0xFB, 0xFF, 0xFF, 0xDF, 0x00, 0xE1, 0xFF, 0xFF, 0xFF, 0x0C, 0x00,
    0x00, 0x00, 0x00, 0xE1, 0xFF, 0xFF, 0xFF, 0x0A, 0xFC, 0xFF, 0xFF, 0xEF, 0x01, 0x00, 0x00, 0x00,
    0x00, 0x30, 0xFF, 0xFF, 0xFF, 0xCF, 0xFF, 0xFF, 0xFF, 0x5F, 0x00, 0x00, 0x00, 0x00, 0x00, 0x00,
    0xF7, 0xFF, 0xFF, 0xFF, 0xFF, 0xFF, 0xFF, 0x09, 0x00, 0x00, 0x00, 0x00, 0x00, 0x00, 0xB0, 0xFF,
    0xFF, 0xFF, 0xFF, 0xFF, 0xDF, 0x00, 0x00, 0x00, 0x00, 0x00, 0x00, 0x00, 0x10, 0xFE, 0xFF, 0xFF,
    0xFF, 0xFF, 0x2F, 0x00, 0x00, 0x00, 0x00, 0x00, 0x00, 0x00, 0x00, 0xF4, 0xFF, 0xFF, 0xFF, 0xFF,
    0x06, 0x00, 0x00, 0x00, 0x00, 0x00, 0x00, 0x00, 0x00, 0x80, 0xFF, 0xFF, 0xFF, 0xAF, 0x00, 0x00,
    0x00, 0x00, 0x00, 0x00, 0x00, 0x00, 0x00, 0x10, 0xFF, 0xFF, 0xFF, 0x4F, 0x00, 0x00, 0x00, 0x00,
    0x00, 0x00, 0x00, 0x00, 0x00, 0x10, 0xFF, 0xFF, 0xFF, 0x4F, 0x00, 0x00, 0x00, 0x00, 0x00, 0x00,
    0x00, 0x00, 0x00, 0x10, 0xFF, 0xFF, 0xFF, 0x4F, 0x00, 0x00, 0x00, 0x00, 0x00, 0x00, 0x00, 0x00,
    0x00, 0x10, 0xFF, 0xFF, 0xFF, 0x4F, 0x00, 0x00, 0x00, 0x00, 0x00, 0x00, 0x00, 0x00, 0x00, 0x10,
    0xFF, 0xFF, 0xFF, 0x4F, 0x00, 0x00, 0x00, 0x00, 0x00, 0x00, 0x00, 0x00, 0x00, 0x10, 0xFF, 0xFF,
    0xFF, 0x4F, 0x00, 0x00, 0x00, 0x00, 0x00, 0x00, 0x00, 0x00, 0x00, 0x10, 0xFF, 0xFF, 0xFF, 0x4F,
    0x00, 0x00, 0x00, 0x00, 0x00, 0x00, 0x00, 0x00, 0x00, 0x10, 0xFF, 0xFF, 0xFF, 0x4F, 0x00, 0x00,
    0x00, 0x00, 0x00, 0x00, 0x00, 0x00, 0x00, 0x10, 0xFF, 0xFF, 0xFF, 0x4F, 0x00, 0x00, 0x00, 0x00,
    0x00, 0x00, 0x00, 0x00, 0x00, 0x10, 0xFF, 0xFF, 0xFF, 0x4F, 0x00, 0x00, 0x00, 0x00, 0x00, 0x00,
    0x00, 0x00, 0x00, 0x10, 0xFF, 0xFF, 0xFF, 0x4F, 0x00, 0x00, 0x00, 0x00, 0x00, 0xFF, 0xFF, 0xFF,
    0x6F, 0x00, 0x00, 0x00, 0x00, 0x00, 0x00, 0x00, 0xFF, 0xFF, 0xFF, 0x6F, 0x00, 0x00, 0x00, 0x00,
    0x00, 0x00, 0x00, 0xFF, 0xFF, 0xFF, 0x6F, 0x00, 0x00, 0x00, 0x00, 0x00, 0x00, 0x00, 0xFF, 0xFF,
    0xFF, 0x6F, 0x00, 0x00, 0x00, 0x00, 0x00, 0x00, 0x00, 0xFF, 0xFF, 0xFF, 0xFF, 0xFF, 0xFF, 0xEF,
    0x8C, 0x03, 0x00, 0x00, 0xFF, 0xFF, 0xFF, 0xFF, 0xFF, 0xFF, 0xFF, 0xFF, 0xAF, 0x01, 0x00, 0xFF,
    0xFF, 0xFF, 0xFF, 0xFF, 0xFF, 0xFF, 0xFF, 0xFF, 0x1D, 0x00, 0xFF, 0xFF, 0xFF, 0xFF, 0xFF, 0xFF,
    0xFF, 0xFF, 0xFF, 0xCF, 0x00, 0xFF, 0xFF, 0xFF, 0xFF, 0xFF, 0xFF, 0xFF, 0xFF, 0xFF, 0xFF, 0x05,
    0xFF, 0xFF, 0xFF, 0x6F, 0x00, 0x41, 0xFB, 0xFF, 0xFF, 0xFF, 0x0B, 0xFF, 0xFF, 0xFF, 0x6F, 0x00,
    0x00, 0xB0, 0xFF, 0xFF, 0xFF, 0x0F, 0xFF, 0xFF, 0xFF, 0x6F, 0x00, 0x00, 0x60, 0xFF, 0xFF, 0xFF,
    0x1F, 0xFF, 0xFF, 0xFF, 0x6F, 0x00, 0x00, 0x60, 0xFF, 0xFF, 0xFF, 0x1F, 0xFF, 0xFF, 0xFF, 0x6F,
    0x00, 0x00, 0x90, 0xFF, 0xFF, 0xFF, 0x0F, 0xFF, 0xFF, 0xFF, 0x6F, 0x00, 0x30, 0xF8, 0xFF, 0xFF,
    0xFF, 0x0C, 0xFF, 0xFF, 0xFF, 0xFF, 0xFF, 0xFF, 0xFF, 0xFF, 0xFF, 0xFF, 0x05, 0xFF, 0xFF, 0xFF,
    0xFF, 0xFF, 0xFF, 0xFF, 0xFF, 0xFF, 0xDF, 0x00, 0xFF, 0xFF, 0xFF, 0xFF, 0xFF, 0xFF, 0xFF, 0xFF,
    0xFF, 0x2E, 0x00, 0xFF, 0xFF, 0xFF, 0xFF, 0xFF, 0xFF, 0xFF, 0xFF, 0xBF, 0x01, 0x00, 0xFF, 0xFF,
    0xFF, 0xFF, 0xFF, 0xFF, 0xEF, 0x9C, 0x03, 0x00, 0x00, 0xFF, 0xFF, 0xFF, 0x6F, 0x00, 0x00, 0x00,
    0x00, 0x00, 0x00, 0x00, 0xFF, 0xFF, 0xFF, 0x6F, 0x00, 0x00, 0x00, 0x00, 0x00, 0x00, 0x00, 0xFF,
    0xFF, 0xFF, 0x6F, 0x00, 0x00, 0x00, 0x00, 0x00, 0x00, 0x00, 0xFF, 0xFF, 0xFF, 0x6F, 0x00, 0x00,
    0x00, 0x00, 0x00, 0x00, 0x00, 0x00, 0x00, 0x40, 0xC9, 0xFE, 0xFF, 0xAD, 0x06, 0x00, 0x00, 0x00,
    0x00, 0x40, 0xFD, 0xFF, 0xFF, 0xFF, 0xFF, 0xEF, 0x06, 0x00, 0x00, 0x00, 0xF7, 0xFF, 0xFF, 0xFF,
    0xFF, 0xFF, 0xFF, 0x9F, 0x00, 0x00, 0x40, 0xFF, 0xFF, 0xFF, 0xFF, 0xFF, 0xFF, 0xFF, 0xFF, 0x04,
    0x00, 0xD0, 0xFF, 0xFF, 0xFF, 0x16, 0x60, 0xFF, 0xFF, 0xFF, 0x0B, 0x00, 0xF1, 0xFF, 0xFF, 0x7F,
    0x00, 0x00, 0xF6, 0xFF, 0xFF, 0x0F, 0x00, 0xF4, 0xFF, 0xFF, 0x1F, 0x00, 0x00, 0xF0, 0xFF, 0xFF,
    0x0F, 0x00, 0xF5, 0xFF, 0xFF, 0x0F, 0x00, 0x00, 0xF1, 0xFF, 0xFF, 0x0D, 0x00, 0xF5, 0xFF, 0xFF,
    0x0F, 0x00, 0x00, 0xF9, 0xFF, 0xFF, 0x07, 0x00, 0xF5, 0xFF, 0xFF, 0x0F, 0x00, 0xB6, 0xFF, 0xFF,
    0xAF, 0x00, 0x00, 0xF5, 0xFF, 0xFF, 0x0F, 0x00, 0xFF, 0xFF, 0xFF, 0x08, 0x00, 0x00, 0xF5, 0xFF,
    0xFF, 0x0F, 0x00, 0xFF, 0xFF, 0xFF, 0x7F, 0x00, 0x00, 0xF5, 0xFF, 0xFF, 0x0F, 0x00, 0xFF, 0xFF,
    0xFF, 0xFF, 0x09, 0x00, 0xF5, 0xFF, 0xFF, 0x0F, 0x00, 0x74, 0xFD, 0xFF, 0xFF, 0x5F, 0x00, 0xF5,
    0xFF, 0xFF, 0x0F, 0x00, 0x00, 0xB0, 0xFF, 0xFF, 0xDF, 0x00, 0xF5, 0xFF, 0xFF, 0x0F, 0x00, 0x00,
    0x30, 0xFF, 0xFF, 0xFF, 0x01, 0xF5, 0xFF, 0xFF, 0x0F, 0x00, 0x00, 0x00, 0xFF, 0xFF, 0xFF, 0x04,
    0xF5, 0xFF, 0xFF, 0x0F, 0x00, 0x00, 0x00, 0xFF, 0xFF, 0xFF, 0x04, 0xF5, 0xFF, 0xFF, 0x0F, 0x00,
    0x00, 0x30, 0xFF, 0xFF, 0xFF, 0x04, 0xF5, 0xFF, 0xFF, 0x0F, 0x00, 0x00, 0xA0, 0xFF, 0xFF, 0xFF,
    0x01, 0xF5, 0xFF, 0xFF, 0x0F, 0x30, 0x24, 0xF9, 0xFF, 0xFF, 0xCF, 0x00, 0xF5, 0xFF, 0xFF, 0x0F,
    0x40, 0xFF, 0xFF, 0xFF, 0xFF, 0x3F, 0x00, 0xF5, 0xFF, 0xFF, 0x0F, 0x40, 0xFF, 0xFF, 0xFF, 0xFF,
    0x07, 0x00, 0xF5, 0xFF, 0xFF, 0x0F, 0x40, 0xFF, 0xFF, 0xFF, 0x6F, 0x00, 0x00, 0xF5, 0xFF, 0xFF,
    0x0F, 0x20, 0xDA, 0xFF, 0x8D, 0x01, 0x00, 0x00, 0x00, 0x30, 0xFE, 0xFF, 0xFF, 0x06, 0x00, 0x00,
    0x00, 0x00, 0x00, 0x00, 0xE2, 0xFF, 0xFF, 0x0D, 0x00, 0x00, 0x00, 0x00, 0x00, 0x00, 0x20, 0xFD,
    0xFF, 0x6F, 0x00, 0x00, 0x00, 0x00, 0x00, 0x00, 0x00, 0xD1, 0xFF, 0xEF, 0x00, 0x00, 0x00, 0x00,
    0x00, 0x00, 0x00, 0x10, 0xFC, 0xFF, 0x06, 0x00, 0x00, 0x00, 0x00, 0x00, 0x00, 0x00, 0xB0, 0xFF,
    0x0E, 0x00, 0x00, 0x00, 0x00, 0x00, 0x00, 0x00, 0x00, 0x00, 0x00, 0x00, 0x00, 0x00, 0x00, 0x00,
    0x00, 0x00, 0x00, 0x00, 0x00, 0x00, 0x00, 0x00, 0x00, 0x00, 0x94, 0xEC, 0xFF, 0xDE, 0x5A, 0x00,
    0x00, 0x00, 0x10, 0xF8, 0xFF, 0xFF, 0xFF, 0xFF, 0xFF, 0x3E, 0x00, 0x00, 0xE1, 0xFF, 0xFF, 0xFF,
    0xFF, 0xFF, 0xFF, 0xFF, 0x02, 0x00, 0xF2, 0xFF, 0xFF, 0xFF, 0xFF, 0xFF, 0xFF, 0xFF, 0x0B, 0x00,
    0xF2, 0xFF, 0x6B, 0x02, 0x30, 0xFE, 0xFF, 0xFF, 0x0F, 0x00, 0xF2, 0x3C, 0x00, 0x00, 0x00, 0xF6,
    0xFF, 0xFF, 0x1F, 0x00, 0x92, 0x00, 0x00, 0x00, 0x00, 0xF5, 0xFF, 0xFF, 0x1F, 0x00, 0x00, 0x00,
    0x00, 0x30, 0xC7, 0xFF, 0xFF, 0xFF, 0x1F, 0x00, 0x00, 0x00, 0x82, 0xFD, 0xFF, 0xFF, 0xFF, 0xFF,
    0x1F, 0x00, 0x00, 0xB3, 0xFF, 0xFF, 0xDF, 0xF9, 0xFF, 0xFF, 0x1F, 0x00, 0x60, 0xFF, 0xFF, 0xCF,
    0x04, 0xF3, 0xFF, 0xFF, 0x1F, 0x00, 0xF2, 0xFF, 0xFF, 0x0B, 0x00, 0xF3, 0xFF, 0xFF, 0x1F, 0x00,
    0xF9, 0xFF, 0xFF, 0x07, 0x00, 0xF3, 0xFF, 0xFF, 0x2F, 0x00, 0xFB, 0xFF, 0xFF, 0x2D, 0x50, 0xFD,
    0xFF, 0xFF, 0x5F, 0x21, 0xF9, 0xFF, 0xFF, 0xFF, 0xFF, 0xFF, 0xFF, 0xFF, 0xFF, 0x9F, 0xF4, 0xFF,
    0xFF, 0xFF, 0xFF, 0xFF, 0xFF, 0xFF, 0xFF, 0x9F, 0x90, 0xFF, 0xFF, 0xFF, 0xEF, 0x84, 0xFF, 0xFF,
    0xFF, 0x8F, 0x00, 0xB5, 0xFE, 0xCE, 0x17, 0x00, 0xEA, 0xEF, 0x8C, 0x02, 0x00, 0x00, 0x00, 0x00,
    0xF1, 0xFF, 0xFF, 0x8F, 0x00, 0x00, 0x00, 0x00, 0x00, 0x00, 0xF8, 0xFF, 0xFF, 0x07, 0x00, 0x00,
    0x00, 0x00, 0x00, 0x10, 0xFF, 0xFF, 0x6F, 0x00, 0x00, 0x00, 0x00, 0x00, 0x00, 0x80, 0xFF, 0xFF,
    0x04, 0x00, 0x00, 0x00, 0x00, 0x00, 0x00, 0xF1, 0xFF, 0x4F, 0x00, 0x00, 0x00, 0x00, 0x00, 0x00,
    0x00, 0xF8, 0xEF, 0x03, 0x00, 0x00, 0x00, 0x00, 0x00, 0x00, 0x00, 0x00, 0x00, 0x00, 0x00, 0x00,
    0x00, 0x00, 0x00, 0x00, 0x00, 0x00, 0x00, 0x00, 0x00, 0x00, 0x00, 0x00, 0x00, 0x00, 0x94, 0xEC,
    0xFF, 0xDE, 0x5A, 0x00, 0x00, 0x00, 0x10, 0xF8, 0xFF, 0xFF, 0xFF, 0xFF, 0xFF, 0x3E, 0x00, 0x00,
    0xE1, 0xFF, 0xFF, 0xFF, 0xFF, 0xFF, 0xFF, 0xFF, 0x02, 0x00, 0xF2, 0xFF, 0xFF, 0xFF, 0xFF, 0xFF,
    0xFF, 0xFF, 0x0B, 0x00, 0xF2, 0xFF, 0x6B, 0x02, 0x30, 0xFE, 0xFF, 0xFF, 0x0F, 0x00, 0xF2, 0x3C,
    0x00, 0x00, 0x00, 0xF6, 0xFF, 0xFF, 0x1F, 0x00, 0x92, 0x00, 0x00, 0x00, 0x00, 0xF5, 0xFF, 0xFF,
    0x1F, 0x00, 0x00, 0x00, 0x00, 0x30, 0xC7, 0xFF, 0xFF, 0xFF, 0x1F, 0x00, 0x00, 0x00, 0x82, 0xFD,
    0xFF, 0xFF, 0xFF, 0xFF, 0x1F, 0x00, 0x00, 0xB3, 0xFF, 0xFF, 0xDF, 0xF9, 0xFF, 0xFF, 0x1F, 0x00,
    0x60, 0xFF, 0xFF, 0xCF, 0x04, 0xF3, 0xFF, 0xFF, 0x1F, 0x00, 0xF2, 0xFF, 0xFF, 0x0B, 0x00, 0xF3,
    0xFF, 0xFF, 0x1F, 0x00, 0xF9, 0xFF, 0xFF, 0x07, 0x00, 0xF3, 0xFF, 0xFF, 0x2F, 0x00, 0xFB, 0xFF,
    0xFF, 0x2D, 0x50, 0xFD, 0xFF, 0xFF, 0x5F, 0x21, 0xF9, 0xFF, 0xFF, 0xFF, 0xFF, 0xFF, 0xFF, 0xFF,
    0xFF, 0x9F, 0xF4, 0xFF, 0xFF, 0xFF, 0xFF, 0xFF, 0xFF, 0xFF, 0xFF, 0x9F, 0x90, 0xFF, 0xFF, 0xFF,
    0xEF, 0x84, 0xFF, 0xFF, 0xFF, 0x8F, 0x00, 0xB5, 0xFE, 0xCE, 0x17, 0x00, 0xEA, 0xEF, 0x8C, 0x02,
    0x00, 0x00, 0xF2, 0xFF, 0xFF, 0xFF, 0x0E, 0x00, 0x00, 0x00, 0x00, 0x00, 0xFA, 0xFF, 0xFF, 0xFF,
    0x7F, 0x00, 0x00, 0x00, 0x00, 0x20, 0xFF, 0xFF, 0xFF, 0xFF, 0xEF, 0x01, 0x00, 0x00, 0x00, 0xB0,
    0xFF, 0xFF, 0x54, 0xFF, 0xFF, 0x08, 0x00, 0x00, 0x00, 0xF3, 0xFF, 0x4F, 0x00, 0xF6, 0xFF, 0x1F,
    0x00, 0x00, 0x00, 0xFC, 0xFF, 0x04, 0x00, 0x60, 0xFF, 0x9F, 0x00, 0x00, 0x00, 0x00, 0x00, 0x00,
    0x00, 0x00, 0x00, 0x00, 0x00, 0x00, 0x00, 0x00, 0x00, 0x00, 0x00, 0x00, 0x00, 0x00, 0x00, 0x00,
    0x00, 0x00, 0x94, 0xEC, 0xFF, 0xDE, 0x5A, 0x00, 0x00, 0x00, 0x10, 0xF8, 0xFF, 0xFF, 0xFF, 0xFF,
    0xFF, 0x3E, 0x00, 0x00, 0xE1, 0xFF, 0xFF, 0xFF, 0xFF, 0xFF, 0xFF, 0xFF, 0x02, 0x00, 0xF2, 0xFF,
    0xFF, 0xFF, 0xFF, 0xFF, 0xFF, 0xFF, 0x0B, 0x00, 0xF2, 0xFF, 0x6B, 0x02, 0x30, 0xFE, 0xFF, 0xFF,
    0x0F, 0x00, 0xF2, 0x3C, 0x00, 0x00, 0x00, 0xF6, 0xFF, 0xFF, 0x1F, 0x00, 0x92, 0x00, 0x00, 0x00,
    0x00, 0xF5, 0xFF, 0xFF, 0x1F, 0x00, 0x00, 0x00, 0x00, 0x30, 0xC7, 0xFF, 0xFF, 0xFF, 0x1F, 0x00,
    0x00, 0x00, 0x82, 0xFD, 0xFF, 0xFF, 0xFF, 0xFF, 0x1F, 0x00, 0x00, 0xB3, 0xFF, 0xFF, 0xDF, 0xF9,
    0xFF, 0xFF, 0x1F, 0x00, 0x60, 0xFF, 0xFF, 0xCF, 0x04, 0xF3, 0xFF, 0xFF, 0x1F, 0x00, 0xF2, 0xFF,
    0xFF, 0x0B, 0x00, 0xF3, 0xFF, 0xFF, 0x1F, 0x00, 0xF9, 0xFF, 0xFF, 0x07, 0x00, 0xF3, 0xFF, 0xFF,
    0x2F, 0x00, 0xFB, 0xFF, 0xFF, 0x2D, 0x50, 0xFD, 0xFF, 0xFF, 0x5F, 0x21, 0xF9, 0xFF, 0xFF, 0xFF,
    0xFF, 0xFF, 0xFF, 0xFF, 0xFF, 0x9F, 0xF4, 0xFF, 0xFF, 0xFF, 0xFF, 0xFF, 0xFF, 0xFF, 0xFF, 0x9F,
    0x90, 0xFF, 0xFF, 0xFF, 0xEF, 0x84, 0xFF, 0xFF, 0xFF, 0x8F, 0x00, 0xB5, 0xFE, 0xCE, 0x17, 0x00,
    0xEA, 0xEF, 0x8C, 0x02, 0x00, 0x00, 0xC4, 0xCF, 0x06, 0x00, 0xB0, 0xFF, 0x03, 0x00, 0x00, 0x50,
    0xFF, 0xFF, 0xFF, 0x28, 0xF2, 0xFF, 0x01, 0x00, 0x00, 0xE0, 0xFF, 0xFF, 0xFF, 0xFF, 0xFF, 0xEF,
    0x00, 0x00, 0x00, 0xF5, 0xFF, 0xFF, 0xFF, 0xFF, 0xFF, 0x9F, 0x00, 0x00, 0x00, 0xF8, 0xAF, 0x40,
    0xFB, 0xFF, 0xFF, 0x1E, 0x00, 0x00, 0x00, 0xFA, 0x3F, 0x00, 0x20, 0xE9, 0xBF, 0x02, 0x00, 0x00,
    0x00, 0x00, 0x00, 0x00, 0x00, 0x00, 0x00, 0x00, 0x00, 0x00, 0x00, 0x00, 0x00, 0x00, 0x00, 0x00,
    0x00, 0x00, 0x00, 0x00, 0x00, 0x00, 0x95, 0xEC, 0xFF, 0xDE, 0x5A, 0x00, 0x00, 0x00, 0x10, 0xF9,
    0xFF, 0xFF, 0xFF, 0xFF, 0xFF, 0x3E, 0x00, 0x00, 0xE1, 0xFF, 0xFF, 0xFF, 0xFF, 0xFF, 0xFF, 0xFF,
    0x02, 0x00, 0xF2, 0xFF, 0xFF, 0xFF, 0xFF, 0xFF, 0xFF, 0xFF, 0x0B, 0x00, 0xF2, 0xFF, 0x6B, 0x02,
    0x30, 0xFE, 0xFF, 0xFF, 0x0F, 0x00, 0xF2, 0x3C, 0x00, 0x00, 0x00, 0xF6, 0xFF, 0xFF, 0x1F, 0x00,
    0x82, 0x00, 0x00, 0x00, 0x00, 0xF5, 0xFF, 0xFF, 0x1F, 0x00, 0x00, 0x00, 0x00, 0x30, 0xC7, 0xFF,
    0xFF, 0xFF, 0x1F, 0x00, 0x00, 0x00, 0x82, 0xFD, 0xFF, 0xFF, 0xFF, 0xFF, 0x1F, 0x00, 0x00, 0xB3,
    0xFF, 0xFF, 0xDF, 0xF9, 0xFF, 0xFF, 0x1F, 0x00, 0x60, 0xFF, 0xFF, 0xCF, 0x04, 0xF3, 0xFF, 0xFF,
    0x1F, 0x00, 0xF2, 0xFF, 0xFF, 0x0B, 0x00, 0xF3, 0xFF, 0xFF, 0x1F, 0x00, 0xF9, 0xFF, 0xFF, 0x07,
    0x00, 0xF3, 0xFF, 0xFF, 0x2F, 0x00, 0xFB, 0xFF, 0xFF, 0x2D, 0x50, 0xFD, 0xFF, 0xFF, 0x5F, 0x21,
    0xF9, 0xFF, 0xFF, 0xFF, 0xFF, 0xFF, 0xFF, 0xFF, 0xFF, 0x9F, 0xF4, 0xFF, 0xFF, 0xFF, 0xFF, 0xFF,
    0xFF, 0xFF, 0xFF, 0x9F, 0x90, 0xFF, 0xFF, 0xFF, 0xEF, 0x84, 0xFF, 0xFF, 0xFF, 0x8F, 0x00, 0xB5,
    0xFE, 0xCE, 0x17, 0x00, 0xEA, 0xEF, 0x8C, 0x02, 0x00, 0x80, 0xDE, 0x03, 0x00, 0x00, 0xE9, 0x3D,
    0x00, 0x00, 0x00, 0xF5, 0xFF, 0x0E, 0x00, 0x60, 0xFF, 0xEF, 0x00, 0x00, 0x00, 0xF9, 0xFF, 0x2F,
    0x00, 0x90, 0xFF, 0xFF, 0x01, 0x00, 0x00, 0xF5, 0xFF, 0x0E, 0x00, 0x60, 0xFF, 0xEF, 0x00, 0x00,
    0x00, 0x80, 0xDE, 0x03, 0x00, 0x00, 0xF9, 0x3D, 0x00, 0x00, 0x00, 0x00, 0x00, 0x00, 0x00, 0x00,
    0x00, 0x00, 0x00, 0x00, 0x00, 0x00, 0x00, 0x00, 0x00, 0x00, 0x00, 0x00, 0x00, 0x00, 0x00, 0x00,
    0x94, 0xEC, 0xFF, 0xDE, 0x5A, 0x00, 0x00, 0x00, 0x10, 0xF8, 0xFF, 0xFF, 0xFF, 0xFF, 0xFF, 0x3E,
    0x00, 0x00, 0xE1, 0xFF, 0xFF, 0xFF, 0xFF, 0xFF, 0xFF, 0xFF, 0x02, 0x00, 0xF2, 0xFF, 0xFF, 0xFF,
    0xFF, 0xFF, 0xFF, 0xFF, 0x0B, 0x00, 0xF2, 0xFF, 0x6B, 0x02, 0x30, 0xFE, 0xFF, 0xFF, 0x0F, 0x00,
    0xF2, 0x3C, 0x00, 0x00, 0x00, 0xF6, 0xFF, 0xFF, 0x1F, 0x00, 0x92, 0x00, 0x00, 0x00, 0x00, 0xF5,
    0xFF, 0xFF, 0x1F, 0x00, 0x00, 0x00, 0x00, 0x30, 0xC7, 0xFF, 0xFF, 0xFF, 0x1F, 0x00, 0x00, 0x00,
    0x82, 0xFD, 0xFF, 0xFF, 0xFF, 0xFF, 0x1F, 0x00, 0x00, 0xB3, 0xFF, 0xFF, 0xDF, 0xF9, 0xFF, 0xFF,
    0x1F, 0x00, 0x60, 0xFF, 0xFF, 0xCF, 0x04, 0xF3, 0xFF, 0xFF, 0x1F, 0x00, 0xF2, 0xFF, 0xFF, 0x0B,
    0x00, 0xF3, 0xFF, 0xFF, 0x1F, 0x00, 0xF9, 0xFF, 0xFF, 0x07, 0x00, 0xF3, 0xFF, 0xFF, 0x2F, 0x00,
    0xFB, 0xFF, 0xFF, 0x2D, 0x50, 0xFD, 0xFF, 0xFF, 0x5F, 0x21, 0xF9, 0xFF, 0xFF, 0xFF, 0xFF, 0xFF,
    0xFF, 0xFF, 0xFF, 0x9F, 0xF4, 0xFF, 0xFF, 0xFF, 0xFF, 0xFF, 0xFF, 0xFF, 0xFF, 0x9F, 0x90, 0xFF,
    0xFF, 0xFF, 0xEF, 0x84, 0xFF, 0xFF, 0xFF, 0x8F, 0x00, 0xB5, 0xFE, 0xCE, 0x17, 0x00, 0xEA, 0xEF,
    0x8C, 0x02, 0x00, 0x00, 0x00, 0x50, 0xFD, 0x9E, 0x00, 0x00, 0x00, 0x00, 0x00, 0x00, 0x00, 0xF7,
    0xFF, 0xFF, 0x0D, 0x00, 0x00, 0x00, 0x00, 0x00, 0x10, 0xFF, 0x07, 0xF4, 0x7F, 0x00, 0x00, 0x00,
    0x00, 0x00, 0x40, 0xDF, 0x00, 0x90, 0xBF, 0x00, 0x00, 0x00, 0x00, 0x00, 0x40, 0xDF, 0x00, 0x90,
    0xBF, 0x00, 0x00, 0x00, 0x00, 0x00, 0x00, 0xFF, 0x07, 0xF4, 0x6F, 0x00, 0x00, 0x00, 0x00, 0x00,
    0x00, 0xF6, 0xFF, 0xFF, 0x0C, 0x00, 0x00, 0x00, 0x00, 0x00, 0x00, 0x50, 0xFC, 0x8E, 0x00, 0x00,
    0x00, 0x00, 0x00, 0x00, 0x00, 0x00, 0x00, 0x00, 0x00, 0x00, 0x00, 0x00, 0x00, 0x00, 0x00, 0x00,
    0x00, 0x00, 0x00, 0x00, 0x00, 0x00, 0x00, 0x00, 0x94, 0xEC, 0xFF, 0xDE, 0x5A, 0x00, 0x00, 0x00,
    0x10, 0xF8, 0xFF, 0xFF, 0xFF, 0xFF, 0xFF, 0x3E, 0x00, 0x00, 0xE1, 0xFF, 0xFF, 0xFF, 0xFF, 0xFF,
    0xFF, 0xFF, 0x02, 0x00, 0xF2, 0xFF, 0xFF, 0xFF, 0xFF, 0xFF, 0xFF, 0xFF, 0x0B, 0x00, 0xF2, 0xFF,
    0x6B, 0x02, 0x30, 0xFE, 0xFF, 0xFF, 0x0F, 0x00, 0xF2, 0x3C, 0x00, 0x00, 0x00, 0xF6, 0xFF, 0xFF,
    0x1F, 0x00, 0x92, 0x00, 0x00, 0x00, 0x00, 0xF5, 0xFF, 0xFF, 0x1F, 0x00, 0x00, 0x00, 0x00, 0x30,
    0xC7, 0xFF, 0xFF, 0xFF, 0x1F, 0x00, 0x00, 0x00, 0x82, 0xFD, 0xFF, 0xFF, 0xFF, 0xFF, 0x1F, 0x00,
    0x00, 0xB3, 0xFF, 0xFF, 0xDF, 0xF9, 0xFF, 0xFF, 0x1F, 0x00, 0x60, 0xFF, 0xFF, 0xCF, 0x04, 0xF3,
    0xFF, 0xFF, 0x1F, 0x00, 0xF2, 0xFF, 0xFF, 0x0B, 0x00, 0xF3, 0xFF, 0xFF, 0x1F, 0x00, 0xF9, 0xFF,
    0xFF, 0x07, 0x00, 0xF3, 0xFF, 0xFF, 0x2F, 0x00, 0xFB, 0xFF, 0xFF, 0x2D, 0x50, 0xFD, 0xFF, 0xFF,
    0x5F, 0x21, 0xF9, 0xFF, 0xFF, 0xFF, 0xFF, 0xFF, 0xFF, 0xFF, 0xFF, 0x9F, 0xF4, 0xFF, 0xFF, 0xFF,
    0xFF, 0xFF, 0xFF, 0xFF, 0xFF, 0x9F, 0x90, 0xFF, 0xFF, 0xFF, 0xEF, 0x84, 0xFF, 0xFF, 0xFF, 0x8F,
    0x00, 0xB5, 0xFE, 0xCE, 0x17, 0x00, 0xEA, 0xEF, 0x8C, 0x02, 0x00, 0x00, 0x95, 0xED, 0xFF, 0x9D,
    0x03, 0x20, 0xD9, 0xFF, 0xAE, 0x06, 0x00, 0x00, 0x00, 0xE7, 0xFF, 0xFF, 0xFF, 0xFF, 0xCF, 0xFA,
    0xFF, 0xFF, 0xFF, 0xEF, 0x04, 0x00, 0xE1, 0xFF, 0xFF, 0xFF, 0xFF, 0xFF, 0xFF, 0xFF, 0xFF, 0xFF,
    0xFF, 0xFF, 0x5F, 0x00, 0xF2, 0xFF, 0xFF, 0xFF, 0xFF, 0xFF, 0xFF, 0xFF, 0xFF, 0xEF, 0xFF, 0xFF,
    0xFF, 0x03, 0xF2, 0xFF, 0x6D, 0x02, 0x40, 0xFF, 0xFF, 0xFF, 0x8F, 0x00, 0xF3, 0xFF, 0xFF, 0x0C,
    0xF2, 0x5E, 0x00, 0x00, 0x00, 0xF9, 0xFF, 0xFF, 0x0C, 0x00, 0x80, 0xFF, 0xFF, 0x3F, 0xD2, 0x02,
    0x00, 0x00, 0x00, 0xF7, 0xFF, 0xFF, 0x07, 0x00, 0x20, 0xFF, 0xFF, 0x8F, 0x10, 0x00, 0x00, 0x00,
    0x61, 0xFD, 0xFF, 0xFF, 0x05, 0x00, 0x00, 0xFF, 0xFF, 0xCF, 0x00, 0x00, 0x10, 0xB6, 0xFF, 0xFF,
    0xFF, 0xFF, 0xFF, 0xFF, 0xFF, 0xFF, 0xFF, 0xDF, 0x00, 0x50, 0xFC, 0xFF, 0xFF, 0xFF, 0xFF, 0xFF,
    0xFF, 0xFF, 0xFF, 0xFF, 0xFF, 0xEF, 0x10, 0xFC, 0xFF, 0xFF, 0x5D, 0xF7, 0xFF, 0xFF, 0xFF, 0xFF,
    0xFF, 0xFF, 0xFF, 0xFF, 0xD1, 0xFF, 0xFF, 0x6F, 0x00, 0xF7, 0xFF, 0xFF, 0x09, 0x00, 0x00, 0x00,
    0x00, 0x00, 0xF7, 0xFF, 0xFF, 0x09, 0x00, 0xF7, 0xFF, 0xFF, 0x3F, 0x00, 0x00, 0x00, 0x00, 0x31,
    0xFB, 0xFF, 0xFF, 0x09, 0x00, 0xF9, 0xFF, 0xFF, 0xFF, 0x49, 0x01, 0x31, 0xB7, 0x8F, 0xFA, 0xFF,
    0xFF, 0x8F, 0xB6, 0xFF, 0xFF, 0xFF, 0xFF, 0xFF, 0xFF, 0xFF, 0xFF, 0x8F, 0xF5, 0xFF, 0xFF, 0xFF,
    0xFF, 0xFF, 0xFE, 0xFF, 0xFF, 0xFF, 0xFF, 0xFF, 0xFF, 0x8F, 0x90, 0xFF, 0xFF, 0xFF, 0xFF, 0x3C,
    0x60, 0xFE, 0xFF, 0xFF, 0xFF, 0xFF, 0xEF, 0x29, 0x00, 0xB5, 0xFE, 0xCE, 0x38, 0x00, 0x00, 0x40,
    0xC9, 0xFE, 0xEF, 0x8B, 0x04, 0x00, 0x00, 0x00, 0x10, 0xB6, 0xED, 0xFF, 0xBD, 0x26, 0x00, 0x00,
    0x00, 0xF8, 0xFF, 0xFF, 0xFF, 0xFF, 0xFF, 0x00, 0x00, 0xD1, 0xFF, 0xFF, 0xFF, 0xFF, 0xFF, 0xFF,
    0x01, 0x00, 0xFD, 0xFF, 0xFF, 0xFF, 0xFF, 0xFF, 0xFF, 0x01, 0x80, 0xFF, 0xFF, 0xFF, 0xFF, 0xFF,
    0xFF, 0xFF, 0x01, 0xF0, 0xFF, 0xFF, 0xFF, 0x5D, 0x01, 0x41, 0xD8, 0x00, 0xF5, 0xFF, 0xFF, 0xBF,
    0x00, 0x00, 0x00, 0x00, 0x00, 0xF9, 0xFF, 0xFF, 0x2F, 0x00, 0x00, 0x00, 0x00, 0x00, 0xFB, 0xFF,
    0xFF, 0x0F, 0x00, 0x00, 0x00, 0x00, 0x00, 0xFA, 0xFF, 0xFF, 0x0F, 0x00, 0x00, 0x00, 0x00, 0x00,
    0xF9, 0xFF, 0xFF, 0x3F, 0x00, 0x00, 0x00, 0x00, 0x00, 0xF5, 0xFF, 0xFF, 0xCF, 0x00, 0x00, 0x00,
    0x00, 0x00, 0xF1, 0xFF, 0xFF, 0xFF, 0x5D, 0x01, 0x51, 0xD9, 0x05, 0x90, 0xFF, 0xFF, 0xFF, 0xFF,
    0xFF, 0xFF, 0xFF, 0x05, 0x10, 0xFE, 0xFF, 0xFF, 0xFF, 0xFF, 0xFF, 0xFF, 0x05, 0x00, 0xE2, 0xFF,
    0xFF, 0xFF, 0xFF, 0xFF, 0xFF, 0x05, 0x00, 0x20, 0xFC, 0xFF, 0xFF, 0xFF, 0xFF, 0xFF, 0x05, 0x00,
    0x00, 0x40, 0xD9, 0xFF, 0xFF, 0xBD, 0x27, 0x00, 0x00, 0x00, 0x00, 0x20, 0xFF, 0x2F, 0x00, 0x00,
    0x00, 0x00, 0x00, 0x00, 0xD0, 0xFF, 0xFF, 0x0A, 0x00, 0x00, 0x00, 0x00, 0x00, 0xA3, 0xFF, 0xFF,
    0x8F, 0x00, 0x00, 0x00, 0x00, 0x00, 0x00, 0xFE, 0xFF, 0xDF, 0x00, 0x00, 0x00, 0x00, 0x00, 0x72,
    0xFF, 0xFF, 0xBF, 0x00, 0x00, 0x00, 0x00, 0xF5, 0xFF, 0xFF, 0xFF, 0x3E, 0x00, 0x00, 0x00, 0x00,
    0xF5, 0xFF, 0xFF, 0x8C, 0x01, 0x00, 0x00, 0x00, 0x00, 0xFA, 0xFF, 0xFF, 0x0D, 0x00, 0x00, 0x00,
    0x00, 0x00, 0x00, 0x90, 0xFF, 0xFF, 0x5F, 0x00, 0x00, 0x00, 0x00, 0x00, 0x00, 0x00, 0xF8, 0xFF,
    0xDF, 0x00, 0x00, 0x00, 0x00, 0x00, 0x00, 0x00, 0x70, 0xFF, 0xFF, 0x05, 0x00, 0x00, 0x00, 0x00,
    0x00, 0x00, 0x00, 0xF6, 0xFF, 0x0D, 0x00, 0x00, 0x00, 0x00, 0x00, 0x00, 0x00, 0x50, 0xFF, 0x5F,
    0x00, 0x00, 0x00, 0x00, 0x00, 0x00, 0x00, 0x00, 0x00, 0x00, 0x00, 0x00, 0x00, 0x00, 0x00, 0x00,
    0x00, 0x00, 0x00, 0x00, 0x00, 0x00, 0x00, 0x00, 0x00, 0x10, 0xB7, 0xFD, 0xEF, 0x7C, 0x01, 0x00,
    0x00, 0x00, 0x10, 0xF9, 0xFF, 0xFF, 0xFF, 0xFF, 0x9F, 0x00, 0x00, 0x00, 0xE2, 0xFF, 0xFF, 0xFF,
    0xFF, 0xFF, 0xFF, 0x0C, 0x00, 0x10, 0xFE, 0xFF, 0xFF, 0xFF, 0xFF, 0xFF, 0xFF, 0xAF, 0x00, 0xA0,
    0xFF, 0xFF, 0xDF, 0x15, 0x30, 0xFC, 0xFF, 0xFF, 0x04, 0xF2, 0xFF, 0xFF, 0x1F, 0x00, 0x00, 0xE1,
    0xFF, 0xFF, 0x0B, 0xF6, 0xFF, 0xFF, 0x0B, 0x00, 0x00, 0xA0, 0xFF, 0xFF, 0x0F, 0xFA, 0xFF, 0xFF,
    0xFF, 0xFF, 0xFF, 0xFF, 0xFF, 0xFF, 0x3F, 0xFB, 0xFF, 0xFF, 0xFF, 0xFF, 0xFF, 0xFF, 0xFF, 0xFF,
    0x5F, 0xFB, 0xFF, 0xFF, 0xFF, 0xFF, 0xFF, 0xFF, 0xFF, 0xFF, 0x5F, 0xF9, 0xFF, 0xFF, 0xFF, 0xFF,
    0xFF, 0xFF, 0xFF, 0xFF, 0x6F, 0xF6, 0xFF, 0xFF, 0x0E, 0x00, 0x00, 0x00, 0x00, 0x00, 0x00, 0xF1,
    0xFF, 0xFF, 0xBF, 0x00, 0x00, 0x00, 0x00, 0x10, 0x07, 0x90, 0xFF, 0xFF, 0xFF, 0x7D, 0x02, 0x10,
    0x74, 0xFC, 0x0E, 0x10, 0xFD, 0xFF, 0xFF, 0xFF, 0xFF, 0xFF, 0xFF, 0xFF, 0x0E, 0x00, 0xD2, 0xFF,
    0xFF, 0xFF, 0xFF, 0xFF, 0xFF, 0xFF, 0x0E, 0x00, 0x10, 0xF9, 0xFF, 0xFF, 0xFF, 0xFF, 0xFF, 0xCF,
    0x05, 0x00, 0x00, 0x10, 0xB7, 0xFD, 0xFF, 0xDE, 0x7A, 0x01, 0x00, 0x00, 0x00, 0x00, 0x00, 0x90,
    0xFF, 0xFF, 0xDF, 0x02, 0x00, 0x00, 0x00, 0x00, 0x00, 0xF1, 0xFF, 0xFF, 0x1D, 0x00, 0x00, 0x00,
    0x00, 0x00, 0x00, 0xF9, 0xFF, 0xCF, 0x01, 0x00, 0x00, 0x00, 0x00, 0x00, 0x10, 0xFF, 0xFF, 0x0B,
    0x00, 0x00, 0x00, 0x00, 0x00, 0x00, 0x90, 0xFF, 0xAF, 0x00, 0x00, 0x00, 0x00, 0x00, 0x00, 0x00,
    0xF1, 0xFF, 0x09, 0x00, 0x00, 0x00, 0x00, 0x00, 0x00, 0x00, 0x00, 0x00, 0x00, 0x00, 0x00, 0x00,
    0x00, 0x00, 0x00, 0x00, 0x00, 0x00, 0x00, 0x00, 0x00, 0x00, 0x00, 0x00, 0x00, 0x10, 0xB7, 0xFD,
    0xEF, 0x7C, 0x01, 0x00, 0x00, 0x00, 0x10, 0xF9, 0xFF, 0xFF, 0xFF, 0xFF, 0x9F, 0x00, 0x00, 0x00,
    0xE2, 0xFF, 0xFF, 0xFF, 0xFF, 0xFF, 0xFF, 0x0C, 0x00, 0x10, 0xFE, 0xFF, 0xFF, 0xFF, 0xFF, 0xFF,
    0xFF, 0xAF, 0x00, 0xA0, 0xFF, 0xFF, 0xDF, 0x15, 0x30, 0xFC, 0xFF, 0xFF, 0x04, 0xF2, 0xFF, 0xFF,
    0x1F, 0x00, 0x00, 0xE1, 0xFF, 0xFF, 0x0B, 0xF6, 0xFF, 0xFF, 0x0B, 0x00, 0x00, 0xA0, 0xFF, 0xFF,
    0x0F, 0xFA, 0xFF, 0xFF, 0xFF, 0xFF, 0xFF, 0xFF, 0xFF, 0xFF, 0x3F, 0xFB, 0xFF, 0xFF, 0xFF, 0xFF,
    0xFF, 0xFF, 0xFF, 0xFF, 0x5F, 0xFB, 0xFF, 0xFF, 0xFF, 0xFF, 0xFF, 0xFF, 0xFF, 0xFF, 0x5F, 0xF9,
    0xFF, 0xFF, 0xFF, 0xFF, 0xFF, 0xFF, 0xFF, 0xFF, 0x6F, 0xF6, 0xFF, 0xFF, 0x0E, 0x00, 0x00, 0x00,
    0x00, 0x00, 0x00, 0xF1, 0xFF, 0xFF, 0xBF, 0x00, 0x00, 0x00, 0x00, 0x10, 0x07, 0x90, 0xFF, 0xFF,
    0xFF, 0x7D, 0x02, 0x10, 0x74, 0xFC, 0x0E, 0x10, 0xFD, 0xFF, 0xFF, 0xFF, 0xFF, 0xFF, 0xFF, 0xFF,
    0x0E, 0x00, 0xD2, 0xFF, 0xFF, 0xFF, 0xFF, 0xFF, 0xFF, 0xFF, 0x0E, 0x00, 0x10, 0xF9, 0xFF, 0xFF,
    0xFF, 0xFF, 0xFF, 0xCF, 0x05, 0x00, 0x00, 0x10, 0xB7, 0xFD, 0xFF, 0xDE, 0x7A, 0x01, 0x00, 0x00,
    0x00, 0x40, 0xFF, 0xFF, 0xFF, 0xCF, 0x00, 0x00, 0x00, 0x00, 0x00, 0xC0, 0xFF, 0xFF, 0xFF, 0xFF,
    0x04, 0x00, 0x00, 0x00, 0x00, 0xF5, 0xFF, 0xFF, 0xFF, 0xFF, 0x0D, 0x00, 0x00, 0x00, 0x00, 0xFD,
    0xFF, 0x2E, 0xF8, 0xFF, 0x5F, 0x00, 0x00, 0x00, 0x60, 0xFF, 0xEF, 0x02, 0x80, 0xFF, 0xDF, 0x00,
    0x00, 0x00, 0xE0, 0xFF, 0x2E, 0x00, 0x00, 0xF9, 0xFF, 0x06, 0x00, 0x00, 0x00, 0x00, 0x00, 0x00,
    0x00, 0x00, 0x00, 0x00, 0x00, 0x00, 0x00, 0x00, 0x00, 0x00, 0x00, 0x00, 0x00, 0x00, 0x00, 0x00,
    0x00, 0x10, 0xB7, 0xFD, 0xEF, 0x7C, 0x01, 0x00, 0x00, 0x00, 0x10, 0xF9, 0xFF, 0xFF, 0xFF, 0xFF,
    0x9F, 0x00, 0x00, 0x00, 0xE2, 0xFF, 0xFF, 0xFF, 0xFF, 0xFF, 0xFF, 0x0C, 0x00, 0x10, 0xFE, 0xFF,
    0xFF, 0xFF, 0xFF, 0xFF, 0xFF, 0xAF, 0x00, 0xA0, 0xFF, 0xFF, 0xDF, 0x15, 0x30, 0xFC, 0xFF, 0xFF,
    0x04, 0xF2, 0xFF, 0xFF, 0x1F, 0x00, 0x00, 0xE1, 0xFF, 0xFF, 0x0B, 0xF6, 0xFF, 0xFF, 0x0B, 0x00,
    0x00, 0xA0, 0xFF, 0xFF, 0x0F, 0xFA, 0xFF, 0xFF, 0xFF, 0xFF, 0xFF, 0xFF, 0xFF, 0xFF, 0x3F, 0xFB,
    0xFF, 0xFF, 0xFF, 0xFF, 0xFF, 0xFF, 0xFF, 0xFF, 0x5F, 0xFB, 0xFF, 0xFF, 0xFF, 0xFF, 0xFF, 0xFF,
    0xFF, 0xFF, 0x5F, 0xF9, 0xFF, 0xFF, 0xFF, 0xFF, 0xFF, 0xFF, 0xFF, 0xFF, 0x6F, 0xF6, 0xFF, 0xFF,
    0x0E, 0x00, 0x00, 0x00, 0x00, 0x00, 0x00, 0xF1, 0xFF, 0xFF, 0xBF, 0x00, 0x00, 0x00, 0x00, 0x10,
    0x07, 0x90, 0xFF, 0xFF, 0xFF, 0x7D, 0x02, 0x10, 0x74, 0xFC, 0x0E, 0x10, 0xFD, 0xFF, 0xFF, 0xFF,
    0xFF, 0xFF, 0xFF, 0xFF, 0x0E, 0x00, 0xD2, 0xFF, 0xFF, 0xFF, 0xFF, 0xFF, 0xFF, 0xFF, 0x0E, 0x00,
    0x10, 0xF9, 0xFF, 0xFF, 0xFF, 0xFF, 0xFF, 0xCF, 0x05, 0x00, 0x00, 0x10, 0xB7, 0xFD, 0xFF, 0xDE,
    0x7A, 0x01, 0x00, 0x00, 0x30, 0xED, 0x09, 0x00, 0x00, 0xD3, 0x8E, 0x00, 0x00, 0x00, 0xE0, 0xFF,
    0x6F, 0x00, 0x00, 0xFE, 0xFF, 0x05, 0x00, 0x00, 0xF1, 0xFF, 0x9F, 0x00, 0x20, 0xFF, 0xFF, 0x09,
    0x00, 0x00, 0xE0, 0xFF, 0x6F, 0x00, 0x00, 0xFE, 0xFF, 0x05, 0x00, 0x00, 0x30, 0xFD, 0x09, 0x00,
    0x00, 0xD3, 0x8E, 0x00, 0x00, 0x00, 0x00, 0x00, 0x00, 0x00, 0x00, 0x00, 0x00, 0x00, 0x00, 0x00,
    0x00, 0x00, 0x00, 0x00, 0x00, 0x00, 0x00, 0x00, 0x00, 0x00, 0x00, 0x10, 0xB7, 0xFD, 0xEF, 0x7C,
    0x01, 0x00, 0x00, 0x00, 0x10, 0xF9, 0xFF, 0xFF, 0xFF, 0xFF, 0x9F, 0x00, 0x00, 0x00, 0xE2, 0xFF,
    0xFF, 0xFF, 0xFF, 0xFF, 0xFF, 0x0C, 0x00, 0x10, 0xFE, 0xFF, 0xFF, 0xFF, 0xFF, 0xFF, 0xFF, 0xAF,
    0x00, 0xA0, 0xFF, 0xFF, 0xDF, 0x15, 0x30, 0xFC, 0xFF, 0xFF, 0x04, 0xF2, 0xFF, 0xFF, 0x1F, 0x00,
    0x00, 0xE1, 0xFF, 0xFF, 0x0B, 0xF6, 0xFF, 0xFF, 0x0B, 0x00, 0x00, 0xA0, 0xFF, 0xFF, 0x0F, 0xFA,
    0xFF, 0xFF, 0xFF, 0xFF, 0xFF, 0xFF, 0xFF, 0xFF, 0x3F, 0xFB, 0xFF, 0xFF, 0xFF, 0xFF, 0xFF, 0xFF,
    0xFF, 0xFF, 0x5F, 0xFB, 0xFF, 0xFF, 0xFF, 0xFF, 0xFF, 0xFF, 0xFF, 0xFF, 0x5F, 0xF9, 0xFF, 0xFF,
    0xFF, 0xFF, 0xFF, 0xFF, 0xFF, 0xFF, 0x6F, 0xF6, 0xFF, 0xFF, 0x0E, 0x00, 0x00, 0x00, 0x00, 0x00,
    0x00, 0xF1, 0xFF, 0xFF, 0xBF, 0x00, 0x00, 0x00, 0x00, 0x10, 0x07, 0x90, 0xFF, 0xFF, 0xFF, 0x7D,
    0x02, 0x10, 0x74, 0xFC, 0x0E, 0x10, 0xFD, 0xFF, 0xFF, 0xFF, 0xFF, 0xFF, 0xFF, 0xFF, 0x0E, 0x00,
    0xD2, 0xFF, 0xFF, 0xFF, 0xFF, 0xFF, 0xFF, 0xFF, 0x0E, 0x00, 0x10, 0xF9, 0xFF, 0xFF, 0xFF, 0xFF,
    0xFF, 0xCF, 0x05, 0x00, 0x00, 0x10, 0xB7, 0xFD, 0xFF, 0xDE, 0x7A, 0x01, 0x00, 0xC1, 0xFF, 0xFF,
    0xAF, 0x00, 0x00, 0x00, 0xFC, 0xFF, 0xFF, 0x02, 0x00, 0x00, 0xB0, 0xFF, 0xFF, 0x0A, 0x00, 0x00,
    0x00, 0xFA, 0xFF, 0x2F, 0x00, 0x00, 0x00, 0x90, 0xFF, 0xAF, 0x00, 0x00, 0x00, 0x00, 0xF7, 0xFF,
    0x02, 0x00, 0x00, 0x00, 0x00, 0x00, 0x00, 0x00, 0x00, 0x00, 0x00, 0x00, 0x00, 0x00, 0xA0, 0xFF,
    0xFF, 0xBF, 0x00, 0x00, 0xA0, 0xFF, 0xFF, 0xBF, 0x00, 0x00, 0xA0, 0xFF, 0xFF, 0xBF, 0x00, 0x00,
    0xA0, 0xFF, 0xFF, 0xBF, 0x00, 0x00, 0xA0, 0xFF, 0xFF, 0xBF, 0x00, 0x00, 0xA0, 0xFF, 0xFF, 0xBF,
    0x00, 0x00, 0xA0, 0xFF, 0xFF, 0xBF, 0x00, 0x00, 0xA0, 0xFF, 0xFF, 0xBF, 0x00, 0x00, 0xA0, 0xFF,
    0xFF, 0xBF, 0x00, 0x00, 0xA0, 0xFF, 0xFF, 0xBF, 0x00, 0x00, 0xA0, 0xFF, 0xFF, 0xBF, 0x00, 0x00,
    0xA0, 0xFF, 0xFF, 0xBF, 0x00, 0x00, 0xA0, 0xFF, 0xFF, 0xBF, 0x00, 0x00, 0xA0, 0xFF, 0xFF, 0xBF,
    0x00, 0x00, 0xA0, 0xFF, 0xFF, 0xBF, 0x00, 0x00, 0xA0, 0xFF, 0xFF, 0xBF, 0x00, 0x00, 0xA0, 0xFF,
    0xFF, 0xBF, 0x00, 0x00, 0xA0, 0xFF, 0xFF, 0xBF, 0x00, 0x00, 0xF1, 0xFF, 0xFF, 0x7F, 0x00, 0xF9,
    0xFF, 0xFF, 0x06, 0x20, 0xFF, 0xFF, 0x4F, 0x00, 0x90, 0xFF, 0xFF, 0x04, 0x00, 0xF2, 0xFF, 0x3E,
    0x00, 0x00, 0xF9, 0xEF, 0x02, 0x00, 0x00, 0x00, 0x00, 0x00, 0x00, 0x00, 0x00, 0x00, 0x00, 0x00,
    0x00, 0xFA, 0xFF, 0xFF, 0x0B, 0x00, 0xFA, 0xFF, 0xFF, 0x0B, 0x00, 0xFA, 0xFF, 0xFF, 0x0B, 0x00,
    0xFA, 0xFF, 0xFF, 0x0B, 0x00, 0xFA, 0xFF, 0xFF, 0x0B, 0x00, 0xFA, 0xFF, 0xFF, 0x0B, 0x00, 0xFA,
    0xFF, 0xFF, 0x0B, 0x00, 0xFA, 0xFF, 0xFF, 0x0B, 0x00, 0xFA, 0xFF, 0xFF, 0x0B, 0x00, 0xFA, 0xFF,
    0xFF, 0x0B, 0x00, 0xFA, 0xFF, 0xFF, 0x0B, 0x00, 0xFA, 0xFF, 0xFF, 0x0B, 0x00, 0xFA, 0xFF, 0xFF,
    0x0B, 0x00, 0xFA, 0xFF, 0xFF, 0x0B, 0x00, 0xFA, 0xFF, 0xFF, 0x0B, 0x00, 0xFA, 0xFF, 0xFF, 0x0B,
    0x00, 0xFA, 0xFF, 0xFF, 0x0B, 0x00, 0xFA, 0xFF, 0xFF, 0x0B, 0x00, 0x00, 0x70, 0xFF, 0xFF, 0xFF,
    0x9F, 0x00, 0x00, 0x00, 0xE1, 0xFF, 0xFF, 0xFF, 0xFF, 0x02, 0x00, 0x00, 0xF8, 0xFF, 0xFF, 0xFF,
    0xFF, 0x0A, 0x00, 0x10, 0xFF, 0xFF, 0x1C, 0xFA, 0xFF, 0x2F, 0x00, 0x90, 0xFF, 0xCF, 0x01, 0xB0,
    0xFF, 0xBF, 0x00, 0xF2, 0xFF, 0x1C, 0x00, 0x00, 0xFB, 0xFF, 0x03, 0x00, 0x00, 0x00, 0x00, 0x00,
    0x00, 0x00, 0x00, 0x00, 0x00, 0x00, 0x00, 0x00, 0x00, 0x00, 0x00, 0x00, 0x00, 0xFA, 0xFF, 0xFF,
    0x0B, 0x00, 0x00, 0x00, 0x00, 0xFA, 0xFF, 0xFF, 0x0B, 0x00, 0x00, 0x00, 0x00, 0xFA, 0xFF, 0xFF,
    0x0B, 0x00, 0x00, 0x00, 0x00, 0xFA, 0xFF, 0xFF, 0x0B, 0x00, 0x00, 0x00, 0x00, 0xFA, 0xFF, 0xFF,
    0x0B, 0x00, 0x00, 0x00, 0x00, 0xFA, 0xFF, 0xFF, 0x0B, 0x00, 0x00, 0x00, 0x00, 0xFA, 0xFF, 0xFF,
    0x0B, 0x00, 0x00, 0x00, 0x00, 0xFA, 0xFF, 0xFF, 0x0B, 0x00, 0x00, 0x00, 0x00, 0xFA, 0xFF, 0xFF,
    0x0B, 0x00, 0x00, 0x00, 0x00, 0xFA, 0xFF, 0xFF, 0x0B, 0x00, 0x00, 0x00, 0x00, 0xFA, 0xFF, 0xFF,
    0x0B, 0x00, 0x00, 0x00, 0x00, 0xFA, 0xFF, 0xFF, 0x0B, 0x00, 0x00, 0x00, 0x00, 0xFA, 0xFF, 0xFF,
    0x0B, 0x00, 0x00, 0x00, 0x00, 0xFA, 0xFF, 0xFF, 0x0B, 0x00, 0x00, 0x00, 0x00, 0xFA, 0xFF, 0xFF,
    0x0B, 0x00, 0x00, 0x00, 0x00, 0xFA, 0xFF, 0xFF, 0x0B, 0x00, 0x00, 0x00, 0x00, 0xFA, 0xFF, 0xFF,
    0x0B, 0x00, 0x00, 0x00, 0x00, 0xFA, 0xFF, 0xFF, 0x0B, 0x00, 0x00, 0x50, 0xEE, 0x06, 0x00, 0x00,
    0xE5, 0x6E, 0x00, 0xF1, 0xFF, 0x3F, 0x00, 0x20, 0xFF, 0xFF, 0x03, 0xF4, 0xFF, 0x6F, 0x00, 0x50,
    0xFF, 0xFF, 0x06, 0xF1, 0xFF, 0x3F, 0x00, 0x20, 0xFF, 0xFF, 0x03, 0x50, 0xEE, 0x07, 0x00, 0x00,
    0xE5, 0x6E, 0x00, 0x00, 0x00, 0x00, 0x00, 0x00, 0x00, 0x00, 0x00, 0x00, 0x00, 0x00, 0x00, 0x00,
    0x00, 0x00, 0x00, 0x00, 0x00, 0xFA, 0xFF, 0xFF, 0x0B, 0x00, 0x00, 0x00, 0x00, 0xFA, 0xFF, 0xFF,
    0x0B, 0x00, 0x00, 0x00, 0x00, 0xFA, 0xFF, 0xFF, 0x0B, 0x00, 0x00, 0x00, 0x00, 0xFA, 0xFF, 0xFF,
    0x0B, 0x00, 0x00, 0x00, 0x00, 0xFA, 0xFF, 0xFF, 0x0B, 0x00, 0x00, 0x00, 0x00, 0xFA, 0xFF, 0xFF,
    0x0B, 0x00, 0x00, 0x00, 0x00, 0xFA, 0xFF, 0xFF, 0x0B, 0x00, 0x00, 0x00, 0x00, 0xFA, 0xFF, 0xFF,
    0x0B, 0x00, 0x00, 0x00, 0x00, 0xFA, 0xFF, 0xFF, 0x0B, 0x00, 0x00, 0x00, 0x00, 0xFA, 0xFF, 0xFF,
    0x0B, 0x00, 0x00, 0x00, 0x00, 0xFA, 0xFF, 0xFF, 0x0B, 0x00, 0x00, 0x00, 0x00, 0xFA, 0xFF, 0xFF,
    0x0B, 0x00, 0x00, 0x00, 0x00, 0xFA, 0xFF, 0xFF, 0x0B, 0x00, 0x00, 0x00, 0x00, 0xFA, 0xFF, 0xFF,
    0x0B, 0x00, 0x00, 0x00, 0x00, 0xFA, 0xFF, 0xFF, 0x0B, 0x00, 0x00, 0x00, 0x00, 0xFA, 0xFF, 0xFF,
    0x0B, 0x00, 0x00, 0x00, 0x00, 0xFA, 0xFF, 0xFF, 0x0B, 0x00, 0x00, 0x00, 0x00, 0xFA, 0xFF, 0xFF,
    0x0B, 0x00, 0x00, 0x00, 0x00, 0x00, 0xA3, 0x7E, 0x00, 0x00, 0xA3, 0x06, 0x00, 0x00, 0x00, 0x00,
    0xA0, 0xFF, 0xFF, 0x3D, 0xC4, 0xFF, 0x0A, 0x00, 0x00, 0x00, 0x00, 0x00, 0xE5, 0xFF, 0xFF, 0xFF,
    0x49, 0x00, 0x00, 0x00, 0x00, 0x00, 0x61, 0xFB, 0xFF, 0xFF, 0xFF, 0x0B, 0x00, 0x00, 0x00, 0x00,
    0xA0, 0xFF, 0xFF, 0xAC, 0xFF, 0xFF, 0xCF, 0x00, 0x00, 0x00, 0x00, 0xA0, 0xCF, 0x17, 0x00, 0xF9,
    0xFF, 0xFF, 0x0C, 0x00, 0x00, 0x00, 0x20, 0x01, 0x00, 0x00, 0xB0, 0xFF, 0xFF, 0x9F, 0x00, 0x00,
    0x00, 0x00, 0x20, 0xC8, 0xFE, 0xCE, 0xFF, 0xFF, 0xFF, 0x04, 0x00, 0x00, 0x10, 0xFB, 0xFF, 0xFF,
    0xFF, 0xFF, 0xFF, 0xFF, 0x0E, 0x00, 0x00, 0xE2, 0xFF, 0xFF, 0xFF, 0xFF, 0xFF, 0xFF, 0xFF, 0x6F,
    0x00, 0x10, 0xFE, 0xFF, 0xFF, 0xFF, 0xFF, 0xFF, 0xFF, 0xFF, 0xDF, 0x00, 0xA0, 0xFF, 0xFF, 0xFF,
    0x29, 0x20, 0xF9, 0xFF, 0xFF, 0xFF, 0x02, 0xF2, 0xFF, 0xFF, 0xBF, 0x00, 0x00, 0xA0, 0xFF, 0xFF,
    0xFF, 0x07, 0xF6, 0xFF, 0xFF, 0x3F, 0x00, 0x00, 0x20, 0xFF, 0xFF, 0xFF, 0x09, 0xF9, 0xFF, 0xFF,
    0x0F, 0x00, 0x00, 0x00, 0xFF, 0xFF, 0xFF, 0x0B, 0xFB, 0xFF, 0xFF, 0x0F, 0x00, 0x00, 0x00, 0xFE,
    0xFF, 0xFF, 0x0C, 0xFB, 0xFF, 0xFF, 0x0F, 0x00, 0x00, 0x00, 0xFF, 0xFF, 0xFF, 0x0B, 0xF9, 0xFF,
    0xFF, 0x3F, 0x00, 0x00, 0x30, 0xFF, 0xFF, 0xFF, 0x09, 0xF6, 0xFF, 0xFF, 0xBF, 0x00, 0x00, 0xA0,
    0xFF, 0xFF, 0xFF, 0x05, 0xF1, 0xFF, 0xFF, 0xFF, 0x29, 0x20, 0xF9, 0xFF, 0xFF, 0xEF, 0x00, 0x90,
    0xFF, 0xFF, 0xFF, 0xFF, 0xFF, 0xFF, 0xFF, 0xFF, 0x7F, 0x00, 0x00, 0xFD, 0xFF, 0xFF, 0xFF, 0xFF,
    0xFF, 0xFF, 0xFF, 0x0C, 0x00, 0x00, 0xD1, 0xFF, 0xFF, 0xFF, 0xFF, 0xFF, 0xFF, 0xDF, 0x01, 0x00,
    0x00, 0x00, 0xF8, 0xFF, 0xFF, 0xFF, 0xFF, 0xFF, 0x09, 0x00, 0x00, 0x00, 0x00, 0x10, 0xA6, 0xED,
    0xFF, 0xBE, 0x17, 0x00, 0x00, 0x00, 0x00, 0x00, 0xB2, 0xDF, 0x18, 0x00, 0x70, 0xFF, 0x06, 0x00,
    0x00, 0x20, 0xFF, 0xFF, 0xFF, 0x3A, 0xD1, 0xFF, 0x04, 0x00, 0x00, 0xC0, 0xFF, 0xFF, 0xFF, 0xFF,
    0xFF, 0xFF, 0x01, 0x00, 0x00, 0xF2, 0xFF, 0xFF, 0xFF, 0xFF, 0xFF, 0xCF, 0x00, 0x00, 0x00, 0xF5,
    0xCF, 0x31, 0xF9, 0xFF, 0xFF, 0x3F, 0x00, 0x00, 0x00, 0xF7, 0x6F, 0x00, 0x10, 0xD8, 0xCF, 0x03,
    0x00, 0x00, 0x00, 0x00, 0x00, 0x00, 0x00, 0x00, 0x00, 0x00, 0x00, 0x00, 0x00, 0x00, 0x00, 0x00,
    0x00, 0x00, 0x00, 0x00, 0x00, 0x00, 0xFF, 0xFF, 0xFF, 0x05, 0x50, 0xEB, 0xEF, 0x7C, 0x00, 0x00,
    0xFF, 0xFF, 0xFF, 0x25, 0xFD, 0xFF, 0xFF, 0xFF, 0x2E, 0x00, 0xFF, 0xFF, 0xFF, 0xE9, 0xFF, 0xFF,
    0xFF, 0xFF, 0xDF, 0x00, 0xFF, 0xFF, 0xFF, 0xFF, 0xFF, 0xFF, 0xFF, 0xFF, 0xFF, 0x06, 0xFF, 0xFF,
    0xFF, 0xFF, 0xFF, 0xFF, 0xFF, 0xFF, 0xFF, 0x0C, 0xFF, 0xFF, 0xFF, 0xFF, 0x18, 0x40, 0xFF, 0xFF,
    0xFF, 0x0F, 0xFF, 0xFF, 0xFF, 0x5F, 0x00, 0x00, 0xF8, 0xFF, 0xFF, 0x0F, 0xFF, 0xFF, 0xFF, 0x08,
    0x00, 0x00, 0xF4, 0xFF, 0xFF, 0x1F, 0xFF, 0xFF, 0xFF, 0x05, 0x00, 0x00, 0xF3, 0xFF, 0xFF, 0x2F,
    0xFF, 0xFF, 0xFF, 0x05, 0x00, 0x00, 0xF3, 0xFF, 0xFF, 0x2F, 0xFF, 0xFF, 0xFF, 0x05, 0x00, 0x00,
    0xF3, 0xFF, 0xFF, 0x2F, 0xFF, 0xFF, 0xFF, 0x05, 0x00, 0x00, 0xF3, 0xFF, 0xFF, 0x2F, 0xFF, 0xFF,
    0xFF, 0x05, 0x00, 0x00, 0xF3, 0xFF, 0xFF, 0x2F, 0xFF, 0xFF, 0xFF, 0x05, 0x00, 0x00, 0xF3, 0xFF,
    0xFF, 0x2F, 0xFF, 0xFF, 0xFF, 0x05, 0x00, 0x00, 0xF3, 0xFF, 0xFF, 0x2F, 0xFF, 0xFF, 0xFF, 0x05,
    0x00, 0x00, 0xF3, 0xFF, 0xFF, 0x2F, 0xFF, 0xFF, 0xFF, 0x05, 0x00, 0x00, 0xF3, 0xFF, 0xFF, 0x2F,
    0xFF, 0xFF, 0xFF, 0x05, 0x00, 0x00, 0xF3, 0xFF, 0xFF, 0x2F, 0x00, 0x00, 0xC1, 0xFF, 0xFF, 0xAF,
    0x00, 0x00, 0x00, 0x00, 0x00, 0x00, 0x00, 0x00, 0xFC, 0xFF, 0xFF, 0x02, 0x00, 0x00, 0x00, 0x00,
    0x00, 0x00, 0x00, 0xB0, 0xFF, 0xFF, 0x0A, 0x00, 0x00, 0x00, 0x00, 0x00, 0x00, 0x00, 0x00, 0xFA,
    0xFF, 0x2F, 0x00, 0x00, 0x00, 0x00, 0x00, 0x00, 0x00, 0x00, 0x90, 0xFF, 0xAF, 0x00, 0x00, 0x00,
    0x00, 0x00, 0x00, 0x00, 0x00, 0x00, 0xF7, 0xFF, 0x02, 0x00, 0x00, 0x00, 0x00, 0x00, 0x00, 0x00,
    0x00, 0x00, 0x00, 0x00, 0x00, 0x00, 0x00, 0x00, 0x00, 0x00, 0x00, 0x00, 0x00, 0x00, 0x00, 0x00,
    0x00, 0x00, 0x00, 0x00, 0x10, 0xA6, 0xED, 0xEF, 0xAD, 0x17, 0x00, 0x00, 0x00, 0x00, 0x00, 0xF9,
    0xFF, 0xFF, 0xFF, 0xFF, 0xFF, 0x1A, 0x00, 0x00, 0x00, 0xD2, 0xFF, 0xFF, 0xFF, 0xFF, 0xFF, 0xFF,
    0xEF, 0x02, 0x00, 0x10, 0xFD, 0xFF, 0xFF, 0xFF, 0xFF, 0xFF, 0xFF, 0xFF, 0x1E, 0x00, 0x90, 0xFF,
    0xFF, 0xFF, 0xFF, 0xFF, 0xFF, 0xFF, 0xFF, 0xAF, 0x00, 0xF1, 0xFF, 0xFF, 0xFF, 0x28, 0x10, 0xF8,
    0xFF, 0xFF, 0xFF, 0x02, 0xF6, 0xFF, 0xFF, 0x9F, 0x00, 0x00, 0x80, 0xFF, 0xFF, 0xFF, 0x07, 0xF9,
    0xFF, 0xFF, 0x2F, 0x00, 0x00, 0x10, 0xFF, 0xFF, 0xFF, 0x0A, 0xFB, 0xFF, 0xFF, 0x0F, 0x00, 0x00,
    0x00, 0xFF, 0xFF, 0xFF, 0x0B, 0xFB, 0xFF, 0xFF, 0x0F, 0x00, 0x00, 0x00, 0xFF, 0xFF, 0xFF, 0x0B,
    0xF9, 0xFF, 0xFF, 0x2F, 0x00, 0x00, 0x10, 0xFF, 0xFF, 0xFF, 0x0A, 0xF6, 0xFF, 0xFF, 0x9F, 0x00,
    0x00, 0x90, 0xFF, 0xFF, 0xFF, 0x07, 0xF1, 0xFF, 0xFF, 0xFF, 0x28, 0x10, 0xF8, 0xFF, 0xFF, 0xFF,
    0x02, 0xA0, 0xFF, 0xFF, 0xFF, 0xFF, 0xFF, 0xFF, 0xFF, 0xFF, 0xAF, 0x00, 0x10, 0xFE, 0xFF, 0xFF,
    0xFF, 0xFF, 0xFF, 0xFF, 0xFF, 0x1E, 0x00, 0x00, 0xD2, 0xFF, 0xFF, 0xFF, 0xFF, 0xFF, 0xFF, 0xEF,
    0x02, 0x00, 0x00, 0x10, 0xF9, 0xFF, 0xFF, 0xFF, 0xFF, 0xFF, 0x19, 0x00, 0x00, 0x00, 0x00, 0x10,
    0xB7, 0xFD, 0xFF, 0xBD, 0x17, 0x00, 0x00, 0x00, 0x00, 0x00, 0x00, 0x00, 0x00, 0xFC, 0xFF, 0xFF,
    0x0B, 0x00, 0x00, 0x00, 0x00, 0x00, 0x00, 0x40, 0xFF, 0xFF, 0xAF, 0x00, 0x00, 0x00, 0x00, 0x00,
    0x00, 0x00, 0xC0, 0xFF, 0xFF, 0x09, 0x00, 0x00, 0x00, 0x00, 0x00, 0x00, 0x00, 0xF4, 0xFF, 0x8F,
    0x00, 0x00, 0x00, 0x00, 0x00, 0x00, 0x00, 0x00, 0xFC, 0xFF, 0x07, 0x00, 0x00, 0x00, 0x00, 0x00,
    0x00, 0x00, 0x40, 0xFF, 0x6F, 0x00, 0x00, 0x00, 0x00, 0x00, 0x00, 0x00, 0x00, 0x00, 0x00, 0x00,
    0x00, 0x00, 0x00, 0x00, 0x00, 0x00, 0x00, 0x00, 0x00, 0x00, 0x00, 0x00, 0x00, 0x00, 0x00, 0x00,
    0x00, 0x00, 0x10, 0xA6, 0xED, 0xEF, 0xAD, 0x17, 0x00, 0x00, 0x00, 0x00, 0x00, 0xF9, 0xFF, 0xFF,
    0xFF, 0xFF, 0xFF, 0x1A, 0x00, 0x00, 0x00, 0xD2, 0xFF, 0xFF, 0xFF, 0xFF, 0xFF, 0xFF, 0xEF, 0x02,
    0x00, 0x10, 0xFD, 0xFF, 0xFF, 0xFF, 0xFF, 0xFF, 0xFF, 0xFF, 0x1E, 0x00, 0x90, 0xFF, 0xFF, 0xFF,
    0xFF, 0xFF, 0xFF, 0xFF, 0xFF, 0xAF, 0x00, 0xF1, 0xFF, 0xFF, 0xFF, 0x28, 0x10, 0xF8, 0xFF, 0xFF,
    0xFF, 0x02, 0xF6, 0xFF, 0xFF, 0x9F, 0x00, 0x00, 0x80, 0xFF, 0xFF, 0xFF, 0x07, 0xF9, 0xFF, 0xFF,
    0x2F, 0x00, 0x00, 0x10, 0xFF, 0xFF, 0xFF, 0x0A, 0xFB, 0xFF, 0xFF, 0x0F, 0x00, 0x00, 0x00, 0xFF,
    0xFF, 0xFF, 0x0B, 0xFB, 0xFF, 0xFF, 0x0F, 0x00, 0x00, 0x00, 0xFF, 0xFF, 0xFF, 0x0B, 0xF9, 0xFF,
    0xFF, 0x2F, 0x00, 0x00, 0x10, 0xFF, 0xFF, 0xFF, 0x0A, 0xF6, 0xFF, 0xFF, 0x9F, 0x00, 0x00, 0x90,
    0xFF, 0xFF, 0xFF, 0x07, 0xF1, 0xFF, 0xFF, 0xFF, 0x28, 0x10, 0xF8, 0xFF, 0xFF, 0xFF, 0x02, 0xA0,
    0xFF, 0xFF, 0xFF, 0xFF, 0xFF, 0xFF, 0xFF, 0xFF, 0xAF, 0x00, 0x10, 0xFE, 0xFF, 0xFF, 0xFF, 0xFF,
    0xFF, 0xFF, 0xFF, 0x1E, 0x00, 0x00, 0xD2, 0xFF, 0xFF, 0xFF, 0xFF, 0xFF, 0xFF, 0xEF, 0x02, 0x00,
    0x00, 0x10, 0xF9, 0xFF, 0xFF, 0xFF, 0xFF, 0xFF, 0x19, 0x00, 0x00, 0x00, 0x00, 0x10, 0xB7, 0xFD,
    0xFF, 0xBD, 0x17, 0x00, 0x00, 0x00, 0x00, 0x00, 0x00, 0xF8, 0xFF, 0xFF, 0xFF, 0x08, 0x00, 0x00,
    0x00, 0x00, 0x00, 0x10, 0xFF, 0xFF, 0xFF, 0xFF, 0x1F, 0x00, 0x00, 0x00, 0x00, 0x00, 0x90, 0xFF,
    0xFF, 0xFF, 0xFF, 0xAF, 0x00, 0x00, 0x00, 0x00, 0x00, 0xF1, 0xFF, 0xCF, 0xB1, 0xFF, 0xFF, 0x02,
    0x00, 0x00, 0x00, 0x00, 0xFA, 0xFF, 0x0C, 0x00, 0xFB, 0xFF, 0x0B, 0x00, 0x00, 0x00, 0x20, 0xFF,
    0xCF, 0x00, 0x00, 0xB0, 0xFF, 0x3F, 0x00, 0x00, 0x00, 0x00, 0x00, 0x00, 0x00, 0x00, 0x00, 0x00,
    0x00, 0x00, 0x00, 0x00, 0x00, 0x00, 0x00, 0x00, 0x00, 0x00, 0x00, 0x00, 0x00, 0x00, 0x00, 0x00,
    0x10, 0xA6, 0xED, 0xEF, 0xAD, 0x17, 0x00, 0x00, 0x00, 0x00, 0x00, 0xF9, 0xFF, 0xFF, 0xFF, 0xFF,
    0xFF, 0x1A, 0x00, 0x00, 0x00, 0xD2, 0xFF, 0xFF, 0xFF, 0xFF, 0xFF, 0xFF, 0xEF, 0x02, 0x00, 0x10,
    0xFD, 0xFF, 0xFF, 0xFF, 0xFF, 0xFF, 0xFF, 0xFF, 0x1E, 0x00, 0x90, 0xFF, 0xFF, 0xFF, 0xFF, 0xFF,
    0xFF, 0xFF, 0xFF, 0xAF, 0x00, 0xF1, 0xFF, 0xFF, 0xFF, 0x28, 0x10, 0xF8, 0xFF, 0xFF, 0xFF, 0x02,
    0xF6, 0xFF, 0xFF, 0x9F, 0x00, 0x00, 0x80, 0xFF, 0xFF, 0xFF, 0x07, 0xF9, 0xFF, 0xFF, 0x2F, 0x00,
    0x00, 0x10, 0xFF, 0xFF, 0xFF, 0x0A, 0xFB, 0xFF, 0xFF, 0x0F, 0x00, 0x00, 0x00, 0xFF, 0xFF, 0xFF,
    0x0B, 0xFB, 0xFF, 0xFF, 0x0F, 0x00, 0x00, 0x00, 0xFF, 0xFF, 0xFF, 0x0B, 0xF9, 0xFF, 0xFF, 0x2F,
    0x00, 0x00, 0x10, 0xFF, 0xFF, 0xFF, 0x0A, 0xF6, 0xFF, 0xFF, 0x9F, 0x00, 0x00, 0x90, 0xFF, 0xFF,
    0xFF, 0x07, 0xF1, 0xFF, 0xFF, 0xFF, 0x28, 0x10, 0xF8, 0xFF, 0xFF, 0xFF, 0x02, 0xA0, 0xFF, 0xFF,
    0xFF, 0xFF, 0xFF, 0xFF, 0xFF, 0xFF, 0xAF, 0x00, 0x10, 0xFE, 0xFF, 0xFF, 0xFF, 0xFF, 0xFF, 0xFF,
    0xFF, 0x1E, 0x00, 0x00, 0xD2, 0xFF, 0xFF, 0xFF, 0xFF, 0xFF, 0xFF, 0xEF, 0x02, 0x00, 0x00, 0x10,
    0xF9, 0xFF, 0xFF, 0xFF, 0xFF, 0xFF, 0x19, 0x00, 0x00, 0x00, 0x00, 0x10, 0xB7, 0xFD, 0xFF, 0xBD,
    0x17, 0x00, 0x00, 0x00, 0x00, 0x00, 0x20, 0xFB, 0x8D, 0x02, 0x00, 0xF6, 0x7F, 0x00, 0x00, 0x00,
    0x00, 0xE2, 0xFF, 0xFF, 0xAF, 0x13, 0xFC, 0x6F, 0x00, 0x00, 0x00, 0x00, 0xFB, 0xFF, 0xFF, 0xFF,
    0xFF, 0xFF, 0x2F, 0x00, 0x00, 0x00, 0x10, 0xFF, 0xFF, 0xFF, 0xFF, 0xFF, 0xFF, 0x0D, 0x00, 0x00,
    0x00, 0x40, 0xFF, 0x1D, 0x92, 0xFF, 0xFF, 0xFF, 0x04, 0x00, 0x00, 0x00, 0x60, 0xFF, 0x07, 0x00,
    0x71, 0xFD, 0x4C, 0x00, 0x00, 0x00, 0x00, 0x00, 0x00, 0x00, 0x00, 0x00, 0x00, 0x00, 0x00, 0x00,
    0x00, 0x00, 0x00, 0x00, 0x00, 0x00, 0x00, 0x00, 0x00, 0x00, 0x00, 0x00, 0x00, 0x00, 0x10, 0xA6,
    0xED, 0xEF, 0xAD, 0x17, 0x00, 0x00, 0x00, 0x00, 0x00, 0xF9, 0xFF, 0xFF, 0xFF, 0xFF, 0xFF, 0x1A,
    0x00, 0x00, 0x00, 0xD2, 0xFF, 0xFF, 0xFF, 0xFF, 0xFF, 0xFF, 0xEF, 0x02, 0x00, 0x10, 0xFD, 0xFF,
    0xFF, 0xFF, 0xFF, 0xFF, 0xFF, 0xFF, 0x1E, 0x00, 0x90, 0xFF, 0xFF, 0xFF, 0xFF, 0xFF, 0xFF, 0xFF,
    0xFF, 0xAF, 0x00, 0xF1, 0xFF, 0xFF, 0xFF, 0x28, 0x10, 0xF8, 0xFF, 0xFF, 0xFF, 0x02, 0xF6, 0xFF,
    0xFF, 0x9F, 0x00, 0x00, 0x80, 0xFF, 0xFF, 0xFF, 0x07, 0xF9, 0xFF, 0xFF, 0x2F, 0x00, 0x00, 0x10,
    0xFF, 0xFF, 0xFF, 0x0A, 0xFB, 0xFF, 0xFF, 0x0F, 0x00, 0x00, 0x00, 0xFF, 0xFF, 0xFF, 0x0B, 0xFB,
    0xFF, 0xFF, 0x0F, 0x00, 0x00, 0x00, 0xFF, 0xFF, 0xFF, 0x0B, 0xF9, 0xFF, 0xFF, 0x2F, 0x00, 0x00,
    0x10, 0xFF, 0xFF, 0xFF, 0x0A, 0xF6, 0xFF, 0xFF, 0x9F, 0x00, 0x00, 0x90, 0xFF, 0xFF, 0xFF, 0x07,
    0xF1, 0xFF, 0xFF, 0xFF, 0x28, 0x10, 0xF8, 0xFF, 0xFF, 0xFF, 0x02, 0xA0, 0xFF, 0xFF, 0xFF, 0xFF,
    0xFF, 0xFF, 0xFF, 0xFF, 0xAF, 0x00, 0x10, 0xFE, 0xFF, 0xFF, 0xFF, 0xFF, 0xFF, 0xFF, 0xFF, 0x1E,
    0x00, 0x00, 0xD2, 0xFF, 0xFF, 0xFF, 0xFF, 0xFF, 0xFF, 0xEF, 0x02, 0x00, 0x00, 0x10, 0xF9, 0xFF,
    0xFF, 0xFF, 0xFF, 0xFF, 0x19, 0x00, 0x00, 0x00, 0x00, 0x10, 0xB7, 0xFD, 0xFF, 0xBD, 0x17, 0x00,
    0x00, 0x00, 0x00, 0x00, 0xE5, 0x6E, 0x00, 0x00, 0x50, 0xEE, 0x06, 0x00, 0x00, 0x00, 0x10, 0xFF,
    0xFF, 0x03, 0x00, 0xF2, 0xFF, 0x2F, 0x00, 0x00, 0x00, 0x50, 0xFF, 0xFF, 0x06, 0x00, 0xF5, 0xFF,
    0x5F, 0x00, 0x00, 0x00, 0x20, 0xFF, 0xFF, 0x03, 0x00, 0xF2, 0xFF, 0x2F, 0x00, 0x00, 0x00, 0x00,
    0xE5, 0x6E, 0x00, 0x00, 0x60, 0xEE, 0x06, 0x00, 0x00, 0x00, 0x00, 0x00, 0x00, 0x00, 0x00, 0x00,
    0x00, 0x00, 0x00, 0x00, 0x00, 0x00, 0x00, 0x00, 0x00, 0x00, 0x00, 0x00, 0x00, 0x00, 0x00, 0x00,
    0x00, 0x10, 0xA6, 0xED, 0xEF, 0xAD, 0x17, 0x00, 0x00, 0x00, 0x00, 0x00, 0xF9, 0xFF, 0xFF, 0xFF,
    0xFF, 0xFF, 0x1A, 0x00, 0x00, 0x00, 0xD2, 0xFF, 0xFF, 0xFF, 0xFF, 0xFF, 0xFF, 0xEF, 0x02, 0x00,
    0x10, 0xFD, 0xFF, 0xFF, 0xFF, 0xFF, 0xFF, 0xFF, 0xFF, 0x1E, 0x00, 0x90, 0xFF, 0xFF, 0xFF, 0xFF,
    0xFF, 0xFF, 0xFF, 0xFF, 0xAF, 0x00, 0xF1, 0xFF, 0xFF, 0xFF, 0x28, 0x10, 0xF8, 0xFF, 0xFF, 0xFF,
    0x02, 0xF6, 0xFF, 0xFF, 0x9F, 0x00, 0x00, 0x80, 0xFF, 0xFF, 0xFF, 0x07, 0xF9, 0xFF, 0xFF, 0x2F,
    0x00, 0x00, 0x10, 0xFF, 0xFF, 0xFF, 0x0A, 0xFB, 0xFF, 0xFF, 0x0F, 0x00, 0x00, 0x00, 0xFF, 0xFF,
    0xFF, 0x0B, 0xFB, 0xFF, 0xFF, 0x0F, 0x00, 0x00, 0x00, 0xFF, 0xFF, 0xFF, 0x0B, 0xF9, 0xFF, 0xFF,
    0x2F, 0x00, 0x00, 0x10, 0xFF, 0xFF, 0xFF, 0x0A, 0xF6, 0xFF, 0xFF, 0x9F, 0x00, 0x00, 0x90, 0xFF,
    0xFF, 0xFF, 0x07, 0xF1, 0xFF, 0xFF, 0xFF, 0x28, 0x10, 0xF8, 0xFF, 0xFF, 0xFF, 0x02, 0xA0, 0xFF,
    0xFF, 0xFF, 0xFF, 0xFF, 0xFF, 0xFF, 0xFF, 0xAF, 0x00, 0x10, 0xFE, 0xFF, 0xFF, 0xFF, 0xFF, 0xFF,
    0xFF, 0xFF, 0x1E, 0x00, 0x00, 0xD2, 0xFF, 0xFF, 0xFF, 0xFF, 0xFF, 0xFF, 0xEF, 0x02, 0x00, 0x00,
    0x10, 0xF9, 0xFF, 0xFF, 0xFF, 0xFF, 0xFF, 0x19, 0x00, 0x00, 0x00, 0x00, 0x10, 0xB7, 0xFD, 0xFF,
    0xBD, 0x17, 0x00, 0x00, 0x00, 0x00, 0x00, 0x00, 0x00, 0xE7, 0x6E, 0x00, 0x00, 0x00, 0x00, 0x00,
    0x00, 0x00, 0x40, 0xFF, 0xFF, 0x04, 0x00, 0x00, 0x00, 0x00, 0x00, 0x00, 0x80, 0xFF, 0xFF, 0x08,
    0x00, 0x00, 0x00, 0x00, 0x00, 0x00, 0x40, 0xFF, 0xFF, 0x04, 0x00, 0x00, 0x00, 0x00, 0x00, 0x00,
    0x00, 0xE7, 0x7E, 0x00, 0x00, 0x00, 0x00, 0x00, 0x00, 0x00, 0x00, 0x00, 0x00, 0x00, 0x00, 0x00,
    0x00, 0x00, 0x00, 0x00, 0x00, 0x00, 0x00, 0x00, 0x00, 0x00, 0x00, 0x00, 0x00, 0x00, 0x00, 0x00,
    0x00, 0x00, 0x00, 0x00, 0x00, 0xFE, 0xFF, 0xFF, 0xFF, 0xFF, 0xFF, 0xFF, 0xFF, 0xFF, 0xEF, 0xFE,
    0xFF, 0xFF, 0xFF, 0xFF, 0xFF, 0xFF, 0xFF, 0xFF, 0xEF, 0xFE, 0xFF, 0xFF, 0xFF, 0xFF, 0xFF, 0xFF,
    0xFF, 0xFF, 0xEF, 0xFE, 0xFF, 0xFF, 0xFF, 0xFF, 0xFF, 0xFF, 0xFF, 0xFF, 0xEF, 0x00, 0x00, 0x00,
    0x00, 0x00, 0x00, 0x00, 0x00, 0x00, 0x00, 0x00, 0x00, 0x00, 0x00, 0x00, 0x00, 0x00, 0x00, 0x00,
    0x00, 0x00, 0x00, 0x00, 0x00, 0x00, 0x00, 0x00, 0x00, 0x00, 0x00, 0x00, 0x00, 0x00, 0x00, 0xE7,
    0x7E, 0x00, 0x00, 0x00, 0x00, 0x00, 0x00, 0x00, 0x40, 0xFF, 0xFF, 0x04, 0x00, 0x00, 0x00, 0x00,
    0x00, 0x00, 0x80, 0xFF, 0xFF, 0x08, 0x00, 0x00, 0x00, 0x00, 0x00, 0x00, 0x40, 0xFF, 0xFF, 0x04,
    0x00, 0x00, 0x00, 0x00, 0x00, 0x00, 0x00, 0xE7, 0x6E, 0x00, 0x00, 0x00, 0x00, 0x00, 0x00, 0x00,
    0x00, 0x00, 0x00, 0x00, 0x00, 0x00, 0x02, 0x00, 0x00, 0x00, 0x00, 0x00, 0x00, 0x00, 0x00, 0x00,
    0x10, 0xCE, 0x00, 0x00, 0x00, 0x10, 0xA6, 0xED, 0xFF, 0xAD, 0x16, 0xD0, 0xDF, 0x01, 0x00, 0x00,
    0xF9, 0xFF, 0xFF, 0xFF, 0xFF, 0xFF, 0xFD, 0x2E, 0x00, 0x00, 0xD2, 0xFF, 0xFF, 0xFF, 0xFF, 0xFF,
    0xFF, 0xFF, 0x04, 0x00, 0x10, 0xFD, 0xFF, 0xFF, 0xFF, 0xFF, 0xFF, 0xFF, 0xFF, 0x0B, 0x00, 0x90,
    0xFF, 0xFF, 0xFF, 0xFF, 0xFF, 0xFF, 0xFF, 0xFF, 0x8F, 0x00, 0xF1, 0xFF, 0xFF, 0xFF, 0x28, 0x20,
    0xFB, 0xFF, 0xFF, 0xFF, 0x01, 0xF6, 0xFF, 0xFF, 0x9F, 0x00, 0x50, 0xFF, 0xFF, 0xFF, 0xFF, 0x06,
    0xF9, 0xFF, 0xFF, 0x2F, 0x00, 0xF6, 0xCF, 0xFF, 0xFF, 0xFF, 0x0A, 0xFB, 0xFF, 0xFF, 0x0F, 0x80,
    0xFF, 0x0A, 0xFE, 0xFF, 0xFF, 0x0B, 0xFA, 0xFF, 0xFF, 0x0F, 0xF9, 0x9F, 0x00, 0xFE, 0xFF, 0xFF,
    0x0B, 0xF9, 0xFF, 0xFF, 0xDF, 0xFF, 0x07, 0x10, 0xFF, 0xFF, 0xFF, 0x0A, 0xF5, 0xFF, 0xFF, 0xFF,
    0x5F, 0x00, 0x90, 0xFF, 0xFF, 0xFF, 0x06, 0xE0, 0xFF, 0xFF, 0xFF, 0x2C, 0x20, 0xF8, 0xFF, 0xFF,
    0xFF, 0x01, 0x60, 0xFF, 0xFF, 0xFF, 0xFF, 0xFF, 0xFF, 0xFF, 0xFF, 0x9F, 0x00, 0x00, 0xFA, 0xFF,
    0xFF, 0xFF, 0xFF, 0xFF, 0xFF, 0xFF, 0x0D, 0x00, 0x00, 0xF3, 0xFF, 0xFF, 0xFF, 0xFF, 0xFF, 0xFF,
    0xDF, 0x02, 0x00, 0x10, 0xFE, 0xED, 0xFF, 0xFF, 0xFF, 0xFF, 0xFF, 0x19, 0x00, 0x00, 0xC0, 0xDF,
    0x01, 0xA5, 0xFD, 0xEF, 0xBD, 0x16, 0x00, 0x00, 0x00, 0xC1, 0x1E, 0x00, 0x00, 0x00, 0x00, 0x00,
    0x00, 0x00, 0x00, 0x00, 0x00, 0x02, 0x00, 0x00, 0x00, 0x00, 0x00, 0x00, 0x00, 0x00, 0x00, 0x00,
    0x00, 0xD2, 0xFF, 0xFF, 0x8F, 0x00, 0x00, 0x00, 0x00, 0x00, 0x00, 0x10, 0xFD, 0xFF, 0xFF, 0x01,
    0x00, 0x00, 0x00, 0x00, 0x00, 0x00, 0xC1, 0xFF, 0xFF, 0x09, 0x00, 0x00, 0x00, 0x00, 0x00, 0x00,
    0x00, 0xFB, 0xFF, 0x1F, 0x00, 0x00, 0x00, 0x00, 0x00, 0x00, 0x00, 0xA0, 0xFF, 0x9F, 0x00, 0x00,
    0x00, 0x00, 0x00, 0x00, 0x00, 0x00, 0xF9, 0xFF, 0x01, 0x00, 0x00, 0x00, 0x00, 0x00, 0x00, 0x00,
    0x00, 0x00, 0x00, 0x00, 0x00, 0x00, 0x00, 0x00, 0x00, 0x00, 0x00, 0x00, 0x00, 0x00, 0x00, 0xF3,
    0xFF, 0xFF, 0x1F, 0x00, 0x00, 0x70, 0xFF, 0xFF, 0xEF, 0xF3, 0xFF, 0xFF, 0x1F, 0x00, 0x00, 0x70,
    0xFF, 0xFF, 0xEF, 0xF3, 0xFF, 0xFF, 0x1F, 0x00, 0x00, 0x70, 0xFF, 0xFF, 0xEF, 0xF3, 0xFF, 0xFF,
    0x1F, 0x00, 0x00, 0x70, 0xFF, 0xFF, 0xEF, 0xF3, 0xFF, 0xFF, 0x1F, 0x00, 0x00, 0x70, 0xFF, 0xFF,
    0xEF, 0xF3, 0xFF, 0xFF, 0x1F, 0x00, 0x00, 0x70, 0xFF, 0xFF, 0xEF, 0xF3, 0xFF, 0xFF, 0x1F, 0x00,
    0x00, 0x70, 0xFF, 0xFF, 0xEF, 0xF3, 0xFF, 0xFF, 0x1F, 0x00, 0x00, 0x70, 0xFF, 0xFF, 0xEF, 0xF3,
    0xFF, 0xFF, 0x1F, 0x00, 0x00, 0x70, 0xFF, 0xFF, 0xEF, 0xF3, 0xFF, 0xFF, 0x1F, 0x00, 0x00, 0x70,
    0xFF, 0xFF, 0xEF, 0xF3, 0xFF, 0xFF, 0x3F, 0x00, 0x00, 0xA0, 0xFF, 0xFF, 0xEF, 0xF2, 0xFF, 0xFF,
    0x7F, 0x00, 0x00, 0xF7, 0xFF, 0xFF, 0xEF, 0xF0, 0xFF, 0xFF, 0xEF, 0x03, 0x82, 0xFF, 0xFF, 0xFF,
    0xEF, 0xD0, 0xFF, 0xFF, 0xFF, 0xFF, 0xFF, 0xFF, 0xFF, 0xFF, 0xEF, 0x80, 0xFF, 0xFF, 0xFF, 0xFF,
    0xFF, 0xFF, 0xFF, 0xFF, 0xEF, 0x20, 0xFF, 0xFF, 0xFF, 0xFF, 0xFF, 0xAE, 0xFF, 0xFF, 0xEF, 0x00,
    0xF6, 0xFF, 0xFF, 0xFF, 0xCF, 0x72, 0xFF, 0xFF, 0xEF, 0x00, 0x30, 0xD9, 0xFF, 0xBE, 0x05, 0x70,
    0xFF, 0xFF, 0xEF, 0x00, 0x00, 0x00, 0x00, 0x00, 0xF7, 0xFF, 0xFF, 0x2E, 0x00, 0x00, 0x00, 0x00,
    0x00, 0x00, 0xFE, 0xFF, 0xDF, 0x02, 0x00, 0x00, 0x00, 0x00, 0x00, 0x70, 0xFF, 0xFF, 0x1D, 0x00,
    0x00, 0x00, 0x00, 0x00, 0x00, 0xE0, 0xFF, 0xCF, 0x00, 0x00, 0x00, 0x00, 0x00, 0x00, 0x00, 0xF7,
    0xFF, 0x0B, 0x00, 0x00, 0x00, 0x00, 0x00, 0x00, 0x00, 0xFE, 0xAF, 0x00, 0x00, 0x00, 0x00, 0x00,
    0x00, 0x00, 0x00, 0x00, 0x00, 0x00, 0x00, 0x00, 0x00, 0x00, 0x00, 0x00, 0x00, 0x00, 0x00, 0x00,
    0x00, 0x00, 0x00, 0xF3, 0xFF, 0xFF, 0x1F, 0x00, 0x00, 0x70, 0xFF, 0xFF, 0xEF, 0xF3, 0xFF, 0xFF,
    0x1F, 0x00, 0x00, 0x70, 0xFF, 0xFF, 0xEF, 0xF3, 0xFF, 0xFF, 0x1F, 0x00, 0x00, 0x70, 0xFF, 0xFF,
    0xEF, 0xF3, 0xFF, 0xFF, 0x1F, 0x00, 0x00, 0x70, 0xFF, 0xFF, 0xEF, 0xF3, 0xFF, 0xFF, 0x1F, 0x00,
    0x00, 0x70, 0xFF, 0xFF, 0xEF, 0xF3, 0xFF, 0xFF, 0x1F, 0x00, 0x00, 0x70, 0xFF, 0xFF, 0xEF, 0xF3,
    0xFF, 0xFF, 0x1F, 0x00, 0x00, 0x70, 0xFF, 0xFF, 0xEF, 0xF3, 0xFF, 0xFF, 0x1F, 0x00, 0x00, 0x70,
    0xFF, 0xFF, 0xEF, 0xF3, 0xFF, 0xFF, 0x1F, 0x00, 0x00, 0x70, 0xFF, 0xFF, 0xEF, 0xF3, 0xFF, 0xFF,
    0x1F, 0x00, 0x00, 0x70, 0xFF, 0xFF, 0xEF, 0xF3, 0xFF, 0xFF, 0x3F, 0x00, 0x00, 0xA0, 0xFF, 0xFF,
    0xEF, 0xF2, 0xFF, 0xFF, 0x7F, 0x00, 0x00, 0xF7, 0xFF, 0xFF, 0xEF, 0xF0, 0xFF, 0xFF, 0xEF, 0x03,
    0x82, 0xFF, 0xFF, 0xFF, 0xEF, 0xD0, 0xFF, 0xFF, 0xFF, 0xFF, 0xFF, 0xFF, 0xFF, 0xFF, 0xEF, 0x80,
    0xFF, 0xFF, 0xFF, 0xFF, 0xFF, 0xFF, 0xFF, 0xFF, 0xEF, 0x20, 0xFF, 0xFF, 0xFF, 0xFF, 0xFF, 0xAE,
    0xFF, 0xFF, 0xEF, 0x00, 0xF6, 0xFF, 0xFF, 0xFF, 0xCF, 0x72, 0xFF, 0xFF, 0xEF, 0x00, 0x30, 0xD9,
    0xFF, 0xBE, 0x05, 0x70, 0xFF, 0xFF, 0xEF, 0x00, 0x00, 0x00, 0xF9, 0xFF, 0xFF, 0xFF, 0x07, 0x00,
    0x00, 0x00, 0x00, 0x10, 0xFF, 0xFF, 0xFF, 0xFF, 0x1F, 0x00, 0x00, 0x00, 0x00, 0xA0, 0xFF, 0xFF,
    0xFF, 0xFF, 0x8F, 0x00, 0x00, 0x00, 0x00, 0xF2, 0xFF, 0xBF, 0xC1, 0xFF, 0xFF, 0x01, 0x00, 0x00,
    0x00, 0xFB, 0xFF, 0x0B, 0x00, 0xFC, 0xFF, 0x09, 0x00, 0x00, 0x30, 0xFF, 0xBF, 0x00, 0x00, 0xC0,
    0xFF, 0x2F, 0x00, 0x00, 0x00, 0x00, 0x00, 0x00, 0x00, 0x00, 0x00, 0x00, 0x00, 0x00, 0x00, 0x00,
    0x00, 0x00, 0x00, 0x00, 0x00, 0x00, 0x00, 0xF3, 0xFF, 0xFF, 0x1F, 0x00, 0x00, 0x70, 0xFF, 0xFF,
    0xEF, 0xF3, 0xFF, 0xFF, 0x1F, 0x00, 0x00, 0x70, 0xFF, 0xFF, 0xEF, 0xF3, 0xFF, 0xFF, 0x1F, 0x00,
    0x00, 0x70, 0xFF, 0xFF, 0xEF, 0xF3, 0xFF, 0xFF, 0x1F, 0x00, 0x00, 0x70, 0xFF, 0xFF, 0xEF, 0xF3,
    0xFF, 0xFF, 0x1F, 0x00, 0x00, 0x70, 0xFF, 0xFF, 0xEF, 0xF3, 0xFF, 0xFF, 0x1F, 0x00, 0x00, 0x70,
    0xFF, 0xFF, 0xEF, 0xF3, 0xFF, 0xFF, 0x1F, 0x00, 0x00, 0x70, 0xFF, 0xFF, 0xEF, 0xF3, 0xFF, 0xFF,
    0x1F, 0x00, 0x00, 0x70, 0xFF, 0xFF, 0xEF, 0xF3, 0xFF, 0xFF, 0x1F, 0x00, 0x00, 0x70, 0xFF, 0xFF,
    0xEF, 0xF3, 0xFF, 0xFF, 0x1F, 0x00, 0x00, 0x70, 0xFF, 0xFF, 0xEF, 0xF3, 0xFF, 0xFF, 0x3F, 0x00,
    0x00, 0xA0, 0xFF, 0xFF, 0xEF, 0xF2, 0xFF, 0xFF, 0x7F, 0x00, 0x00, 0xF7, 0xFF, 0xFF, 0xEF, 0xF0,
    0xFF, 0xFF, 0xEF, 0x03, 0x82, 0xFF, 0xFF, 0xFF, 0xEF, 0xD0, 0xFF, 0xFF, 0xFF, 0xFF, 0xFF, 0xFF,
    0xFF, 0xFF, 0xEF, 0x80, 0xFF, 0xFF, 0xFF, 0xFF, 0xFF, 0xFF, 0xFF, 0xFF, 0xEF, 0x20, 0xFF, 0xFF,
    0xFF, 0xFF, 0xFF, 0xAE, 0xFF, 0xFF, 0xEF, 0x00, 0xF6, 0xFF, 0xFF, 0xFF, 0xCF, 0x72, 0xFF, 0xFF,
    0xEF, 0x00, 0x30, 0xD9, 0xFF, 0xBE, 0x05, 0x70, 0xFF, 0xFF, 0xEF, 0x00, 0x00, 0xE6, 0x5E, 0x00,
    0x00, 0x60, 0xEE, 0x05, 0x00, 0x00, 0x20, 0xFF, 0xFF, 0x02, 0x00, 0xF3, 0xFF, 0x1F, 0x00, 0x00,
    0x60, 0xFF, 0xFF, 0x05, 0x00, 0xF6, 0xFF, 0x4F, 0x00, 0x00, 0x20, 0xFF, 0xFF, 0x02, 0x00, 0xF3,
    0xFF, 0x2F, 0x00, 0x00, 0x00, 0xE6, 0x5E, 0x00, 0x00, 0x70, 0xEE, 0x05, 0x00, 0x00, 0x00, 0x00,
    0x00, 0x00, 0x00, 0x00, 0x00, 0x00, 0x00, 0x00, 0x00, 0x00, 0x00, 0x00, 0x00, 0x00, 0x00, 0x00,
    0x00, 0xF3, 0xFF, 0xFF, 0x1F, 0x00, 0x00, 0x70, 0xFF, 0xFF, 0xEF, 0xF3, 0xFF, 0xFF, 0x1F, 0x00,
    0x00, 0x70, 0xFF, 0xFF, 0xEF, 0xF3, 0xFF, 0xFF, 0x1F, 0x00, 0x00, 0x70, 0xFF, 0xFF, 0xEF, 0xF3,
    0xFF, 0xFF, 0x1F, 0x00, 0x00, 0x70, 0xFF, 0xFF, 0xEF, 0xF3, 0xFF, 0xFF, 0x1F, 0x00, 0x00, 0x70,
    0xFF, 0xFF, 0xEF, 0xF3, 0xFF, 0xFF, 0x1F, 0x00, 0x00, 0x70, 0xFF, 0xFF, 0xEF, 0xF3, 0xFF, 0xFF,
    0x1F, 0x00, 0x00, 0x70, 0xFF, 0xFF, 0xEF, 0xF3, 0xFF, 0xFF, 0x1F, 0x00, 0x00, 0x70, 0xFF, 0xFF,
    0xEF, 0xF3, 0xFF, 0xFF, 0x1F, 0x00, 0x00, 0x70, 0xFF, 0xFF, 0xEF, 0xF3, 0xFF, 0xFF, 0x1F, 0x00,
    0x00, 0x70, 0xFF, 0xFF, 0xEF, 0xF3, 0xFF, 0xFF, 0x3F, 0x00, 0x00, 0xA0, 0xFF, 0xFF, 0xEF, 0xF2,
    0xFF, 0xFF, 0x7F, 0x00, 0x00, 0xF7, 0xFF, 0xFF, 0xEF, 0xF0, 0xFF, 0xFF, 0xEF, 0x03, 0x82, 0xFF,
    0xFF, 0xFF, 0xEF, 0xD0, 0xFF, 0xFF, 0xFF, 0xFF, 0xFF, 0xFF, 0xFF, 0xFF, 0xEF, 0x80, 0xFF, 0xFF,
    0xFF, 0xFF, 0xFF, 0xFF, 0xFF, 0xFF, 0xEF, 0x20, 0xFF, 0xFF, 0xFF, 0xFF, 0xFF, 0xAE, 0xFF, 0xFF,
    0xEF, 0x00, 0xF6, 0xFF, 0xFF, 0xFF, 0xCF, 0x72, 0xFF, 0xFF, 0xEF, 0x00, 0x30, 0xD9, 0xFF, 0xBE,
    0x05, 0x70, 0xFF, 0xFF, 0xEF, 0x00, 0x00, 0x00, 0x00, 0x00, 0xFC, 0xFF, 0xFF, 0x0B, 0x00, 0x00,
    0x00, 0x00, 0x00, 0x00, 0x50, 0xFF, 0xFF, 0xAF, 0x00, 0x00, 0x00, 0x00, 0x00, 0x00, 0x00, 0xD0,
    0xFF, 0xFF, 0x09, 0x00, 0x00, 0x00, 0x00, 0x00, 0x00, 0x00, 0xF5, 0xFF, 0x8F, 0x00, 0x00, 0x00,
    0x00, 0x00, 0x00, 0x00, 0x00, 0xFD, 0xFF, 0x06, 0x00, 0x00, 0x00, 0x00, 0x00, 0x00, 0x00, 0x50,
    0xFF, 0x5F, 0x00, 0x00, 0x00, 0x00, 0x00, 0x00, 0x00, 0x00, 0x00, 0x00, 0x00, 0x00, 0x00, 0x00,
    0x00, 0x00, 0x00, 0x00, 0x00, 0x00, 0x00, 0x00, 0x00, 0x00, 0x00, 0x00, 0x00, 0xF4, 0xFF, 0xFF,
    0x7F, 0x00, 0x00, 0x00, 0xF3, 0xFF, 0xFF, 0x0E, 0xD0, 0xFF, 0xFF, 0xEF, 0x00, 0x00, 0x00, 0xFA,
    0xFF, 0xFF, 0x08, 0x60, 0xFF, 0xFF, 0xFF, 0x04, 0x00, 0x20, 0xFF, 0xFF, 0xFF, 0x01, 0x00, 0xFE,
    0xFF, 0xFF, 0x0B, 0x00, 0x90, 0xFF, 0xFF, 0x9F, 0x00, 0x00, 0xF7, 0xFF, 0xFF, 0x2F, 0x00, 0xF1,
    0xFF, 0xFF, 0x1F, 0x00, 0x00, 0xF1, 0xFF, 0xFF, 0x8F, 0x00, 0xF8, 0xFF, 0xFF, 0x0A, 0x00, 0x00,
    0x90, 0xFF, 0xFF, 0xEF, 0x00, 0xFE, 0xFF, 0xFF, 0x02, 0x00, 0x00, 0x10, 0xFF, 0xFF, 0xFF, 0x65,
    0xFF, 0xFF, 0xBF, 0x00, 0x00, 0x00, 0x00, 0xFA, 0xFF, 0xFF, 0xEC, 0xFF, 0xFF, 0x3F, 0x00, 0x00,
    0x00, 0x00, 0xF3, 0xFF, 0xFF, 0xFF, 0xFF, 0xFF, 0x0C, 0x00, 0x00, 0x00, 0x00, 0xB0, 0xFF, 0xFF,
    0xFF, 0xFF, 0xFF, 0x04, 0x00, 0x00, 0x00, 0x00, 0x40, 0xFF, 0xFF, 0xFF, 0xFF, 0xDF, 0x00, 0x00,
    0x00, 0x00, 0x00, 0x00, 0xFD, 0xFF, 0xFF, 0xFF, 0x5F, 0x00, 0x00, 0x00, 0x00, 0x00, 0x00, 0xF5,
    0xFF, 0xFF, 0xFF, 0x0D, 0x00, 0x00, 0x00, 0x00, 0x00, 0x00, 0xE0, 0xFF, 0xFF, 0xFF, 0x06, 0x00,
    0x00, 0x00, 0x00, 0x00, 0x00, 0x80, 0xFF, 0xFF, 0xEF, 0x00, 0x00, 0x00, 0x00, 0x00, 0x00, 0x00,
    0xE0, 0xFF, 0xFF, 0x7F, 0x00, 0x00, 0x00, 0x00, 0x00, 0x00, 0x00, 0xF5, 0xFF, 0xFF, 0x1F, 0x00,
    0x00, 0x00, 0x00, 0x00, 0x00, 0x00, 0xFD, 0xFF, 0xFF, 0x08, 0x00, 0x00, 0x00, 0x00, 0x00, 0x00,
    0x40, 0xFF, 0xFF, 0xFF, 0x01, 0x00, 0x00, 0x00, 0x00, 0x00, 0x00, 0xC0, 0xFF, 0xFF, 0x9F, 0x00,
    0x00, 0x00, 0x00, 0x00, 0x00, 0x00, 0xF3, 0xFF, 0xFF, 0x2F, 0x00, 0x00, 0x00, 0x00, 0x00, 0x00,
    0x00, 0xFB, 0xFF, 0xFF, 0x0A, 0x00, 0x00, 0x00, 0x00, 0x00, 0x00, 0x30, 0xFF, 0xFF, 0xFF, 0x03,
    0x00, 0x00, 0x00, 0x00, 0x00, 0x00, 0xA0, 0xFF, 0xFF, 0xBF, 0x00, 0x00, 0x00, 0x00, 0x00, 0x00,
    0x00, 0xF2, 0xFF, 0xFF, 0x4F, 0x00, 0x00, 0x00, 0x00, 0x00, 0x00, 0xF0, 0xFF, 0xFF, 0x5F, 0x00,
    0x00, 0x00, 0x00, 0x00, 0x00, 0x00, 0xF0, 0xFF, 0xFF, 0x5F, 0x00, 0x00, 0x00, 0x00, 0x00, 0x00,
    0x00, 0xF0, 0xFF, 0xFF, 0x5F, 0x00, 0x00, 0x00, 0x00, 0x00, 0x00, 0x00, 0xF0, 0xFF, 0xFF, 0x5F,
    0x00, 0x00, 0x00, 0x00, 0x00, 0x00, 0x00, 0xF0, 0xFF, 0xFF, 0x5F, 0x00, 0x00, 0x00, 0x00, 0x00,
    0x00, 0x00, 0xF0, 0xFF, 0xFF, 0x5F, 0x00, 0x00, 0x00, 0x00, 0x00, 0x00, 0x00, 0xF0, 0xFF, 0xFF,
    0x5F, 0x60, 0xEC, 0xEF, 0x6B, 0x00, 0x00, 0x00, 0xF0, 0xFF, 0xFF, 0x7F, 0xFD, 0xFF, 0xFF, 0xFF,
    0x5E, 0x00, 0x00, 0xF0, 0xFF, 0xFF, 0xFF, 0xFF, 0xFF, 0xFF, 0xFF, 0xFF, 0x06, 0x00, 0xF0, 0xFF,
    0xFF, 0xFF, 0xFF, 0xFF, 0xFF, 0xFF, 0xFF, 0x3F, 0x00, 0xF0, 0xFF, 0xFF, 0xFF, 0xFF, 0xFF, 0xFF,
    0xFF, 0xFF, 0xCF, 0x00, 0xF0, 0xFF, 0xFF, 0xEF, 0x16, 0x20, 0xF9, 0xFF, 0xFF, 0xFF, 0x02, 0xF0,
    0xFF, 0xFF, 0x5F, 0x00, 0x00, 0xA0, 0xFF, 0xFF, 0xFF, 0x07, 0xF0, 0xFF, 0xFF, 0x5F, 0x00, 0x00,
    0x30, 0xFF, 0xFF, 0xFF, 0x09, 0xF0, 0xFF, 0xFF, 0x5F, 0x00, 0x00, 0x00, 0xFF, 0xFF, 0xFF, 0x0A,
    0xF0, 0xFF, 0xFF, 0x5F, 0x00, 0x00, 0x10, 0xFF, 0xFF, 0xFF, 0x09, 0xF0, 0xFF, 0xFF, 0x5F, 0x00,
    0x00, 0x40, 0xFF, 0xFF, 0xFF, 0x08, 0xF0, 0xFF, 0xFF, 0x5F, 0x00, 0x00, 0xB0, 0xFF, 0xFF, 0xFF,
    0x05, 0xF0, 0xFF, 0xFF, 0xDF, 0x26, 0x20, 0xFA, 0xFF, 0xFF, 0xFF, 0x01, 0xF0, 0xFF, 0xFF, 0xFF,
    0xFF, 0xFF, 0xFF, 0xFF, 0xFF, 0x9F, 0x00, 0xF0, 0xFF, 0xFF, 0xFF, 0xFF, 0xFF, 0xFF, 0xFF, 0xFF,
    0x1E, 0x00, 0xF0, 0xFF, 0xFF, 0xFF, 0xFF, 0xFF, 0xFF, 0xFF, 0xFF, 0x04, 0x00, 0xF0, 0xFF, 0xFF,
    0xCF, 0xFF, 0xFF, 0xFF, 0xFF, 0x3D, 0x00, 0x00, 0xF0, 0xFF, 0xFF, 0x5F, 0xA3, 0xFD, 0xDF, 0x5B,
    0x00, 0x00, 0x00, 0xF0, 0xFF, 0xFF, 0x5F, 0x00, 0x00, 0x00, 0x00, 0x00, 0x00, 0x00, 0xF0, 0xFF,
    0xFF, 0x5F, 0x00, 0x00, 0x00, 0x00, 0x00, 0x00, 0x00, 0xF0, 0xFF, 0xFF, 0x5F, 0x00, 0x00, 0x00,
    0x00, 0x00, 0x00, 0x00, 0xF0, 0xFF, 0xFF, 0x5F, 0x00, 0x00, 0x00, 0x00, 0x00, 0x00, 0x00, 0xF0,
    0xFF, 0xFF, 0x5F, 0x00, 0x00, 0x00, 0x00, 0x00, 0x00, 0x00, 0xF0, 0xFF, 0xFF, 0x5F, 0x00, 0x00,
    0x00, 0x00, 0x00, 0x00, 0x00, 0xF0, 0xFF, 0xFF, 0x5F, 0x00, 0x00, 0x00, 0x00, 0x00, 0x00, 0x00,
    0xF0, 0xFF, 0xFF, 0x5F, 0x00, 0x00, 0x00, 0x00, 0x00, 0x00, 0x00, 0x00, 0x00, 0xE5, 0x6E, 0x00,
    0x00, 0x60, 0xEE, 0x05, 0x00, 0x00, 0x00, 0x20, 0xFF, 0xFF, 0x02, 0x00, 0xF3, 0xFF, 0x2F, 0x00,
    0x00, 0x00, 0x50, 0xFF, 0xFF, 0x05, 0x00, 0xF6, 0xFF, 0x5F, 0x00, 0x00, 0x00, 0x20, 0xFF, 0xFF,
    0x02, 0x00, 0xF3, 0xFF, 0x2F, 0x00, 0x00, 0x00, 0x00, 0xE5, 0x6E, 0x00, 0x00, 0x60, 0xEE, 0x05,
    0x00, 0x00, 0x00, 0x00, 0x00, 0x00, 0x00, 0x00, 0x00, 0x00, 0x00, 0x00, 0x00, 0x00, 0x00, 0x00,
    0x00, 0x00, 0x00, 0x00, 0x00, 0x00, 0x00, 0x00, 0xF4, 0xFF, 0xFF, 0x7F, 0x00, 0x00, 0x00, 0xF3,
    0xFF, 0xFF, 0x0E, 0xD0, 0xFF, 0xFF, 0xEF, 0x00, 0x00, 0x00, 0xFA, 0xFF, 0xFF, 0x08, 0x60, 0xFF,
    0xFF, 0xFF, 0x04, 0x00, 0x20, 0xFF, 0xFF, 0xFF, 0x01, 0x00, 0xFE, 0xFF, 0xFF, 0x0B, 0x00, 0x90,
    0xFF, 0xFF, 0x9F, 0x00, 0x00, 0xF7, 0xFF, 0xFF, 0x2F, 0x00, 0xF1, 0xFF, 0xFF, 0x1F, 0x00, 0x00,
    0xF1, 0xFF, 0xFF, 0x8F, 0x00, 0xF8, 0xFF, 0xFF, 0x0A, 0x00, 0x00, 0x90, 0xFF, 0xFF, 0xEF, 0x00,
    0xFE, 0xFF, 0xFF, 0x02, 0x00, 0x00, 0x10, 0xFF, 0xFF, 0xFF, 0x65, 0xFF, 0xFF, 0xBF, 0x00, 0x00,
    0x00, 0x00, 0xFA, 0xFF, 0xFF, 0xEC, 0xFF, 0xFF, 0x3F, 0x00, 0x00, 0x00, 0x00, 0xF3, 0xFF, 0xFF,
    0xFF, 0xFF, 0xFF, 0x0C, 0x00, 0x00, 0x00, 0x00, 0xB0, 0xFF, 0xFF, 0xFF, 0xFF, 0xFF, 0x04, 0x00,
    0x00, 0x00, 0x00, 0x40, 0xFF, 0xFF, 0xFF, 0xFF, 0xDF, 0x00, 0x00, 0x00, 0x00, 0x00, 0x00, 0xFD,
    0xFF, 0xFF, 0xFF, 0x5F, 0x00, 0x00, 0x00, 0x00, 0x00, 0x00, 0xF5, 0xFF, 0xFF, 0xFF, 0x0D, 0x00,
    0x00, 0x00, 0x00, 0x00, 0x00, 0xE0, 0xFF, 0xFF, 0xFF, 0x06, 0x00, 0x00, 0x00, 0x00, 0x00, 0x00,
    0x80, 0xFF, 0xFF, 0xEF, 0x00, 0x00, 0x00, 0x00, 0x00, 0x00, 0x00, 0xE0, 0xFF, 0xFF, 0x7F, 0x00,
    0x00, 0x00, 0x00, 0x00, 0x00, 0x00, 0xF5, 0xFF, 0xFF, 0x1F, 0x00, 0x00, 0x00, 0x00, 0x00, 0x00,
    0x00, 0xFD, 0xFF, 0xFF, 0x08, 0x00, 0x00, 0x00, 0x00, 0x00, 0x00, 0x40, 0xFF, 0xFF, 0xFF, 0x01,
    0x00, 0x00, 0x00, 0x00, 0x00, 0x00, 0xC0, 0xFF, 0xFF, 0x9F, 0x00, 0x00, 0x00, 0x00, 0x00, 0x00,
    0x00, 0xF3, 0xFF, 0xFF, 0x2F, 0x00, 0x00, 0x00, 0x00, 0x00, 0x00, 0x00, 0xFB, 0xFF, 0xFF, 0x0A,
    0x00, 0x00, 0x00, 0x00, 0x00, 0x00, 0x30, 0xFF, 0xFF, 0xFF, 0x03, 0x00, 0x00, 0x00, 0x00, 0x00,
    0x00, 0xA0, 0xFF, 0xFF, 0xBF, 0x00, 0x00, 0x00, 0x00, 0x00, 0x00, 0x00, 0xF2, 0xFF, 0xFF, 0x4F,
    0x00, 0x00, 0x00, 0x00, 0x00, 0x00,
};

const GFXglyph FontTitleGlyphs[] = {
    { 0, 0, 11, 0, 0, 0, 0 },
    { 9, 25, 11, 1, 25, 0, 0 },
    { 18, 9, 18, 0, 24, 0, 125 },
    { 22, 26, 24, 1, 25, 0, 206 },
    { 20, 28, 23, 1, 25, 0, 492 },
    { 27, 26, 29, 1, 25, 0, 772 },
    { 27, 25, 30, 1, 25, 0, 1136 },
    { 8, 9, 10, 1, 24, 0, 1486 },
    { 15, 33, 14, 1, 25, 0, 1522 },
    { 15, 33, 14, -2, 25, 0, 1786 },
    { 18, 17, 20, 1, 25, 0, 2050 },
    { 20, 20, 24, 2, 22, 0, 2203 },
    { 9, 13, 11, 1, 7, 0, 2403 },
    { 12, 6, 18, 3, 12, 0, 2468 },
    { 8, 8, 10, 1, 8, 0, 2504 },
    { 19, 25, 19, 0, 25, 0, 2536 },
    { 20, 25, 21, 1, 25, 0, 2786 },
    { 8, 24, 21, 7, 24, 0, 3036 },
    { 19, 25, 21, 1, 25, 0, 3132 },
    { 17, 25, 21, 2, 25, 0, 3382 },
    { 21, 24, 21, 0, 24, 0, 3607 },
    { 18, 24, 21, 1, 24, 0, 3871 },
    { 20, 25, 21, 1, 25, 0, 4087 },
    { 20, 24, 21, 1, 24, 0, 4337 },
    { 20, 25, 21, 1, 25, 0, 4577 },
    { 20, 25, 21, 1, 25, 0, 4827 },
    { 8, 18, 10, 1, 18, 0, 5077 },
    { 9, 24, 11, 1, 18, 0, 5149 },
    { 20, 20, 24, 2, 22, 0, 5269 },
    { 20, 12, 24, 2, 18, 0, 5469 },
    { 20, 20, 24, 2, 22, 0, 5589 },
    { 12, 25, 14, 1, 25, 0, 5789 },
    { 34, 33, 35, 1, 25, 0, 5939 },
    { 30, 24, 30, 0, 24, 0, 6500 },
    { 23, 24, 27, 3, 24, 0, 6860 },
    { 24, 25, 27, 1, 25, 0, 7148 },
    { 26, 24, 30, 3, 24, 0, 7448 },
    { 19, 24, 23, 3, 24, 0, 7760 },
    { 18, 24, 22, 3, 24, 0, 8000 },
    { 26, 25, 29, 1, 25, 0, 8216 },
    { 26, 24, 32, 3, 24, 0, 8541 },
    { 8, 24, 14, 3, 24, 0, 8853 },
    { 13, 32, 14, -1, 24, 0, 8949 },
    { 26, 24, 29, 3, 24, 0, 9173 },
    { 19, 24, 23, 3, 24, 0, 9485 },
    { 29, 24, 34, 3, 24, 0, 9725 },
    { 27, 24, 33, 3, 24, 0, 10085 },
    { 29, 25, 31, 1, 25, 0, 10421 },
    { 22, 24, 25, 3, 24, 0, 10796 },
    { 30, 31, 31, 1, 25, 0, 11060 },
    { 24, 24, 27, 3, 24, 0, 11525 },
    { 19, 25, 22, 2, 25, 0, 11813 },
    { 26, 24, 28, 1, 24, 0, 12063 },
    { 27, 24, 31, 2, 24, 0, 12375 },
    { 27, 24, 27, 0, 24, 0, 12711 },
    { 43, 24, 43, 0, 24, 0, 13047 },
    { 31, 24, 31, 0, 24, 0, 13575 },
    { 27, 24, 27, 0, 24, 0, 13959 },
    { 26, 24, 26, 0, 24, 0, 14295 },
    { 14, 32, 16, 2, 24, 0, 14607 },
    { 19, 25, 19, 0, 25, 0, 14831 },
    { 14, 32, 16, 0, 24, 0, 15081 },
    { 20, 14, 24, 2, 24, 0, 15305 },
    { 20, 3, 18, -1, -2, 0, 15445 },
    { 10, 6, 12, 0, 26, 0, 15475 },
    { 20, 18, 21, 1, 18, 0, 15505 },
    { 21, 24, 23, 1, 24, 0, 15685 },
    { 17, 18, 18, 1, 18, 0, 15949 },
    { 20, 24, 23, 1, 24, 0, 16111 },
    { 20, 18, 21, 1, 18, 0, 16351 },
    { 15, 25, 13, 0, 25, 0, 16531 },
    { 21, 26, 20, 0, 18, 0, 16731 },
    { 20, 24, 23, 2, 24, 0, 17017 },
    { 7, 25, 11, 2, 25, 0, 17257 },
    { 10, 33, 11, -1, 25, 0, 17357 },
    { 23, 24, 23, 1, 24, 0, 17522 },
    { 7, 24, 11, 2, 24, 0, 17810 },
    { 32, 18, 36, 2, 18, 0, 17906 },
    { 20, 18, 23, 2, 18, 0, 18194 },
    { 21, 18, 23, 1, 18, 0, 18374 },
    { 21, 26, 23, 1, 18, 0, 18572 },
    { 20, 26, 23, 1, 18, 0, 18858 },
    { 17, 18, 18, 1, 18, 0, 19118 },
    { 16, 18, 17, 1, 18, 0, 19280 },
    { 17, 23, 17, 0, 23, 0, 19424 },
    { 20, 18, 23, 1, 18, 0, 19631 },
    { 21, 18, 21, 0, 18, 0, 19811 },
    { 31, 18, 31, 0, 18, 0, 20009 },
    { 22, 18, 22, 0, 18, 0, 20297 },
    { 22, 26, 21, 0, 18, 0, 20495 },
    { 20, 18, 20, 0, 18, 0, 20781 },
    { 14, 33, 14, 0, 25, 0, 20961 },
    { 5, 33, 11, 3, 25, 0, 21192 },
    { 14, 33, 14, 0, 25, 0, 21291 },
    { 20, 7, 24, 2, 16, 0, 21522 },
    { 0, 0, 11, 0, 0, 0, 21592 },
    { 9, 25, 11, 1, 17, 0, 21592 },
    { 17, 30, 19, 1, 23, 0, 21717 },
    { 19, 25, 21, 1, 25, 0, 21987 },
    { 20, 21, 25, 3, 23, 0, 22237 },
    { 27, 24, 27, 0, 24, 0, 22447 },
    { 5, 33, 11, 3, 25, 0, 22783 },
    { 20, 33, 22, 1, 25, 0, 22882 },
    { 14, 5, 12, -1, 25, 0, 23212 },
    { 27, 27, 29, 1, 25, 0, 23247 },
    { 14, 12, 14, 0, 25, 0, 23625 },
    { 23, 17, 23, 0, 17, 0, 23709 },
    { 20, 12, 24, 2, 18, 0, 23913 },
    { 12, 6, 18, 3, 12, 0, 24033 },
    { 30, 29, 29, -1, 26, 0, 24069 },
    { 20, 4, 18, -1, 30, 0, 24504 },
    { 11, 10, 14, 2, 25, 0, 24544 },
    { 20, 26, 24, 2, 26, 0, 24604 },
    { 13, 13, 13, 0, 25, 0, 24864 },
    { 11, 13, 13, 1, 25, 0, 24955 },
    { 11, 6, 12, 2, 26, 0, 25033 },
    { 20, 26, 23, 1, 18, 0, 25069 },
    { 21, 32, 21, 0, 24, 0, 25329 },
    { 8, 8, 10, 1, 16, 0, 25681 },
    { 11, 8, 12, 0, 0, 0, 25713 },
    { 5, 12, 13, 4, 24, 0, 25761 },
    { 15, 12, 15, 0, 25, 0, 25797 },
    { 23, 17, 23, 0, 17, 0, 25893 },
    { 25, 27, 29, 4, 25, 0, 26097 },
    { 26, 26, 29, 3, 25, 0, 26448 },
    { 28, 27, 29, 1, 25, 0, 26786 },
    { 12, 25, 14, 1, 17, 0, 27164 },
    { 30, 32, 30, 0, 32, 0, 27314 },
    { 30, 32, 30, 0, 32, 0, 27794 },
    { 30, 32, 30, 0, 32, 0, 28274 },
    { 30, 32, 30, 0, 32, 0, 28754 },
    { 30, 31, 30, 0, 31, 0, 29234 },
    { 30, 33, 30, 0, 33, 0, 29699 },
    { 39, 24, 40, 0, 24, 0, 30194 },
    { 24, 32, 27, 1, 25, 0, 30674 },
    { 19, 32, 23, 3, 32, 0, 31058 },
    { 19, 32, 23, 3, 32, 0, 31378 },
    { 19, 32, 23, 3, 32, 0, 31698 },
    { 19, 31, 23, 3, 31, 0, 32018 },
    { 11, 32, 14, 0, 32, 0, 32328 },
    { 11, 32, 14, 3, 32, 0, 32520 },
    { 15, 32, 14, -1, 32, 0, 32712 },
    { 15, 31, 14, -1, 31, 0, 32968 },
    { 29, 24, 30, 0, 24, 0, 33216 },
    { 27, 32, 33, 3, 32, 0, 33576 },
    { 29, 32, 31, 1, 32, 0, 34024 },
    { 29, 32, 31, 1, 32, 0, 34504 },
    { 29, 32, 31, 1, 32, 0, 34984 },
    { 29, 32, 31, 1, 32, 0, 35464 },
    { 29, 31, 31, 1, 31, 0, 35944 },
    { 20, 19, 24, 2, 22, 0, 36409 },
    { 29, 28, 31, 1, 26, 0, 36599 },
    { 27, 32, 31, 2, 32, 0, 37019 },
    { 27, 32, 31, 2, 32, 0, 37467 },
    { 27, 32, 31, 2, 32, 0, 37915 },
    { 27, 31, 31, 2, 31, 0, 38363 },
    { 27, 32, 27, 0, 32, 0, 38797 },
    { 22, 24, 25, 3, 24, 0, 39245 },
    { 21, 25, 24, 2, 25, 0, 39509 },
    { 20, 26, 21, 1, 26, 0, 39784 },
    { 20, 26, 21, 1, 26, 0, 40044 },
    { 20, 26, 21, 1, 26, 0, 40304 },
    { 20, 26, 21, 1, 26, 0, 40564 },
    { 20, 25, 21, 1, 25, 0, 40824 },
    { 20, 28, 21, 1, 28, 0, 41074 },
    { 28, 18, 30, 1, 18, 0, 41354 },
    { 17, 25, 18, 1, 18, 0, 41606 },
    { 20, 26, 21, 1, 26, 0, 41831 },
    { 20, 26, 21, 1, 26, 0, 42091 },
    { 20, 26, 21, 1, 26, 0, 42351 },
    { 20, 25, 21, 1, 25, 0, 42611 },
    { 11, 26, 11, -1, 26, 0, 42861 },
    { 10, 26, 11, 2, 26, 0, 43017 },
    { 15, 26, 11, -2, 26, 0, 43147 },
    { 15, 25, 11, -2, 25, 0, 43355 },
    { 21, 25, 23, 1, 25, 0, 43555 },
    { 20, 26, 23, 2, 26, 0, 43830 },
    { 21, 26, 23, 1, 26, 0, 44090 },
    { 21, 26, 23, 1, 26, 0, 44376 },
    { 21, 26, 23, 1, 26, 0, 44662 },
    { 21, 26, 23, 1, 26, 0, 44948 },
    { 21, 25, 23, 1, 25, 0, 45234 },
    { 20, 20, 24, 2, 22, 0, 45509 },
    { 21, 22, 23, 1, 20, 0, 45709 },
    { 20, 26, 23, 1, 26, 0, 45951 },
    { 20, 26, 23, 1, 26, 0, 46211 },
    { 20, 26, 23, 1, 26, 0, 46471 },
    { 20, 25, 23, 1, 25, 0, 46731 },
    { 22, 34, 21, 0, 26, 0, 46981 },
    { 21, 32, 23, 1, 24, 0, 47355 },
    { 22, 33, 21, 0, 25, 0, 47707 },
};

const UnicodeInterval FontTitleIntervals[] = {
    { 0x20, 0x7E, 0x0 },
    { 0xA0, 0xFF, 0x5F },
};

const GFXfont FontTitle = {
    (uint8_t *)FontTitleBitmaps,
    (GFXglyph *)FontTitleGlyphs,
    (UnicodeInterval *)FontTitleIntervals,
    2,
    false,
    42,
    34,
    -9,
};
